n,accuracy,macro_f1,log_loss,f1,multiclass_brier,config,target,scenario,partition,fold_f1_mean,fold_f1_std,positive_n,precision,recall,specificity,pr_auc,roc_auc,brier,f1_ci_low,f1_ci_high
672,0.13392857142857142,0.03480231679677663,2.4003885932512232,0.03480231679677663,0.9024201221485727,prior,anemia_class,available,development_oof,0.019685242518059854,7.06556446730086e-05,,,,,,,,,
672,0.13392857142857142,0.03480231679677663,2.4003885932512232,0.03480231679677663,0.9024201221485727,prior,anemia_class,drop30,development_oof,0.019685242518059854,7.06556446730086e-05,,,,,,,,,
672,0.13392857142857142,0.03480231679677663,2.4003885932512232,0.03480231679677663,0.9024201221485727,prior,anemia_class,drop60,development_oof,0.019685242518059854,7.06556446730086e-05,,,,,,,,,
672,0.13392857142857142,0.03480231679677663,2.4003885932512232,0.03480231679677663,0.9024201221485727,prior,anemia_class,cbc_only,development_oof,0.019685242518059854,7.06556446730086e-05,,,,,,,,,
672,0.13392857142857142,0.03480231679677663,2.4003885932512232,0.03480231679677663,0.9024201221485727,prior,anemia_class,hb_only,development_oof,0.019685242518059854,7.06556446730086e-05,,,,,,,,,
672,0.13392857142857142,0.03480231679677663,2.4003885932512232,0.03480231679677663,0.9024201221485727,prior,anemia_class,no_iron,development_oof,0.019685242518059854,7.06556446730086e-05,,,,,,,,,
672,0.13392857142857142,0.03480231679677663,2.4003885932512232,0.03480231679677663,0.9024201221485727,prior,anemia_class,no_B12,development_oof,0.019685242518059854,7.06556446730086e-05,,,,,,,,,
672,0.13392857142857142,0.03480231679677663,2.4003885932512232,0.03480231679677663,0.9024201221485727,prior,anemia_class,no_folate,development_oof,0.019685242518059854,7.06556446730086e-05,,,,,,,,,
672,0.13392857142857142,0.03480231679677663,2.4003885932512232,0.03480231679677663,0.9024201221485727,prior,anemia_class,no_B6,development_oof,0.019685242518059854,7.06556446730086e-05,,,,,,,,,
672,0.13392857142857142,0.03480231679677663,2.4003885932512232,0.03480231679677663,0.9024201221485727,prior,anemia_class,no_copper,development_oof,0.019685242518059854,7.06556446730086e-05,,,,,,,,,
672,0.13392857142857142,0.03480231679677663,2.4003885932512232,0.03480231679677663,0.9024201221485727,prior,anemia_class,no_hemoglobin,development_oof,0.019685242518059854,7.06556446730086e-05,,,,,,,,,
672,0.13392857142857142,0.03480231679677663,2.4003885932512232,0.03480231679677663,0.9024201221485727,prior,anemia_class,no_demographics,development_oof,0.019685242518059854,7.06556446730086e-05,,,,,,,,,
672,0.6532738095238095,0.3951395139513951,0.6455267797293407,0.0,,prior,iron_deficiency,available,development_oof,0.0,0.0,233.0,0.0,0.0,1.0,0.33983632157346133,0.48772571294494904,0.22656621614851247,,
672,0.6532738095238095,0.3951395139513951,0.6455267797293407,0.0,,prior,iron_deficiency,drop30,development_oof,0.0,0.0,233.0,0.0,0.0,1.0,0.33983632157346133,0.48772571294494904,0.22656621614851247,,
672,0.6532738095238095,0.3951395139513951,0.6455267797293407,0.0,,prior,iron_deficiency,drop60,development_oof,0.0,0.0,233.0,0.0,0.0,1.0,0.33983632157346133,0.48772571294494904,0.22656621614851247,,
672,0.6532738095238095,0.3951395139513951,0.6455267797293407,0.0,,prior,iron_deficiency,cbc_only,development_oof,0.0,0.0,233.0,0.0,0.0,1.0,0.33983632157346133,0.48772571294494904,0.22656621614851247,,
672,0.6532738095238095,0.3951395139513951,0.6455267797293407,0.0,,prior,iron_deficiency,hb_only,development_oof,0.0,0.0,233.0,0.0,0.0,1.0,0.33983632157346133,0.48772571294494904,0.22656621614851247,,
672,0.6532738095238095,0.3951395139513951,0.6455267797293407,0.0,,prior,iron_deficiency,no_iron,development_oof,0.0,0.0,233.0,0.0,0.0,1.0,0.33983632157346133,0.48772571294494904,0.22656621614851247,,
672,0.6532738095238095,0.3951395139513951,0.6455267797293407,0.0,,prior,iron_deficiency,no_B12,development_oof,0.0,0.0,233.0,0.0,0.0,1.0,0.33983632157346133,0.48772571294494904,0.22656621614851247,,
672,0.6532738095238095,0.3951395139513951,0.6455267797293407,0.0,,prior,iron_deficiency,no_folate,development_oof,0.0,0.0,233.0,0.0,0.0,1.0,0.33983632157346133,0.48772571294494904,0.22656621614851247,,
672,0.6532738095238095,0.3951395139513951,0.6455267797293407,0.0,,prior,iron_deficiency,no_B6,development_oof,0.0,0.0,233.0,0.0,0.0,1.0,0.33983632157346133,0.48772571294494904,0.22656621614851247,,
672,0.6532738095238095,0.3951395139513951,0.6455267797293407,0.0,,prior,iron_deficiency,no_copper,development_oof,0.0,0.0,233.0,0.0,0.0,1.0,0.33983632157346133,0.48772571294494904,0.22656621614851247,,
672,0.6532738095238095,0.3951395139513951,0.6455267797293407,0.0,,prior,iron_deficiency,no_hemoglobin,development_oof,0.0,0.0,233.0,0.0,0.0,1.0,0.33983632157346133,0.48772571294494904,0.22656621614851247,,
672,0.6532738095238095,0.3951395139513951,0.6455267797293407,0.0,,prior,iron_deficiency,no_demographics,development_oof,0.0,0.0,233.0,0.0,0.0,1.0,0.33983632157346133,0.48772571294494904,0.22656621614851247,,
672,0.7693452380952381,0.4348191757779647,0.540102494402969,0.0,,prior,B12_deficiency,available,development_oof,0.0,0.0,155.0,0.0,0.0,1.0,0.22776479204763744,0.4928994821239159,0.17746598231091665,,
672,0.7693452380952381,0.4348191757779647,0.540102494402969,0.0,,prior,B12_deficiency,drop30,development_oof,0.0,0.0,155.0,0.0,0.0,1.0,0.22776479204763744,0.4928994821239159,0.17746598231091665,,
672,0.7693452380952381,0.4348191757779647,0.540102494402969,0.0,,prior,B12_deficiency,drop60,development_oof,0.0,0.0,155.0,0.0,0.0,1.0,0.22776479204763744,0.4928994821239159,0.17746598231091665,,
672,0.7693452380952381,0.4348191757779647,0.540102494402969,0.0,,prior,B12_deficiency,cbc_only,development_oof,0.0,0.0,155.0,0.0,0.0,1.0,0.22776479204763744,0.4928994821239159,0.17746598231091665,,
672,0.7693452380952381,0.4348191757779647,0.540102494402969,0.0,,prior,B12_deficiency,hb_only,development_oof,0.0,0.0,155.0,0.0,0.0,1.0,0.22776479204763744,0.4928994821239159,0.17746598231091665,,
672,0.7693452380952381,0.4348191757779647,0.540102494402969,0.0,,prior,B12_deficiency,no_iron,development_oof,0.0,0.0,155.0,0.0,0.0,1.0,0.22776479204763744,0.4928994821239159,0.17746598231091665,,
672,0.7693452380952381,0.4348191757779647,0.540102494402969,0.0,,prior,B12_deficiency,no_B12,development_oof,0.0,0.0,155.0,0.0,0.0,1.0,0.22776479204763744,0.4928994821239159,0.17746598231091665,,
672,0.7693452380952381,0.4348191757779647,0.540102494402969,0.0,,prior,B12_deficiency,no_folate,development_oof,0.0,0.0,155.0,0.0,0.0,1.0,0.22776479204763744,0.4928994821239159,0.17746598231091665,,
672,0.7693452380952381,0.4348191757779647,0.540102494402969,0.0,,prior,B12_deficiency,no_B6,development_oof,0.0,0.0,155.0,0.0,0.0,1.0,0.22776479204763744,0.4928994821239159,0.17746598231091665,,
672,0.7693452380952381,0.4348191757779647,0.540102494402969,0.0,,prior,B12_deficiency,no_copper,development_oof,0.0,0.0,155.0,0.0,0.0,1.0,0.22776479204763744,0.4928994821239159,0.17746598231091665,,
672,0.7693452380952381,0.4348191757779647,0.540102494402969,0.0,,prior,B12_deficiency,no_hemoglobin,development_oof,0.0,0.0,155.0,0.0,0.0,1.0,0.22776479204763744,0.4928994821239159,0.17746598231091665,,
672,0.7693452380952381,0.4348191757779647,0.540102494402969,0.0,,prior,B12_deficiency,no_demographics,development_oof,0.0,0.0,155.0,0.0,0.0,1.0,0.22776479204763744,0.4928994821239159,0.17746598231091665,,
672,0.8214285714285714,0.45098039215686275,0.4693915342590157,0.0,,prior,folate_deficiency,available,development_oof,0.0,0.0,120.0,0.0,0.0,1.0,0.1733777993520369,0.48340881642512074,0.14673371499558407,,
672,0.8214285714285714,0.45098039215686275,0.4693915342590157,0.0,,prior,folate_deficiency,drop30,development_oof,0.0,0.0,120.0,0.0,0.0,1.0,0.1733777993520369,0.48340881642512074,0.14673371499558407,,
672,0.8214285714285714,0.45098039215686275,0.4693915342590157,0.0,,prior,folate_deficiency,drop60,development_oof,0.0,0.0,120.0,0.0,0.0,1.0,0.1733777993520369,0.48340881642512074,0.14673371499558407,,
672,0.8214285714285714,0.45098039215686275,0.4693915342590157,0.0,,prior,folate_deficiency,cbc_only,development_oof,0.0,0.0,120.0,0.0,0.0,1.0,0.1733777993520369,0.48340881642512074,0.14673371499558407,,
672,0.8214285714285714,0.45098039215686275,0.4693915342590157,0.0,,prior,folate_deficiency,hb_only,development_oof,0.0,0.0,120.0,0.0,0.0,1.0,0.1733777993520369,0.48340881642512074,0.14673371499558407,,
672,0.8214285714285714,0.45098039215686275,0.4693915342590157,0.0,,prior,folate_deficiency,no_iron,development_oof,0.0,0.0,120.0,0.0,0.0,1.0,0.1733777993520369,0.48340881642512074,0.14673371499558407,,
672,0.8214285714285714,0.45098039215686275,0.4693915342590157,0.0,,prior,folate_deficiency,no_B12,development_oof,0.0,0.0,120.0,0.0,0.0,1.0,0.1733777993520369,0.48340881642512074,0.14673371499558407,,
672,0.8214285714285714,0.45098039215686275,0.4693915342590157,0.0,,prior,folate_deficiency,no_folate,development_oof,0.0,0.0,120.0,0.0,0.0,1.0,0.1733777993520369,0.48340881642512074,0.14673371499558407,,
672,0.8214285714285714,0.45098039215686275,0.4693915342590157,0.0,,prior,folate_deficiency,no_B6,development_oof,0.0,0.0,120.0,0.0,0.0,1.0,0.1733777993520369,0.48340881642512074,0.14673371499558407,,
672,0.8214285714285714,0.45098039215686275,0.4693915342590157,0.0,,prior,folate_deficiency,no_copper,development_oof,0.0,0.0,120.0,0.0,0.0,1.0,0.1733777993520369,0.48340881642512074,0.14673371499558407,,
672,0.8214285714285714,0.45098039215686275,0.4693915342590157,0.0,,prior,folate_deficiency,no_hemoglobin,development_oof,0.0,0.0,120.0,0.0,0.0,1.0,0.1733777993520369,0.48340881642512074,0.14673371499558407,,
672,0.8214285714285714,0.45098039215686275,0.4693915342590157,0.0,,prior,folate_deficiency,no_demographics,development_oof,0.0,0.0,120.0,0.0,0.0,1.0,0.1733777993520369,0.48340881642512074,0.14673371499558407,,
672,0.9583333333333334,0.48936170212765956,0.17329335365857398,0.0,,prior,B6_deficiency,available,development_oof,0.0,0.0,28.0,0.0,0.0,1.0,0.03978002314502897,0.47792812777284827,0.03993762391285702,,
672,0.9583333333333334,0.48936170212765956,0.17329335365857398,0.0,,prior,B6_deficiency,drop30,development_oof,0.0,0.0,28.0,0.0,0.0,1.0,0.03978002314502897,0.47792812777284827,0.03993762391285702,,
672,0.9583333333333334,0.48936170212765956,0.17329335365857398,0.0,,prior,B6_deficiency,drop60,development_oof,0.0,0.0,28.0,0.0,0.0,1.0,0.03978002314502897,0.47792812777284827,0.03993762391285702,,
672,0.9583333333333334,0.48936170212765956,0.17329335365857398,0.0,,prior,B6_deficiency,cbc_only,development_oof,0.0,0.0,28.0,0.0,0.0,1.0,0.03978002314502897,0.47792812777284827,0.03993762391285702,,
672,0.9583333333333334,0.48936170212765956,0.17329335365857398,0.0,,prior,B6_deficiency,hb_only,development_oof,0.0,0.0,28.0,0.0,0.0,1.0,0.03978002314502897,0.47792812777284827,0.03993762391285702,,
672,0.9583333333333334,0.48936170212765956,0.17329335365857398,0.0,,prior,B6_deficiency,no_iron,development_oof,0.0,0.0,28.0,0.0,0.0,1.0,0.03978002314502897,0.47792812777284827,0.03993762391285702,,
672,0.9583333333333334,0.48936170212765956,0.17329335365857398,0.0,,prior,B6_deficiency,no_B12,development_oof,0.0,0.0,28.0,0.0,0.0,1.0,0.03978002314502897,0.47792812777284827,0.03993762391285702,,
672,0.9583333333333334,0.48936170212765956,0.17329335365857398,0.0,,prior,B6_deficiency,no_folate,development_oof,0.0,0.0,28.0,0.0,0.0,1.0,0.03978002314502897,0.47792812777284827,0.03993762391285702,,
672,0.9583333333333334,0.48936170212765956,0.17329335365857398,0.0,,prior,B6_deficiency,no_B6,development_oof,0.0,0.0,28.0,0.0,0.0,1.0,0.03978002314502897,0.47792812777284827,0.03993762391285702,,
672,0.9583333333333334,0.48936170212765956,0.17329335365857398,0.0,,prior,B6_deficiency,no_copper,development_oof,0.0,0.0,28.0,0.0,0.0,1.0,0.03978002314502897,0.47792812777284827,0.03993762391285702,,
672,0.9583333333333334,0.48936170212765956,0.17329335365857398,0.0,,prior,B6_deficiency,no_hemoglobin,development_oof,0.0,0.0,28.0,0.0,0.0,1.0,0.03978002314502897,0.47792812777284827,0.03993762391285702,,
672,0.9583333333333334,0.48936170212765956,0.17329335365857398,0.0,,prior,B6_deficiency,no_demographics,development_oof,0.0,0.0,28.0,0.0,0.0,1.0,0.03978002314502897,0.47792812777284827,0.03993762391285702,,
672,0.9583333333333334,0.48936170212765956,0.17329985645683654,0.0,,prior,copper_deficiency,available,development_oof,0.0,0.0,28.0,0.0,0.0,1.0,0.03959580548247779,0.4770130878438332,0.039938146826738144,,
672,0.9583333333333334,0.48936170212765956,0.17329985645683654,0.0,,prior,copper_deficiency,drop30,development_oof,0.0,0.0,28.0,0.0,0.0,1.0,0.03959580548247779,0.4770130878438332,0.039938146826738144,,
672,0.9583333333333334,0.48936170212765956,0.17329985645683654,0.0,,prior,copper_deficiency,drop60,development_oof,0.0,0.0,28.0,0.0,0.0,1.0,0.03959580548247779,0.4770130878438332,0.039938146826738144,,
672,0.9583333333333334,0.48936170212765956,0.17329985645683654,0.0,,prior,copper_deficiency,cbc_only,development_oof,0.0,0.0,28.0,0.0,0.0,1.0,0.03959580548247779,0.4770130878438332,0.039938146826738144,,
672,0.9583333333333334,0.48936170212765956,0.17329985645683654,0.0,,prior,copper_deficiency,hb_only,development_oof,0.0,0.0,28.0,0.0,0.0,1.0,0.03959580548247779,0.4770130878438332,0.039938146826738144,,
672,0.9583333333333334,0.48936170212765956,0.17329985645683654,0.0,,prior,copper_deficiency,no_iron,development_oof,0.0,0.0,28.0,0.0,0.0,1.0,0.03959580548247779,0.4770130878438332,0.039938146826738144,,
672,0.9583333333333334,0.48936170212765956,0.17329985645683654,0.0,,prior,copper_deficiency,no_B12,development_oof,0.0,0.0,28.0,0.0,0.0,1.0,0.03959580548247779,0.4770130878438332,0.039938146826738144,,
672,0.9583333333333334,0.48936170212765956,0.17329985645683654,0.0,,prior,copper_deficiency,no_folate,development_oof,0.0,0.0,28.0,0.0,0.0,1.0,0.03959580548247779,0.4770130878438332,0.039938146826738144,,
672,0.9583333333333334,0.48936170212765956,0.17329985645683654,0.0,,prior,copper_deficiency,no_B6,development_oof,0.0,0.0,28.0,0.0,0.0,1.0,0.03959580548247779,0.4770130878438332,0.039938146826738144,,
672,0.9583333333333334,0.48936170212765956,0.17329985645683654,0.0,,prior,copper_deficiency,no_copper,development_oof,0.0,0.0,28.0,0.0,0.0,1.0,0.03959580548247779,0.4770130878438332,0.039938146826738144,,
672,0.9583333333333334,0.48936170212765956,0.17329985645683654,0.0,,prior,copper_deficiency,no_hemoglobin,development_oof,0.0,0.0,28.0,0.0,0.0,1.0,0.03959580548247779,0.4770130878438332,0.039938146826738144,,
672,0.9583333333333334,0.48936170212765956,0.17329985645683654,0.0,,prior,copper_deficiency,no_demographics,development_oof,0.0,0.0,28.0,0.0,0.0,1.0,0.03959580548247779,0.4770130878438332,0.039938146826738144,,
672,0.9226190476190477,0.47987616099071206,0.24229960477348428,0.0,,prior,inflammation_anemia,available,development_oof,0.0,0.0,52.0,0.0,0.0,1.0,0.12084736152690298,0.6945719602977667,0.06916430433288043,,
672,0.9226190476190477,0.47987616099071206,0.2517535903742581,0.0,,prior,inflammation_anemia,drop30,development_oof,0.0,0.0,52.0,0.0,0.0,1.0,0.10293837624606855,0.6337158808933002,0.06986631502817163,,
672,0.9226190476190477,0.47987616099071206,0.2609919874529085,0.0,,prior,inflammation_anemia,drop60,development_oof,0.0,0.0,52.0,0.0,0.0,1.0,0.08800715626722035,0.5659119106699753,0.07055393935383839,,
672,0.9226190476190477,0.47987616099071206,0.24229960477348428,0.0,,prior,inflammation_anemia,cbc_only,development_oof,0.0,0.0,52.0,0.0,0.0,1.0,0.12084736152690298,0.6945719602977667,0.06916430433288043,,
672,0.9226190476190477,0.47987616099071206,0.24229960477348428,0.0,,prior,inflammation_anemia,hb_only,development_oof,0.0,0.0,52.0,0.0,0.0,1.0,0.12084736152690298,0.6945719602977667,0.06916430433288043,,
672,0.9226190476190477,0.47987616099071206,0.24229960477348428,0.0,,prior,inflammation_anemia,no_iron,development_oof,0.0,0.0,52.0,0.0,0.0,1.0,0.12084736152690298,0.6945719602977667,0.06916430433288043,,
672,0.9226190476190477,0.47987616099071206,0.24229960477348428,0.0,,prior,inflammation_anemia,no_B12,development_oof,0.0,0.0,52.0,0.0,0.0,1.0,0.12084736152690298,0.6945719602977667,0.06916430433288043,,
672,0.9226190476190477,0.47987616099071206,0.24229960477348428,0.0,,prior,inflammation_anemia,no_folate,development_oof,0.0,0.0,52.0,0.0,0.0,1.0,0.12084736152690298,0.6945719602977667,0.06916430433288043,,
672,0.9226190476190477,0.47987616099071206,0.24229960477348428,0.0,,prior,inflammation_anemia,no_B6,development_oof,0.0,0.0,52.0,0.0,0.0,1.0,0.12084736152690298,0.6945719602977667,0.06916430433288043,,
672,0.9226190476190477,0.47987616099071206,0.24229960477348428,0.0,,prior,inflammation_anemia,no_copper,development_oof,0.0,0.0,52.0,0.0,0.0,1.0,0.12084736152690298,0.6945719602977667,0.06916430433288043,,
672,0.9226190476190477,0.47987616099071206,0.2723838552241082,0.0,,prior,inflammation_anemia,no_hemoglobin,development_oof,0.0,0.0,52.0,0.0,0.0,1.0,0.075508397909388,0.48653846153846153,0.07140142773058632,,
672,0.9226190476190477,0.47987616099071206,0.2723838552241082,0.0,,prior,inflammation_anemia,no_demographics,development_oof,0.0,0.0,52.0,0.0,0.0,1.0,0.075508397909388,0.48653846153846153,0.07140142773058632,,
672,0.8229166666666666,0.816241969301286,0.49216578683662826,0.816241969301286,0.2515974938081052,logistic,anemia_class,available,development_oof,0.8125138406989159,0.046248213412646975,,,,,,,,,
672,0.6547619047619048,0.6399887589497343,1.0467770528308233,0.6399887589497343,0.47117506418310195,logistic,anemia_class,drop30,development_oof,0.6385717107178046,0.032315214524945485,,,,,,,,,
672,0.43452380952380953,0.41910721531996226,2.067829339045017,0.41910721531996226,0.7809296685669255,logistic,anemia_class,drop60,development_oof,0.40101755019149615,0.06378591668393623,,,,,,,,,
672,0.33035714285714285,0.19341528140234623,2.680627475261323,0.19341528140234623,0.9013161164256729,logistic,anemia_class,cbc_only,development_oof,0.18672725026837944,0.053213718748249296,,,,,,,,,
672,0.14136904761904762,0.06820468535179931,4.324070000201317,0.06820468535179931,1.1753424573155327,logistic,anemia_class,hb_only,development_oof,0.05036178321868978,0.018741981591881,,,,,,,,,
672,0.6517857142857143,0.640724005706318,1.1222419918747208,0.640724005706318,0.5009656222633204,logistic,anemia_class,no_iron,development_oof,0.6334555101886904,0.04385424630174694,,,,,,,,,
672,0.7440476190476191,0.7078149722227085,0.7595976869977407,0.7078149722227085,0.35917726767509894,logistic,anemia_class,no_B12,development_oof,0.705173873880333,0.04690830239100326,,,,,,,,,
672,0.7619047619047619,0.735218667846754,0.7730552443979752,0.735218667846754,0.35584323306481036,logistic,anemia_class,no_folate,development_oof,0.73181625285481,0.03658230962395331,,,,,,,,,
672,0.7961309523809523,0.7470842154389055,0.603080869683803,0.7470842154389055,0.28881833011411,logistic,anemia_class,no_B6,development_oof,0.7449072106571359,0.034921280336384176,,,,,,,,,
672,0.8080357142857143,0.7448021320864564,0.6555321462244595,0.7448021320864564,0.29259116731282264,logistic,anemia_class,no_copper,development_oof,0.742425394251812,0.04050437223476732,,,,,,,,,
672,0.7976190476190477,0.790714421350998,0.5597378059593255,0.790714421350998,0.28652183350445065,logistic,anemia_class,no_hemoglobin,development_oof,0.7879650929133508,0.0484313976477574,,,,,,,,,
672,0.8303571428571429,0.8197666074939147,0.5005166218036379,0.8197666074939147,0.25193983250241037,logistic,anemia_class,no_demographics,development_oof,0.815741277906576,0.036110433636001874,,,,,,,,,
672,0.9821428571428571,0.9802102659245516,0.051214723509261866,0.974025974025974,,logistic,iron_deficiency,available,development_oof,0.9740167671126561,0.005895446916716387,233.0,0.982532751091703,0.9656652360515021,0.9908883826879271,0.9969323930381677,0.9983184568909049,0.014137083705433413,,
672,0.9494047619047619,0.9426914548865768,0.1303383075120797,0.9230769230769231,,logistic,iron_deficiency,drop30,development_oof,0.922917410073244,0.017665916832004476,233.0,0.9760765550239234,0.8755364806866953,0.9886104783599089,0.9840335366093871,0.9896761074232308,0.038477017469130056,,
672,0.8839285714285714,0.8627450980392157,0.3261375839931784,0.8088235294117647,,logistic,iron_deficiency,drop60,development_oof,0.8035010473788843,0.07765704814303692,233.0,0.9428571428571428,0.7081545064377682,0.9772209567198178,0.9068911477915454,0.9325818530214005,0.09696270686776598,,
672,0.7842261904761905,0.7529806344321267,0.4662562326407108,0.6651270207852193,,logistic,iron_deficiency,cbc_only,development_oof,0.6592698625134416,0.07248811579892535,233.0,0.72,0.6180257510729614,0.8724373576309795,0.7772980533066451,0.840038323540626,0.14777635842990314,,
672,0.6532738095238095,0.3951395139513951,0.9577361012405022,0.0,,logistic,iron_deficiency,hb_only,development_oof,0.0,0.0,233.0,0.0,0.0,1.0,0.3702915686013081,0.5258341724754857,0.28523452677278804,,
672,0.7395833333333334,0.6236258021155047,0.7068531866743182,0.41471571906354515,,logistic,iron_deficiency,no_iron,development_oof,0.40518542012599734,0.1518757371619397,233.0,0.9393939393939394,0.26609442060085836,0.9908883826879271,0.8200244992729345,0.8731510358110024,0.19974386419100223,,
672,0.9836309523809523,0.9819149326580792,0.050936198425670695,0.9763440860215054,,logistic,iron_deficiency,no_B12,development_oof,0.976317770782735,0.014294607865051299,233.0,0.978448275862069,0.9742489270386266,0.9886104783599089,0.9973725729379921,0.9985042087459794,0.013687272392697514,,
672,0.9836309523809523,0.9818780445350979,0.05050054087699164,0.9762419006479481,,logistic,iron_deficiency,no_folate,development_oof,0.9761668231036973,0.009119694711803083,233.0,0.9826086956521739,0.9699570815450643,0.9908883826879271,0.9972214953155807,0.9984846559191295,0.013747594966356733,,
672,0.9791666666666666,0.9769592476489029,0.056872174329242915,0.9698275862068966,,logistic,iron_deficiency,no_B6,development_oof,0.9699785984920947,0.008096639923135182,233.0,0.974025974025974,0.9656652360515021,0.9863325740318907,0.9961831257107736,0.9978296362196565,0.015851662127496887,,
672,0.9806547619047619,0.9785389485165686,0.055416355016286487,0.9718004338394793,,logistic,iron_deficiency,no_copper,development_oof,0.9716259069047037,0.018219001940000867,233.0,0.9824561403508771,0.9613733905579399,0.9908883826879271,0.9964473248561269,0.9980251644881559,0.015481666622472624,,
672,0.9821428571428571,0.9802102659245516,0.05067896138516313,0.974025974025974,,logistic,iron_deficiency,no_hemoglobin,development_oof,0.9738157259250141,0.01021307499851553,233.0,0.982532751091703,0.9656652360515021,0.9908883826879271,0.9971300767286732,0.9984553266788545,0.013804016848424078,,
672,0.9851190476190477,0.9835085549371263,0.04984278922423984,0.9783549783549783,,logistic,iron_deficiency,no_demographics,development_oof,0.9781436707500537,0.015732635113397293,233.0,0.9868995633187773,0.9699570815450643,0.9931662870159453,0.9970061726650792,0.9983380097177549,0.01340618521444121,,
672,0.9732142857142857,0.9615614394122358,0.0788677025652057,0.9403973509933775,,logistic,B12_deficiency,available,development_oof,0.9404102398449486,0.025323338323014668,155.0,0.9659863945578231,0.9161290322580645,0.9903288201160542,0.9840987799172543,0.9914519248767705,0.020380780159010143,,
672,0.9330357142857143,0.8992882905985753,0.1903789902230143,0.8409893992932862,,logistic,B12_deficiency,drop30,development_oof,0.8382352093892609,0.07504386885997225,155.0,0.9296875,0.7677419354838709,0.9825918762088974,0.924633727320161,0.9620390590877894,0.0529733512740037,,
672,0.9032738095238095,0.8407832530809971,0.28383896075331305,0.7410358565737052,,logistic,B12_deficiency,drop60,development_oof,0.7344936686660353,0.10124482483339521,155.0,0.96875,0.6,0.9941972920696325,0.8557534366164078,0.9213826667498596,0.08079429348662279,,
672,0.7931547619047619,0.5795140967755005,0.4596202631176665,0.27979274611398963,,logistic,B12_deficiency,cbc_only,development_oof,0.2720462543991956,0.10441647859070824,155.0,0.7105263157894737,0.17419354838709677,0.9787234042553191,0.5633631234408037,0.8123915891932364,0.14826645367955388,,
672,0.7693452380952381,0.4348191757779647,0.6972854542467112,0.0,,logistic,B12_deficiency,hb_only,development_oof,0.0,0.0,155.0,0.0,0.0,1.0,0.21910653472146874,0.49074686466587636,0.20502322305007784,,
672,0.9717261904761905,0.9606090055069647,0.08668815132692244,0.9396825396825397,,logistic,B12_deficiency,no_iron,development_oof,0.9396833310030642,0.03500862994808222,155.0,0.925,0.9548387096774194,0.97678916827853,0.9837968017456313,0.9920134772571285,0.02293710030957792,,
672,0.8601190476190477,0.7445486897444193,0.42247516699596316,0.5727272727272728,,logistic,B12_deficiency,no_B12,development_oof,0.5692922417596268,0.0880716134760964,155.0,0.9692307692307692,0.4064516129032258,0.9961315280464217,0.798195351802031,0.8912085855119486,0.11201948498477188,,
672,0.9627976190476191,0.9459735849420663,0.0918469000051718,0.9158249158249159,,logistic,B12_deficiency,no_folate,development_oof,0.9159088050774338,0.031259227667931905,155.0,0.9577464788732394,0.8774193548387097,0.988394584139265,0.9808184879061215,0.9907905409621265,0.025799742163402528,,
672,0.9732142857142857,0.9619177150629037,0.07973969523632482,0.9411764705882353,,logistic,B12_deficiency,no_B6,development_oof,0.9408147930072479,0.025914402360613847,155.0,0.9536423841059603,0.9290322580645162,0.9864603481624759,0.9837972884626515,0.9912148249828415,0.020662437655296823,,
672,0.9732142857142857,0.9615614394122358,0.07087135898167686,0.9403973509933775,,logistic,B12_deficiency,no_copper,development_oof,0.9406288190799215,0.033749101340394806,155.0,0.9659863945578231,0.9161290322580645,0.9903288201160542,0.9869522613919718,0.9937605291071319,0.019132739128167243,,
672,0.9717261904761905,0.9595210241485244,0.0785907165439147,0.9372937293729373,,logistic,B12_deficiency,no_hemoglobin,development_oof,0.9373501305553311,0.0272439548622947,155.0,0.9594594594594594,0.9161290322580645,0.988394584139265,0.9844616301179955,0.991564235352842,0.020455247622233424,,
672,0.9776785714285714,0.9678922606970055,0.0784809749331145,0.9501661129568106,,logistic,B12_deficiency,no_demographics,development_oof,0.9501314587020386,0.03113071710738083,155.0,0.9794520547945206,0.9225806451612903,0.9941972920696325,0.9845341666059682,0.9915392774692706,0.020070964073749982,,
672,0.9285714285714286,0.8732314657611772,0.194248814698271,0.7894736842105263,,logistic,folate_deficiency,available,development_oof,0.7889307634032869,0.05108828906771518,120.0,0.8333333333333334,0.75,0.967391304347826,0.8553626741988188,0.9583333333333335,0.055767756119216194,,
672,0.8839285714285714,0.7832437350095112,0.3155097404327461,0.6355140186915887,,logistic,folate_deficiency,drop30,development_oof,0.6363847085279363,0.04801939188148056,120.0,0.723404255319149,0.5666666666666667,0.9528985507246377,0.7253865918041498,0.8848731884057971,0.08855973111858416,,
672,0.8467261904761905,0.6857004036817226,0.4261315949685764,0.4607329842931937,,logistic,folate_deficiency,drop60,development_oof,0.45996780284328426,0.050474706288176976,120.0,0.6197183098591549,0.36666666666666664,0.9510869565217391,0.5522790643456168,0.771346618357488,0.11867118260190115,,
672,0.8110119047619048,0.5787208206019261,0.4649670624158086,0.2658959537572254,,logistic,folate_deficiency,cbc_only,development_oof,0.2480952380952381,0.14076242025809338,120.0,0.4339622641509434,0.19166666666666668,0.9456521739130435,0.3652963073177472,0.7613526570048309,0.14313235301308552,,
672,0.8214285714285714,0.45098039215686275,0.5304878047375396,0.0,,logistic,folate_deficiency,hb_only,development_oof,0.0,0.0,120.0,0.0,0.0,1.0,0.16868615888740154,0.49479166666666663,0.15680013209244764,,
672,0.9315476190476191,0.8758972876619935,0.19524247604712322,0.7927927927927928,,logistic,folate_deficiency,no_iron,development_oof,0.7916391416694754,0.06037446843774565,120.0,0.8627450980392157,0.7333333333333333,0.9746376811594203,0.8607784009891187,0.9574577294685991,0.05580800421126567,,
672,0.9077380952380952,0.8485958485958486,0.2334507127486793,0.753968253968254,,logistic,folate_deficiency,no_B12,development_oof,0.7547900983846858,0.06563946817678462,120.0,0.7196969696969697,0.7916666666666666,0.9329710144927537,0.8347237334178363,0.946286231884058,0.06877752515383882,,
672,0.8288690476190477,0.5444014078279479,0.54045250497163,0.18439716312056736,,logistic,folate_deficiency,no_folate,development_oof,0.17948111296275923,0.09229071327144034,120.0,0.6190476190476191,0.10833333333333334,0.9855072463768116,0.4426533296947689,0.7734148550724638,0.14068809446008684,,
672,0.9285714285714286,0.8766444349262681,0.19216656474922092,0.7966101694915254,,logistic,folate_deficiency,no_B6,development_oof,0.7973439678132295,0.03195700975895463,120.0,0.8103448275862069,0.7833333333333333,0.9601449275362319,0.8604861912357553,0.9595259661835749,0.05463602936282391,,
672,0.9255952380952381,0.8715046197148626,0.196966228041684,0.788135593220339,,logistic,folate_deficiency,no_copper,development_oof,0.7874210369830745,0.04441030570652275,120.0,0.8017241379310345,0.775,0.9583333333333334,0.8532619960862979,0.9577747584541062,0.056882677565387146,,
672,0.9285714285714286,0.8723384045466779,0.1926168382589521,0.7876106194690266,,logistic,folate_deficiency,no_hemoglobin,development_oof,0.7868307174858843,0.048441631028793175,120.0,0.839622641509434,0.7416666666666667,0.9692028985507246,0.8556986578439371,0.9590730676328502,0.055514306952703575,,
672,0.9285714285714286,0.8732314657611772,0.1933100050058926,0.7894736842105263,,logistic,folate_deficiency,no_demographics,development_oof,0.7889307634032869,0.05108828906771518,120.0,0.8333333333333334,0.75,0.967391304347826,0.8566745374788669,0.9598580917874395,0.055477214956222036,,
672,0.9791666666666666,0.8545904173106647,0.0700169128606161,0.72,,logistic,B6_deficiency,available,development_oof,0.7165656565656565,0.1467666687487543,28.0,0.8181818181818182,0.6428571428571429,0.9937888198757764,0.790120759895607,0.963620230700976,0.0170222964161153,,
672,0.9702380952380952,0.7423312883435582,0.14230704400801913,0.5,,logistic,B6_deficiency,drop30,development_oof,0.4833333333333333,0.19002923751652298,28.0,0.8333333333333334,0.35714285714285715,0.9968944099378882,0.5456837154716175,0.8918034605146407,0.026274116725675863,,
672,0.9627976190476191,0.6116774148810762,0.2130848706431534,0.24242424242424243,,logistic,B6_deficiency,drop60,development_oof,0.21428571428571427,0.21428571428571427,28.0,0.8,0.14285714285714285,0.9984472049689441,0.3571082867415456,0.8167147293700089,0.03416150691592269,,
672,0.9583333333333334,0.48936170212765956,0.2240468163564839,0.0,,logistic,B6_deficiency,cbc_only,development_oof,0.0,0.0,28.0,0.0,0.0,1.0,0.09801767598355905,0.729924578527063,0.04126120471872036,,
672,0.9583333333333334,0.48936170212765956,0.3685084997525651,0.0,,logistic,B6_deficiency,hb_only,development_oof,0.0,0.0,28.0,0.0,0.0,1.0,0.04425649928153513,0.5003881987577641,0.04164197915259318,,
672,0.96875,0.8138626920794038,0.09182184714817376,0.6440677966101694,,logistic,B6_deficiency,no_iron,development_oof,0.6533333333333333,0.09888264649460886,28.0,0.6129032258064516,0.6785714285714286,0.9813664596273292,0.7144610951486846,0.944321206743567,0.023855197160564237,,
672,0.9821428571428571,0.8649427212433844,0.07251779431716264,0.7391304347826086,,logistic,B6_deficiency,no_B12,development_oof,0.7193362193362194,0.18357763181883055,28.0,0.9444444444444444,0.6071428571428571,0.9984472049689441,0.7982823634885949,0.9582409050576752,0.016003244535661446,,
672,0.9806547619047619,0.8723236338658054,0.06604517649650243,0.7547169811320755,,logistic,B6_deficiency,no_folate,development_oof,0.7387878787878789,0.14033607831214703,28.0,0.8,0.7142857142857143,0.9922360248447205,0.8028745063638655,0.9662821650399291,0.016712358596354976,,
672,0.9553571428571429,0.4885844748858447,0.22405353867392336,0.0,,logistic,B6_deficiency,no_B6,development_oof,0.0,0.0,28.0,0.0,0.0,0.9968944099378882,0.14922679377839573,0.7959183673469388,0.04045924977533405,,
672,0.9776785714285714,0.8526811159990062,0.06692156994118455,0.7169811320754716,,logistic,B6_deficiency,no_copper,development_oof,0.7275213675213675,0.11321867064477459,28.0,0.76,0.6785714285714286,0.9906832298136646,0.8070096123249744,0.9647293700088732,0.016710665514176184,,
672,0.9791666666666666,0.8545904173106647,0.07049821742997442,0.72,,logistic,B6_deficiency,no_hemoglobin,development_oof,0.7165656565656565,0.1467666687487543,28.0,0.8181818181818182,0.6428571428571429,0.9937888198757764,0.7815097212259275,0.9622892635314996,0.016969027712897312,,
672,0.9791666666666666,0.8545904173106647,0.06916748472620232,0.72,,logistic,B6_deficiency,no_demographics,development_oof,0.7165656565656565,0.1467666687487543,28.0,0.8181818181818182,0.6428571428571429,0.9937888198757764,0.8072869759511784,0.959460958296362,0.015984286939275928,,
672,0.9866071428571429,0.9082844274600792,0.022614742442282978,0.8235294117647058,,logistic,copper_deficiency,available,development_oof,0.7818181818181819,0.2599268810090145,28.0,0.9130434782608695,0.75,0.9968944099378882,0.9733281779193903,0.9987799467613132,0.007254515384429248,,
672,0.9776785714285714,0.8113172229189675,0.06887245195344142,0.6341463414634146,,logistic,copper_deficiency,drop30,development_oof,0.5938095238095238,0.26086155875189265,28.0,1.0,0.4642857142857143,1.0,0.8679817727225769,0.9669476486246673,0.016774803668687072,,
672,0.9642857142857143,0.6158536585365854,0.19776565672226556,0.25,,logistic,copper_deficiency,drop60,development_oof,0.24761904761904763,0.14045601146431072,28.0,1.0,0.14285714285714285,1.0,0.541432712653288,0.8195984915705412,0.03287094571800534,,
672,0.9583333333333334,0.48936170212765956,0.2639990166051335,0.0,,logistic,copper_deficiency,cbc_only,development_oof,0.0,0.0,28.0,0.0,0.0,1.0,0.112176824804863,0.7964729370008873,0.04149292959355907,,
672,0.9583333333333334,0.48936170212765956,0.3586105182714123,0.0,,logistic,copper_deficiency,hb_only,development_oof,0.0,0.0,28.0,0.0,0.0,1.0,0.04397679912312906,0.5126996450754215,0.04164750536444053,,
672,0.9880952380952381,0.919980947844725,0.021281020198937385,0.8461538461538461,,logistic,copper_deficiency,no_iron,development_oof,0.8,0.2738612787525831,28.0,0.9166666666666666,0.7857142857142857,0.9968944099378882,0.9781815708894817,0.9990017746228926,0.006164482374536635,,
672,0.9880952380952381,0.919980947844725,0.02348339677898648,0.8461538461538461,,logistic,copper_deficiency,no_B12,development_oof,0.8294372294372294,0.1597147412130346,28.0,0.9166666666666666,0.7857142857142857,0.9968944099378882,0.9723561157074088,0.9987244897959183,0.007360808143174189,,
672,0.9880952380952381,0.919980947844725,0.02489805612151686,0.8461538461538461,,logistic,copper_deficiency,no_folate,development_oof,0.8294372294372294,0.1597147412130346,28.0,0.9166666666666666,0.7857142857142857,0.9968944099378882,0.96330490876218,0.9983917480035492,0.007924246657515283,,
672,0.9880952380952381,0.919980947844725,0.022470021065294197,0.8461538461538461,,logistic,copper_deficiency,no_B6,development_oof,0.8294372294372294,0.1597147412130346,28.0,0.9166666666666666,0.7857142857142857,0.9968944099378882,0.9731281967411483,0.9987799467613132,0.007150289445960216,,
672,0.9583333333333334,0.48936170212765956,0.24649768680849993,0.0,,logistic,copper_deficiency,no_copper,development_oof,0.0,0.0,28.0,0.0,0.0,1.0,0.2206606594069422,0.8429458740017746,0.041175389411941286,,
672,0.9866071428571429,0.9082844274600792,0.02259821397686487,0.8235294117647058,,logistic,copper_deficiency,no_hemoglobin,development_oof,0.7818181818181819,0.2599268810090145,28.0,0.9130434782608695,0.75,0.9968944099378882,0.9714429663567594,0.9986690328305234,0.007195439334283756,,
672,0.9866071428571429,0.9082844274600792,0.021504059874116802,0.8235294117647058,,logistic,copper_deficiency,no_demographics,development_oof,0.7818181818181819,0.2599268810090145,28.0,0.9130434782608695,0.75,0.9968944099378882,0.978051680223538,0.9990572315882874,0.007016749257410373,,
672,0.9910714285714286,0.967588424437299,0.02173078674121777,0.94,,logistic,inflammation_anemia,available,development_oof,0.9395458342826764,0.0429367786926695,52.0,0.9791666666666666,0.9038461538461539,0.9983870967741936,0.9918402311974969,0.9991935483870967,0.0064092891242656476,,
672,0.9702380952380952,0.8757718046363737,0.0930496164025617,0.7674418604651163,,logistic,inflammation_anemia,drop30,development_oof,0.7503469079939667,0.16671664601603345,52.0,0.9705882352941176,0.6346153846153846,0.9983870967741936,0.8940116761243376,0.9803039702233252,0.0239112884251909,,
672,0.9508928571428571,0.7609906987271375,0.2024812508956646,0.547945205479452,,logistic,inflammation_anemia,drop60,development_oof,0.5059523809523808,0.28552821321932037,52.0,0.9523809523809523,0.38461538461538464,0.9983870967741936,0.6924324190264161,0.9008684863523573,0.04232408946355728,,
672,0.9226190476190477,0.47987616099071206,0.5432437389000171,0.0,,logistic,inflammation_anemia,cbc_only,development_oof,0.0,0.0,52.0,0.0,0.0,1.0,0.3315245386805831,0.8903846153846153,0.07721283621379989,,
672,0.9226190476190477,0.47987616099071206,0.4879353694004353,0.0,,logistic,inflammation_anemia,hb_only,development_oof,0.0,0.0,52.0,0.0,0.0,1.0,0.1264863477421042,0.6819168734491314,0.07666410452462989,,
672,0.9657738095238095,0.8489193865282543,0.1015538022801563,0.7160493827160493,,logistic,inflammation_anemia,no_iron,development_oof,0.6862057103543171,0.22465488195655606,52.0,1.0,0.5576923076923077,1.0,0.9515771626587066,0.9937034739454094,0.028374631695348203,,
672,0.9895833333333334,0.961835219666545,0.026876759295803604,0.9292929292929293,,logistic,inflammation_anemia,no_B12,development_oof,0.9264739388578398,0.06598026179332513,52.0,0.9787234042553191,0.8846153846153846,0.9983870967741936,0.9877208120967726,0.998728287841191,0.007478814650013208,,
672,0.9895833333333334,0.9611107896063955,0.023825988159915885,0.9278350515463918,,logistic,inflammation_anemia,no_folate,development_oof,0.9204260651629074,0.09765394893128224,52.0,1.0,0.8653846153846154,1.0,0.9909111615328119,0.9991004962779156,0.007097993158458017,,
672,0.9910714285714286,0.967588424437299,0.02297695895850735,0.94,,logistic,inflammation_anemia,no_B6,development_oof,0.9395458342826764,0.0429367786926695,52.0,0.9791666666666666,0.9038461538461539,0.9983870967741936,0.9912151316593538,0.9991315136476426,0.0068376157580484105,,
672,0.9925595238095238,0.9732362616792652,0.020533339686184704,0.9504950495049505,,logistic,inflammation_anemia,no_copper,development_oof,0.9490696438064858,0.051016465515471135,52.0,0.9795918367346939,0.9230769230769231,0.9983870967741936,0.9922097636258529,0.9992245657568237,0.005901849268793653,,
672,0.9910714285714286,0.967588424437299,0.02320300456908639,0.94,,logistic,inflammation_anemia,no_hemoglobin,development_oof,0.9395458342826764,0.0429367786926695,52.0,0.9791666666666666,0.9038461538461539,0.9983870967741936,0.9894584768680712,0.9988833746898264,0.0066003133838134515,,
672,0.9910714285714286,0.967588424437299,0.022382179079069205,0.94,,logistic,inflammation_anemia,no_demographics,development_oof,0.9395458342826764,0.0429367786926695,52.0,0.9791666666666666,0.9038461538461539,0.9983870967741936,0.9908878368527363,0.9990384615384615,0.006221596264846889,,
672,0.8541666666666666,0.8502619359904299,0.43783543812626263,0.8502619359904299,0.22062808128087724,logistic_values,anemia_class,available,development_oof,0.8470002172588409,0.040060818052668555,,,,,,,,,
672,0.7038690476190477,0.6941135907972108,0.8086544983533327,0.6941135907972108,0.40158508333257725,logistic_values,anemia_class,drop30,development_oof,0.6884730380280661,0.037851810554267756,,,,,,,,,
672,0.5193452380952381,0.5098190540273654,1.4268584290341395,0.5098190540273654,0.6333853275596416,logistic_values,anemia_class,drop60,development_oof,0.5023109510597148,0.06489214263252516,,,,,,,,,
672,0.45982142857142855,0.3214575353321,1.5332853139877238,0.3214575353321,0.703555844639102,logistic_values,anemia_class,cbc_only,development_oof,0.31008852019936034,0.0529318118343198,,,,,,,,,
672,0.22172619047619047,0.11434474433014168,2.313886319370062,0.11434474433014168,0.896847518835127,logistic_values,anemia_class,hb_only,development_oof,0.10749402033198778,0.042030998663988337,,,,,,,,,
672,0.7127976190476191,0.7237461672806194,0.7905467226702628,0.7237461672806194,0.40276368645883664,logistic_values,anemia_class,no_iron,development_oof,0.71590413447314,0.05813748797386854,,,,,,,,,
672,0.78125,0.7582715115588985,0.6275889357294893,0.7582715115588985,0.3136177813384836,logistic_values,anemia_class,no_B12,development_oof,0.7509655259487922,0.022440917433513754,,,,,,,,,
672,0.7991071428571429,0.7802961419652897,0.5886766536746236,0.7802961419652897,0.2960238347684997,logistic_values,anemia_class,no_folate,development_oof,0.7741580428239837,0.04671526674333272,,,,,,,,,
672,0.8333333333333334,0.7982184911971338,0.5278677267250974,0.7982184911971338,0.25386320100645354,logistic_values,anemia_class,no_B6,development_oof,0.7948593228805825,0.04785369674714609,,,,,,,,,
672,0.8244047619047619,0.7704696480510607,0.5805452335221929,0.7704696480510607,0.26368615927147715,logistic_values,anemia_class,no_copper,development_oof,0.7659502407745515,0.03655290987586616,,,,,,,,,
672,0.8229166666666666,0.821889468013166,0.5096124825206901,0.821889468013166,0.2575825494067849,logistic_values,anemia_class,no_hemoglobin,development_oof,0.8192092041119052,0.04230642758515301,,,,,,,,,
672,0.8497023809523809,0.8480091936801765,0.4446616672892202,0.8480091936801765,0.21947905170231938,logistic_values,anemia_class,no_demographics,development_oof,0.8463223537391587,0.05971176117349367,,,,,,,,,
672,0.9851190476190477,0.9834743261853236,0.0532680364231606,0.9782608695652174,,logistic_values,iron_deficiency,available,development_oof,0.9781527715702273,0.017024422221637605,233.0,0.9911894273127754,0.9656652360515021,0.9954441913439636,0.9966304275423721,0.9976829900182819,0.013044336589027669,,
672,0.9553571428571429,0.9494336366646267,0.1109054016747771,0.9321266968325792,,logistic_values,iron_deficiency,drop30,development_oof,0.9321021413914019,0.021115770194438784,233.0,0.9856459330143541,0.8841201716738197,0.9931662870159453,0.9896807756821737,0.9928338889594963,0.03055972636445732,,
672,0.8943452380952381,0.87488953977748,0.24028825210530835,0.8255528255528255,,logistic_values,iron_deficiency,drop60,development_oof,0.8253557939875661,0.017697226327264517,233.0,0.9655172413793104,0.721030042918455,0.9863325740318907,0.9513802325425561,0.9693704967395662,0.07522032670796647,,
672,0.7842261904761905,0.7282455607027016,0.45199845005796,0.6049046321525886,,logistic_values,iron_deficiency,cbc_only,development_oof,0.6049934570756489,0.0233462571107898,233.0,0.8283582089552238,0.47639484978540775,0.9476082004555809,0.7836356290974444,0.8680770772434425,0.14804330000801608,,
672,0.6532738095238095,0.3951395139513951,0.7559002232562967,0.0,,logistic_values,iron_deficiency,hb_only,development_oof,0.0,0.0,233.0,0.0,0.0,1.0,0.3401623150213643,0.48921172778554467,0.2620547325615988,,
672,0.7916666666666666,0.7334753589357146,0.43036451869001363,0.6089385474860335,,logistic_values,iron_deficiency,no_iron,development_oof,0.6080814354727397,0.044055416460722065,233.0,0.872,0.4678111587982833,0.9635535307517085,0.8371919871700539,0.9005934282948957,0.13929120428055103,,
672,0.9851190476190477,0.9834743261853236,0.05269485886906661,0.9782608695652174,,logistic_values,iron_deficiency,no_B12,development_oof,0.9781527715702273,0.017024422221637605,233.0,0.9911894273127754,0.9656652360515021,0.9954441913439636,0.9966169047068182,0.9976145551243071,0.012720077535304252,,
672,0.9836309523809523,0.9818406487447888,0.05273590037980852,0.9761388286334056,,logistic_values,iron_deficiency,no_folate,development_oof,0.9760054557150463,0.019405079546200975,233.0,0.9868421052631579,0.9656652360515021,0.9931662870159453,0.9966761297096691,0.9976927664317069,0.0128873080029821,,
672,0.9806547619047619,0.9785831435414791,0.05938240426250318,0.9719222462203023,,logistic_values,iron_deficiency,no_B6,development_oof,0.9719770220035706,0.019420986085503786,233.0,0.9782608695652174,0.9656652360515021,0.9886104783599089,0.9957613356098467,0.9971941693470334,0.015458952247843523,,
672,0.9851190476190477,0.9834743261853236,0.057237734281938464,0.9782608695652174,,logistic_values,iron_deficiency,no_copper,development_oof,0.9781527715702273,0.017024422221637605,233.0,0.9911894273127754,0.9656652360515021,0.9954441913439636,0.9960498940350677,0.997321262721558,0.014292222637231865,,
672,0.9851190476190477,0.9834743261853236,0.0526494920742345,0.9782608695652174,,logistic_values,iron_deficiency,no_hemoglobin,development_oof,0.9781527715702273,0.017024422221637605,233.0,0.9911894273127754,0.9656652360515021,0.9954441913439636,0.996732065850114,0.9977709777391066,0.01287089712734661,,
672,0.9880952380952381,0.9868068439497011,0.05086944313150479,0.9826839826839827,,logistic_values,iron_deficiency,no_demographics,development_oof,0.9825005976571838,0.01963476224961994,233.0,0.9912663755458515,0.9742489270386266,0.9954441913439636,0.9967291454905276,0.9977123192585569,0.012098162070700373,,
672,0.9747023809523809,0.9639502043263541,0.07089631208791798,0.9442622950819672,,logistic_values,B12_deficiency,available,development_oof,0.9440970070033698,0.025591669017607472,155.0,0.96,0.9290322580645162,0.988394584139265,0.9877185979479097,0.9951581705871342,0.019732202297606003,,
672,0.9389880952380952,0.9057674351791999,0.1797903123728376,0.8498168498168498,,logistic_values,B12_deficiency,drop30,development_oof,0.8447308748060628,0.10950707808987142,155.0,0.9830508474576272,0.7483870967741936,0.9961315280464217,0.9410174260881855,0.9745180008735259,0.050824629301796376,,
672,0.875,0.7765922079566863,0.35211369459338393,0.6283185840707964,,logistic_values,B12_deficiency,drop60,development_oof,0.6241793330976788,0.0941489556154215,155.0,1.0,0.45806451612903226,1.0,0.8664730347538461,0.923204592250577,0.09834322961350009,,
672,0.7693452380952381,0.4348191757779647,0.7220068951449501,0.0,,logistic_values,B12_deficiency,cbc_only,development_oof,0.0,0.0,155.0,0.0,0.0,1.0,0.5214539989465427,0.7858613589567606,0.20187471445109217,,
672,0.7693452380952381,0.4348191757779647,0.962684431543113,0.0,,logistic_values,B12_deficiency,hb_only,development_oof,0.0,0.0,155.0,0.0,0.0,1.0,0.19539734869103045,0.4345541898047045,0.22255289478669807,,
672,0.9791666666666666,0.9703804450489252,0.06772428134015107,0.954248366013072,,logistic_values,B12_deficiency,no_iron,development_oof,0.9538574105342652,0.024621623173827982,155.0,0.9668874172185431,0.9419354838709677,0.9903288201160542,0.9887585650604662,0.9959817807449928,0.018143510383420755,,
672,0.8556547619047619,0.7314602344120131,0.4146994620506558,0.5488372093023256,,logistic_values,B12_deficiency,no_B12,development_oof,0.5452313420766404,0.08446135122166756,155.0,0.9833333333333333,0.38064516129032255,0.9980657640232108,0.8129536506622531,0.8968615461408873,0.11543699530892505,,
672,0.9642857142857143,0.9474972654825773,0.09016310308247424,0.9178082191780822,,logistic_values,B12_deficiency,no_folate,development_oof,0.917070496228883,0.046235491607200564,155.0,0.9781021897810219,0.864516129032258,0.9941972920696325,0.9832985547050649,0.9928994821239159,0.0262496712989752,,
672,0.9732142857142857,0.9617408906882591,0.07055946640042517,0.9407894736842105,,logistic_values,B12_deficiency,no_B6,development_oof,0.940599739243807,0.02563806802379761,155.0,0.959731543624161,0.9225806451612903,0.988394584139265,0.9877020211200345,0.9951207337617769,0.019690345386222767,,
672,0.9747023809523809,0.9639502043263541,0.06856551894809004,0.9442622950819672,,logistic_values,B12_deficiency,no_copper,development_oof,0.9440970070033698,0.025591669017607472,155.0,0.96,0.9290322580645162,0.988394584139265,0.988534582197082,0.995644849316778,0.019144103737727722,,
672,0.9702380952380952,0.9572904882358175,0.07263986380858245,0.9337748344370861,,logistic_values,B12_deficiency,no_hemoglobin,development_oof,0.9338276836158192,0.020172661329675174,155.0,0.9591836734693877,0.9096774193548387,0.988394584139265,0.9869502039060056,0.9949335496349909,0.020540199642983977,,
672,0.9732142857142857,0.9617408906882591,0.07171817549273139,0.9407894736842105,,logistic_values,B12_deficiency,no_demographics,development_oof,0.940827776234139,0.025073738156460638,155.0,0.959731543624161,0.9225806451612903,0.988394584139265,0.9875483081908979,0.9950084232857054,0.020325600249747527,,
672,0.9345238095238095,0.8861630861630861,0.1726218011838007,0.811965811965812,,logistic_values,folate_deficiency,available,development_oof,0.8129214582313565,0.06983835027405519,120.0,0.8333333333333334,0.7916666666666666,0.9655797101449275,0.8901448385602454,0.9618357487922706,0.04993144292167754,,
672,0.9032738095238095,0.8066905943113574,0.2856495949845622,0.6700507614213198,,logistic_values,folate_deficiency,drop30,development_oof,0.6704021725074356,0.055647051816752516,120.0,0.8571428571428571,0.55,0.980072463768116,0.7655939526016675,0.8916062801932368,0.07924317222500636,,
672,0.8675595238095238,0.6859862545481274,0.4114197005672801,0.4472049689440994,,logistic_values,folate_deficiency,drop60,development_oof,0.447196394686907,0.047105761437479826,120.0,0.8780487804878049,0.3,0.9909420289855072,0.596849786545499,0.7975996376811594,0.11268295813425977,,
672,0.8229166666666666,0.516397656009047,0.4893234270456319,0.13138686131386862,,logistic_values,folate_deficiency,cbc_only,development_oof,0.12054597701149425,0.13670242745787728,120.0,0.5294117647058824,0.075,0.9855072463768116,0.37169130374561943,0.7753170289855074,0.1457719131908676,,
672,0.8214285714285714,0.45098039215686275,0.6576693328095731,0.0,,logistic_values,folate_deficiency,hb_only,development_oof,0.0,0.0,120.0,0.0,0.0,1.0,0.16423266616780463,0.43968900966183566,0.1686946702995824,,
672,0.9360119047619048,0.8860383579364172,0.17359388418707708,0.8105726872246696,,logistic_values,folate_deficiency,no_iron,development_oof,0.8107662389322604,0.0708156619753155,120.0,0.8598130841121495,0.7666666666666667,0.9728260869565217,0.8890552315084557,0.960612922705314,0.05041019093880502,,
672,0.9226190476190477,0.861699938258901,0.18947267534501555,0.7699115044247787,,logistic_values,folate_deficiency,no_B12,development_oof,0.769470559129144,0.07051113405131049,120.0,0.8207547169811321,0.725,0.9655797101449275,0.8676511605795908,0.9564160628019323,0.05666515099438282,,
672,0.8303571428571429,0.5396928401470906,0.4684025268162272,0.17391304347826086,,logistic_values,folate_deficiency,no_folate,development_oof,0.17210458507010232,0.060763564822406274,120.0,0.6666666666666666,0.1,0.9891304347826086,0.49426528610780784,0.7873641304347827,0.13298237441017896,,
672,0.9345238095238095,0.8861630861630861,0.17187040239070558,0.811965811965812,,logistic_values,folate_deficiency,no_B6,development_oof,0.8129214582313565,0.06983835027405519,120.0,0.8333333333333334,0.7916666666666666,0.9655797101449275,0.8905246691645663,0.9617904589371981,0.04972803433479486,,
672,0.9419642857142857,0.8980641999509924,0.17096573698179487,0.8311688311688312,,logistic_values,folate_deficiency,no_copper,development_oof,0.8309071404190304,0.0555479475120891,120.0,0.8648648648648649,0.8,0.9728260869565217,0.8918960807672136,0.9622735507246377,0.04908327280751225,,
672,0.9345238095238095,0.8845991725860589,0.17165671794193546,0.808695652173913,,logistic_values,folate_deficiency,no_hemoglobin,development_oof,0.8088919329393727,0.06507115082321152,120.0,0.8454545454545455,0.775,0.9692028985507246,0.8907336596535237,0.9627868357487923,0.04978196839834777,,
672,0.9360119047619048,0.8876092460998122,0.17151292183118716,0.8138528138528138,,logistic_values,folate_deficiency,no_demographics,development_oof,0.8145461514568753,0.04491045588101816,120.0,0.8468468468468469,0.7833333333333333,0.9692028985507246,0.8897775511573662,0.962967995169082,0.04988908766683212,,
672,0.9806547619047619,0.86752195077567,0.06728486349057139,0.7450980392156863,,logistic_values,B6_deficiency,available,development_oof,0.7418181818181817,0.19175112258059207,28.0,0.8260869565217391,0.6785714285714286,0.9937888198757764,0.7993927068114973,0.9608473824312335,0.016275273728757374,,
672,0.9747023809523809,0.7957921455767478,0.11415748915834638,0.6046511627906976,,logistic_values,B6_deficiency,drop30,development_oof,0.5965079365079365,0.14088765852807267,28.0,0.8666666666666667,0.4642857142857143,0.9968944099378882,0.6224470630466722,0.900011091393079,0.022535405353538547,,
672,0.9613095238095238,0.6289500509683996,0.1707958364726859,0.2777777777777778,,logistic_values,B6_deficiency,drop60,development_oof,0.27142857142857146,0.17785570854269617,28.0,0.625,0.17857142857142858,0.9953416149068323,0.3910986990668923,0.8387866015971607,0.03258919418175859,,
672,0.9583333333333334,0.48936170212765956,0.2249486094092423,0.0,,logistic_values,B6_deficiency,cbc_only,development_oof,0.0,0.0,28.0,0.0,0.0,1.0,0.10981014774091465,0.7504991126885536,0.04151751916517862,,
672,0.9583333333333334,0.48936170212765956,0.281490452140575,0.0,,logistic_values,B6_deficiency,hb_only,development_oof,0.0,0.0,28.0,0.0,0.0,1.0,0.044206964084159445,0.48097826086956524,0.04153891172756402,,
672,0.9776785714285714,0.8471407124334653,0.08288094240625091,0.7058823529411765,,logistic_values,B6_deficiency,no_iron,development_oof,0.6987878787878787,0.12434585495186332,28.0,0.782608695652174,0.6428571428571429,0.9922360248447205,0.7248933667484533,0.937888198757764,0.0183980097979536,,
672,0.9821428571428571,0.8703703703703703,0.06414516331566392,0.75,,logistic_values,B6_deficiency,no_B12,development_oof,0.7429292929292929,0.16866720988696032,28.0,0.9,0.6428571428571429,0.9968944099378882,0.8156260387232771,0.9605700976042592,0.015364529975589432,,
672,0.9821428571428571,0.8753632148377125,0.060151884185647535,0.76,,logistic_values,B6_deficiency,no_folate,development_oof,0.752929292929293,0.17066164000096684,28.0,0.8636363636363636,0.6785714285714286,0.9953416149068323,0.8173110277632656,0.9709405501330968,0.015339607497164755,,
672,0.9598214285714286,0.5242165989248722,0.1921292106883401,0.06896551724137931,,logistic_values,B6_deficiency,no_B6,development_oof,0.06666666666666667,0.14907119849998599,28.0,1.0,0.03571428571428571,1.0,0.2449341721337913,0.8131100266193434,0.03784756990861541,,
672,0.9821428571428571,0.8753632148377125,0.06403510322758749,0.76,,logistic_values,B6_deficiency,no_copper,development_oof,0.7539393939393939,0.18768535714434237,28.0,0.8636363636363636,0.6785714285714286,0.9953416149068323,0.8146993025509477,0.962122892635315,0.01517146475929417,,
672,0.9776785714285714,0.8526811159990062,0.06784239167337779,0.7169811320754716,,logistic_values,B6_deficiency,no_hemoglobin,development_oof,0.7094949494949494,0.17351642045799076,28.0,0.76,0.6785714285714286,0.9906832298136646,0.8040545388123356,0.9612355811889973,0.01639153739551606,,
672,0.9821428571428571,0.8799714217670874,0.06704899873319718,0.7692307692307693,,logistic_values,B6_deficiency,no_demographics,development_oof,0.7579797979797981,0.1914955451754922,28.0,0.8333333333333334,0.7142857142857143,0.9937888198757764,0.8159253130402465,0.9540816326530612,0.01526286110586376,,
672,0.9910714285714286,0.9399857108835437,0.019125872275179683,0.8846153846153846,,logistic_values,copper_deficiency,available,development_oof,0.8627705627705626,0.17716949353931533,28.0,0.9583333333333334,0.8214285714285714,0.9984472049689441,0.9869148852205509,0.9994454303460514,0.005836631301826188,,
672,0.9866071428571429,0.9007857740448497,0.04646137924818413,0.8085106382978723,,logistic_values,copper_deficiency,drop30,development_oof,0.7890331890331891,0.1590001639020506,28.0,1.0,0.6785714285714286,1.0,0.9100427938416381,0.9724933451641526,0.010590574659848187,,
672,0.9672619047619048,0.6680736416704086,0.15044845780259214,0.35294117647058826,,logistic_values,copper_deficiency,drop60,development_oof,0.3380952380952381,0.22233557199864287,28.0,1.0,0.21428571428571427,1.0,0.5801575735881949,0.8380102040816326,0.0287095430305491,,
672,0.9583333333333334,0.48936170212765956,0.22863160284239573,0.0,,logistic_values,copper_deficiency,cbc_only,development_oof,0.0,0.0,28.0,0.0,0.0,1.0,0.12029281330386216,0.8158274179236912,0.041245018101753086,,
672,0.9583333333333334,0.48936170212765956,0.26828723754812983,0.0,,logistic_values,copper_deficiency,hb_only,development_oof,0.0,0.0,28.0,0.0,0.0,1.0,0.04406170924584113,0.49245785270629994,0.04152511684924415,,
672,0.9910714285714286,0.9399857108835437,0.017885937066127202,0.8846153846153846,,logistic_values,copper_deficiency,no_iron,development_oof,0.8627705627705626,0.17716949353931533,28.0,0.9583333333333334,0.8214285714285714,0.9984472049689441,0.9895429490688111,0.9995563442768413,0.005307050589414647,,
672,0.9910714285714286,0.9399857108835437,0.020785386884134244,0.8846153846153846,,logistic_values,copper_deficiency,no_B12,development_oof,0.8627705627705626,0.17716949353931533,28.0,0.9583333333333334,0.8214285714285714,0.9984472049689441,0.9834346808782777,0.9992790594498668,0.006350813864516255,,
672,0.9910714285714286,0.9399857108835437,0.020155228932950346,0.8846153846153846,,logistic_values,copper_deficiency,no_folate,development_oof,0.8627705627705626,0.17716949353931533,28.0,0.9583333333333334,0.8214285714285714,0.9984472049689441,0.9849598510074522,0.9993345164152617,0.006142425859419118,,
672,0.9910714285714286,0.9399857108835437,0.01904009234389449,0.8846153846153846,,logistic_values,copper_deficiency,no_B6,development_oof,0.8627705627705626,0.17716949353931533,28.0,0.9583333333333334,0.8214285714285714,0.9984472049689441,0.9869148852205509,0.9994454303460514,0.005817746923105255,,
672,0.9583333333333334,0.48936170212765956,0.20453485177781555,0.0,,logistic_values,copper_deficiency,no_copper,development_oof,0.0,0.0,28.0,0.0,0.0,1.0,0.28975740396574906,0.8886978704525288,0.04053960436853639,,
672,0.9910714285714286,0.9399857108835437,0.01905969177602302,0.8846153846153846,,logistic_values,copper_deficiency,no_hemoglobin,development_oof,0.8627705627705626,0.17716949353931533,28.0,0.9583333333333334,0.8214285714285714,0.9984472049689441,0.9869148852205509,0.9994454303460514,0.005751514170253388,,
672,0.9910714285714286,0.9399857108835437,0.01809680761623798,0.8846153846153846,,logistic_values,copper_deficiency,no_demographics,development_oof,0.8627705627705626,0.17716949353931533,28.0,0.9583333333333334,0.8214285714285714,0.9984472049689441,0.990327123308222,0.999611801242236,0.0057150524415701546,,
672,0.9955357142857143,0.9839417570075591,0.010971874758571117,0.9702970297029703,,logistic_values,inflammation_anemia,available,development_oof,0.9694235588972431,0.027987256692017327,52.0,1.0,0.9423076923076923,1.0,1.0000000000000002,1.0,0.0029280545486300167,,
672,0.9761904761904762,0.9027214823393168,0.06267610751423908,0.8181818181818182,,logistic_values,inflammation_anemia,drop30,development_oof,0.8053968253968253,0.13999604068835383,52.0,1.0,0.6923076923076923,1.0,0.9806792991524954,0.998014888337469,0.018476501982486678,,
672,0.9568452380952381,0.7952403467297084,0.1842380011165566,0.6133333333333333,,logistic_values,inflammation_anemia,drop60,development_oof,0.5971288515406162,0.16295880832184564,52.0,1.0,0.4423076923076923,1.0,0.8399464142851074,0.9672456575682382,0.04093684022382572,,
672,0.9226190476190477,0.47987616099071206,0.43575187501411183,0.0,,logistic_values,inflammation_anemia,cbc_only,development_oof,0.0,0.0,52.0,0.0,0.0,1.0,0.4067942550229643,0.8936104218362282,0.07657447322694529,,
672,0.9226190476190477,0.47987616099071206,0.5386719281138879,0.0,,logistic_values,inflammation_anemia,hb_only,development_oof,0.0,0.0,52.0,0.0,0.0,1.0,0.10337205142783651,0.6482630272952854,0.0772150895285331,,
672,0.9761904761904762,0.9027214823393168,0.06626283589315017,0.8181818181818182,,logistic_values,inflammation_anemia,no_iron,development_oof,0.7951147098515519,0.1965638547460593,52.0,1.0,0.6923076923076923,1.0,0.9751612266053272,0.9971153846153846,0.019161142718147534,,
672,0.9940476190476191,0.9783922829581994,0.01402747120106927,0.96,,logistic_values,inflammation_anemia,no_B12,development_oof,0.9598997493734336,0.022556390977443632,52.0,1.0,0.9230769230769231,1.0,0.9992673328123258,0.9999379652605459,0.004203238140702074,,
672,0.9955357142857143,0.9839417570075591,0.011669615241154549,0.9702970297029703,,logistic_values,inflammation_anemia,no_folate,development_oof,0.9694235588972431,0.027987256692017327,52.0,1.0,0.9423076923076923,1.0,1.0000000000000002,1.0,0.0032517046145144057,,
672,0.9955357142857143,0.9839417570075591,0.010975787454024707,0.9702970297029703,,logistic_values,inflammation_anemia,no_B6,development_oof,0.9694235588972431,0.027987256692017327,52.0,1.0,0.9423076923076923,1.0,1.0000000000000002,1.0,0.002928317460883124,,
672,0.9955357142857143,0.9839417570075591,0.010964195272858534,0.9702970297029703,,logistic_values,inflammation_anemia,no_copper,development_oof,0.9694235588972431,0.027987256692017327,52.0,1.0,0.9423076923076923,1.0,1.0000000000000002,1.0,0.0029333449129496903,,
672,0.9955357142857143,0.9839417570075591,0.01247015825487287,0.9702970297029703,,logistic_values,inflammation_anemia,no_hemoglobin,development_oof,0.9694235588972431,0.027987256692017327,52.0,1.0,0.9423076923076923,1.0,1.0,1.0,0.0032356246564358695,,
672,0.9955357142857143,0.9839417570075591,0.011191620773829025,0.9702970297029703,,logistic_values,inflammation_anemia,no_demographics,development_oof,0.9694235588972431,0.027987256692017327,52.0,1.0,0.9423076923076923,1.0,1.0,1.0,0.0028411996669430416,,
672,0.875,0.8682445865079734,0.6617436781428119,0.8682445865079734,0.2964119430412383,extra_trees,anemia_class,available,development_oof,0.8674947715589016,0.02265810315815095,,,,,,,,,
672,0.7247023809523809,0.712550394154687,1.1238964009892176,0.712550394154687,0.49871883291505464,extra_trees,anemia_class,drop30,development_oof,0.7088041697676657,0.02970322699139059,,,,,,,,,
672,0.48214285714285715,0.47639481411845536,1.6730078994701156,0.47639481411845536,0.6958633383685973,extra_trees,anemia_class,drop60,development_oof,0.4617503886143449,0.08146626663152196,,,,,,,,,
672,0.39880952380952384,0.23712256672692766,1.6544384405236687,0.23712256672692766,0.7321381204777646,extra_trees,anemia_class,cbc_only,development_oof,0.22702592438711053,0.03215474419345226,,,,,,,,,
672,0.23511904761904762,0.08498065111162001,2.2019784840985572,0.08498065111162001,0.869528705808496,extra_trees,anemia_class,hb_only,development_oof,0.07502116970302808,0.01976898309582771,,,,,,,,,
672,0.7395833333333334,0.7395372214853375,1.0136047599106834,0.7395372214853375,0.46403689108245433,extra_trees,anemia_class,no_iron,development_oof,0.736614061247842,0.027835255135084492,,,,,,,,,
672,0.7708333333333334,0.7335450397608699,0.8210815324816988,0.7335450397608699,0.381025911123291,extra_trees,anemia_class,no_B12,development_oof,0.7324186300778239,0.021505604825756534,,,,,,,,,
672,0.7931547619047619,0.7588966758371484,0.7893251979351449,0.7588966758371484,0.3664144860529731,extra_trees,anemia_class,no_folate,development_oof,0.7553561064017649,0.028016597075916597,,,,,,,,,
672,0.8422619047619048,0.7890048846368356,0.716796456541126,0.7890048846368356,0.317164537977133,extra_trees,anemia_class,no_B6,development_oof,0.7884396200734735,0.02213395888437016,,,,,,,,,
672,0.84375,0.784482687133749,0.7456823979570997,0.784482687133749,0.3212945155438122,extra_trees,anemia_class,no_copper,development_oof,0.7850189509174237,0.03037503834974938,,,,,,,,,
672,0.7931547619047619,0.7869490626490204,0.9368983211746416,0.7869490626490204,0.4259050481007087,extra_trees,anemia_class,no_hemoglobin,development_oof,0.7848208836097748,0.012693386911845298,,,,,,,,,
672,0.8705357142857143,0.8643230668322653,0.6625005970511938,0.8643230668322653,0.2969150230040187,extra_trees,anemia_class,no_demographics,development_oof,0.863438080415816,0.022318280990653923,,,,,,,,,
672,0.9851190476190477,0.9834044570886676,0.08517484143669926,0.9780701754385965,,extra_trees,iron_deficiency,available,development_oof,0.9778510616782455,0.013656394808087887,233.0,1.0,0.9570815450643777,1.0,0.9960669415941189,0.9970377467322338,0.018078667788553514,,
672,0.9568452380952381,0.9509482877962219,0.1618763758011887,0.9339407744874715,,extra_trees,iron_deficiency,drop30,development_oof,0.9328868416199073,0.03760934828349849,233.0,0.9951456310679612,0.8798283261802575,0.9977220956719818,0.9880583575819188,0.9914163090128756,0.04102077991961363,,
672,0.8779761904761905,0.8505208333333334,0.3189859624717076,0.7864583333333334,,extra_trees,iron_deficiency,drop60,development_oof,0.7832296560330647,0.05387574951707498,233.0,1.0,0.648068669527897,1.0,0.9480373771847304,0.9531318740406894,0.09418385776077272,,
672,0.6934523809523809,0.5116761439799071,0.6341787153030966,0.21374045801526717,,extra_trees,iron_deficiency,cbc_only,development_oof,0.1962113659022931,0.18771643005925673,233.0,0.9655172413793104,0.12017167381974249,0.9977220956719818,0.7995243454577292,0.8571763762745999,0.20982621918419528,,
672,0.6532738095238095,0.3951395139513951,1.1392601824239734,0.0,,extra_trees,iron_deficiency,hb_only,development_oof,0.0,0.0,233.0,0.0,0.0,1.0,0.39142072176099885,0.5373654521102388,0.31954249623291464,,
672,0.6830357142857143,0.4845567979257819,0.6764602234602292,0.16470588235294117,,extra_trees,iron_deficiency,no_iron,development_oof,0.15038891028109358,0.16520539950781915,233.0,0.9545454545454546,0.09012875536480687,0.9977220956719818,0.8045144938832607,0.8626707206194335,0.21875879072553076,,
672,0.9866071428571429,0.9850798921449875,0.08387231449932148,0.9803063457330415,,extra_trees,iron_deficiency,no_B12,development_oof,0.9800473554325352,0.012454281337152763,233.0,1.0,0.9613733905579399,1.0,0.9962533554940141,0.9971550636933335,0.017532799458432304,,
672,0.9851190476190477,0.9834044570886676,0.08430074506722261,0.9780701754385965,,extra_trees,iron_deficiency,no_folate,development_oof,0.9778510616782455,0.013656394808087887,233.0,1.0,0.9570815450643777,1.0,0.9961907586297555,0.9971452872799085,0.017830457577747316,,
672,0.9851190476190477,0.9834044570886676,0.08483155267492445,0.9780701754385965,,extra_trees,iron_deficiency,no_B6,development_oof,0.9778510616782455,0.013656394808087887,233.0,1.0,0.9570815450643777,1.0,0.9960442616714881,0.997027970318809,0.018103546752413227,,
672,0.9851190476190477,0.9834044570886676,0.08431840162385254,0.9780701754385965,,extra_trees,iron_deficiency,no_copper,development_oof,0.9778510616782455,0.013656394808087887,233.0,1.0,0.9570815450643777,1.0,0.9961300812780416,0.9971355108664834,0.018005617216756302,,
672,0.9851190476190477,0.9834044570886676,0.08504290385952673,0.9780701754385965,,extra_trees,iron_deficiency,no_hemoglobin,development_oof,0.9778510616782455,0.013656394808087887,233.0,1.0,0.9570815450643777,1.0,0.9960182894000789,0.9969399825979841,0.018082522943988714,,
672,0.9851190476190477,0.9834044570886676,0.0850130439238299,0.9780701754385965,,extra_trees,iron_deficiency,no_demographics,development_oof,0.9778510616782455,0.013656394808087887,233.0,1.0,0.9570815450643777,1.0,0.996021124778468,0.9969790882516839,0.018046735051516976,,
672,0.9851190476190477,0.9790353777999625,0.09080529652355022,0.967741935483871,,extra_trees,B12_deficiency,available,development_oof,0.9681252893091308,0.015119249006384916,155.0,0.967741935483871,0.967741935483871,0.9903288201160542,0.9920578652334864,0.9975416484682099,0.019885537179717666,,
672,0.9464285714285714,0.918796992481203,0.19895172993468985,0.8714285714285714,,extra_trees,B12_deficiency,drop30,development_oof,0.8704744442285106,0.06118542770051,155.0,0.976,0.7870967741935484,0.9941972920696325,0.9294245570945859,0.9571348349659948,0.050003342528537206,,
672,0.8928571428571429,0.817391304347826,0.3791504692231869,0.7,,extra_trees,B12_deficiency,drop60,development_oof,0.6972908064579798,0.07719208944901099,155.0,0.9882352941176471,0.5419354838709678,0.9980657640232108,0.8490592936997925,0.8888063892181943,0.08876020593856054,,
672,0.7693452380952381,0.4348191757779647,1.0491163739512332,0.0,,extra_trees,B12_deficiency,cbc_only,development_oof,0.0,0.0,155.0,0.0,0.0,1.0,0.5658708775306686,0.7756847819304924,0.2204657851984307,,
672,0.7693452380952381,0.4348191757779647,1.4252542199658642,0.0,,extra_trees,B12_deficiency,hb_only,development_oof,0.0,0.0,155.0,0.0,0.0,1.0,0.2437918422617639,0.5021900542833968,0.22960727847371618,,
672,0.9866071428571429,0.9811743026741331,0.09156168358635215,0.9710610932475884,,extra_trees,B12_deficiency,no_iron,development_oof,0.9714022990377533,0.016707633548390558,155.0,0.967948717948718,0.9741935483870968,0.9903288201160542,0.9920448226008902,0.9975291695264242,0.019922867473122968,,
672,0.8482142857142857,0.7099133261105092,0.49561164018741233,0.5096153846153846,,extra_trees,B12_deficiency,no_B12,development_oof,0.5049811520671599,0.10187515747402534,155.0,1.0,0.3419354838709677,1.0,0.8071491394855682,0.8653397391901166,0.1241926175595051,,
672,0.9821428571428571,0.9746118100419359,0.10190400224897671,0.9607843137254902,,extra_trees,B12_deficiency,no_folate,development_oof,0.9610406024465487,0.027049760146814306,155.0,0.9735099337748344,0.9483870967741935,0.9922630560928434,0.9836995132075919,0.9892181942971235,0.021903280897616857,,
672,0.9851190476190477,0.9790353777999625,0.0905621643140667,0.967741935483871,,extra_trees,B12_deficiency,no_B6,development_oof,0.9681252893091308,0.015119249006384916,155.0,0.967741935483871,0.967741935483871,0.9903288201160542,0.9921211163403808,0.9975541274099957,0.019855032315870286,,
672,0.9851190476190477,0.9790353777999625,0.08974550526691741,0.967741935483871,,extra_trees,B12_deficiency,no_copper,development_oof,0.9681252893091308,0.015119249006384916,155.0,0.967741935483871,0.967741935483871,0.9903288201160542,0.9921619766522679,0.9975790852935671,0.019764574303231038,,
672,0.9851190476190477,0.9790353777999625,0.09075416586861106,0.967741935483871,,extra_trees,B12_deficiency,no_hemoglobin,development_oof,0.9681252893091308,0.015119249006384916,155.0,0.967741935483871,0.967741935483871,0.9903288201160542,0.99203585927301,0.9975416484682099,0.019899182461461256,,
672,0.9851190476190477,0.9790353777999625,0.09067150242728292,0.967741935483871,,extra_trees,B12_deficiency,no_demographics,development_oof,0.9681252893091308,0.015119249006384916,155.0,0.967741935483871,0.967741935483871,0.9903288201160542,0.9906940872672637,0.9966057278342797,0.019855483889069516,,
672,0.9404761904761905,0.8879925328355224,0.17134322873294783,0.8113207547169812,,extra_trees,folate_deficiency,available,development_oof,0.8117220200368983,0.022064092900951494,120.0,0.9347826086956522,0.7166666666666667,0.9891304347826086,0.9031275081984442,0.9595410628019324,0.04628131360186819,,
672,0.9092261904761905,0.8070628768303187,0.25960310637980805,0.6666666666666666,,extra_trees,folate_deficiency,drop30,development_oof,0.6648881344856578,0.06326713764998823,120.0,0.9682539682539683,0.5083333333333333,0.9963768115942029,0.7814410485169758,0.8925573671497585,0.07349794908200044,,
672,0.875,0.6987640617328751,0.39251257395810685,0.46835443037974683,,extra_trees,folate_deficiency,drop60,development_oof,0.4684993674889311,0.029674991942101204,120.0,0.9736842105263158,0.30833333333333335,0.9981884057971014,0.5953768379573064,0.7624094202898551,0.10743334341627277,,
672,0.8184523809523809,0.5718493451149965,0.44748447778608835,0.24691358024691357,,extra_trees,folate_deficiency,cbc_only,development_oof,0.2087096774193548,0.2191816204117643,120.0,0.47619047619047616,0.16666666666666666,0.9601449275362319,0.3961734432593406,0.762469806763285,0.1332192284222201,,
672,0.8214285714285714,0.45098039215686275,0.5828850977423592,0.0,,extra_trees,folate_deficiency,hb_only,development_oof,0.0,0.0,120.0,0.0,0.0,1.0,0.18175396900753954,0.48047252415458946,0.1631886746475145,,
672,0.9389880952380952,0.8820017559262512,0.17598892035525154,0.8,,extra_trees,folate_deficiency,no_iron,development_oof,0.8008234313112361,0.05240302087518055,120.0,0.9647058823529412,0.6833333333333333,0.9945652173913043,0.8992334599634241,0.9527626811594203,0.04709122483698809,,
672,0.9315476190476191,0.8731284475965327,0.19843206604743208,0.7870370370370371,,extra_trees,folate_deficiency,no_B12,development_oof,0.787517410126106,0.03617291761701387,120.0,0.8854166666666666,0.7083333333333334,0.980072463768116,0.876330651277805,0.9450332125603864,0.05519345262802813,,
672,0.8229166666666666,0.48978849650684275,0.4937227097738873,0.07751937984496124,,extra_trees,folate_deficiency,no_folate,development_oof,0.07521367521367521,0.052401519731166135,120.0,0.5555555555555556,0.041666666666666664,0.9927536231884058,0.3781690052419478,0.7486488526570048,0.14493258035180295,,
672,0.9419642857142857,0.8912093249150073,0.16932763537457657,0.8169014084507042,,extra_trees,folate_deficiency,no_B6,development_oof,0.8172969329288845,0.02977868059971086,120.0,0.9354838709677419,0.725,0.9891304347826086,0.9054557229894229,0.9603109903381642,0.04563963201553002,,
672,0.9449404761904762,0.8967883338937248,0.17055272902415414,0.8262910798122066,,extra_trees,folate_deficiency,no_copper,development_oof,0.8264640324214791,0.028248987136512745,120.0,0.946236559139785,0.7333333333333333,0.9909420289855072,0.9029599940470946,0.9592995169082126,0.04622263678783024,,
672,0.9404761904761905,0.8879925328355224,0.17127047942639478,0.8113207547169812,,extra_trees,folate_deficiency,no_hemoglobin,development_oof,0.8117220200368983,0.022064092900951494,120.0,0.9347826086956522,0.7166666666666667,0.9891304347826086,0.9026387364076792,0.959375,0.04628754857682532,,
672,0.9389880952380952,0.8838522015892756,0.17300430260156208,0.8038277511961722,,extra_trees,folate_deficiency,no_demographics,development_oof,0.8038039690955916,0.04138854201811195,120.0,0.9438202247191011,0.7,0.9909420289855072,0.9015477990077585,0.9580464975845411,0.046747395847381246,,
672,0.9895833333333334,0.9258687258687259,0.0675587581127148,0.8571428571428571,,extra_trees,B6_deficiency,available,development_oof,0.8533333333333333,0.14452988925785865,28.0,1.0,0.75,1.0,0.82750472877629,0.9270186335403727,0.013437230964138744,,
672,0.9776785714285714,0.8113172229189675,0.20810149342233686,0.6341463414634146,,extra_trees,B6_deficiency,drop30,development_oof,0.6277777777777778,0.18172696926440138,28.0,1.0,0.4642857142857143,1.0,0.6062801136465614,0.8151342058562556,0.022714213465608465,,
672,0.96875,0.7081825513348083,0.3925972834237625,0.43243243243243246,,extra_trees,B6_deficiency,drop60,development_oof,0.40476190476190477,0.26619856874997494,28.0,0.8888888888888888,0.2857142857142857,0.9984472049689441,0.3781903631119629,0.7515250665483585,0.03136358613095238,,
672,0.9583333333333334,0.48936170212765956,0.6223425868889078,0.0,,extra_trees,B6_deficiency,cbc_only,development_oof,0.0,0.0,28.0,0.0,0.0,1.0,0.10265400440622213,0.7003382874889086,0.04080700447751323,,
672,0.9583333333333334,0.48936170212765956,1.4578892151616418,0.0,,extra_trees,B6_deficiency,hb_only,development_oof,0.0,0.0,28.0,0.0,0.0,1.0,0.04141009852216748,0.4956743566992015,0.04166238172619048,,
672,0.9866071428571429,0.9116086695994037,0.06876197512136199,0.8301886792452831,,extra_trees,B6_deficiency,no_iron,development_oof,0.8290909090909091,0.16191008626104134,28.0,0.88,0.7857142857142857,0.9953416149068323,0.8260595357751321,0.9363076752440106,0.01379584102513228,,
672,0.9895833333333334,0.9258687258687259,0.06714168522808289,0.8571428571428571,,extra_trees,B6_deficiency,no_B12,development_oof,0.8533333333333333,0.14452988925785865,28.0,1.0,0.75,1.0,0.8305897621500644,0.9338952972493345,0.01340477970238095,,
672,0.9895833333333334,0.9258687258687259,0.06620376287200985,0.8571428571428571,,extra_trees,B6_deficiency,no_folate,development_oof,0.8533333333333333,0.14452988925785865,28.0,1.0,0.75,1.0,0.829051071404174,0.933146628216504,0.013325616830540859,,
672,0.9583333333333334,0.48936170212765956,0.280636213737906,0.0,,extra_trees,B6_deficiency,no_B6,development_oof,0.0,0.0,28.0,0.0,0.0,1.0,0.11819843902523891,0.7106255545696539,0.040112403226043494,,
672,0.9895833333333334,0.9258687258687259,0.06703240039748219,0.8571428571428571,,extra_trees,B6_deficiency,no_copper,development_oof,0.8533333333333333,0.14452988925785865,28.0,1.0,0.75,1.0,0.8281393705500848,0.9296528393966281,0.013388213794826572,,
672,0.9895833333333334,0.9258687258687259,0.06778223087615265,0.8571428571428571,,extra_trees,B6_deficiency,no_hemoglobin,development_oof,0.8533333333333333,0.14452988925785865,28.0,1.0,0.75,1.0,0.8276866735444769,0.9270186335403726,0.013468070871546148,,
672,0.9895833333333334,0.9258687258687259,0.07076732852709836,0.8571428571428571,,extra_trees,B6_deficiency,no_demographics,development_oof,0.8533333333333333,0.14452988925785865,28.0,1.0,0.75,1.0,0.8254862707706309,0.9137921472937002,0.013405845211640212,,
672,0.9895833333333334,0.9286656658022838,0.028945104652958915,0.8627450980392157,,extra_trees,copper_deficiency,available,development_oof,0.8584848484848486,0.09799177267239541,28.0,0.9565217391304348,0.7857142857142857,0.9984472049689441,0.9819999801904384,0.9991681455190772,0.00754420871031746,,
672,0.9791666666666666,0.8279569892473118,0.1493261333059681,0.6666666666666666,,extra_trees,copper_deficiency,drop30,development_oof,0.6365800865800866,0.23204684742027296,28.0,1.0,0.5,1.0,0.8916806824018743,0.9467335847382431,0.013680910383597882,,
672,0.9627976190476191,0.5872540107608776,0.7234455295404225,0.1935483870967742,,extra_trees,copper_deficiency,drop60,development_oof,0.17142857142857143,0.25555062599997597,28.0,1.0,0.10714285714285714,1.0,0.5375686813186812,0.7340283939662822,0.027688893320105816,,
672,0.9583333333333334,0.48936170212765956,1.3245445467006787,0.0,,extra_trees,copper_deficiency,cbc_only,development_oof,0.0,0.0,28.0,0.0,0.0,1.0,0.04846836504811067,0.5199922360248447,0.0416372080489418,,
672,0.9583333333333334,0.48936170212765956,1.4574959727133039,0.0,,extra_trees,copper_deficiency,hb_only,development_oof,0.0,0.0,28.0,0.0,0.0,1.0,0.04173136645962733,0.500776397515528,0.04166085119047619,,
672,0.9895833333333334,0.9258687258687259,0.037762832629066226,0.8571428571428571,,extra_trees,copper_deficiency,no_iron,development_oof,0.8514141414141413,0.0724324129338802,28.0,1.0,0.75,1.0,0.9872840719614913,0.9993899733806567,0.008504991712962961,,
672,0.9895833333333334,0.9286656658022838,0.029442739588664908,0.8627450980392157,,extra_trees,copper_deficiency,no_B12,development_oof,0.8584848484848486,0.09799177267239541,28.0,0.9565217391304348,0.7857142857142857,0.9984472049689441,0.9856213804413602,0.9993345164152616,0.007622266382275132,,
672,0.9910714285714286,0.9399857108835437,0.02883050175129181,0.8846153846153846,,extra_trees,copper_deficiency,no_folate,development_oof,0.8862626262626263,0.07698533736476322,28.0,0.9583333333333334,0.8214285714285714,0.9984472049689441,0.9844157932589609,0.999279059449867,0.007430801468253968,,
672,0.9895833333333334,0.9286656658022838,0.028868801537047243,0.8627450980392157,,extra_trees,copper_deficiency,no_B6,development_oof,0.8584848484848486,0.09799177267239541,28.0,0.9565217391304348,0.7857142857142857,0.9984472049689441,0.9819999801904384,0.9991681455190772,0.007536641097883598,,
672,0.9583333333333334,0.48936170212765956,1.2347441181958183,0.0,,extra_trees,copper_deficiency,no_copper,development_oof,0.0,0.0,28.0,0.0,0.0,1.0,0.07848875661375661,0.5521572759538598,0.0416159621494709,,
672,0.9895833333333334,0.9286656658022838,0.02885251227445881,0.8627450980392157,,extra_trees,copper_deficiency,no_hemoglobin,development_oof,0.8584848484848486,0.09799177267239541,28.0,0.9565217391304348,0.7857142857142857,0.9984472049689441,0.9819999801904384,0.9991681455190771,0.007524802374338625,,
672,0.9895833333333334,0.9286656658022838,0.028691765601605225,0.8627450980392157,,extra_trees,copper_deficiency,no_demographics,development_oof,0.8584848484848486,0.09799177267239541,28.0,0.9565217391304348,0.7857142857142857,0.9984472049689441,0.982444400837258,0.9991681455190773,0.007561974907407408,,
672,0.9925595238095238,0.9727394426189606,0.030616070049770606,0.9494949494949495,,extra_trees,inflammation_anemia,available,development_oof,0.9456582633053221,0.07230472697105025,52.0,1.0,0.9038461538461539,1.0,0.9996371552975328,0.999968982630273,0.006747410399769101,,
672,0.9747023809523809,0.8955367185142513,0.07631299040837233,0.8045977011494253,,extra_trees,inflammation_anemia,drop30,development_oof,0.7896417514374171,0.1523463550779854,52.0,1.0,0.6730769230769231,1.0,0.9474812878144461,0.9829249379652606,0.019999911667157283,,
672,0.9568452380952381,0.7952403467297084,0.186637520378591,0.6133333333333333,,extra_trees,inflammation_anemia,drop60,development_oof,0.6061032105149753,0.0949765699786033,52.0,1.0,0.4423076923076923,1.0,0.8226500107596509,0.9293889578163773,0.03595773835406744,,
672,0.9226190476190477,0.47987616099071206,1.1710763984146695,0.0,,extra_trees,inflammation_anemia,cbc_only,development_oof,0.0,0.0,52.0,0.0,0.0,1.0,0.2596350819829498,0.7771091811414392,0.07632588028439154,,
672,0.9226190476190477,0.47987616099071206,0.7497434843054516,0.0,,extra_trees,inflammation_anemia,hb_only,development_oof,0.0,0.0,52.0,0.0,0.0,1.0,0.11677553536705658,0.6659119106699751,0.07265149021164022,,
672,0.9776785714285714,0.9097542414611218,0.05856198051478765,0.8314606741573034,,extra_trees,inflammation_anemia,no_iron,development_oof,0.8168863334807608,0.1456563546452752,52.0,1.0,0.7115384615384616,1.0,0.9726733274985891,0.9942307692307693,0.01603442680748561,,
672,0.9925595238095238,0.9727394426189606,0.030227666446088257,0.9494949494949495,,extra_trees,inflammation_anemia,no_B12,development_oof,0.9456582633053221,0.07230472697105025,52.0,1.0,0.9038461538461539,1.0,0.9992877492877494,0.9999379652605459,0.006769421144179895,,
672,0.9925595238095238,0.9727394426189606,0.03020612264902697,0.9494949494949495,,extra_trees,inflammation_anemia,no_folate,development_oof,0.9456582633053221,0.07230472697105025,52.0,1.0,0.9038461538461539,1.0,0.9996371552975329,0.999968982630273,0.006740455515065634,,
672,0.9925595238095238,0.9727394426189606,0.030600629490645057,0.9494949494949495,,extra_trees,inflammation_anemia,no_B6,development_oof,0.9456582633053221,0.07230472697105025,52.0,1.0,0.9038461538461539,1.0,0.9996371552975328,0.9999689826302729,0.006744589771462223,,
672,0.9925595238095238,0.9727394426189606,0.029962508395387315,0.9494949494949495,,extra_trees,inflammation_anemia,no_copper,development_oof,0.9456582633053221,0.07230472697105025,52.0,1.0,0.9038461538461539,1.0,0.9996371552975327,0.9999689826302729,0.006702899174644722,,
672,0.9925595238095238,0.9727394426189606,0.03477924938326932,0.9494949494949495,,extra_trees,inflammation_anemia,no_hemoglobin,development_oof,0.9456582633053221,0.07230472697105025,52.0,1.0,0.9038461538461539,1.0,0.9992877492877494,0.9999379652605459,0.007021401438084852,,
672,0.9925595238095238,0.9727394426189606,0.03437852355627223,0.9494949494949495,,extra_trees,inflammation_anemia,no_demographics,development_oof,0.9456582633053221,0.07230472697105025,52.0,1.0,0.9038461538461539,1.0,0.9985812264658421,0.9998759305210918,0.007017266510342613,,
672,0.8199404761904762,0.7950896065172346,0.6966226792864124,0.7950896065172346,0.3196037041956303,catboost,anemia_class,available,development_oof,0.7940892126123404,0.05631181148301741,,,,,,,,,
672,0.5818452380952381,0.5589502244907534,1.278898040813618,0.5589502244907534,0.5589721949601508,catboost,anemia_class,drop30,development_oof,0.5544590082239056,0.020125432187151123,,,,,,,,,
672,0.38244047619047616,0.32938925528750274,1.9575495463317825,0.32938925528750274,0.7684715611079139,catboost,anemia_class,drop60,development_oof,0.31791933714405585,0.03429714271110831,,,,,,,,,
672,0.45535714285714285,0.3172662214616664,1.4619160046865933,0.3172662214616664,0.6714540961534405,catboost,anemia_class,cbc_only,development_oof,0.30652568065762914,0.016535297768726177,,,,,,,,,
672,0.25,0.0952808896165503,2.305011173670878,0.0952808896165503,0.8921045547887186,catboost,anemia_class,hb_only,development_oof,0.09156802833554709,0.017207508880666276,,,,,,,,,
672,0.7395833333333334,0.7188768790037168,0.9485271390051755,0.7188768790037168,0.4390425994704377,catboost,anemia_class,no_iron,development_oof,0.7141342652943278,0.07518903484044072,,,,,,,,,
672,0.7395833333333334,0.6917924719428443,0.8274180843896449,0.6917924719428443,0.3913724107341667,catboost,anemia_class,no_B12,development_oof,0.6909664377711742,0.02597455205512958,,,,,,,,,
672,0.7574404761904762,0.7167386321231897,0.8137635540821881,0.7167386321231897,0.3835992261335719,catboost,anemia_class,no_folate,development_oof,0.7138601651590437,0.030423590539066698,,,,,,,,,
672,0.8005952380952381,0.7434595034607342,0.7280704901072393,0.7434595034607342,0.33186590252456777,catboost,anemia_class,no_B6,development_oof,0.7414957735630341,0.056575431911676445,,,,,,,,,
672,0.7976190476190477,0.7303209212700413,0.7531804620847825,0.7303209212700413,0.3378097056635646,catboost,anemia_class,no_copper,development_oof,0.7301621858989418,0.028341792297898627,,,,,,,,,
672,0.5967261904761905,0.5455203669403696,1.1549436140651401,0.5455203669403696,0.5203568885881031,catboost,anemia_class,no_hemoglobin,development_oof,0.5414126532530581,0.06422644497489183,,,,,,,,,
672,0.8214285714285714,0.796354679828556,0.6987013653779595,0.796354679828556,0.3208492313794099,catboost,anemia_class,no_demographics,development_oof,0.7948840432425872,0.056645505474584655,,,,,,,,,
672,0.9880952380952381,0.986779460948259,0.04738327150447078,0.9826086956521739,,catboost,iron_deficiency,available,development_oof,0.9826362458206891,0.01209544603380466,233.0,0.9955947136563876,0.9699570815450643,0.9977220956719818,0.9971671531855169,0.9981815871029553,0.011832668604167249,,
672,0.9494047619047619,0.9430803571428572,0.1458469878943085,0.9241071428571429,,catboost,iron_deficiency,drop30,development_oof,0.924030414030414,0.026579222961459578,233.0,0.9627906976744186,0.8884120171673819,0.9817767653758542,0.9779774495436263,0.986537878713815,0.042516235752422825,,
672,0.8720238095238095,0.8498987065606981,0.36616940768386336,0.7922705314009661,,catboost,iron_deficiency,drop60,development_oof,0.7895195043740855,0.06329827847721885,233.0,0.9060773480662984,0.703862660944206,0.9612756264236902,0.8914907385352723,0.9185526997565673,0.10589457803166866,,
672,0.7604166666666666,0.6662131519274377,0.7074580842799721,0.4888888888888889,,catboost,iron_deficiency,cbc_only,development_oof,0.4698304632994238,0.18135140814044676,233.0,0.9390243902439024,0.33047210300429186,0.9886104783599089,0.8114981361838124,0.8673731754768446,0.1954039878763973,,
672,0.6532738095238095,0.3951395139513951,0.9243719073052826,0.0,,catboost,iron_deficiency,hb_only,development_oof,0.0,0.0,233.0,0.0,0.0,1.0,0.34973061276993683,0.5118636776912021,0.2939417732305235,,
672,0.7455357142857143,0.6356892173367192,0.7425682403947765,0.43564356435643564,,catboost,iron_deficiency,no_iron,development_oof,0.4113616661057227,0.22747291383772505,233.0,0.9428571428571428,0.2832618025751073,0.9908883826879271,0.8188211815517705,0.8752725175242211,0.20284220013370668,,
672,0.9880952380952381,0.986779460948259,0.046275358378578844,0.9826086956521739,,catboost,iron_deficiency,no_B12,development_oof,0.9826362458206891,0.01209544603380466,233.0,0.9955947136563876,0.9699570815450643,0.9977220956719818,0.9973040660986463,0.9982793512372052,0.011572546987736113,,
672,0.9880952380952381,0.986779460948259,0.04680547287604303,0.9826086956521739,,catboost,iron_deficiency,no_folate,development_oof,0.9826362458206891,0.01209544603380466,233.0,0.9955947136563876,0.9699570815450643,0.9977220956719818,0.9971983628376734,0.9981913635163804,0.011650646340675919,,
672,0.9880952380952381,0.986779460948259,0.047235915268404115,0.9826086956521739,,catboost,iron_deficiency,no_B6,development_oof,0.9826362458206891,0.01209544603380466,233.0,0.9955947136563876,0.9699570815450643,0.9977220956719818,0.9971211371252255,0.9981229286224056,0.011837431060884978,,
672,0.9866071428571429,0.9851113326686607,0.047965648865782556,0.9803921568627451,,catboost,iron_deficiency,no_copper,development_oof,0.9804399520663996,0.013852895717546075,233.0,0.995575221238938,0.9656652360515021,0.9977220956719818,0.9971688270557032,0.9981913635163804,0.012113442578384608,,
672,0.9866071428571429,0.9851113326686607,0.04771190085899705,0.9803921568627451,,catboost,iron_deficiency,no_hemoglobin,development_oof,0.9804399520663996,0.013852895717546075,233.0,0.995575221238938,0.9656652360515021,0.9977220956719818,0.9971334703252475,0.9981424814492555,0.012069296728746407,,
672,0.9880952380952381,0.986779460948259,0.04664546997456996,0.9826086956521739,,catboost,iron_deficiency,no_demographics,development_oof,0.9826362458206891,0.01209544603380466,233.0,0.9955947136563876,0.9699570815450643,0.9977220956719818,0.997092066353509,0.9980935993821307,0.011558652227058023,,
672,0.9776785714285714,0.9678922606970055,0.06975139868690178,0.9501661129568106,,catboost,B12_deficiency,available,development_oof,0.9493837682819196,0.03666488707390989,155.0,0.9794520547945206,0.9225806451612903,0.9941972920696325,0.9872718315727507,0.9931241030760591,0.0174961705926507,,
672,0.9285714285714286,0.8881429284802752,0.2401064320921427,0.8208955223880597,,catboost,B12_deficiency,drop30,development_oof,0.8179971492072499,0.08363405825111685,155.0,0.9734513274336283,0.7096774193548387,0.9941972920696325,0.9306134602246168,0.9659574468085106,0.06107989990295813,,
672,0.8511904761904762,0.719981332088806,0.5060357833863836,0.5283018867924528,,catboost,B12_deficiency,drop60,development_oof,0.5211735948745493,0.14317864131165908,155.0,0.9824561403508771,0.36129032258064514,0.9980657640232108,0.8634631390704045,0.9312410307605915,0.12692962387100623,,
672,0.7693452380952381,0.4348191757779647,0.9072457437007364,0.0,,catboost,B12_deficiency,cbc_only,development_oof,0.0,0.0,155.0,0.0,0.0,1.0,0.6151604437247268,0.8248330941536157,0.21764655021973894,,
672,0.7693452380952381,0.4348191757779647,1.2411719042608167,0.0,,catboost,B12_deficiency,hb_only,development_oof,0.0,0.0,155.0,0.0,0.0,1.0,0.23449383639610608,0.4900230860423036,0.22845202805523646,,
672,0.9791666666666666,0.9701033417650722,0.06760787960599501,0.9536423841059603,,catboost,B12_deficiency,no_iron,development_oof,0.9531242709119606,0.03033520633837379,155.0,0.9795918367346939,0.9290322580645162,0.9941972920696325,0.9872773601386933,0.9927996505896299,0.016680305544127576,,
672,0.8422619047619048,0.6937048503611971,0.5408441571085505,0.4803921568627451,,catboost,B12_deficiency,no_B12,development_oof,0.4773910954356964,0.08666428690321423,155.0,1.0,0.3161290322580645,1.0,0.8142948286249322,0.8907094278405191,0.13578479890847592,,
672,0.9702380952380952,0.9566742314833918,0.09238897309002454,0.9324324324324325,,catboost,B12_deficiency,no_folate,development_oof,0.9318766883839187,0.04099129716404537,155.0,0.9787234042553191,0.8903225806451613,0.9941972920696325,0.982939294649866,0.9909278093217695,0.023828223144476576,,
672,0.9776785714285714,0.9678922606970055,0.06971702973022872,0.9501661129568106,,catboost,B12_deficiency,no_B6,development_oof,0.9493837682819196,0.03666488707390989,155.0,0.9794520547945206,0.9225806451612903,0.9941972920696325,0.9872873205466899,0.9931490609596307,0.017479388667066283,,
672,0.9776785714285714,0.9678922606970055,0.06947461996463881,0.9501661129568106,,catboost,B12_deficiency,no_copper,development_oof,0.9493837682819196,0.03666488707390989,155.0,0.9794520547945206,0.9225806451612903,0.9941972920696325,0.9874303451080271,0.9932114556685593,0.01741643551750104,,
672,0.9791666666666666,0.9701033417650722,0.06874957077384916,0.9536423841059603,,catboost,B12_deficiency,no_hemoglobin,development_oof,0.9531242709119606,0.03033520633837379,155.0,0.9795918367346939,0.9290322580645162,0.9941972920696325,0.9880902633350458,0.9942846446621325,0.017418617742312986,,
672,0.9776785714285714,0.9678922606970055,0.07044589546663914,0.9501661129568106,,catboost,B12_deficiency,no_demographics,development_oof,0.9493837682819196,0.03666488707390989,155.0,0.9794520547945206,0.9225806451612903,0.9941972920696325,0.9872523636480378,0.9930741873089162,0.017722440238140062,,
672,0.9345238095238095,0.8748645720476707,0.16016624117899356,0.7884615384615384,,catboost,folate_deficiency,available,development_oof,0.7891141012677918,0.05109762165551714,120.0,0.9318181818181818,0.6833333333333333,0.9891304347826086,0.9094002625559663,0.9708484299516909,0.04770130031590908,,
672,0.8958333333333334,0.7816034319460694,0.29492078843293446,0.6236559139784946,,catboost,folate_deficiency,drop30,development_oof,0.6221515633280339,0.05584791119316467,120.0,0.8787878787878788,0.48333333333333334,0.9855072463768116,0.7933517740260234,0.8987620772946859,0.07931170674851741,,
672,0.8720238095238095,0.6915917774884197,0.4868871565706546,0.45569620253164556,,catboost,folate_deficiency,drop60,development_oof,0.4552355792150008,0.037936801663067655,120.0,0.9473684210526315,0.3,0.9963768115942029,0.6003545984081852,0.7829559178743961,0.11810404181566565,,
672,0.8199404761904762,0.5018104953588824,0.4655341700324113,0.1037037037037037,,catboost,folate_deficiency,cbc_only,development_oof,0.09107142857142857,0.13837845547185265,120.0,0.4666666666666667,0.058333333333333334,0.9855072463768116,0.39559191780007946,0.7753774154589371,0.13819132203264875,,
672,0.8214285714285714,0.45098039215686275,0.8249866871649009,0.0,,catboost,folate_deficiency,hb_only,development_oof,0.0,0.0,120.0,0.0,0.0,1.0,0.19688817679695758,0.5480600845410628,0.17470543974629588,,
672,0.9360119047619048,0.8781864553253378,0.15951397557036723,0.7942583732057417,,catboost,folate_deficiency,no_iron,development_oof,0.7962252756315102,0.05612702862229452,120.0,0.9325842696629213,0.6916666666666667,0.9891304347826086,0.910630059180873,0.971256038647343,0.04754622005527698,,
672,0.9270833333333334,0.8663500761035008,0.1789453475326338,0.776255707762557,,catboost,folate_deficiency,no_B12,development_oof,0.7746023329798515,0.03613906240281178,120.0,0.8585858585858586,0.7083333333333334,0.9746376811594203,0.885581739899376,0.9576388888888889,0.052241467131492886,,
672,0.8214285714285714,0.46694870438921204,0.50975346598565,0.03225806451612903,,catboost,folate_deficiency,no_folate,development_oof,0.03205128205128205,0.043946503848724644,120.0,0.5,0.016666666666666666,0.9963768115942029,0.4540178201373357,0.7996527777777779,0.1462873127576009,,
672,0.9375,0.8814814814814815,0.15843852323169716,0.8,,catboost,folate_deficiency,no_B6,development_oof,0.8006333498268186,0.04342068040501049,120.0,0.9333333333333333,0.7,0.9891304347826086,0.9113436435302824,0.9714824879227053,0.04708619815225966,,
672,0.9345238095238095,0.8748645720476707,0.15998050540417166,0.7884615384615384,,catboost,folate_deficiency,no_copper,development_oof,0.7891141012677918,0.05109762165551714,120.0,0.9318181818181818,0.6833333333333333,0.9891304347826086,0.9085686952263091,0.9700935990338164,0.04749850461320634,,
672,0.9345238095238095,0.8748645720476707,0.16100680314774382,0.7884615384615384,,catboost,folate_deficiency,no_hemoglobin,development_oof,0.7891141012677918,0.05109762165551714,120.0,0.9318181818181818,0.6833333333333333,0.9891304347826086,0.9078339668341965,0.9697312801932367,0.047864154039962435,,
672,0.9330357142857143,0.8694430173169332,0.1715258599552159,0.7783251231527094,,catboost,folate_deficiency,no_demographics,development_oof,0.7785918885918887,0.07067070732010008,120.0,0.9518072289156626,0.6583333333333333,0.9927536231884058,0.9002735510637222,0.9657004830917875,0.04997666203634445,,
672,0.9895833333333334,0.9258687258687259,0.0585297708801949,0.8571428571428571,,catboost,B6_deficiency,available,development_oof,0.8529292929292929,0.12606772836652677,28.0,1.0,0.75,1.0,0.8441566211017145,0.9562999112688554,0.01116266553070259,,
672,0.9791666666666666,0.8355244755244755,0.10506348835843599,0.6818181818181818,,catboost,B6_deficiency,drop30,development_oof,0.67,0.15652475842498528,28.0,0.9375,0.5357142857142857,0.9984472049689441,0.5936138043613549,0.8824312333629104,0.020731055384746077,,
672,0.96875,0.7081825513348083,0.14899792978117893,0.43243243243243246,,catboost,B6_deficiency,drop60,development_oof,0.40476190476190477,0.26619856874997494,28.0,0.8888888888888888,0.2857142857142857,0.9984472049689441,0.3784310362176886,0.7264862466725821,0.030212561001827048,,
672,0.9583333333333334,0.48936170212765956,0.21692901863157785,0.0,,catboost,B6_deficiency,cbc_only,development_oof,0.0,0.0,28.0,0.0,0.0,1.0,0.13611167014584294,0.7847715173025732,0.04098472435881292,,
672,0.9583333333333334,0.48936170212765956,0.1979937706628355,0.0,,catboost,B6_deficiency,hb_only,development_oof,0.0,0.0,28.0,0.0,0.0,1.0,0.04197415700635214,0.5014973380656611,0.04188819251384599,,
672,0.9880952380952381,0.9169088098918083,0.061632311342237914,0.84,,catboost,B6_deficiency,no_iron,development_oof,0.8347474747474747,0.10421579802459055,28.0,0.9545454545454546,0.75,0.9984472049689441,0.8188676251649315,0.9247448979591837,0.011141075110263318,,
672,0.9880952380952381,0.9169088098918083,0.05846564840133562,0.84,,catboost,B6_deficiency,no_B12,development_oof,0.8347474747474747,0.10421579802459055,28.0,0.9545454545454546,0.75,0.9984472049689441,0.846349327898546,0.9585181898846494,0.011201542954657208,,
672,0.9895833333333334,0.9258687258687259,0.05835147725243353,0.8571428571428571,,catboost,B6_deficiency,no_folate,development_oof,0.8529292929292929,0.12606772836652677,28.0,1.0,0.75,1.0,0.8436201795469067,0.960570097604259,0.011127988355381879,,
672,0.9583333333333334,0.48936170212765956,0.20971349691912003,0.0,,catboost,B6_deficiency,no_B6,development_oof,0.0,0.0,28.0,0.0,0.0,1.0,0.25282993332309445,0.8413930789707187,0.04075687419928037,,
672,0.9895833333333334,0.9258687258687259,0.05796784748224129,0.8571428571428571,,catboost,B6_deficiency,no_copper,development_oof,0.8529292929292929,0.12606772836652677,28.0,1.0,0.75,1.0,0.8497817718752655,0.9579636202307009,0.01111226430436412,,
672,0.9895833333333334,0.9258687258687259,0.05897243855951283,0.8571428571428571,,catboost,B6_deficiency,no_hemoglobin,development_oof,0.8529292929292929,0.12606772836652677,28.0,1.0,0.75,1.0,0.8401270838017973,0.9569099378881987,0.011214332941931405,,
672,0.9895833333333334,0.9258687258687259,0.058696063508342035,0.8571428571428571,,catboost,B6_deficiency,no_demographics,development_oof,0.8529292929292929,0.12606772836652677,28.0,1.0,0.75,1.0,0.8455791809877786,0.952251552795031,0.010996800427466922,,
672,0.9925595238095238,0.9490469041444884,0.023219894383938743,0.9019607843137255,,catboost,copper_deficiency,available,development_oof,0.9014141414141414,0.07120173289082549,28.0,1.0,0.8214285714285714,1.0,0.9765964240102171,0.9986135758651287,0.006263268162853398,,
672,0.9836309523809523,0.8835079977937121,0.06834714637719926,0.7755102040816326,,catboost,copper_deficiency,drop30,development_oof,0.7711111111111111,0.10049261381862236,28.0,0.9047619047619048,0.6785714285714286,0.9968944099378882,0.8123164561317031,0.9326197870452528,0.014091576137262413,,
672,0.9717261904761905,0.7491305629236664,0.13940911911883774,0.5128205128205128,,catboost,copper_deficiency,drop60,development_oof,0.4675324675324675,0.27610768344765324,28.0,0.9090909090909091,0.35714285714285715,0.9984472049689441,0.47062038165965453,0.8187111801242235,0.027753685188486914,,
672,0.9583333333333334,0.48936170212765956,0.28649398873675286,0.0,,catboost,copper_deficiency,cbc_only,development_oof,0.0,0.0,28.0,0.0,0.0,1.0,0.17294510991577577,0.8294698314108252,0.04156616627347535,,
672,0.9583333333333334,0.48936170212765956,0.22581766694350633,0.0,,catboost,copper_deficiency,hb_only,development_oof,0.0,0.0,28.0,0.0,0.0,1.0,0.046636117955648836,0.49589618456078083,0.041051993001934545,,
672,0.9925595238095238,0.9490469041444884,0.023420647303427015,0.9019607843137255,,catboost,copper_deficiency,no_iron,development_oof,0.9014141414141414,0.07120173289082549,28.0,1.0,0.8214285714285714,1.0,0.9777399848828421,0.9986690328305234,0.006270821365863118,,
672,0.9925595238095238,0.9490469041444884,0.023289929194369924,0.9019607843137255,,catboost,copper_deficiency,no_B12,development_oof,0.9014141414141414,0.07120173289082549,28.0,1.0,0.8214285714285714,1.0,0.9776300157414833,0.9987244897959184,0.006356646712893962,,
672,0.9925595238095238,0.9490469041444884,0.02313008443314662,0.9019607843137255,,catboost,copper_deficiency,no_folate,development_oof,0.9014141414141414,0.07120173289082549,28.0,1.0,0.8214285714285714,1.0,0.9756507975326757,0.998502661934339,0.006251184747893535,,
672,0.9925595238095238,0.9490469041444884,0.023134605049871776,0.9019607843137255,,catboost,copper_deficiency,no_B6,development_oof,0.9014141414141414,0.07120173289082549,28.0,1.0,0.8214285714285714,1.0,0.9765964240102171,0.9986135758651287,0.006226182976505572,,
672,0.9583333333333334,0.48936170212765956,0.28046075311567065,0.0,,catboost,copper_deficiency,no_copper,development_oof,0.0,0.0,28.0,0.0,0.0,1.0,0.2368827815129759,0.7959183673469388,0.04150656443492274,,
672,0.9925595238095238,0.9490469041444884,0.02331697851852392,0.9019607843137255,,catboost,copper_deficiency,no_hemoglobin,development_oof,0.9014141414141414,0.07120173289082549,28.0,1.0,0.8214285714285714,1.0,0.9765964240102171,0.9986135758651287,0.006313509034482367,,
672,0.9925595238095238,0.9490469041444884,0.022430110885765086,0.9019607843137255,,catboost,copper_deficiency,no_demographics,development_oof,0.9014141414141414,0.07120173289082549,28.0,1.0,0.8214285714285714,1.0,0.9765964240102171,0.9986135758651287,0.00608702219986706,,
672,0.9851190476190477,0.9439102564102564,0.04878413838002207,0.8958333333333334,,catboost,inflammation_anemia,available,development_oof,0.8827067669172932,0.1339668744418449,52.0,0.9772727272727273,0.8269230769230769,0.9983870967741936,0.9675364385077698,0.9942307692307693,0.012425023745832996,,
672,0.9672619047619048,0.8633489851000111,0.1455604339586279,0.7441860465116279,,catboost,inflammation_anemia,drop30,development_oof,0.716117216117216,0.22415933074213273,52.0,0.9411764705882353,0.6153846153846154,0.9967741935483871,0.8646954860406548,0.9632754342431763,0.03063234711331904,,
672,0.9568452380952381,0.8002439549400875,0.2176600081120221,0.6233766233766234,,catboost,inflammation_anemia,drop60,development_oof,0.5922459893048129,0.24341419444887616,52.0,0.96,0.46153846153846156,0.9983870967741936,0.7860694792379804,0.9183312655086848,0.03950900059536374,,
672,0.9226190476190477,0.47987616099071206,0.5549893089335991,0.0,,catboost,inflammation_anemia,cbc_only,development_oof,0.0,0.0,52.0,0.0,0.0,1.0,0.26151182237524634,0.8106389578163772,0.07721318539731961,,
672,0.9226190476190477,0.47987616099071206,0.5884978358386996,0.0,,catboost,inflammation_anemia,hb_only,development_oof,0.0,0.0,52.0,0.0,0.0,1.0,0.12219982774583713,0.6845688585607941,0.07729863370213194,,
672,0.9776785714285714,0.913359634872747,0.07156333243855666,0.8387096774193549,,catboost,inflammation_anemia,no_iron,development_oof,0.8205513784461151,0.1725650816943553,52.0,0.9512195121951219,0.75,0.9967741935483871,0.9396690306939058,0.9801488833746899,0.01722826021273534,,
672,0.9851190476190477,0.9439102564102564,0.04885838997845063,0.8958333333333334,,catboost,inflammation_anemia,no_B12,development_oof,0.8827067669172932,0.1339668744418449,52.0,0.9772727272727273,0.8269230769230769,0.9983870967741936,0.9683564638059216,0.9941997518610421,0.012313876015036291,,
672,0.9851190476190477,0.9439102564102564,0.0489258240347343,0.8958333333333334,,catboost,inflammation_anemia,no_folate,development_oof,0.8827067669172932,0.1339668744418449,52.0,0.9772727272727273,0.8269230769230769,0.9983870967741936,0.9675955139766813,0.9942928039702232,0.012380064810235646,,
672,0.9851190476190477,0.9439102564102564,0.048778336233459646,0.8958333333333334,,catboost,inflammation_anemia,no_B6,development_oof,0.8827067669172932,0.1339668744418449,52.0,0.9772727272727273,0.8269230769230769,0.9983870967741936,0.9675364385077698,0.9942307692307693,0.012424771254497152,,
672,0.9851190476190477,0.9439102564102564,0.049030803982061666,0.8958333333333334,,catboost,inflammation_anemia,no_copper,development_oof,0.8827067669172932,0.1339668744418449,52.0,0.9772727272727273,0.8269230769230769,0.9983870967741936,0.9673075203874126,0.9944789081885856,0.012466665532405113,,
672,0.9836309523809523,0.9388883836671931,0.050165761061825874,0.8865979381443299,,catboost,inflammation_anemia,no_hemoglobin,development_oof,0.8742857142857142,0.13840687333017107,52.0,0.9555555555555556,0.8269230769230769,0.9967741935483871,0.9614787651404745,0.9912841191066997,0.012945533286148862,,
672,0.9851190476190477,0.9469546272615326,0.043188135704265884,0.9019607843137255,,catboost,inflammation_anemia,no_demographics,development_oof,0.9006366182836771,0.1208554915663678,52.0,0.92,0.8846153846153846,0.9935483870967742,0.9644734313305099,0.9846464019851117,0.011357186696794619,,
672,0.7916666666666666,0.765390406352449,0.663852477778046,0.765390406352449,0.3178097341849268,catboost_dropout,anemia_class,available,development_oof,0.7617854774413575,0.05655399984787975,,,,,,,,,
672,0.6726190476190477,0.6338778656784535,1.0449927388090228,0.6338778656784535,0.48135519266146026,catboost_dropout,anemia_class,drop30,development_oof,0.6277294294278509,0.03657984263467289,,,,,,,,,
672,0.5252976190476191,0.4740483985323701,1.4909223725651677,0.4740483985323701,0.6397566444243986,catboost_dropout,anemia_class,drop60,development_oof,0.462816661596732,0.06297911897582799,,,,,,,,,
672,0.5505952380952381,0.44977246800910015,1.2726139301609785,0.44977246800910015,0.6006058403086216,catboost_dropout,anemia_class,cbc_only,development_oof,0.4395978066256469,0.032015587800110656,,,,,,,,,
672,0.26339285714285715,0.11159669173695447,2.02200314843194,0.11159669173695447,0.8241728738701407,catboost_dropout,anemia_class,hb_only,development_oof,0.09548887390087445,0.02116644758681144,,,,,,,,,
672,0.7336309523809523,0.71387450365082,0.8679390340022973,0.71387450365082,0.41419044327585214,catboost_dropout,anemia_class,no_iron,development_oof,0.70892952697138,0.06772372756099694,,,,,,,,,
672,0.7247023809523809,0.6778324319801894,0.7673346205443888,0.6778324319801894,0.374722183510685,catboost_dropout,anemia_class,no_B12,development_oof,0.6725013715024886,0.06058072188555595,,,,,,,,,
672,0.7574404761904762,0.7188765032341252,0.740186675191904,0.7188765032341252,0.3575462591242084,catboost_dropout,anemia_class,no_folate,development_oof,0.7138746770199542,0.051916003955232846,,,,,,,,,
672,0.7797619047619048,0.726409245451716,0.6930462140981971,0.726409245451716,0.3291951775444884,catboost_dropout,anemia_class,no_B6,development_oof,0.7231376263669935,0.034143397417420916,,,,,,,,,
672,0.7633928571428571,0.6883555070516608,0.7176242939469272,0.6883555070516608,0.33766235813664514,catboost_dropout,anemia_class,no_copper,development_oof,0.687358327556044,0.0382902445037574,,,,,,,,,
672,0.7767857142857143,0.7520156017320351,0.8053778463835506,0.7520156017320351,0.3757386897808616,catboost_dropout,anemia_class,no_hemoglobin,development_oof,0.7498970975923271,0.054592910204739484,,,,,,,,,
672,0.7752976190476191,0.7447927024886042,0.6736879628883619,0.7447927024886042,0.3241100730508024,catboost_dropout,anemia_class,no_demographics,development_oof,0.7401579279976018,0.060068395686091416,,,,,,,,,
672,0.9866071428571429,0.9852328968475847,0.054980062225305125,0.9807280513918629,,catboost_dropout,iron_deficiency,available,development_oof,0.9806725146198829,0.015546786650344441,233.0,0.9786324786324786,0.9828326180257511,0.9886104783599089,0.9961071224408882,0.9971061816262087,0.012101327878385278,,
672,0.9702380952380952,0.9669486523706472,0.10527915086106979,0.9565217391304348,,catboost_dropout,iron_deficiency,drop30,development_oof,0.9565264303125887,0.01678904609327556,233.0,0.9691629955947136,0.944206008583691,0.9840546697038725,0.989670771525649,0.99331293321732,0.026253033492696736,,
672,0.9107142857142857,0.8983942665336115,0.2325277283413528,0.863013698630137,,catboost_dropout,iron_deficiency,drop60,development_oof,0.8622770967457448,0.033074628660457274,233.0,0.9219512195121952,0.8111587982832618,0.9635535307517085,0.9489027369927997,0.9653035087547782,0.06770457226243112,,
672,0.8407738095238095,0.8159021954810216,0.38341375156259344,0.7482352941176471,,catboost_dropout,iron_deficiency,cbc_only,development_oof,0.7450921280608649,0.048847058974207706,233.0,0.828125,0.6824034334763949,0.9248291571753986,0.8287601601995742,0.8954705876602109,0.11929505021556278,,
672,0.6517857142857143,0.3945945945945946,0.6934598915279087,0.0,,catboost_dropout,iron_deficiency,hb_only,development_oof,0.0,0.0,233.0,0.0,0.0,0.9977220956719818,0.38537374288656545,0.5361287358119801,0.24309367728772313,,
672,0.8318452380952381,0.7968229505301772,0.3793474182661757,0.712468193384224,,catboost_dropout,iron_deficiency,no_iron,development_oof,0.7090601602017126,0.04887429248884225,233.0,0.875,0.6008583690987125,0.9544419134396356,0.8470521106251231,0.9108684388045402,0.11860571291596572,,
672,0.9866071428571429,0.9852328968475847,0.056440399761345766,0.9807280513918629,,catboost_dropout,iron_deficiency,no_B12,development_oof,0.9806725146198829,0.015546786650344441,233.0,0.9786324786324786,0.9828326180257511,0.9886104783599089,0.995753380495066,0.9967933363966095,0.012418587392867912,,
672,0.9866071428571429,0.9852328968475847,0.05620856944131344,0.9807280513918629,,catboost_dropout,iron_deficiency,no_folate,development_oof,0.9806725146198829,0.015546786650344441,233.0,0.9786324786324786,0.9828326180257511,0.9886104783599089,0.9959919441687978,0.9970475231456588,0.012446656963607194,,
672,0.9866071428571429,0.9852328968475847,0.05568257772921383,0.9807280513918629,,catboost_dropout,iron_deficiency,no_B6,development_oof,0.9806725146198829,0.015546786650344441,233.0,0.9786324786324786,0.9828326180257511,0.9886104783599089,0.996050644136139,0.9970475231456588,0.012292378887792887,,
672,0.9866071428571429,0.9852328968475847,0.05479941515554294,0.9807280513918629,,catboost_dropout,iron_deficiency,no_copper,development_oof,0.9806725146198829,0.015546786650344441,233.0,0.9786324786324786,0.9828326180257511,0.9886104783599089,0.9961495924192566,0.9971355108664834,0.01206551558219103,,
672,0.9866071428571429,0.9852328968475847,0.054403066548445636,0.9807280513918629,,catboost_dropout,iron_deficiency,no_hemoglobin,development_oof,0.9806725146198829,0.015546786650344441,233.0,0.9786324786324786,0.9828326180257511,0.9886104783599089,0.9961959269070613,0.9970964052127835,0.012003399624861086,,
672,0.9851190476190477,0.9836084767591617,0.05888789976314437,0.9786324786324786,,catboost_dropout,iron_deficiency,no_demographics,development_oof,0.9786965696027009,0.01927632884093024,233.0,0.9744680851063829,0.9828326180257511,0.9863325740318907,0.9962311792498181,0.9973505919618328,0.013588994291983205,,
672,0.9821428571428571,0.9748424533599551,0.07727866213751933,0.9612903225806452,,catboost_dropout,B12_deficiency,available,development_oof,0.9610254067662487,0.018934344808635806,155.0,0.9612903225806452,0.9612903225806452,0.988394584139265,0.9877072001164379,0.9951207337617771,0.018614447985432023,,
672,0.9434523809523809,0.9156080214681348,0.1540828423332997,0.8671328671328671,,catboost_dropout,B12_deficiency,drop30,development_oof,0.8640557857535786,0.07548564610255885,155.0,0.9465648854961832,0.8,0.9864603481624759,0.9469968234234104,0.9779372309228178,0.04274587695647458,,
672,0.9032738095238095,0.8472380086383269,0.24367994761949563,0.7547169811320755,,catboost_dropout,B12_deficiency,drop60,development_oof,0.7527682958023515,0.07920907858988732,155.0,0.9090909090909091,0.6451612903225806,0.9806576402321083,0.8838994643784476,0.945754040057403,0.07176229638842749,,
672,0.8169642857142857,0.707581112490846,0.3911798193239489,0.5287356321839081,,catboost_dropout,B12_deficiency,cbc_only,development_oof,0.5299128363896166,0.06900176336591518,155.0,0.6509433962264151,0.44516129032258067,0.9284332688588007,0.6261708198799208,0.8559805328508142,0.12734979723876533,,
672,0.7693452380952381,0.4348191757779647,0.5583047665868486,0.0,,catboost_dropout,B12_deficiency,hb_only,development_oof,0.0,0.0,155.0,0.0,0.0,1.0,0.26411788814523873,0.5764023210831721,0.1825707389711165,,
672,0.9821428571428571,0.9751760823523618,0.08414685057168457,0.9620253164556962,,catboost_dropout,B12_deficiency,no_iron,development_oof,0.9620750974743573,0.01822511039134882,155.0,0.9440993788819876,0.9806451612903225,0.9825918762088974,0.9867003399063069,0.9948337181007051,0.020337448304315987,,
672,0.8735119047619048,0.7851201739503354,0.31242089647615795,0.6473029045643154,,catboost_dropout,B12_deficiency,no_B12,development_oof,0.6430047637065712,0.08526832109297865,155.0,0.9069767441860465,0.5032258064516129,0.9845261121856866,0.8161982409405575,0.9152430273912773,0.09546736984243942,,
672,0.9732142857142857,0.9617408906882591,0.0907002308538569,0.9407894736842105,,catboost_dropout,B12_deficiency,no_folate,development_oof,0.9403628018516972,0.030483323857143543,155.0,0.959731543624161,0.9225806451612903,0.988394584139265,0.9825795406614678,0.9922256192674861,0.023569523321027522,,
672,0.9821428571428571,0.9748424533599551,0.07732541942251568,0.9612903225806452,,catboost_dropout,B12_deficiency,no_B6,development_oof,0.9610254067662487,0.018934344808635806,155.0,0.9612903225806452,0.9612903225806452,0.988394584139265,0.9877526964354834,0.9951207337617771,0.018576389816009224,,
672,0.9806547619047619,0.9728073260848589,0.07747176376257593,0.9581993569131833,,catboost_dropout,B12_deficiency,no_copper,development_oof,0.9578560078591449,0.0190797367142837,155.0,0.9551282051282052,0.9612903225806452,0.9864603481624759,0.9876547126912267,0.9954327073064204,0.018681475678187533,,
672,0.9821428571428571,0.9747279747279747,0.07737797854138045,0.961038961038961,,catboost_dropout,B12_deficiency,no_hemoglobin,development_oof,0.9608081297510352,0.025045002442585,155.0,0.9673202614379085,0.9548387096774194,0.9903288201160542,0.9865676907481221,0.9944468709053472,0.01841253969353753,,
672,0.9776785714285714,0.9681913567585478,0.07710966487105643,0.9508196721311475,,catboost_dropout,B12_deficiency,no_demographics,development_oof,0.9507389717463056,0.025616285587748415,155.0,0.9666666666666667,0.9354838709677419,0.9903288201160542,0.9874512900284526,0.9949959443439196,0.019623693377985345,,
672,0.9330357142857143,0.8725207090614,0.17057009773200163,0.784688995215311,,catboost_dropout,folate_deficiency,available,development_oof,0.7829647829647829,0.08071850706280592,120.0,0.9213483146067416,0.6833333333333333,0.9873188405797102,0.9030695170581408,0.9655646135265701,0.049148188039419574,,
672,0.9032738095238095,0.8050478677110531,0.24580672793366937,0.6666666666666666,,catboost_dropout,folate_deficiency,drop30,development_oof,0.6653522734903158,0.08086264529835684,120.0,0.8666666666666667,0.5416666666666666,0.9818840579710145,0.8028924049613294,0.9151268115942031,0.07165200548097227,,
672,0.8809523809523809,0.7278911564625851,0.3300671814195833,0.5238095238095238,,catboost_dropout,folate_deficiency,drop60,development_oof,0.5238461072034926,0.023557450764332015,120.0,0.9166666666666666,0.36666666666666664,0.9927536231884058,0.6554459972633482,0.828155193236715,0.0980100003987293,,
672,0.8303571428571429,0.6199698388761012,0.39539039232372564,0.3372093023255814,,catboost_dropout,folate_deficiency,cbc_only,development_oof,0.338069773363891,0.05554773791011455,120.0,0.5576923076923077,0.24166666666666667,0.9583333333333334,0.4351203619634314,0.7804196859903382,0.12336601316977032,,
672,0.8214285714285714,0.45098039215686275,0.4685464403448315,0.0,,catboost_dropout,folate_deficiency,hb_only,development_oof,0.0,0.0,120.0,0.0,0.0,1.0,0.21153965938693364,0.6023022342995168,0.1464101267952352,,
672,0.9345238095238095,0.8777272351335704,0.16842627080691092,0.794392523364486,,catboost_dropout,folate_deficiency,no_iron,development_oof,0.7949780603212254,0.0706482752299715,120.0,0.9042553191489362,0.7083333333333334,0.9836956521739131,0.9069895857256163,0.9659420289855072,0.04803136889574175,,
672,0.9285714285714286,0.8676122931442081,0.18501972465350067,0.7777777777777778,,catboost_dropout,folate_deficiency,no_B12,development_oof,0.7774593228145721,0.06531721874958028,120.0,0.875,0.7,0.9782608695652174,0.8849609867169067,0.9576388888888889,0.05338687268515843,,
672,0.8318452380952381,0.5523248616048532,0.4088887139491592,0.19858156028368795,,catboost_dropout,folate_deficiency,no_folate,development_oof,0.1920448963552412,0.1145551273464323,120.0,0.6666666666666666,0.11666666666666667,0.9873188405797102,0.4805027635844898,0.8010869565217391,0.12539191760238516,,
672,0.9360119047619048,0.8791280959412373,0.16883716814012462,0.7962085308056872,,catboost_dropout,folate_deficiency,no_B6,development_oof,0.7940319766406723,0.0747462664309428,120.0,0.9230769230769231,0.7,0.9873188405797102,0.9056071070622745,0.966183574879227,0.048453769871458705,,
672,0.9330357142857143,0.8744722979788545,0.1720365210264188,0.7887323943661971,,catboost_dropout,folate_deficiency,no_copper,development_oof,0.7879089544837159,0.06363989161992582,120.0,0.9032258064516129,0.7,0.9836956521739131,0.9002660416695606,0.9645380434782609,0.04966539398941008,,
672,0.9315476190476191,0.8711914127608508,0.1705150600176737,0.7830188679245284,,catboost_dropout,folate_deficiency,no_hemoglobin,development_oof,0.7814141414141413,0.08772513620701511,120.0,0.9021739130434783,0.6916666666666667,0.9836956521739131,0.902961181731815,0.9652324879227053,0.04887135313570189,,
672,0.9300595238095238,0.8578213132981909,0.1963636839708777,0.7564766839378239,,catboost_dropout,folate_deficiency,no_demographics,development_oof,0.7528474646499262,0.08641891343601327,120.0,1.0,0.6083333333333333,1.0,0.8910025732275231,0.9598429951690821,0.05691540575244561,,
672,0.9791666666666666,0.8279569892473118,0.06831142334973805,0.6666666666666666,,catboost_dropout,B6_deficiency,available,development_oof,0.6576190476190475,0.12365374815631987,28.0,1.0,0.5,1.0,0.8538575832237837,0.9595718722271517,0.016776792372105945,,
672,0.9747023809523809,0.7755378720895962,0.10744953257382528,0.5641025641025641,,catboost_dropout,B6_deficiency,drop30,development_oof,0.5547619047619048,0.1776962681623361,28.0,1.0,0.39285714285714285,1.0,0.6308631232323789,0.8696206743566992,0.02329406543235517,,
672,0.9702380952380952,0.7145769622833843,0.13385625084011835,0.4444444444444444,,catboost_dropout,B6_deficiency,drop60,development_oof,0.419047619047619,0.2743782912550083,28.0,1.0,0.2857142857142857,1.0,0.40102040267327244,0.8048469387755102,0.030021927007590876,,
672,0.9583333333333334,0.48936170212765956,0.14783397043504193,0.0,,catboost_dropout,B6_deficiency,cbc_only,development_oof,0.0,0.0,28.0,0.0,0.0,1.0,0.22862060104593646,0.8262533274179237,0.03669123277193542,,
672,0.9583333333333334,0.48936170212765956,0.1718442552228589,0.0,,catboost_dropout,B6_deficiency,hb_only,development_oof,0.0,0.0,28.0,0.0,0.0,1.0,0.06629938933152067,0.5905057675244011,0.039841464578005636,,
672,0.9836309523809523,0.8735437516037978,0.06969320822657117,0.7555555555555555,,catboost_dropout,B6_deficiency,no_iron,development_oof,0.7338816738816739,0.1872089699573175,28.0,1.0,0.6071428571428571,1.0,0.8112249770916274,0.9470385980479148,0.01589116435678282,,
672,0.9806547619047619,0.843841052499866,0.06628817124386172,0.6976744186046512,,catboost_dropout,B6_deficiency,no_B12,development_oof,0.6853968253968252,0.1598862659511708,28.0,1.0,0.5357142857142857,1.0,0.8617258545534421,0.9621783496007099,0.01626614685221118,,
672,0.9791666666666666,0.8279569892473118,0.06603766920947883,0.6666666666666666,,catboost_dropout,B6_deficiency,no_folate,development_oof,0.6576190476190475,0.12365374815631987,28.0,1.0,0.5,1.0,0.8613970865696048,0.9619010647737356,0.01639426330641042,,
672,0.9583333333333334,0.48936170212765956,0.16852838551055555,0.0,,catboost_dropout,B6_deficiency,no_B6,development_oof,0.0,0.0,28.0,0.0,0.0,1.0,0.3353978998692055,0.8682897071872226,0.03717224482302816,,
672,0.9791666666666666,0.8279569892473118,0.06706883310700523,0.6666666666666666,,catboost_dropout,B6_deficiency,no_copper,development_oof,0.6576190476190475,0.12365374815631987,28.0,1.0,0.5,1.0,0.8629183740886094,0.9625665483584738,0.016724700125688514,,
672,0.9821428571428571,0.8590209790209791,0.06884577587815695,0.7272727272727273,,catboost_dropout,B6_deficiency,no_hemoglobin,development_oof,0.721111111111111,0.14753112247510838,28.0,1.0,0.5714285714285714,1.0,0.8473760134130118,0.9541925465838509,0.016300223143821815,,
672,0.9732142857142857,0.7562666236801805,0.07339625573411512,0.5263157894736842,,catboost_dropout,B6_deficiency,no_demographics,development_oof,0.5142857142857142,0.12210363242817222,28.0,1.0,0.35714285714285715,1.0,0.8486013168513893,0.964396628216504,0.018574844749549877,,
672,0.9895833333333334,0.9258687258687259,0.031217722833507894,0.8571428571428571,,catboost_dropout,copper_deficiency,available,development_oof,0.8525252525252526,0.10438796511324293,28.0,1.0,0.75,1.0,0.9800326499472463,0.9991126885536824,0.008976690071127466,,
672,0.9851190476190477,0.8874522677028205,0.051619613001003754,0.782608695652174,,catboost_dropout,copper_deficiency,drop30,development_oof,0.7811111111111111,0.08123278545081884,28.0,1.0,0.6428571428571429,1.0,0.8972571869758197,0.9686668145519077,0.012148394369682656,,
672,0.9717261904761905,0.735974689302922,0.1024180913571097,0.4864864864864865,,catboost_dropout,copper_deficiency,drop60,development_oof,0.46428571428571425,0.22556303954162402,28.0,1.0,0.32142857142857145,1.0,0.6237962791991827,0.8880878438331855,0.024013926606424853,,
672,0.9583333333333334,0.48936170212765956,0.14266052864615755,0.0,,catboost_dropout,copper_deficiency,cbc_only,development_oof,0.0,0.0,28.0,0.0,0.0,1.0,0.18856681976089681,0.8696761313220941,0.037667063634256835,,
672,0.9583333333333334,0.48936170212765956,0.1792171119705485,0.0,,catboost_dropout,copper_deficiency,hb_only,development_oof,0.0,0.0,28.0,0.0,0.0,1.0,0.04390721844278351,0.5239574090505768,0.04027337199082661,,
672,0.9910714285714286,0.9376816074188563,0.029479248600502158,0.88,,catboost_dropout,copper_deficiency,no_iron,development_oof,0.8747474747474747,0.1240410620849192,28.0,1.0,0.7857142857142857,1.0,0.9821714315723533,0.9992236024844721,0.007779588909218051,,
672,0.9895833333333334,0.9258687258687259,0.028901358020559487,0.8571428571428571,,catboost_dropout,copper_deficiency,no_B12,development_oof,0.8525252525252526,0.10438796511324293,28.0,1.0,0.75,1.0,0.9834066753471338,0.9992790594498668,0.008035575629593757,,
672,0.9895833333333334,0.9258687258687259,0.030591954264012722,0.8571428571428571,,catboost_dropout,copper_deficiency,no_folate,development_oof,0.8525252525252526,0.10438796511324293,28.0,1.0,0.75,1.0,0.9747554581552762,0.998835403726708,0.008426318350025894,,
672,0.9895833333333334,0.9258687258687259,0.031120504782722304,0.8571428571428571,,catboost_dropout,copper_deficiency,no_B6,development_oof,0.8525252525252526,0.10438796511324293,28.0,1.0,0.75,1.0,0.9800326499472463,0.9991126885536824,0.008950404434793243,,
672,0.9583333333333334,0.48936170212765956,0.17749668300156654,0.0,,catboost_dropout,copper_deficiency,no_copper,development_oof,0.0,0.0,28.0,0.0,0.0,1.0,0.2861161136749468,0.8865350488021295,0.03929916262069666,,
672,0.9895833333333334,0.9258687258687259,0.03158457127600813,0.8571428571428571,,catboost_dropout,copper_deficiency,no_hemoglobin,development_oof,0.8525252525252526,0.10438796511324293,28.0,1.0,0.75,1.0,0.9766711947484321,0.9989463176574978,0.009030316241075455,,
672,0.9880952380952381,0.9169088098918083,0.03596007303009844,0.84,,catboost_dropout,copper_deficiency,no_demographics,development_oof,0.8347474747474747,0.10421579802459056,28.0,0.9545454545454546,0.75,0.9984472049689441,0.9452667944883899,0.997338065661047,0.009255898431680992,,
672,0.9925595238095238,0.9737136509078961,0.02295103181229323,0.9514563106796117,,catboost_dropout,inflammation_anemia,available,development_oof,0.9512040971995207,0.003888190933749591,52.0,0.9607843137254902,0.9423076923076923,0.9967741935483871,0.9866224895422765,0.9982009925558313,0.005760578089738725,,
672,0.9836309523809523,0.9400267737617135,0.04748042717134896,0.8888888888888888,,catboost_dropout,inflammation_anemia,drop30,development_oof,0.8838629181649778,0.0823282764714568,52.0,0.9361702127659575,0.8461538461538461,0.9951612903225806,0.9596658459353854,0.9952233250620347,0.013180865909121956,,
672,0.9717261904761905,0.8832469206923985,0.09751615127533265,0.7816091954022989,,catboost_dropout,inflammation_anemia,drop60,development_oof,0.7701027077497665,0.14492092939201057,52.0,0.9714285714285714,0.6538461538461539,0.9983870967741936,0.8520885519310398,0.9706265508684864,0.025237126054019926,,
672,0.9345238095238095,0.7005711508081176,0.15312718251829663,0.4358974358974359,,catboost_dropout,inflammation_anemia,cbc_only,development_oof,0.4324156545209177,0.08872404950639201,52.0,0.6538461538461539,0.3269230769230769,0.9854838709677419,0.5702558208260675,0.9484491315136476,0.046904143875778265,,
672,0.9226190476190477,0.47987616099071206,0.27984978629887436,0.0,,catboost_dropout,inflammation_anemia,hb_only,development_oof,0.0,0.0,52.0,0.0,0.0,1.0,0.13745570406828964,0.7067617866004963,0.07229549639042784,,
672,0.9851190476190477,0.9478908188585609,0.04549308310262093,0.9038461538461539,,catboost_dropout,inflammation_anemia,no_iron,development_oof,0.9003335879806468,0.047305869188083556,52.0,0.9038461538461539,0.9038461538461539,0.9919354838709677,0.9569069654635288,0.9935483870967743,0.011887992935713576,,
672,0.9925595238095238,0.9737136509078961,0.023550657120223268,0.9514563106796117,,catboost_dropout,inflammation_anemia,no_B12,development_oof,0.9512040971995207,0.003888190933749591,52.0,0.9607843137254902,0.9423076923076923,0.9967741935483871,0.986120350966435,0.9982009925558313,0.0060133447828012235,,
672,0.9925595238095238,0.9737136509078961,0.022821351804844313,0.9514563106796117,,catboost_dropout,inflammation_anemia,no_folate,development_oof,0.9512040971995207,0.003888190933749591,52.0,0.9607843137254902,0.9423076923076923,0.9967741935483871,0.9869297480732192,0.9982320099255583,0.005721628598182724,,
672,0.9925595238095238,0.9737136509078961,0.023395371449756404,0.9514563106796117,,catboost_dropout,inflammation_anemia,no_B6,development_oof,0.9512040971995207,0.003888190933749591,52.0,0.9607843137254902,0.9423076923076923,0.9967741935483871,0.9866224895422765,0.9982009925558313,0.005964812051670078,,
672,0.9925595238095238,0.9737136509078961,0.022850315353913492,0.9514563106796117,,catboost_dropout,inflammation_anemia,no_copper,development_oof,0.9512040971995207,0.003888190933749591,52.0,0.9607843137254902,0.9423076923076923,0.9967741935483871,0.98683507457629,0.9982630272952854,0.0057482013987221,,
672,0.9940476190476191,0.9791563275434243,0.02306871711392327,0.9615384615384616,,catboost_dropout,inflammation_anemia,no_hemoglobin,development_oof,0.9617304129889943,0.021637832684100917,52.0,0.9615384615384616,0.9615384615384616,0.9967741935483871,0.9878018276289203,0.9981079404466501,0.0053153139263171795,,
672,0.9940476190476191,0.9791563275434243,0.02558380288823628,0.9615384615384616,,catboost_dropout,inflammation_anemia,no_demographics,development_oof,0.9617304129889943,0.021637832684100917,52.0,0.9615384615384616,0.9615384615384616,0.9967741935483871,0.9857134444238517,0.998045905707196,0.006027209385296384,,
672,0.5238095238095238,0.4567737422423346,1.1972416135874897,0.4567737422423346,0.5870134774432605,logistic_cbc,anemia_class,available,development_oof,0.4542452137106837,0.04374795623529719,,,,,,,,,
672,0.3898809523809524,0.34550336628824074,1.7620467917141729,0.34550336628824074,0.7584855703876761,logistic_cbc,anemia_class,drop30,development_oof,0.3380419362959158,0.025838933799015574,,,,,,,,,
672,0.27529761904761907,0.21898249981659176,2.4617532816607084,0.21898249981659176,0.8931392060510275,logistic_cbc,anemia_class,drop60,development_oof,0.20915725701703652,0.010558157151352793,,,,,,,,,
672,0.5238095238095238,0.4567737422423346,1.1972416135874897,0.4567737422423346,0.5870134774432605,logistic_cbc,anemia_class,cbc_only,development_oof,0.4542452137106837,0.04374795623529719,,,,,,,,,
672,0.20684523809523808,0.12624121104614042,2.8518321313188024,0.12624121104614042,0.9392043792846844,logistic_cbc,anemia_class,hb_only,development_oof,0.09500512010801818,0.020644603233899217,,,,,,,,,
672,0.5238095238095238,0.4567737422423346,1.1972416135874897,0.4567737422423346,0.5870134774432605,logistic_cbc,anemia_class,no_iron,development_oof,0.4542452137106837,0.04374795623529719,,,,,,,,,
672,0.5238095238095238,0.4567737422423346,1.1972416135874897,0.4567737422423346,0.5870134774432605,logistic_cbc,anemia_class,no_B12,development_oof,0.4542452137106837,0.04374795623529719,,,,,,,,,
672,0.5238095238095238,0.4567737422423346,1.1972416135874897,0.4567737422423346,0.5870134774432605,logistic_cbc,anemia_class,no_folate,development_oof,0.4542452137106837,0.04374795623529719,,,,,,,,,
672,0.5238095238095238,0.4567737422423346,1.1972416135874897,0.4567737422423346,0.5870134774432605,logistic_cbc,anemia_class,no_B6,development_oof,0.4542452137106837,0.04374795623529719,,,,,,,,,
672,0.5238095238095238,0.4567737422423346,1.1972416135874897,0.4567737422423346,0.5870134774432605,logistic_cbc,anemia_class,no_copper,development_oof,0.4542452137106837,0.04374795623529719,,,,,,,,,
672,0.4806547619047619,0.4376856911738272,1.3587898109476857,0.4376856911738272,0.6395557448589755,logistic_cbc,anemia_class,no_hemoglobin,development_oof,0.4327707369110148,0.03786346132147598,,,,,,,,,
672,0.5267857142857143,0.4498250253844162,1.2297751047816785,0.4498250253844162,0.5959686763055738,logistic_cbc,anemia_class,no_demographics,development_oof,0.44434679043795705,0.06431610154081015,,,,,,,,,
672,0.8303571428571429,0.8055555555555556,0.3994077887274963,0.7361111111111112,,logistic_cbc,iron_deficiency,available,development_oof,0.7361437210253163,0.0193860140925909,233.0,0.7989949748743719,0.6824034334763949,0.908883826879271,0.8157294192463164,0.8856941742352402,0.1257100982188561,,
672,0.7455357142857143,0.704279394620969,0.5153050039962045,0.5938242280285035,,logistic_cbc,iron_deficiency,drop30,development_oof,0.5883076577242553,0.06810063899393594,233.0,0.6648936170212766,0.5364806866952789,0.856492027334852,0.6910999215052087,0.7968559054425294,0.1714324135556436,,
672,0.6904761904761905,0.6276690960235264,0.5946738939405106,0.47474747474747475,,logistic_cbc,iron_deficiency,drop60,development_oof,0.4742518306745949,0.04982940263889059,233.0,0.5766871165644172,0.4034334763948498,0.8428246013667426,0.5565662579028985,0.7045958919510787,0.20456726211931442,,
672,0.8303571428571429,0.8055555555555556,0.3994077887274963,0.7361111111111112,,logistic_cbc,iron_deficiency,cbc_only,development_oof,0.7361437210253163,0.0193860140925909,233.0,0.7989949748743719,0.6824034334763949,0.908883826879271,0.8157294192463164,0.8856941742352402,0.1257100982188561,,
672,0.5431547619047619,0.45902941847445583,0.764840321745409,0.2457002457002457,,logistic_cbc,iron_deficiency,hb_only,development_oof,0.2339883202228183,0.061449076922645916,233.0,0.28735632183908044,0.2145922746781116,0.7175398633257403,0.3057108614146332,0.4288228220594993,0.2768245144010367,,
672,0.8303571428571429,0.8055555555555556,0.3994077887274963,0.7361111111111112,,logistic_cbc,iron_deficiency,no_iron,development_oof,0.7361437210253163,0.0193860140925909,233.0,0.7989949748743719,0.6824034334763949,0.908883826879271,0.8157294192463164,0.8856941742352402,0.1257100982188561,,
672,0.8303571428571429,0.8055555555555556,0.3994077887274963,0.7361111111111112,,logistic_cbc,iron_deficiency,no_B12,development_oof,0.7361437210253163,0.0193860140925909,233.0,0.7989949748743719,0.6824034334763949,0.908883826879271,0.8157294192463164,0.8856941742352402,0.1257100982188561,,
672,0.8303571428571429,0.8055555555555556,0.3994077887274963,0.7361111111111112,,logistic_cbc,iron_deficiency,no_folate,development_oof,0.7361437210253163,0.0193860140925909,233.0,0.7989949748743719,0.6824034334763949,0.908883826879271,0.8157294192463164,0.8856941742352402,0.1257100982188561,,
672,0.8303571428571429,0.8055555555555556,0.3994077887274963,0.7361111111111112,,logistic_cbc,iron_deficiency,no_B6,development_oof,0.7361437210253163,0.0193860140925909,233.0,0.7989949748743719,0.6824034334763949,0.908883826879271,0.8157294192463164,0.8856941742352402,0.1257100982188561,,
672,0.8303571428571429,0.8055555555555556,0.3994077887274963,0.7361111111111112,,logistic_cbc,iron_deficiency,no_copper,development_oof,0.7361437210253163,0.0193860140925909,233.0,0.7989949748743719,0.6824034334763949,0.908883826879271,0.8157294192463164,0.8856941742352402,0.1257100982188561,,
672,0.8154761904761905,0.7879802554577375,0.428140416553258,0.7116279069767442,,logistic_cbc,iron_deficiency,no_hemoglobin,development_oof,0.7099102387837987,0.045596689291273376,233.0,0.7766497461928934,0.6566523605150214,0.8997722095671982,0.8040713809374543,0.8692013647873141,0.13472479020808092,,
672,0.8303571428571429,0.8078478193255811,0.40000448205285943,0.7420814479638009,,logistic_cbc,iron_deficiency,no_demographics,development_oof,0.7421217025868189,0.021560791493319343,233.0,0.784688995215311,0.703862660944206,0.89749430523918,0.8165014327156733,0.8865349457897875,0.12660462775028447,,
672,0.8169642857142857,0.7125598572814622,0.37958602708420247,0.5393258426966292,,logistic_cbc,B12_deficiency,available,development_oof,0.5403684591270798,0.06381754428865437,155.0,0.6428571428571429,0.4645161290322581,0.9226305609284333,0.6535219344235853,0.8620078617333251,0.12262021237839657,,
672,0.7886904761904762,0.6196428571428572,0.454954960207637,0.36607142857142855,,logistic_cbc,B12_deficiency,drop30,development_oof,0.36476122663255334,0.04995535030212948,155.0,0.5942028985507246,0.2645161290322581,0.9458413926499033,0.5503792969942756,0.7847632120796157,0.14629390027188624,,
672,0.7752976190476191,0.5224015475635758,0.5422549531736991,0.17486338797814208,,logistic_cbc,B12_deficiency,drop60,development_oof,0.16891080302845007,0.10360003821633854,155.0,0.5714285714285714,0.1032258064516129,0.97678916827853,0.4378430581745786,0.6998689711112498,0.16851333843734986,,
672,0.8169642857142857,0.7125598572814622,0.37958602708420247,0.5393258426966292,,logistic_cbc,B12_deficiency,cbc_only,development_oof,0.5403684591270798,0.06381754428865437,155.0,0.6428571428571429,0.4645161290322581,0.9226305609284333,0.6535219344235853,0.8620078617333251,0.12262021237839657,,
672,0.7693452380952381,0.4348191757779647,0.6853030832119986,0.0,,logistic_cbc,B12_deficiency,hb_only,development_oof,0.0,0.0,155.0,0.0,0.0,1.0,0.20467907869227098,0.4589629999376053,0.20335650602453065,,
672,0.8169642857142857,0.7125598572814622,0.37958602708420247,0.5393258426966292,,logistic_cbc,B12_deficiency,no_iron,development_oof,0.5403684591270798,0.06381754428865437,155.0,0.6428571428571429,0.4645161290322581,0.9226305609284333,0.6535219344235853,0.8620078617333251,0.12262021237839657,,
672,0.8169642857142857,0.7125598572814622,0.37958602708420247,0.5393258426966292,,logistic_cbc,B12_deficiency,no_B12,development_oof,0.5403684591270798,0.06381754428865437,155.0,0.6428571428571429,0.4645161290322581,0.9226305609284333,0.6535219344235853,0.8620078617333251,0.12262021237839657,,
672,0.8169642857142857,0.7125598572814622,0.37958602708420247,0.5393258426966292,,logistic_cbc,B12_deficiency,no_folate,development_oof,0.5403684591270798,0.06381754428865437,155.0,0.6428571428571429,0.4645161290322581,0.9226305609284333,0.6535219344235853,0.8620078617333251,0.12262021237839657,,
672,0.8169642857142857,0.7125598572814622,0.37958602708420247,0.5393258426966292,,logistic_cbc,B12_deficiency,no_B6,development_oof,0.5403684591270798,0.06381754428865437,155.0,0.6428571428571429,0.4645161290322581,0.9226305609284333,0.6535219344235853,0.8620078617333251,0.12262021237839657,,
672,0.8169642857142857,0.7125598572814622,0.37958602708420247,0.5393258426966292,,logistic_cbc,B12_deficiency,no_copper,development_oof,0.5403684591270798,0.06381754428865437,155.0,0.6428571428571429,0.4645161290322581,0.9226305609284333,0.6535219344235853,0.8620078617333251,0.12262021237839657,,
672,0.8154761904761905,0.7157787025035814,0.3842542130650303,0.5474452554744526,,logistic_cbc,B12_deficiency,no_hemoglobin,development_oof,0.54971908836904,0.05846549587760288,155.0,0.6302521008403361,0.4838709677419355,0.9148936170212766,0.6568329370887253,0.8584638422661758,0.12446488723426208,,
672,0.8184523809523809,0.7156966098873662,0.37865671733247974,0.5447761194029851,,logistic_cbc,B12_deficiency,no_demographics,development_oof,0.5452257951649433,0.05368871191889946,155.0,0.6460176991150443,0.47096774193548385,0.9226305609284333,0.6613762285639513,0.8620827353840395,0.12198779268525006,,
672,0.8065476190476191,0.5532554666884857,0.3978691103057965,0.21686746987951808,,logistic_cbc,folate_deficiency,available,development_oof,0.2087719298245614,0.11006387723729265,120.0,0.391304347826087,0.15,0.9492753623188406,0.38334425038148034,0.7888285024154589,0.12723966786467275,,
672,0.8095238095238095,0.5140558618819489,0.45787907118469356,0.13513513513513514,,logistic_cbc,folate_deficiency,drop30,development_oof,0.11964285714285713,0.1233306903559429,120.0,0.35714285714285715,0.08333333333333333,0.967391304347826,0.2933964921392775,0.6643115942028985,0.14477312782039475,,
672,0.8139880952380952,0.4853414208252918,0.4761090785608884,0.07407407407407407,,logistic_cbc,folate_deficiency,drop60,development_oof,0.0684731182795699,0.06592469522941653,120.0,0.3333333333333333,0.041666666666666664,0.9818840579710145,0.24082631464143556,0.5910477053140096,0.14898750008200098,,
672,0.8065476190476191,0.5532554666884857,0.3978691103057965,0.21686746987951808,,logistic_cbc,folate_deficiency,cbc_only,development_oof,0.2087719298245614,0.11006387723729265,120.0,0.391304347826087,0.15,0.9492753623188406,0.38334425038148034,0.7888285024154589,0.12723966786467275,,
672,0.8214285714285714,0.45098039215686275,0.4921171657056699,0.0,,logistic_cbc,folate_deficiency,hb_only,development_oof,0.0,0.0,120.0,0.0,0.0,1.0,0.15247866795386994,0.4472826086956521,0.15373826779867386,,
672,0.8065476190476191,0.5532554666884857,0.3978691103057965,0.21686746987951808,,logistic_cbc,folate_deficiency,no_iron,development_oof,0.2087719298245614,0.11006387723729265,120.0,0.391304347826087,0.15,0.9492753623188406,0.38334425038148034,0.7888285024154589,0.12723966786467275,,
672,0.8065476190476191,0.5532554666884857,0.3978691103057965,0.21686746987951808,,logistic_cbc,folate_deficiency,no_B12,development_oof,0.2087719298245614,0.11006387723729265,120.0,0.391304347826087,0.15,0.9492753623188406,0.38334425038148034,0.7888285024154589,0.12723966786467275,,
672,0.8065476190476191,0.5532554666884857,0.3978691103057965,0.21686746987951808,,logistic_cbc,folate_deficiency,no_folate,development_oof,0.2087719298245614,0.11006387723729265,120.0,0.391304347826087,0.15,0.9492753623188406,0.38334425038148034,0.7888285024154589,0.12723966786467275,,
672,0.8065476190476191,0.5532554666884857,0.3978691103057965,0.21686746987951808,,logistic_cbc,folate_deficiency,no_B6,development_oof,0.2087719298245614,0.11006387723729265,120.0,0.391304347826087,0.15,0.9492753623188406,0.38334425038148034,0.7888285024154589,0.12723966786467275,,
672,0.8065476190476191,0.5532554666884857,0.3978691103057965,0.21686746987951808,,logistic_cbc,folate_deficiency,no_copper,development_oof,0.2087719298245614,0.11006387723729265,120.0,0.391304347826087,0.15,0.9492753623188406,0.38334425038148034,0.7888285024154589,0.12723966786467275,,
672,0.8154761904761905,0.5906867079280873,0.40066685814467573,0.28735632183908044,,logistic_cbc,folate_deficiency,no_hemoglobin,development_oof,0.28374552410850046,0.11601153676175902,120.0,0.46296296296296297,0.20833333333333334,0.947463768115942,0.38432297914017727,0.7820501207729469,0.12782256386335553,,
672,0.8035714285714286,0.5317567567567567,0.39702022637713,0.175,,logistic_cbc,folate_deficiency,no_demographics,development_oof,0.16947048749050975,0.07570506949860824,120.0,0.35,0.11666666666666667,0.9528985507246377,0.38512578045575263,0.7951237922705313,0.12754068683520522,,
672,0.9568452380952381,0.48897338403041823,0.156968086820033,0.0,,logistic_cbc,B6_deficiency,available,development_oof,0.0,0.0,28.0,0.0,0.0,0.9984472049689441,0.12972535293995918,0.7702972493345164,0.039368547439650854,,
672,0.9568452380952381,0.48897338403041823,0.1705645363405178,0.0,,logistic_cbc,B6_deficiency,drop30,development_oof,0.0,0.0,28.0,0.0,0.0,0.9984472049689441,0.08984970666246361,0.7288708961845608,0.040580077705617654,,
672,0.9553571428571429,0.4885844748858447,0.18113043082983876,0.0,,logistic_cbc,B6_deficiency,drop60,development_oof,0.0,0.0,28.0,0.0,0.0,0.9968944099378882,0.10123772690414948,0.6602151730257321,0.04079926324190616,,
672,0.9568452380952381,0.48897338403041823,0.156968086820033,0.0,,logistic_cbc,B6_deficiency,cbc_only,development_oof,0.0,0.0,28.0,0.0,0.0,0.9984472049689441,0.12972535293995918,0.7702972493345164,0.039368547439650854,,
672,0.9583333333333334,0.48936170212765956,0.20227401584530244,0.0,,logistic_cbc,B6_deficiency,hb_only,development_oof,0.0,0.0,28.0,0.0,0.0,1.0,0.044317839202764484,0.4924578527062999,0.04071052888939066,,
672,0.9568452380952381,0.48897338403041823,0.156968086820033,0.0,,logistic_cbc,B6_deficiency,no_iron,development_oof,0.0,0.0,28.0,0.0,0.0,0.9984472049689441,0.12972535293995918,0.7702972493345164,0.039368547439650854,,
672,0.9568452380952381,0.48897338403041823,0.156968086820033,0.0,,logistic_cbc,B6_deficiency,no_B12,development_oof,0.0,0.0,28.0,0.0,0.0,0.9984472049689441,0.12972535293995918,0.7702972493345164,0.039368547439650854,,
672,0.9568452380952381,0.48897338403041823,0.156968086820033,0.0,,logistic_cbc,B6_deficiency,no_folate,development_oof,0.0,0.0,28.0,0.0,0.0,0.9984472049689441,0.12972535293995918,0.7702972493345164,0.039368547439650854,,
672,0.9568452380952381,0.48897338403041823,0.156968086820033,0.0,,logistic_cbc,B6_deficiency,no_B6,development_oof,0.0,0.0,28.0,0.0,0.0,0.9984472049689441,0.12972535293995918,0.7702972493345164,0.039368547439650854,,
672,0.9568452380952381,0.48897338403041823,0.156968086820033,0.0,,logistic_cbc,B6_deficiency,no_copper,development_oof,0.0,0.0,28.0,0.0,0.0,0.9984472049689441,0.12972535293995918,0.7702972493345164,0.039368547439650854,,
672,0.9568452380952381,0.48897338403041823,0.1592401321259255,0.0,,logistic_cbc,B6_deficiency,no_hemoglobin,development_oof,0.0,0.0,28.0,0.0,0.0,0.9984472049689441,0.13054517438236996,0.7569875776397516,0.03942422088789197,,
672,0.9568452380952381,0.48897338403041823,0.1564559516732691,0.0,,logistic_cbc,B6_deficiency,no_demographics,development_oof,0.0,0.0,28.0,0.0,0.0,0.9984472049689441,0.14494438871666168,0.7721827861579414,0.03904433577109915,,
672,0.9568452380952381,0.521214652482618,0.1313495771306109,0.06451612903225806,,logistic_cbc,copper_deficiency,available,development_oof,0.06666666666666667,0.14907119849998599,28.0,0.3333333333333333,0.03571428571428571,0.9968944099378882,0.2382071429150172,0.8841503992901508,0.03619418765862431,,
672,0.9583333333333334,0.48936170212765956,0.15361045642623747,0.0,,logistic_cbc,copper_deficiency,drop30,development_oof,0.0,0.0,28.0,0.0,0.0,1.0,0.1667238097581491,0.8047914818101153,0.03785194173240745,,
672,0.9583333333333334,0.48936170212765956,0.20077965245858226,0.0,,logistic_cbc,copper_deficiency,drop60,development_oof,0.0,0.0,28.0,0.0,0.0,1.0,0.10468358736380609,0.6640971606033719,0.039965888141496604,,
672,0.9568452380952381,0.521214652482618,0.1313495771306109,0.06451612903225806,,logistic_cbc,copper_deficiency,cbc_only,development_oof,0.06666666666666667,0.14907119849998599,28.0,0.3333333333333333,0.03571428571428571,0.9968944099378882,0.2382071429150172,0.8841503992901508,0.03619418765862431,,
672,0.9583333333333334,0.48936170212765956,0.25883453523233146,0.0,,logistic_cbc,copper_deficiency,hb_only,development_oof,0.0,0.0,28.0,0.0,0.0,1.0,0.031974117405536816,0.37993566992014194,0.041493978102624826,,
672,0.9568452380952381,0.521214652482618,0.1313495771306109,0.06451612903225806,,logistic_cbc,copper_deficiency,no_iron,development_oof,0.06666666666666667,0.14907119849998599,28.0,0.3333333333333333,0.03571428571428571,0.9968944099378882,0.2382071429150172,0.8841503992901508,0.03619418765862431,,
672,0.9568452380952381,0.521214652482618,0.1313495771306109,0.06451612903225806,,logistic_cbc,copper_deficiency,no_B12,development_oof,0.06666666666666667,0.14907119849998599,28.0,0.3333333333333333,0.03571428571428571,0.9968944099378882,0.2382071429150172,0.8841503992901508,0.03619418765862431,,
672,0.9568452380952381,0.521214652482618,0.1313495771306109,0.06451612903225806,,logistic_cbc,copper_deficiency,no_folate,development_oof,0.06666666666666667,0.14907119849998599,28.0,0.3333333333333333,0.03571428571428571,0.9968944099378882,0.2382071429150172,0.8841503992901508,0.03619418765862431,,
672,0.9568452380952381,0.521214652482618,0.1313495771306109,0.06451612903225806,,logistic_cbc,copper_deficiency,no_B6,development_oof,0.06666666666666667,0.14907119849998599,28.0,0.3333333333333333,0.03571428571428571,0.9968944099378882,0.2382071429150172,0.8841503992901508,0.03619418765862431,,
672,0.9568452380952381,0.521214652482618,0.1313495771306109,0.06451612903225806,,logistic_cbc,copper_deficiency,no_copper,development_oof,0.06666666666666667,0.14907119849998599,28.0,0.3333333333333333,0.03571428571428571,0.9968944099378882,0.2382071429150172,0.8841503992901508,0.03619418765862431,,
672,0.9568452380952381,0.521214652482618,0.13139647777170135,0.06451612903225806,,logistic_cbc,copper_deficiency,no_hemoglobin,development_oof,0.06666666666666667,0.14907119849998599,28.0,0.3333333333333333,0.03571428571428571,0.9968944099378882,0.23626501673083936,0.8835958296362023,0.03618766384799731,,
672,0.9568452380952381,0.521214652482618,0.12938412289442247,0.06451612903225806,,logistic_cbc,copper_deficiency,no_demographics,development_oof,0.06666666666666667,0.14907119849998599,28.0,0.3333333333333333,0.03571428571428571,0.9968944099378882,0.2362446160996671,0.8898070097604259,0.035884800975989686,,
672,0.9360119047619048,0.7108520538349927,0.16908999280583514,0.45569620253164556,,logistic_cbc,inflammation_anemia,available,development_oof,0.4541176470588235,0.08709061422739646,52.0,0.6666666666666666,0.34615384615384615,0.9854838709677419,0.5087132384330775,0.9325062034739453,0.04968088481126784,,
672,0.9241071428571429,0.5753317720530835,0.20273070795780232,0.19047619047619047,,logistic_cbc,inflammation_anemia,drop30,development_oof,0.16136363636363638,0.16278185981336346,52.0,0.5454545454545454,0.11538461538461539,0.9919354838709677,0.4410654226775597,0.8925558312655087,0.0561445965336468,,
672,0.9181547619047619,0.49617633828160146,0.3132527604839452,0.03508771929824561,,logistic_cbc,inflammation_anemia,drop60,development_oof,0.03076923076923077,0.06880209161537815,52.0,0.2,0.019230769230769232,0.9935483870967742,0.188398489513933,0.6798697270471464,0.07090922119558477,,
672,0.9360119047619048,0.7108520538349927,0.16908999280583514,0.45569620253164556,,logistic_cbc,inflammation_anemia,cbc_only,development_oof,0.4541176470588235,0.08709061422739646,52.0,0.6666666666666666,0.34615384615384615,0.9854838709677419,0.5087132384330775,0.9325062034739453,0.04968088481126784,,
672,0.9226190476190477,0.47987616099071206,0.3633897396176212,0.0,,logistic_cbc,inflammation_anemia,hb_only,development_oof,0.0,0.0,52.0,0.0,0.0,1.0,0.11573053365768277,0.6865384615384615,0.07451403298211565,,
672,0.9360119047619048,0.7108520538349927,0.16908999280583514,0.45569620253164556,,logistic_cbc,inflammation_anemia,no_iron,development_oof,0.4541176470588235,0.08709061422739646,52.0,0.6666666666666666,0.34615384615384615,0.9854838709677419,0.5087132384330775,0.9325062034739453,0.04968088481126784,,
672,0.9360119047619048,0.7108520538349927,0.16908999280583514,0.45569620253164556,,logistic_cbc,inflammation_anemia,no_B12,development_oof,0.4541176470588235,0.08709061422739646,52.0,0.6666666666666666,0.34615384615384615,0.9854838709677419,0.5087132384330775,0.9325062034739453,0.04968088481126784,,
672,0.9360119047619048,0.7108520538349927,0.16908999280583514,0.45569620253164556,,logistic_cbc,inflammation_anemia,no_folate,development_oof,0.4541176470588235,0.08709061422739646,52.0,0.6666666666666666,0.34615384615384615,0.9854838709677419,0.5087132384330775,0.9325062034739453,0.04968088481126784,,
672,0.9360119047619048,0.7108520538349927,0.16908999280583514,0.45569620253164556,,logistic_cbc,inflammation_anemia,no_B6,development_oof,0.4541176470588235,0.08709061422739646,52.0,0.6666666666666666,0.34615384615384615,0.9854838709677419,0.5087132384330775,0.9325062034739453,0.04968088481126784,,
672,0.9360119047619048,0.7108520538349927,0.16908999280583514,0.45569620253164556,,logistic_cbc,inflammation_anemia,no_copper,development_oof,0.4541176470588235,0.08709061422739646,52.0,0.6666666666666666,0.34615384615384615,0.9854838709677419,0.5087132384330775,0.9325062034739453,0.04968088481126784,,
672,0.9315476190476191,0.6943037974683545,0.18547300036275544,0.425,,logistic_cbc,inflammation_anemia,no_hemoglobin,development_oof,0.4207843137254902,0.06570236852881363,52.0,0.6071428571428571,0.3269230769230769,0.9822580645161291,0.4839031804360307,0.8980148883374689,0.051203889471706635,,
672,0.9345238095238095,0.693176158060767,0.1831640664160454,0.42105263157894735,,logistic_cbc,inflammation_anemia,no_demographics,development_oof,0.41730253234897197,0.05513721706539435,52.0,0.6666666666666666,0.3076923076923077,0.9870967741935484,0.480029732953128,0.9068238213399503,0.051728307066439196,,
672,0.5625,0.4688270931468226,1.2090634957929978,0.4688270931468226,0.5820510848560329,extra_trees_cbc,anemia_class,available,development_oof,0.46291491858938605,0.02781103624451745,,,,,,,,,
672,0.40922619047619047,0.34430181410112565,1.6149439615085104,0.34430181410112565,0.7158447717455552,extra_trees_cbc,anemia_class,drop30,development_oof,0.3387561653667068,0.03670827887759205,,,,,,,,,
672,0.26339285714285715,0.22047133602898952,2.1285565796863883,0.22047133602898952,0.8426080092989201,extra_trees_cbc,anemia_class,drop60,development_oof,0.21284679819765612,0.037830184934355235,,,,,,,,,
672,0.5625,0.4688270931468226,1.2090634957929978,0.4688270931468226,0.5820510848560329,extra_trees_cbc,anemia_class,cbc_only,development_oof,0.46291491858938605,0.02781103624451745,,,,,,,,,
672,0.16517857142857142,0.08024137701863383,2.256441630452619,0.08024137701863383,0.8955500824932155,extra_trees_cbc,anemia_class,hb_only,development_oof,0.0760340336359375,0.023985560778231965,,,,,,,,,
672,0.5625,0.4688270931468226,1.2090634957929978,0.4688270931468226,0.5820510848560329,extra_trees_cbc,anemia_class,no_iron,development_oof,0.46291491858938605,0.02781103624451745,,,,,,,,,
672,0.5625,0.4688270931468226,1.2090634957929978,0.4688270931468226,0.5820510848560329,extra_trees_cbc,anemia_class,no_B12,development_oof,0.46291491858938605,0.02781103624451745,,,,,,,,,
672,0.5625,0.4688270931468226,1.2090634957929978,0.4688270931468226,0.5820510848560329,extra_trees_cbc,anemia_class,no_folate,development_oof,0.46291491858938605,0.02781103624451745,,,,,,,,,
672,0.5625,0.4688270931468226,1.2090634957929978,0.4688270931468226,0.5820510848560329,extra_trees_cbc,anemia_class,no_B6,development_oof,0.46291491858938605,0.02781103624451745,,,,,,,,,
672,0.5625,0.4688270931468226,1.2090634957929978,0.4688270931468226,0.5820510848560329,extra_trees_cbc,anemia_class,no_copper,development_oof,0.46291491858938605,0.02781103624451745,,,,,,,,,
672,0.4955357142857143,0.4112312746418724,1.492450372972168,0.4112312746418724,0.6754230899357255,extra_trees_cbc,anemia_class,no_hemoglobin,development_oof,0.4037780882431917,0.0383565914738706,,,,,,,,,
672,0.5654761904761905,0.4724303351116974,1.2250905454236392,0.4724303351116974,0.5834867111327047,extra_trees_cbc,anemia_class,no_demographics,development_oof,0.46583867640334053,0.03315513210006108,,,,,,,,,
672,0.8556547619047619,0.8359304798701217,0.35312134292534997,0.7790432801822323,,extra_trees_cbc,iron_deficiency,available,development_oof,0.7767371590546033,0.04907376448675108,233.0,0.8300970873786407,0.7339055793991416,0.9202733485193622,0.8536250499054826,0.9147985570013786,0.10901562836460595,,
672,0.7708333333333334,0.7226890756302521,0.44864288273537206,0.6071428571428571,,extra_trees_cbc,iron_deficiency,drop30,development_oof,0.5973248806956671,0.12182265775160797,233.0,0.7484276729559748,0.5107296137339056,0.908883826879271,0.7645831776525034,0.8555241624057798,0.1470929229762585,,
672,0.7247023809523809,0.6246093455121915,0.5387166673800937,0.4307692307692308,,extra_trees_cbc,iron_deficiency,drop60,development_oof,0.4229355390916819,0.09745851318998042,233.0,0.7608695652173914,0.30042918454935624,0.9498861047835991,0.644927298630031,0.7642808959105264,0.18276146976473095,,
672,0.8556547619047619,0.8359304798701217,0.35312134292534997,0.7790432801822323,,extra_trees_cbc,iron_deficiency,cbc_only,development_oof,0.7767371590546033,0.04907376448675108,233.0,0.8300970873786407,0.7339055793991416,0.9202733485193622,0.8536250499054826,0.9147985570013786,0.10901562836460595,,
672,0.6532738095238095,0.3951395139513951,0.660356416264445,0.0,,extra_trees_cbc,iron_deficiency,hb_only,development_oof,0.0,0.0,233.0,0.0,0.0,1.0,0.362105731222457,0.5069021478780295,0.23242696598058715,,
672,0.8556547619047619,0.8359304798701217,0.35312134292534997,0.7790432801822323,,extra_trees_cbc,iron_deficiency,no_iron,development_oof,0.7767371590546033,0.04907376448675108,233.0,0.8300970873786407,0.7339055793991416,0.9202733485193622,0.8536250499054826,0.9147985570013786,0.10901562836460595,,
672,0.8556547619047619,0.8359304798701217,0.35312134292534997,0.7790432801822323,,extra_trees_cbc,iron_deficiency,no_B12,development_oof,0.7767371590546033,0.04907376448675108,233.0,0.8300970873786407,0.7339055793991416,0.9202733485193622,0.8536250499054826,0.9147985570013786,0.10901562836460592,,
672,0.8556547619047619,0.8359304798701217,0.35312134292534997,0.7790432801822323,,extra_trees_cbc,iron_deficiency,no_folate,development_oof,0.7767371590546033,0.04907376448675108,233.0,0.8300970873786407,0.7339055793991416,0.9202733485193622,0.8536250499054826,0.9147985570013786,0.10901562836460592,,
672,0.8556547619047619,0.8359304798701217,0.35312134292534997,0.7790432801822323,,extra_trees_cbc,iron_deficiency,no_B6,development_oof,0.7767371590546033,0.04907376448675108,233.0,0.8300970873786407,0.7339055793991416,0.9202733485193622,0.8536250499054826,0.9147985570013786,0.10901562836460595,,
672,0.8556547619047619,0.8359304798701217,0.35312134292534997,0.7790432801822323,,extra_trees_cbc,iron_deficiency,no_copper,development_oof,0.7767371590546033,0.04907376448675108,233.0,0.8300970873786407,0.7339055793991416,0.9202733485193622,0.8536250499054826,0.9147985570013786,0.10901562836460592,,
672,0.8586309523809523,0.8373648209713783,0.35908335638260835,0.7785547785547785,,extra_trees_cbc,iron_deficiency,no_hemoglobin,development_oof,0.7763695152876858,0.04661130553083399,233.0,0.8520408163265306,0.7167381974248928,0.9339407744874715,0.8514008664867192,0.9129996969311839,0.11136416744708082,,
672,0.8556547619047619,0.8370624039194611,0.35085648783732964,0.7820224719101123,,extra_trees_cbc,iron_deficiency,no_demographics,development_oof,0.7808716533261881,0.027466448911571604,233.0,0.8207547169811321,0.7467811158798283,0.9134396355353075,0.8554903657764563,0.9157761983438757,0.10825303245001706,,
672,0.8110119047619048,0.6908083746644301,0.37798407778642856,0.4980237154150198,,extra_trees_cbc,B12_deficiency,available,development_oof,0.4946044060952744,0.08232321119336017,155.0,0.6428571428571429,0.4064516129032258,0.9323017408123792,0.6284002979759276,0.8628065140076122,0.12256577536426928,,
672,0.8005952380952381,0.6189057421451788,0.43320989210996463,0.3557692307692308,,extra_trees_cbc,B12_deficiency,drop30,development_oof,0.35549194991055455,0.037787580187066176,155.0,0.6981132075471698,0.23870967741935484,0.9690522243713733,0.559481853773971,0.804405066450365,0.13948613310688593,,
672,0.78125,0.5217637575704762,0.4915249683312073,0.1694915254237288,,extra_trees_cbc,B12_deficiency,drop60,development_oof,0.16732652967947087,0.05771278644013477,155.0,0.6818181818181818,0.0967741935483871,0.9864603481624759,0.4670628063210574,0.7280838584888002,0.15852320073174977,,
672,0.8110119047619048,0.6908083746644301,0.37798407778642856,0.4980237154150198,,extra_trees_cbc,B12_deficiency,cbc_only,development_oof,0.4946044060952744,0.08232321119336017,155.0,0.6428571428571429,0.4064516129032258,0.9323017408123792,0.6284002979759276,0.8628065140076122,0.12256577536426928,,
672,0.7693452380952381,0.4348191757779647,0.5886297154490254,0.0,,extra_trees_cbc,B12_deficiency,hb_only,development_oof,0.0,0.0,155.0,0.0,0.0,1.0,0.2233523999021319,0.48425781493729336,0.18926863631038313,,
672,0.8110119047619048,0.6908083746644301,0.37798407778642856,0.4980237154150198,,extra_trees_cbc,B12_deficiency,no_iron,development_oof,0.4946044060952744,0.08232321119336017,155.0,0.6428571428571429,0.4064516129032258,0.9323017408123792,0.6284002979759276,0.8628065140076122,0.12256577536426928,,
672,0.8110119047619048,0.6908083746644301,0.37798407778642845,0.4980237154150198,,extra_trees_cbc,B12_deficiency,no_B12,development_oof,0.4946044060952744,0.08232321119336017,155.0,0.6428571428571429,0.4064516129032258,0.9323017408123792,0.6284002979759276,0.8628065140076122,0.12256577536426928,,
672,0.8110119047619048,0.6908083746644301,0.37798407778642856,0.4980237154150198,,extra_trees_cbc,B12_deficiency,no_folate,development_oof,0.4946044060952744,0.08232321119336017,155.0,0.6428571428571429,0.4064516129032258,0.9323017408123792,0.6284002979759276,0.8628065140076122,0.12256577536426928,,
672,0.8110119047619048,0.6908083746644301,0.37798407778642856,0.4980237154150198,,extra_trees_cbc,B12_deficiency,no_B6,development_oof,0.4946044060952744,0.08232321119336017,155.0,0.6428571428571429,0.4064516129032258,0.9323017408123792,0.6284002979759276,0.8628065140076122,0.12256577536426928,,
672,0.8110119047619048,0.6908083746644301,0.37798407778642845,0.4980237154150198,,extra_trees_cbc,B12_deficiency,no_copper,development_oof,0.4946044060952744,0.08232321119336017,155.0,0.6428571428571429,0.4064516129032258,0.9323017408123792,0.6284002979759276,0.8628065140076122,0.12256577536426928,,
672,0.8154761904761905,0.6971916971916972,0.3812752639744354,0.5079365079365079,,extra_trees_cbc,B12_deficiency,no_hemoglobin,development_oof,0.505685618729097,0.06986084918617058,155.0,0.6597938144329897,0.4129032258064516,0.9361702127659575,0.6220262475962458,0.859586947026892,0.1231600563450128,,
672,0.8169642857142857,0.6968476646311272,0.3794221822140029,0.5060240963855421,,extra_trees_cbc,B12_deficiency,no_demographics,development_oof,0.5025291521161359,0.08289800070000772,155.0,0.6702127659574468,0.4064516129032258,0.9400386847195358,0.6303701225973746,0.8598864416297499,0.1231926829900247,,
672,0.8273809523809523,0.6013664164297257,0.3857134525406173,0.30120481927710846,,extra_trees_cbc,folate_deficiency,available,development_oof,0.30239941863456293,0.09938162899633243,120.0,0.5434782608695652,0.20833333333333334,0.9619565217391305,0.47598801605883817,0.7877415458937198,0.12110649872870843,,
672,0.8244047619047619,0.5235417117311991,0.4095806887315498,0.14492753623188406,,extra_trees_cbc,folate_deficiency,drop30,development_oof,0.14199735449735448,0.0643472975109054,120.0,0.5555555555555556,0.08333333333333333,0.9855072463768116,0.3946047695339169,0.7508001207729469,0.12908985792538025,,
672,0.8214285714285714,0.46694870438921204,0.4439788553706999,0.03225806451612903,,extra_trees_cbc,folate_deficiency,drop60,development_oof,0.0301994301994302,0.04136453883277843,120.0,0.5,0.016666666666666666,0.9963768115942029,0.32562620833660183,0.669489734299517,0.13760929332184463,,
672,0.8273809523809523,0.6013664164297257,0.3857134525406173,0.30120481927710846,,extra_trees_cbc,folate_deficiency,cbc_only,development_oof,0.30239941863456293,0.09938162899633243,120.0,0.5434782608695652,0.20833333333333334,0.9619565217391305,0.47598801605883817,0.7877415458937198,0.12110649872870843,,
672,0.8214285714285714,0.45098039215686275,0.4876894227376386,0.0,,extra_trees_cbc,folate_deficiency,hb_only,development_oof,0.0,0.0,120.0,0.0,0.0,1.0,0.20759597798734813,0.5394927536231885,0.14902315405850275,,
672,0.8273809523809523,0.6013664164297257,0.3857134525406173,0.30120481927710846,,extra_trees_cbc,folate_deficiency,no_iron,development_oof,0.30239941863456293,0.09938162899633243,120.0,0.5434782608695652,0.20833333333333334,0.9619565217391305,0.47598801605883817,0.7877415458937198,0.12110649872870843,,
672,0.8273809523809523,0.6013664164297257,0.3857134525406173,0.30120481927710846,,extra_trees_cbc,folate_deficiency,no_B12,development_oof,0.30239941863456293,0.09938162899633243,120.0,0.5434782608695652,0.20833333333333334,0.9619565217391305,0.47598801605883817,0.7877415458937198,0.12110649872870843,,
672,0.8273809523809523,0.6013664164297257,0.3857134525406173,0.30120481927710846,,extra_trees_cbc,folate_deficiency,no_folate,development_oof,0.30239941863456293,0.09938162899633243,120.0,0.5434782608695652,0.20833333333333334,0.9619565217391305,0.47598801605883817,0.7877415458937198,0.12110649872870843,,
672,0.8273809523809523,0.6013664164297257,0.3857134525406173,0.30120481927710846,,extra_trees_cbc,folate_deficiency,no_B6,development_oof,0.30239941863456293,0.09938162899633243,120.0,0.5434782608695652,0.20833333333333334,0.9619565217391305,0.47598801605883817,0.7877415458937198,0.12110649872870843,,
672,0.8273809523809523,0.6013664164297257,0.3857134525406173,0.30120481927710846,,extra_trees_cbc,folate_deficiency,no_copper,development_oof,0.30239941863456293,0.09938162899633243,120.0,0.5434782608695652,0.20833333333333334,0.9619565217391305,0.47598801605883817,0.7877415458937198,0.12110649872870843,,
672,0.8273809523809523,0.5971889210417528,0.3894392536481951,0.2926829268292683,,extra_trees_cbc,folate_deficiency,no_hemoglobin,development_oof,0.29172703564184294,0.07004054601258357,120.0,0.5454545454545454,0.2,0.9637681159420289,0.44407979911525414,0.7846618357487923,0.12209064478151609,,
672,0.8288690476190477,0.5942519019442096,0.38639108196962607,0.2857142857142857,,extra_trees_cbc,folate_deficiency,no_demographics,development_oof,0.2874547179575643,0.08991149222238756,120.0,0.5609756097560976,0.19166666666666668,0.967391304347826,0.46417856904380905,0.7867451690821256,0.12230542807440066,,
672,0.9613095238095238,0.5567732115677321,0.14498143637043853,0.13333333333333333,,extra_trees_cbc,B6_deficiency,available,development_oof,0.11428571428571428,0.15649215928719032,28.0,1.0,0.07142857142857142,1.0,0.2998791980664576,0.7968611357586514,0.03528523145991593,,
672,0.9583333333333334,0.48936170212765956,0.15440739362040137,0.0,,extra_trees_cbc,B6_deficiency,drop30,development_oof,0.0,0.0,28.0,0.0,0.0,1.0,0.14606609710316587,0.7680789707187223,0.038518283441254575,,
672,0.9583333333333334,0.48936170212765956,0.16561449163022965,0.0,,extra_trees_cbc,B6_deficiency,drop60,development_oof,0.0,0.0,28.0,0.0,0.0,1.0,0.1271983086032737,0.7152284826974269,0.03869706149739299,,
672,0.9613095238095238,0.5567732115677321,0.14498143637043853,0.13333333333333333,,extra_trees_cbc,B6_deficiency,cbc_only,development_oof,0.11428571428571428,0.15649215928719032,28.0,1.0,0.07142857142857142,1.0,0.2998791980664576,0.7968611357586514,0.03528523145991593,,
672,0.9583333333333334,0.48936170212765956,0.18137878031416327,0.0,,extra_trees_cbc,B6_deficiency,hb_only,development_oof,0.0,0.0,28.0,0.0,0.0,1.0,0.044619806873535166,0.5211568322981366,0.04040218458328558,,
672,0.9613095238095238,0.5567732115677321,0.14498143637043853,0.13333333333333333,,extra_trees_cbc,B6_deficiency,no_iron,development_oof,0.11428571428571428,0.15649215928719032,28.0,1.0,0.07142857142857142,1.0,0.2998791980664576,0.7968611357586514,0.03528523145991593,,
672,0.9613095238095238,0.5567732115677321,0.14498143637043853,0.13333333333333333,,extra_trees_cbc,B6_deficiency,no_B12,development_oof,0.11428571428571428,0.15649215928719032,28.0,1.0,0.07142857142857142,1.0,0.2998791980664576,0.7968611357586514,0.03528523145991593,,
672,0.9613095238095238,0.5567732115677321,0.14498143637043853,0.13333333333333333,,extra_trees_cbc,B6_deficiency,no_folate,development_oof,0.11428571428571428,0.15649215928719032,28.0,1.0,0.07142857142857142,1.0,0.2998791980664576,0.7968611357586514,0.03528523145991593,,
672,0.9613095238095238,0.5567732115677321,0.14498143637043853,0.13333333333333333,,extra_trees_cbc,B6_deficiency,no_B6,development_oof,0.11428571428571428,0.15649215928719032,28.0,1.0,0.07142857142857142,1.0,0.2998791980664576,0.7968611357586514,0.03528523145991593,,
672,0.9613095238095238,0.5567732115677321,0.14498143637043853,0.13333333333333333,,extra_trees_cbc,B6_deficiency,no_copper,development_oof,0.11428571428571428,0.15649215928719032,28.0,1.0,0.07142857142857142,1.0,0.2998791980664576,0.7968611357586514,0.03528523145991593,,
672,0.9583333333333334,0.48936170212765956,0.15001314736807878,0.0,,extra_trees_cbc,B6_deficiency,no_hemoglobin,development_oof,0.0,0.0,28.0,0.0,0.0,1.0,0.29339697500205375,0.779891304347826,0.03606730473701582,,
672,0.9613095238095238,0.5567732115677321,0.1505790320042465,0.13333333333333333,,extra_trees_cbc,B6_deficiency,no_demographics,development_oof,0.11428571428571428,0.15649215928719032,28.0,1.0,0.07142857142857142,1.0,0.28545894072623257,0.7918145519077197,0.03539581182810788,,
672,0.9583333333333334,0.48936170212765956,0.12131958402644691,0.0,,extra_trees_cbc,copper_deficiency,available,development_oof,0.0,0.0,28.0,0.0,0.0,1.0,0.25073187226916316,0.9173136645962733,0.03430033275527825,,
672,0.9583333333333334,0.48936170212765956,0.14036637065978894,0.0,,extra_trees_cbc,copper_deficiency,drop30,development_oof,0.0,0.0,28.0,0.0,0.0,1.0,0.1910548969947402,0.8344055013309672,0.03628580352311163,,
672,0.9583333333333334,0.48936170212765956,0.1670448567913716,0.0,,extra_trees_cbc,copper_deficiency,drop60,development_oof,0.0,0.0,28.0,0.0,0.0,1.0,0.09917282371374583,0.6928238686779059,0.03954674394893757,,
672,0.9583333333333334,0.48936170212765956,0.12131958402644691,0.0,,extra_trees_cbc,copper_deficiency,cbc_only,development_oof,0.0,0.0,28.0,0.0,0.0,1.0,0.25073187226916316,0.9173136645962733,0.03430033275527825,,
672,0.9583333333333334,0.48936170212765956,0.18929198255065074,0.0,,extra_trees_cbc,copper_deficiency,hb_only,development_oof,0.0,0.0,28.0,0.0,0.0,1.0,0.04066202184840559,0.48261424134871345,0.04060762692946495,,
672,0.9583333333333334,0.48936170212765956,0.12131958402644691,0.0,,extra_trees_cbc,copper_deficiency,no_iron,development_oof,0.0,0.0,28.0,0.0,0.0,1.0,0.25073187226916316,0.9173136645962733,0.03430033275527825,,
672,0.9583333333333334,0.48936170212765956,0.12131958402644691,0.0,,extra_trees_cbc,copper_deficiency,no_B12,development_oof,0.0,0.0,28.0,0.0,0.0,1.0,0.25073187226916316,0.9173136645962733,0.03430033275527825,,
672,0.9583333333333334,0.48936170212765956,0.12131958402644691,0.0,,extra_trees_cbc,copper_deficiency,no_folate,development_oof,0.0,0.0,28.0,0.0,0.0,1.0,0.25073187226916316,0.9173136645962733,0.03430033275527825,,
672,0.9583333333333334,0.48936170212765956,0.12131958402644691,0.0,,extra_trees_cbc,copper_deficiency,no_B6,development_oof,0.0,0.0,28.0,0.0,0.0,1.0,0.25073187226916316,0.9173136645962733,0.03430033275527825,,
672,0.9583333333333334,0.48936170212765956,0.12131958402644691,0.0,,extra_trees_cbc,copper_deficiency,no_copper,development_oof,0.0,0.0,28.0,0.0,0.0,1.0,0.25073187226916316,0.9173136645962733,0.03430033275527825,,
672,0.9583333333333334,0.48936170212765956,0.12590828594925801,0.0,,extra_trees_cbc,copper_deficiency,no_hemoglobin,development_oof,0.0,0.0,28.0,0.0,0.0,1.0,0.23819592027817663,0.9111024844720497,0.0346623482997615,,
672,0.9583333333333334,0.48936170212765956,0.12183301196953515,0.0,,extra_trees_cbc,copper_deficiency,no_demographics,development_oof,0.0,0.0,28.0,0.0,0.0,1.0,0.2780370689287312,0.9103815439219166,0.034663242377622694,,
672,0.9345238095238095,0.6684458398744113,0.14818739423933355,0.37142857142857144,,extra_trees_cbc,inflammation_anemia,available,development_oof,0.35323565323565326,0.14625765049743303,52.0,0.7222222222222222,0.25,0.9919354838709677,0.6122751555646465,0.9432071960297767,0.04511248802470752,,
672,0.9270833333333334,0.6039213327719974,0.18590983637062528,0.24615384615384617,,extra_trees_cbc,inflammation_anemia,drop30,development_oof,0.2203921568627451,0.22806543102901375,52.0,0.6153846153846154,0.15384615384615385,0.9919354838709677,0.4555056983708428,0.8946339950372209,0.05372179256367345,,
672,0.9211309523809523,0.544919054981281,0.24627474580679862,0.13114754098360656,,extra_trees_cbc,inflammation_anemia,drop60,development_oof,0.12683982683982684,0.12452567377340847,52.0,0.4444444444444444,0.07692307692307693,0.9919354838709677,0.22829331983898898,0.719168734491315,0.0676696859041835,,
672,0.9345238095238095,0.6684458398744113,0.14818739423933355,0.37142857142857144,,extra_trees_cbc,inflammation_anemia,cbc_only,development_oof,0.35323565323565326,0.14625765049743303,52.0,0.7222222222222222,0.25,0.9919354838709677,0.6122751555646465,0.9432071960297767,0.04511248802470752,,
672,0.9226190476190477,0.47987616099071206,0.24341765672369467,0.0,,extra_trees_cbc,inflammation_anemia,hb_only,development_oof,0.0,0.0,52.0,0.0,0.0,1.0,0.12139153027336852,0.6869727047146402,0.06968746596023959,,
672,0.9345238095238095,0.6684458398744113,0.14818739423933355,0.37142857142857144,,extra_trees_cbc,inflammation_anemia,no_iron,development_oof,0.35323565323565326,0.14625765049743303,52.0,0.7222222222222222,0.25,0.9919354838709677,0.6122751555646465,0.9432071960297767,0.04511248802470752,,
672,0.9345238095238095,0.6684458398744113,0.14818739423933355,0.37142857142857144,,extra_trees_cbc,inflammation_anemia,no_B12,development_oof,0.35323565323565326,0.14625765049743303,52.0,0.7222222222222222,0.25,0.9919354838709677,0.6122751555646465,0.9432071960297767,0.04511248802470752,,
672,0.9345238095238095,0.6684458398744113,0.14818739423933355,0.37142857142857144,,extra_trees_cbc,inflammation_anemia,no_folate,development_oof,0.35323565323565326,0.14625765049743303,52.0,0.7222222222222222,0.25,0.9919354838709677,0.6122751555646465,0.9432071960297767,0.04511248802470752,,
672,0.9345238095238095,0.6684458398744113,0.14818739423933355,0.37142857142857144,,extra_trees_cbc,inflammation_anemia,no_B6,development_oof,0.35323565323565326,0.14625765049743303,52.0,0.7222222222222222,0.25,0.9919354838709677,0.6122751555646465,0.9432071960297767,0.04511248802470752,,
672,0.9345238095238095,0.6684458398744113,0.14818739423933355,0.37142857142857144,,extra_trees_cbc,inflammation_anemia,no_copper,development_oof,0.35323565323565326,0.14625765049743303,52.0,0.7222222222222222,0.25,0.9919354838709677,0.6122751555646465,0.9432071960297767,0.04511248802470752,,
672,0.9375,0.6918238993710691,0.1804446089246841,0.4166666666666667,,extra_trees_cbc,inflammation_anemia,no_hemoglobin,development_oof,0.4056166056166056,0.10333667397214648,52.0,0.75,0.28846153846153844,0.9919354838709677,0.5961279016454685,0.9063275434243175,0.048609071628500124,,
672,0.9330357142857143,0.6562659846547314,0.15389166915256922,0.34782608695652173,,extra_trees_cbc,inflammation_anemia,no_demographics,development_oof,0.32503052503052504,0.16905719849867132,52.0,0.7058823529411765,0.23076923076923078,0.9919354838709677,0.6082076657392427,0.9364454094292803,0.045273754006828024,,
672,0.5610119047619048,0.47413381353953393,1.1945264823106052,0.47413381353953393,0.5708412243387787,catboost_cbc,anemia_class,available,development_oof,0.4652748498374656,0.05129972838400023,,,,,,,,,
672,0.34375,0.3085441608933194,1.8872950926153214,0.3085441608933194,0.7868987171823026,catboost_cbc,anemia_class,drop30,development_oof,0.29910802306498946,0.0525050543963033,,,,,,,,,
672,0.20089285714285715,0.14514116833541077,2.464260019905714,0.14514116833541077,0.9275617705984426,catboost_cbc,anemia_class,drop60,development_oof,0.14037296567578955,0.03786148989820631,,,,,,,,,
672,0.5610119047619048,0.47413381353953393,1.1945264823106052,0.47413381353953393,0.5708412243387787,catboost_cbc,anemia_class,cbc_only,development_oof,0.4652748498374656,0.05129972838400023,,,,,,,,,
672,0.12351190476190477,0.04074128577693993,2.567571522591563,0.04074128577693993,0.9456287358169497,catboost_cbc,anemia_class,hb_only,development_oof,0.03611762974193645,0.007000911566999665,,,,,,,,,
672,0.5610119047619048,0.47413381353953393,1.1945264823106052,0.47413381353953393,0.5708412243387787,catboost_cbc,anemia_class,no_iron,development_oof,0.4652748498374656,0.05129972838400023,,,,,,,,,
672,0.5610119047619048,0.47413381353953393,1.1945264823106052,0.47413381353953393,0.5708412243387787,catboost_cbc,anemia_class,no_B12,development_oof,0.4652748498374656,0.05129972838400023,,,,,,,,,
672,0.5610119047619048,0.47413381353953393,1.1945264823106052,0.47413381353953393,0.5708412243387787,catboost_cbc,anemia_class,no_folate,development_oof,0.4652748498374656,0.05129972838400023,,,,,,,,,
672,0.5610119047619048,0.47413381353953393,1.1945264823106052,0.47413381353953393,0.5708412243387787,catboost_cbc,anemia_class,no_B6,development_oof,0.4652748498374656,0.05129972838400023,,,,,,,,,
672,0.5610119047619048,0.47413381353953393,1.1945264823106052,0.47413381353953393,0.5708412243387787,catboost_cbc,anemia_class,no_copper,development_oof,0.4652748498374656,0.05129972838400023,,,,,,,,,
672,0.4107142857142857,0.327210735251891,1.582143925185063,0.327210735251891,0.7008191313590642,catboost_cbc,anemia_class,no_hemoglobin,development_oof,0.31859886009816474,0.05996920350715187,,,,,,,,,
672,0.5476190476190477,0.44991324690716666,1.2107016781727344,0.44991324690716666,0.5763969629662189,catboost_cbc,anemia_class,no_demographics,development_oof,0.44168586265645765,0.04401911963203146,,,,,,,,,
672,0.8467261904761905,0.8265884657879508,0.3690151658770652,0.7674943566591422,,catboost_cbc,iron_deficiency,available,development_oof,0.7652035539047664,0.04016486732653874,233.0,0.8095238095238095,0.7296137339055794,0.908883826879271,0.8435087091943791,0.9047386275870833,0.11364826269833242,,
672,0.7157738095238095,0.6853369551094255,0.5840396604701092,0.5874730021598272,,catboost_cbc,iron_deficiency,drop30,development_oof,0.5808782825768888,0.10649772582166576,233.0,0.591304347826087,0.5836909871244635,0.785876993166287,0.6513472145998772,0.7728939161379256,0.19089662943816374,,
672,0.6130952380952381,0.598529411764706,0.743816573213783,0.5220588235294118,,catboost_cbc,iron_deficiency,drop60,development_oof,0.5151140930680572,0.0708286190668714,233.0,0.4565916398713826,0.6094420600858369,0.6150341685649203,0.5079078934258798,0.6487432420542201,0.255841557575466,,
672,0.8467261904761905,0.8265884657879508,0.3690151658770652,0.7674943566591422,,catboost_cbc,iron_deficiency,cbc_only,development_oof,0.7652035539047664,0.04016486732653874,233.0,0.8095238095238095,0.7296137339055794,0.908883826879271,0.8435087091943791,0.9047386275870833,0.11364826269833242,,
672,0.5505952380952381,0.5336764705882353,0.712127544766509,0.44485294117647056,,catboost_cbc,iron_deficiency,hb_only,development_oof,0.3789708383107301,0.22254541318818835,233.0,0.3890675241157556,0.51931330472103,0.5671981776765376,0.4190528410919738,0.5538680379715897,0.2576285171630922,,
672,0.8467261904761905,0.8265884657879508,0.3690151658770652,0.7674943566591422,,catboost_cbc,iron_deficiency,no_iron,development_oof,0.7652035539047664,0.04016486732653874,233.0,0.8095238095238095,0.7296137339055794,0.908883826879271,0.8435087091943791,0.9047386275870833,0.11364826269833242,,
672,0.8467261904761905,0.8265884657879508,0.3690151658770652,0.7674943566591422,,catboost_cbc,iron_deficiency,no_B12,development_oof,0.7652035539047664,0.04016486732653874,233.0,0.8095238095238095,0.7296137339055794,0.908883826879271,0.8435087091943791,0.9047386275870833,0.11364826269833242,,
672,0.8467261904761905,0.8265884657879508,0.3690151658770652,0.7674943566591422,,catboost_cbc,iron_deficiency,no_folate,development_oof,0.7652035539047664,0.04016486732653874,233.0,0.8095238095238095,0.7296137339055794,0.908883826879271,0.8435087091943791,0.9047386275870833,0.11364826269833242,,
672,0.8467261904761905,0.8265884657879508,0.3690151658770652,0.7674943566591422,,catboost_cbc,iron_deficiency,no_B6,development_oof,0.7652035539047664,0.04016486732653874,233.0,0.8095238095238095,0.7296137339055794,0.908883826879271,0.8435087091943791,0.9047386275870833,0.11364826269833242,,
672,0.8467261904761905,0.8265884657879508,0.3690151658770652,0.7674943566591422,,catboost_cbc,iron_deficiency,no_copper,development_oof,0.7652035539047664,0.04016486732653874,233.0,0.8095238095238095,0.7296137339055794,0.908883826879271,0.8435087091943791,0.9047386275870833,0.11364826269833242,,
672,0.8526785714285714,0.8362246593552676,0.3743716976363967,0.7843137254901961,,catboost_cbc,iron_deficiency,no_hemoglobin,development_oof,0.7834500334513985,0.02302974607393215,233.0,0.7964601769911505,0.7725321888412017,0.8952164009111617,0.8377933025485114,0.9044551115977593,0.11642176100277395,,
672,0.8363095238095238,0.8207478539211407,0.3938540956260891,0.7679324894514767,,catboost_cbc,iron_deficiency,no_demographics,development_oof,0.7668522548264195,0.01716727287879796,233.0,0.7551867219917012,0.7811158798283262,0.8656036446469249,0.8393064160089355,0.8980711136312532,0.12099051918231034,,
672,0.8050595238095238,0.6955753436500389,0.42658219645705986,0.5130111524163569,,catboost_cbc,B12_deficiency,available,development_oof,0.5145923753665689,0.04918867556533368,155.0,0.6052631578947368,0.44516129032258067,0.9129593810444874,0.5703337343936724,0.8356648156236353,0.13868794942426527,,
672,0.7916666666666666,0.610950293606815,0.5614384484958371,0.34579439252336447,,catboost_cbc,B12_deficiency,drop30,development_oof,0.3427385182852773,0.09869683127128777,155.0,0.6271186440677966,0.23870967741935484,0.9574468085106383,0.4866586570538758,0.7337617770013104,0.16420119630708074,,
672,0.7872023809523809,0.5477047768317307,0.7014922875071831,0.2185792349726776,,catboost_cbc,B12_deficiency,drop60,development_oof,0.21517335517335517,0.07402671194305932,155.0,0.7142857142857143,0.12903225806451613,0.9845261121856866,0.3812631670319049,0.6333187745679167,0.18774301435297497,,
672,0.8050595238095238,0.6955753436500389,0.42658219645705986,0.5130111524163569,,catboost_cbc,B12_deficiency,cbc_only,development_oof,0.5145923753665689,0.04918867556533368,155.0,0.6052631578947368,0.44516129032258067,0.9129593810444874,0.5703337343936724,0.8356648156236353,0.13868794942426527,,
672,0.7693452380952381,0.4348191757779647,0.8563906252224162,0.0,,catboost_cbc,B12_deficiency,hb_only,development_oof,0.0,0.0,155.0,0.0,0.0,1.0,0.23495310317609902,0.47887315155674803,0.2153690792890756,,
672,0.8050595238095238,0.6955753436500389,0.42658219645705986,0.5130111524163569,,catboost_cbc,B12_deficiency,no_iron,development_oof,0.5145923753665689,0.04918867556533368,155.0,0.6052631578947368,0.44516129032258067,0.9129593810444874,0.5703337343936724,0.8356648156236353,0.13868794942426527,,
672,0.8050595238095238,0.6955753436500389,0.42658219645705986,0.5130111524163569,,catboost_cbc,B12_deficiency,no_B12,development_oof,0.5145923753665689,0.04918867556533368,155.0,0.6052631578947368,0.44516129032258067,0.9129593810444874,0.5703337343936724,0.8356648156236353,0.13868794942426527,,
672,0.8050595238095238,0.6955753436500389,0.42658219645705986,0.5130111524163569,,catboost_cbc,B12_deficiency,no_folate,development_oof,0.5145923753665689,0.04918867556533368,155.0,0.6052631578947368,0.44516129032258067,0.9129593810444874,0.5703337343936724,0.8356648156236353,0.13868794942426527,,
672,0.8050595238095238,0.6955753436500389,0.42658219645705986,0.5130111524163569,,catboost_cbc,B12_deficiency,no_B6,development_oof,0.5145923753665689,0.04918867556533368,155.0,0.6052631578947368,0.44516129032258067,0.9129593810444874,0.5703337343936724,0.8356648156236353,0.13868794942426527,,
672,0.8050595238095238,0.6955753436500389,0.42658219645705986,0.5130111524163569,,catboost_cbc,B12_deficiency,no_copper,development_oof,0.5145923753665689,0.04918867556533368,155.0,0.6052631578947368,0.44516129032258067,0.9129593810444874,0.5703337343936724,0.8356648156236353,0.13868794942426527,,
672,0.8005952380952381,0.6823524431713959,0.4322688273728252,0.48854961832061067,,catboost_cbc,B12_deficiency,no_hemoglobin,development_oof,0.4744885143026584,0.12281315509327856,155.0,0.5981308411214953,0.4129032258064516,0.9168278529980658,0.5788321722018495,0.8299245024021964,0.13927839605449266,,
672,0.7946428571428571,0.6544858420268256,0.45309637435779504,0.4344262295081967,,catboost_cbc,B12_deficiency,no_demographics,development_oof,0.4352232412414783,0.04629785110402922,155.0,0.5955056179775281,0.3419354838709677,0.9303675048355899,0.5927673600366439,0.8321582329818431,0.14228745460402564,,
672,0.8348214285714286,0.6388828373491351,0.40870211178041677,0.3728813559322034,,catboost_cbc,folate_deficiency,available,development_oof,0.3733070876491929,0.08365878714548226,120.0,0.5789473684210527,0.275,0.9565217391304348,0.4637943815120676,0.7676932367149758,0.12448682761566983,,
672,0.8169642857142857,0.5515016685205785,0.518362387796505,0.2064516129032258,,catboost_cbc,folate_deficiency,drop30,development_oof,0.1808637873754153,0.16022773965475662,120.0,0.45714285714285713,0.13333333333333333,0.9655797101449275,0.31925191659650315,0.6692783816425121,0.14670865370379854,,
672,0.8229166666666666,0.48260534811948835,0.6175899724253354,0.06299212598425197,,catboost_cbc,folate_deficiency,drop60,development_oof,0.05714285714285714,0.07824607964359516,120.0,0.5714285714285714,0.03333333333333333,0.9945652173913043,0.23974987721199462,0.5861413043478262,0.16114377240706299,,
672,0.8348214285714286,0.6388828373491351,0.40870211178041677,0.3728813559322034,,catboost_cbc,folate_deficiency,cbc_only,development_oof,0.3733070876491929,0.08365878714548226,120.0,0.5789473684210527,0.275,0.9565217391304348,0.4637943815120676,0.7676932367149758,0.12448682761566983,,
672,0.8214285714285714,0.45098039215686275,0.6180352457336298,0.0,,catboost_cbc,folate_deficiency,hb_only,development_oof,0.0,0.0,120.0,0.0,0.0,1.0,0.1836828782817282,0.4965957125603865,0.16419706875678391,,
672,0.8348214285714286,0.6388828373491351,0.40870211178041677,0.3728813559322034,,catboost_cbc,folate_deficiency,no_iron,development_oof,0.3733070876491929,0.08365878714548226,120.0,0.5789473684210527,0.275,0.9565217391304348,0.4637943815120676,0.7676932367149758,0.12448682761566983,,
672,0.8348214285714286,0.6388828373491351,0.40870211178041677,0.3728813559322034,,catboost_cbc,folate_deficiency,no_B12,development_oof,0.3733070876491929,0.08365878714548226,120.0,0.5789473684210527,0.275,0.9565217391304348,0.4637943815120676,0.7676932367149758,0.12448682761566983,,
672,0.8348214285714286,0.6388828373491351,0.40870211178041677,0.3728813559322034,,catboost_cbc,folate_deficiency,no_folate,development_oof,0.3733070876491929,0.08365878714548226,120.0,0.5789473684210527,0.275,0.9565217391304348,0.4637943815120676,0.7676932367149758,0.12448682761566983,,
672,0.8348214285714286,0.6388828373491351,0.40870211178041677,0.3728813559322034,,catboost_cbc,folate_deficiency,no_B6,development_oof,0.3733070876491929,0.08365878714548226,120.0,0.5789473684210527,0.275,0.9565217391304348,0.4637943815120676,0.7676932367149758,0.12448682761566983,,
672,0.8348214285714286,0.6388828373491351,0.40870211178041677,0.3728813559322034,,catboost_cbc,folate_deficiency,no_copper,development_oof,0.3733070876491929,0.08365878714548226,120.0,0.5789473684210527,0.275,0.9565217391304348,0.4637943815120676,0.7676932367149758,0.12448682761566983,,
672,0.8229166666666666,0.6270410185854535,0.4118672378879334,0.3567567567567568,,catboost_cbc,folate_deficiency,no_hemoglobin,development_oof,0.34602830631900405,0.0984599309943209,120.0,0.5076923076923077,0.275,0.9420289855072463,0.44247622187699664,0.7727204106280193,0.12732419615328128,,
672,0.8318452380952381,0.5735250343994833,0.43478895063507156,0.24161073825503357,,catboost_cbc,folate_deficiency,no_demographics,development_oof,0.22546577605401136,0.15199850541442578,120.0,0.6206896551724138,0.15,0.980072463768116,0.45164714937924155,0.7666364734299517,0.12967130053738013,,
672,0.9583333333333334,0.600407747196738,0.16180183029371287,0.2222222222222222,,catboost_cbc,B6_deficiency,available,development_oof,0.15714285714285714,0.22812456318101873,28.0,0.5,0.14285714285714285,0.9937888198757764,0.23056646022831906,0.7922582076308784,0.0369501849611877,,
672,0.9494047619047619,0.5396147336181187,0.18428166861496034,0.10526315789473684,,catboost_cbc,B6_deficiency,drop30,development_oof,0.10714285714285714,0.14725377234348785,28.0,0.2,0.07142857142857142,0.9875776397515528,0.10474000426877916,0.7105700976042592,0.04648038714212155,,
672,0.9464285714285714,0.5361963190184049,0.20670829988153905,0.1,,catboost_cbc,B6_deficiency,drop60,development_oof,0.1,0.13693063937629155,28.0,0.16666666666666666,0.07142857142857142,0.984472049689441,0.1191957299423419,0.6153504880212954,0.05222634616958595,,
672,0.9583333333333334,0.600407747196738,0.16180183029371287,0.2222222222222222,,catboost_cbc,B6_deficiency,cbc_only,development_oof,0.15714285714285714,0.22812456318101873,28.0,0.5,0.14285714285714285,0.9937888198757764,0.23056646022831906,0.7922582076308784,0.0369501849611877,,
672,0.9553571428571429,0.4885844748858447,0.24098307557524387,0.0,,catboost_cbc,B6_deficiency,hb_only,development_oof,0.0,0.0,28.0,0.0,0.0,0.9968944099378882,0.04950444152037638,0.5534050576752441,0.05894318709838413,,
672,0.9583333333333334,0.600407747196738,0.16180183029371287,0.2222222222222222,,catboost_cbc,B6_deficiency,no_iron,development_oof,0.15714285714285714,0.22812456318101873,28.0,0.5,0.14285714285714285,0.9937888198757764,0.23056646022831906,0.7922582076308784,0.0369501849611877,,
672,0.9583333333333334,0.600407747196738,0.16180183029371287,0.2222222222222222,,catboost_cbc,B6_deficiency,no_B12,development_oof,0.15714285714285714,0.22812456318101873,28.0,0.5,0.14285714285714285,0.9937888198757764,0.23056646022831906,0.7922582076308784,0.0369501849611877,,
672,0.9583333333333334,0.600407747196738,0.16180183029371287,0.2222222222222222,,catboost_cbc,B6_deficiency,no_folate,development_oof,0.15714285714285714,0.22812456318101873,28.0,0.5,0.14285714285714285,0.9937888198757764,0.23056646022831906,0.7922582076308784,0.0369501849611877,,
672,0.9583333333333334,0.600407747196738,0.16180183029371287,0.2222222222222222,,catboost_cbc,B6_deficiency,no_B6,development_oof,0.15714285714285714,0.22812456318101873,28.0,0.5,0.14285714285714285,0.9937888198757764,0.23056646022831906,0.7922582076308784,0.0369501849611877,,
672,0.9583333333333334,0.600407747196738,0.16180183029371287,0.2222222222222222,,catboost_cbc,B6_deficiency,no_copper,development_oof,0.15714285714285714,0.22812456318101873,28.0,0.5,0.14285714285714285,0.9937888198757764,0.23056646022831906,0.7922582076308784,0.0369501849611877,,
672,0.9583333333333334,0.5226788432267885,0.16129310991059082,0.06666666666666667,,catboost_cbc,B6_deficiency,no_hemoglobin,development_oof,0.05714285714285714,0.12777531299998798,28.0,0.5,0.03571428571428571,0.9984472049689441,0.21173953541774373,0.7844387755102041,0.03742138461676449,,
672,0.9598214285714286,0.5806116080715623,0.16674674394654912,0.18181818181818182,,catboost_cbc,B6_deficiency,no_demographics,development_oof,0.13714285714285715,0.19208841501681842,28.0,0.6,0.10714285714285714,0.9968944099378882,0.24608254072587857,0.7959183673469388,0.03654398200557715,,
672,0.9583333333333334,0.5226788432267885,0.1322880439770397,0.06666666666666667,,catboost_cbc,copper_deficiency,available,development_oof,0.06666666666666667,0.14907119849998599,28.0,0.5,0.03571428571428571,0.9984472049689441,0.2841089365027109,0.8959072759538598,0.035769935973739495,,
672,0.8184523809523809,0.48754875487548754,0.3568175668246098,0.07575757575757576,,catboost_cbc,copper_deficiency,drop30,development_oof,0.08190427993059571,0.023534365341354065,28.0,0.04807692307692308,0.17857142857142858,0.8462732919254659,0.06127579157569911,0.6746339840283939,0.11849136463468952,,
672,0.6354166666666666,0.43995237690279787,0.6406427841104173,0.10909090909090909,,catboost_cbc,copper_deficiency,drop60,development_oof,0.10884593829081535,0.029071772470652013,28.0,0.06072874493927125,0.5357142857142857,0.639751552795031,0.07933604616898594,0.6114130434782609,0.22724373030674355,,
672,0.9583333333333334,0.5226788432267885,0.1322880439770397,0.06666666666666667,,catboost_cbc,copper_deficiency,cbc_only,development_oof,0.06666666666666667,0.14907119849998599,28.0,0.5,0.03571428571428571,0.9984472049689441,0.2841089365027109,0.8959072759538598,0.035769935973739495,,
672,0.44345238095238093,0.3363120702221377,1.0442735315021159,0.06965174129353234,,catboost_cbc,copper_deficiency,hb_only,development_oof,0.04252087691548888,0.04020294408115704,28.0,0.0374331550802139,0.5,0.4409937888198758,0.04939529330155156,0.47765084294587395,0.37883541141098054,,
672,0.9583333333333334,0.5226788432267885,0.1322880439770397,0.06666666666666667,,catboost_cbc,copper_deficiency,no_iron,development_oof,0.06666666666666667,0.14907119849998599,28.0,0.5,0.03571428571428571,0.9984472049689441,0.2841089365027109,0.8959072759538598,0.035769935973739495,,
672,0.9583333333333334,0.5226788432267885,0.1322880439770397,0.06666666666666667,,catboost_cbc,copper_deficiency,no_B12,development_oof,0.06666666666666667,0.14907119849998599,28.0,0.5,0.03571428571428571,0.9984472049689441,0.2841089365027109,0.8959072759538598,0.035769935973739495,,
672,0.9583333333333334,0.5226788432267885,0.1322880439770397,0.06666666666666667,,catboost_cbc,copper_deficiency,no_folate,development_oof,0.06666666666666667,0.14907119849998599,28.0,0.5,0.03571428571428571,0.9984472049689441,0.2841089365027109,0.8959072759538598,0.035769935973739495,,
672,0.9583333333333334,0.5226788432267885,0.1322880439770397,0.06666666666666667,,catboost_cbc,copper_deficiency,no_B6,development_oof,0.06666666666666667,0.14907119849998599,28.0,0.5,0.03571428571428571,0.9984472049689441,0.2841089365027109,0.8959072759538598,0.035769935973739495,,
672,0.9583333333333334,0.5226788432267885,0.1322880439770397,0.06666666666666667,,catboost_cbc,copper_deficiency,no_copper,development_oof,0.06666666666666667,0.14907119849998599,28.0,0.5,0.03571428571428571,0.9984472049689441,0.2841089365027109,0.8959072759538598,0.035769935973739495,,
672,0.9583333333333334,0.5226788432267885,0.12947336904952772,0.06666666666666667,,catboost_cbc,copper_deficiency,no_hemoglobin,development_oof,0.06666666666666667,0.14907119849998599,28.0,0.5,0.03571428571428571,0.9984472049689441,0.2786818980031139,0.8991792369121562,0.03553676301147856,,
672,0.9583333333333334,0.5775482712168837,0.12612764510014177,0.17647058823529413,,catboost_cbc,copper_deficiency,no_demographics,development_oof,0.1738095238095238,0.1613962602864983,28.0,0.5,0.10714285714285714,0.9953416149068323,0.2890989374855547,0.9001774622892637,0.03516041728941671,,
672,0.9345238095238095,0.7075949367088608,0.15790062422178266,0.45,,catboost_cbc,inflammation_anemia,available,development_oof,0.4431903287630842,0.10301742256355843,52.0,0.6428571428571429,0.34615384615384615,0.9838709677419355,0.5994475343096004,0.9452853598014889,0.04689693795181483,,
672,0.9211309523809523,0.5715883803452216,0.23146175590637486,0.18461538461538463,,catboost_cbc,inflammation_anemia,drop30,development_oof,0.17738095238095236,0.15615218026451166,52.0,0.46153846153846156,0.11538461538461539,0.9887096774193549,0.40066306997860984,0.8817307692307692,0.06270243196953121,,
672,0.9241071428571429,0.499115794396621,0.33858092492026615,0.03773584905660377,,catboost_cbc,inflammation_anemia,drop60,development_oof,0.03636363636363636,0.08131156281817417,52.0,1.0,0.019230769230769232,1.0,0.2087561318963841,0.6913771712158809,0.07161474714498352,,
672,0.9345238095238095,0.7075949367088608,0.15790062422178266,0.45,,catboost_cbc,inflammation_anemia,cbc_only,development_oof,0.4431903287630842,0.10301742256355843,52.0,0.6428571428571429,0.34615384615384615,0.9838709677419355,0.5994475343096004,0.9452853598014889,0.04689693795181483,,
672,0.9226190476190477,0.47987616099071206,0.3919669166779648,0.0,,catboost_cbc,inflammation_anemia,hb_only,development_oof,0.0,0.0,52.0,0.0,0.0,1.0,0.14088290948387577,0.7359491315136477,0.07626437933410068,,
672,0.9345238095238095,0.7075949367088608,0.15790062422178266,0.45,,catboost_cbc,inflammation_anemia,no_iron,development_oof,0.4431903287630842,0.10301742256355843,52.0,0.6428571428571429,0.34615384615384615,0.9838709677419355,0.5994475343096004,0.9452853598014889,0.04689693795181483,,
672,0.9345238095238095,0.7075949367088608,0.15790062422178266,0.45,,catboost_cbc,inflammation_anemia,no_B12,development_oof,0.4431903287630842,0.10301742256355843,52.0,0.6428571428571429,0.34615384615384615,0.9838709677419355,0.5994475343096004,0.9452853598014889,0.04689693795181483,,
672,0.9345238095238095,0.7075949367088608,0.15790062422178266,0.45,,catboost_cbc,inflammation_anemia,no_folate,development_oof,0.4431903287630842,0.10301742256355843,52.0,0.6428571428571429,0.34615384615384615,0.9838709677419355,0.5994475343096004,0.9452853598014889,0.04689693795181483,,
672,0.9345238095238095,0.7075949367088608,0.15790062422178266,0.45,,catboost_cbc,inflammation_anemia,no_B6,development_oof,0.4431903287630842,0.10301742256355843,52.0,0.6428571428571429,0.34615384615384615,0.9838709677419355,0.5994475343096004,0.9452853598014889,0.04689693795181483,,
672,0.9345238095238095,0.7075949367088608,0.15790062422178266,0.45,,catboost_cbc,inflammation_anemia,no_copper,development_oof,0.4431903287630842,0.10301742256355843,52.0,0.6428571428571429,0.34615384615384615,0.9838709677419355,0.5994475343096004,0.9452853598014889,0.04689693795181483,,
672,0.9345238095238095,0.6771488469601677,0.17409735029012416,0.3888888888888889,,catboost_cbc,inflammation_anemia,no_hemoglobin,development_oof,0.36979242979242977,0.16840368252072227,52.0,0.7,0.2692307692307692,0.9903225806451613,0.5639633574992491,0.920409429280397,0.04980377382269644,,
672,0.9255952380952381,0.6894295115909344,0.1740418514394265,0.4186046511627907,,catboost_cbc,inflammation_anemia,no_demographics,development_oof,0.41904761904761906,0.051308004617880834,52.0,0.5294117647058824,0.34615384615384615,0.9741935483870968,0.524991206666114,0.9199131513647643,0.05153997698960774,,
672,0.29017857142857145,0.2597407123678668,2.0017939251367514,0.2597407123678668,0.8265347626772878,missingness_only,anemia_class,available,development_oof,0.25139525155579223,0.02322584681195408,,,,,,,,,
672,0.19791666666666666,0.16326986178208938,2.4508973188538588,0.16326986178208938,0.9285384003549633,missingness_only,anemia_class,drop30,development_oof,0.15428621089036604,0.02250349824377174,,,,,,,,,
672,0.1324404761904762,0.07072322588047772,3.3307084421093216,0.07072322588047772,1.091600166914286,missingness_only,anemia_class,drop60,development_oof,0.0695240965503154,0.041808274627979945,,,,,,,,,
672,0.13095238095238096,0.01929824561403509,5.074193061533584,0.01929824561403509,1.32976522196296,missingness_only,anemia_class,cbc_only,development_oof,0.0192960244397515,0.0004887009060724794,,,,,,,,,
672,0.13095238095238096,0.01929824561403509,5.029073558026917,0.01929824561403509,1.2524538420762446,missingness_only,anemia_class,hb_only,development_oof,0.0192960244397515,0.0004887009060724794,,,,,,,,,
672,0.21726190476190477,0.16891844684424281,2.5187099644675275,0.16891844684424281,0.9479170864835983,missingness_only,anemia_class,no_iron,development_oof,0.1615448670318499,0.021766924720992682,,,,,,,,,
672,0.23958333333333334,0.17951805499379503,2.240250843903088,0.17951805499379503,0.8832553052476678,missingness_only,anemia_class,no_B12,development_oof,0.17312528543663977,0.03517304431432497,,,,,,,,,
672,0.28125,0.232212064772484,2.096684579965011,0.232212064772484,0.8488454973824601,missingness_only,anemia_class,no_folate,development_oof,0.2262362658267405,0.012174025578112901,,,,,,,,,
672,0.3020833333333333,0.26454912014033893,2.05551429221911,0.26454912014033893,0.8243117828661685,missingness_only,anemia_class,no_B6,development_oof,0.2597927819507519,0.018196640036129755,,,,,,,,,
672,0.2767857142857143,0.2215047792965729,2.129571252554523,0.2215047792965729,0.846666206481891,missingness_only,anemia_class,no_copper,development_oof,0.21461045827165487,0.027606431961646978,,,,,,,,,
672,0.29017857142857145,0.2597407123678668,2.0017939251367514,0.2597407123678668,0.8265347626772878,missingness_only,anemia_class,no_hemoglobin,development_oof,0.25139525155579223,0.02322584681195408,,,,,,,,,
672,0.29017857142857145,0.2597407123678668,2.0017939251367514,0.2597407123678668,0.8265347626772878,missingness_only,anemia_class,no_demographics,development_oof,0.25139525155579223,0.02322584681195408,,,,,,,,,
672,0.6845238095238095,0.6401406458392273,0.5665339513541001,0.5137614678899083,,missingness_only,iron_deficiency,available,development_oof,0.5073269526519291,0.08315069969968587,233.0,0.5517241379310345,0.48068669527896996,0.7927107061503417,0.5385177535608726,0.7277855445951098,0.19437705591864307,,
672,0.6607142857142857,0.5628145865434001,0.641159774277733,0.3559322033898305,,missingness_only,iron_deficiency,drop30,development_oof,0.35018525766470976,0.058183881231396964,233.0,0.5206611570247934,0.2703862660944206,0.8678815489749431,0.48237208339761306,0.664018888030737,0.22020316401350795,,
672,0.6532738095238095,0.483859058079701,0.6740140744133026,0.18815331010452963,,missingness_only,iron_deficiency,drop60,development_oof,0.1839825559214195,0.06187314355689313,233.0,0.5,0.11587982832618025,0.9384965831435079,0.4778212743674557,0.65293243520682,0.2309658592914337,,
672,0.6532738095238095,0.3951395139513951,0.8587628738469636,0.0,,missingness_only,iron_deficiency,cbc_only,development_oof,0.0,0.0,233.0,0.0,0.0,1.0,0.34743707691737225,0.5014175799466207,0.2855255441515882,,
672,0.6532738095238095,0.3951395139513951,0.7903401584083737,0.0,,missingness_only,iron_deficiency,hb_only,development_oof,0.0,0.0,233.0,0.0,0.0,1.0,0.35085683429551395,0.5106269613929434,0.2704066252969471,,
672,0.6532738095238095,0.3951395139513951,1.036590943723655,0.0,,missingness_only,iron_deficiency,no_iron,development_oof,0.0,0.0,233.0,0.0,0.0,1.0,0.38374825790224976,0.5300429184549356,0.30818812825141634,,
672,0.6800595238095238,0.6450672254663283,0.5664115546353466,0.5336225596529284,,missingness_only,iron_deficiency,no_B12,development_oof,0.52957548204918,0.06904610547980519,233.0,0.5394736842105263,0.5278969957081545,0.7608200455580866,0.5396055025810925,0.7283281355401956,0.19435312357931242,,
672,0.6845238095238095,0.6571131499648603,0.569595627318378,0.5601659751037344,,missingness_only,iron_deficiency,no_folate,development_oof,0.5592356756306476,0.04696593147628046,233.0,0.5421686746987951,0.5793991416309013,0.7403189066059226,0.5419823759786296,0.7261577717598522,0.19584750440460108,,
672,0.6860119047619048,0.647156312600316,0.5665717054198135,0.5300668151447662,,missingness_only,iron_deficiency,no_B6,development_oof,0.5256460322920591,0.06641569950910492,233.0,0.5509259259259259,0.5107296137339056,0.7790432801822323,0.5350093308534271,0.7284112350543079,0.19422690055608602,,
672,0.6845238095238095,0.6496557151288609,0.566282368243345,0.5391304347826087,,missingness_only,iron_deficiency,no_copper,development_oof,0.5345906692140197,0.07746027743383109,233.0,0.5462555066079295,0.5321888412017167,0.765375854214123,0.5323170446787151,0.7267687975989129,0.1944599951760072,,
672,0.6845238095238095,0.6401406458392273,0.5665339513541001,0.5137614678899083,,missingness_only,iron_deficiency,no_hemoglobin,development_oof,0.5073269526519291,0.08315069969968587,233.0,0.5517241379310345,0.48068669527896996,0.7927107061503417,0.5385177535608726,0.7277855445951098,0.19437705591864307,,
672,0.6845238095238095,0.6401406458392273,0.5665339513541001,0.5137614678899083,,missingness_only,iron_deficiency,no_demographics,development_oof,0.5073269526519291,0.08315069969968587,233.0,0.5517241379310345,0.48068669527896996,0.7927107061503417,0.5385177535608726,0.7277855445951098,0.19437705591864307,,
672,0.7872023809523809,0.6361309377307408,0.45392045623639615,0.401673640167364,,missingness_only,B12_deficiency,available,development_oof,0.3983043952540707,0.08504645716952662,155.0,0.5714285714285714,0.3096774193548387,0.9303675048355899,0.5060063289955643,0.7762151369563861,0.146960654020557,,
672,0.7723214285714286,0.5115699063671302,0.5603712180217413,0.15469613259668508,,missingness_only,B12_deficiency,drop30,development_oof,0.15397444326236895,0.04181267504536268,155.0,0.5384615384615384,0.09032258064516129,0.97678916827853,0.40224898191429787,0.6883259499594433,0.17285111213003493,,
672,0.7723214285714286,0.44829066479214846,0.6587405709084894,0.025477707006369428,,missingness_only,B12_deficiency,drop60,development_oof,0.024242424242424242,0.05420770854544944,155.0,1.0,0.012903225806451613,1.0,0.36624917987649336,0.6483496599488362,0.19220233079642118,,
672,0.7693452380952381,0.4348191757779647,0.7483907885472247,0.0,,missingness_only,B12_deficiency,cbc_only,development_oof,0.0,0.0,155.0,0.0,0.0,1.0,0.22769851653208067,0.49600049915767136,0.2115234934821359,,
672,0.7693452380952381,0.4348191757779647,0.8945378155946454,0.0,,missingness_only,B12_deficiency,hb_only,development_oof,0.0,0.0,155.0,0.0,0.0,1.0,0.22947352878117888,0.4981032008485681,0.2207822405502967,,
672,0.7648809523809523,0.6852552321100374,0.48704248800094857,0.5269461077844312,,missingness_only,B12_deficiency,no_iron,development_oof,0.5263842364532019,0.07131767260424379,155.0,0.49162011173184356,0.567741935483871,0.8239845261121856,0.49329966268630127,0.7721844387595931,0.16079222830071535,,
672,0.7693452380952381,0.4348191757779647,0.703619695637097,0.0,,missingness_only,B12_deficiency,no_B12,development_oof,0.0,0.0,155.0,0.0,0.0,1.0,0.3729478673861906,0.639508329693642,0.20148074553384254,,
672,0.7886904761904762,0.6083530338849488,0.46037661160735444,0.3425925925925926,,missingness_only,B12_deficiency,no_folate,development_oof,0.33400396595885323,0.12988721572922957,155.0,0.6065573770491803,0.23870967741935484,0.9535783365570599,0.4964534015002825,0.7701940475447682,0.14873570115195392,,
672,0.7872023809523809,0.6384962926458584,0.4532753954287558,0.4066390041493776,,missingness_only,B12_deficiency,no_B6,development_oof,0.40219289263094016,0.08649550124640579,155.0,0.5697674418604651,0.3161290322580645,0.9284332688588007,0.5061631331005616,0.7769139576963873,0.1466664107168768,,
672,0.7886904761904762,0.6532356532356532,0.45787167388692074,0.4365079365079365,,missingness_only,B12_deficiency,no_copper,development_oof,0.4304191956246248,0.10945904074489574,155.0,0.5670103092783505,0.3548387096774194,0.9187620889748549,0.5079756489186311,0.7686778561178013,0.1485028027976346,,
672,0.7872023809523809,0.6361309377307408,0.45392045623639615,0.401673640167364,,missingness_only,B12_deficiency,no_hemoglobin,development_oof,0.3983043952540707,0.08504645716952662,155.0,0.5714285714285714,0.3096774193548387,0.9303675048355899,0.5060063289955643,0.7762151369563861,0.146960654020557,,
672,0.7872023809523809,0.6361309377307408,0.45392045623639615,0.401673640167364,,missingness_only,B12_deficiency,no_demographics,development_oof,0.3983043952540707,0.08504645716952662,155.0,0.5714285714285714,0.3096774193548387,0.9303675048355899,0.5060063289955643,0.7762151369563861,0.146960654020557,,
672,0.8169642857142857,0.4798336091829607,0.44302131464131683,0.061068702290076333,,missingness_only,folate_deficiency,available,development_oof,0.05823754789272031,0.06171107051259845,120.0,0.36363636363636365,0.03333333333333333,0.9873188405797102,0.2801781519710758,0.6865791062801931,0.14005033531168973,,
672,0.8154761904761905,0.45703338806787086,0.45808870656925343,0.015873015873015872,,missingness_only,folate_deficiency,drop30,development_oof,0.014814814814814814,0.03312693299999688,120.0,0.16666666666666666,0.008333333333333333,0.9909420289855072,0.28659117091234454,0.6639341787439614,0.14149770950994084,,
672,0.8184523809523809,0.4500818330605565,0.498150066887304,0.0,,missingness_only,folate_deficiency,drop60,development_oof,0.0,0.0,120.0,0.0,0.0,0.9963768115942029,0.2405934267648388,0.5919384057971013,0.15041811464581642,,
672,0.8214285714285714,0.45098039215686275,0.5833818884317379,0.0,,missingness_only,folate_deficiency,cbc_only,development_oof,0.0,0.0,120.0,0.0,0.0,1.0,0.171788345586347,0.48134812801932364,0.16350013356420912,,
672,0.8214285714285714,0.45098039215686275,0.5407710770745643,0.0,,missingness_only,folate_deficiency,hb_only,development_oof,0.0,0.0,120.0,0.0,0.0,1.0,0.17971604395323065,0.5054876207729468,0.15915541461344626,,
672,0.8169642857142857,0.44963144963144963,0.44113249758270384,0.0,,missingness_only,folate_deficiency,no_iron,development_oof,0.0,0.0,120.0,0.0,0.0,0.9945652173913043,0.2846232981211792,0.6942028985507247,0.139080070144667,,
672,0.8125,0.45600328947368424,0.4420380066971926,0.015625,,missingness_only,folate_deficiency,no_B12,development_oof,0.016,0.03577708763999664,120.0,0.125,0.008333333333333333,0.9873188405797102,0.2749586324771366,0.6872735507246377,0.14030283638278768,,
672,0.8214285714285714,0.45098039215686275,0.5563048608652579,0.0,,missingness_only,folate_deficiency,no_folate,development_oof,0.0,0.0,120.0,0.0,0.0,1.0,0.18776837269676613,0.5287967995169082,0.15969869268433648,,
672,0.8184523809523809,0.4805221138005323,0.4418799230970898,0.06153846153846154,,missingness_only,folate_deficiency,no_B6,development_oof,0.05873015873015872,0.061827836254464294,120.0,0.4,0.03333333333333333,0.9891304347826086,0.28294925863680853,0.6879227053140096,0.13963107515152617,,
672,0.8110119047619048,0.47710688355849645,0.44531514294660873,0.05925925925925926,,missingness_only,folate_deficiency,no_copper,development_oof,0.05665024630541872,0.05962422875325223,120.0,0.26666666666666666,0.03333333333333333,0.980072463768116,0.272380581902272,0.6818840579710145,0.14129328903457572,,
672,0.8169642857142857,0.4798336091829607,0.44302131464131683,0.061068702290076333,,missingness_only,folate_deficiency,no_hemoglobin,development_oof,0.05823754789272031,0.06171107051259845,120.0,0.36363636363636365,0.03333333333333333,0.9873188405797102,0.2801781519710758,0.6865791062801931,0.14005033531168973,,
672,0.8169642857142857,0.4798336091829607,0.44302131464131683,0.061068702290076333,,missingness_only,folate_deficiency,no_demographics,development_oof,0.05823754789272031,0.06171107051259845,120.0,0.36363636363636365,0.03333333333333333,0.9873188405797102,0.2801781519710758,0.6865791062801931,0.14005033531168973,,
672,0.9568452380952381,0.48897338403041823,0.15593182265934566,0.0,,missingness_only,B6_deficiency,available,development_oof,0.0,0.0,28.0,0.0,0.0,0.9984472049689441,0.1390477976342077,0.779170363797693,0.03973474624432678,,
672,0.9583333333333334,0.5226788432267885,0.16768289209487672,0.06666666666666667,,missingness_only,B6_deficiency,drop30,development_oof,0.05,0.11180339887498951,28.0,0.5,0.03571428571428571,0.9984472049689441,0.13887181098939327,0.6354259094942326,0.039150584486962,,
672,0.9583333333333334,0.48936170212765956,0.16965754062516736,0.0,,missingness_only,B6_deficiency,drop60,development_oof,0.0,0.0,28.0,0.0,0.0,1.0,0.15624010384875572,0.5803571428571429,0.03865674539820535,,
672,0.9583333333333334,0.48936170212765956,0.18120144822333856,0.0,,missingness_only,B6_deficiency,cbc_only,development_oof,0.0,0.0,28.0,0.0,0.0,1.0,0.041287636574701296,0.4906832298136645,0.04030411687199717,,
672,0.9583333333333334,0.48936170212765956,0.17732236096520507,0.0,,missingness_only,B6_deficiency,hb_only,development_oof,0.0,0.0,28.0,0.0,0.0,1.0,0.04216156515040369,0.49955634427684115,0.0401752656549658,,
672,0.9553571428571429,0.4885844748858447,0.1558844535173802,0.0,,missingness_only,B6_deficiency,no_iron,development_oof,0.0,0.0,28.0,0.0,0.0,0.9968944099378882,0.132319331857059,0.7800576752440106,0.04152731539004554,,
672,0.9583333333333334,0.48936170212765956,0.1486121778899497,0.0,,missingness_only,B6_deficiency,no_B12,development_oof,0.0,0.0,28.0,0.0,0.0,1.0,0.15449952969884592,0.8041259982253771,0.038623856954805934,,
672,0.9583333333333334,0.48936170212765956,0.15218100102550713,0.0,,missingness_only,B6_deficiency,no_folate,development_oof,0.0,0.0,28.0,0.0,0.0,1.0,0.14582328996827174,0.7885425909494232,0.039357926775200835,,
672,0.9583333333333334,0.48936170212765956,0.21579150789158097,0.0,,missingness_only,B6_deficiency,no_B6,development_oof,0.0,0.0,28.0,0.0,0.0,1.0,0.03327088655810476,0.36174578527063,0.04113268844481381,,
672,0.9568452380952381,0.48897338403041823,0.15573894455548368,0.0,,missingness_only,B6_deficiency,no_copper,development_oof,0.0,0.0,28.0,0.0,0.0,0.9984472049689441,0.13933444029133923,0.7771184560780834,0.03982792204738335,,
672,0.9568452380952381,0.48897338403041823,0.15593182265934566,0.0,,missingness_only,B6_deficiency,no_hemoglobin,development_oof,0.0,0.0,28.0,0.0,0.0,0.9984472049689441,0.1390477976342077,0.779170363797693,0.03973474624432678,,
672,0.9568452380952381,0.48897338403041823,0.15593182265934566,0.0,,missingness_only,B6_deficiency,no_demographics,development_oof,0.0,0.0,28.0,0.0,0.0,0.9984472049689441,0.1390477976342077,0.779170363797693,0.03973474624432678,,
672,0.9732142857142857,0.7788018433179723,0.09383714250436415,0.5714285714285714,,missingness_only,copper_deficiency,available,development_oof,0.5133333333333333,0.3069563848859024,28.0,0.8571428571428571,0.42857142857142855,0.9968944099378882,0.590395326057542,0.9498114463176576,0.02584727321013442,,
672,0.9613095238095238,0.607723394701392,0.12098017893651256,0.23529411764705882,,missingness_only,copper_deficiency,drop30,development_oof,0.18888888888888888,0.2593915006650834,28.0,0.6666666666666666,0.14285714285714285,0.9968944099378882,0.44071332162031246,0.8699534161490683,0.03020100038677221,,
672,0.9598214285714286,0.5242165989248722,0.1737943375277235,0.06896551724137931,,missingness_only,copper_deficiency,drop60,development_oof,0.06666666666666667,0.14907119849998599,28.0,1.0,0.03571428571428571,1.0,0.19910159490866036,0.7209405501330968,0.03809689248553435,,
672,0.9583333333333334,0.48936170212765956,0.21216157058747218,0.0,,missingness_only,copper_deficiency,cbc_only,development_oof,0.0,0.0,28.0,0.0,0.0,1.0,0.043577625767453325,0.5137533274179237,0.041052809831277515,,
672,0.9583333333333334,0.48936170212765956,0.22105218376544689,0.0,,missingness_only,copper_deficiency,hb_only,development_oof,0.0,0.0,28.0,0.0,0.0,1.0,0.04305434990847836,0.5093999556344276,0.04119565666700743,,
672,0.9702380952380952,0.7839506172839507,0.10400138010714202,0.5833333333333334,,missingness_only,copper_deficiency,no_iron,development_oof,0.5119658119658119,0.31803027168393305,28.0,0.7,0.5,0.9906832298136646,0.5726498534318737,0.9391082519964506,0.02756358505177836,,
672,0.96875,0.7585835257890685,0.09826788277950857,0.5333333333333333,,missingness_only,copper_deficiency,no_B12,development_oof,0.47111111111111104,0.3040467800264368,28.0,0.7058823529411765,0.42857142857142855,0.9922360248447205,0.5566616076245473,0.9472604259094942,0.02735821602782445,,
672,0.9657738095238095,0.7237187851920704,0.09658387751898931,0.46511627906976744,,missingness_only,copper_deficiency,no_folate,development_oof,0.4260606060606061,0.264120071756894,28.0,0.6666666666666666,0.35714285714285715,0.9922360248447205,0.5722483137149691,0.9460958296362022,0.026528895632273595,,
672,0.9732142857142857,0.7788018433179723,0.0931126167413521,0.5714285714285714,,missingness_only,copper_deficiency,no_B6,development_oof,0.5133333333333333,0.3069563848859024,28.0,0.8571428571428571,0.42857142857142855,0.9968944099378882,0.5993839358823397,0.9501441881100265,0.025523277105617484,,
672,0.9583333333333334,0.48936170212765956,0.22471064863469195,0.0,,missingness_only,copper_deficiency,no_copper,development_oof,0.0,0.0,28.0,0.0,0.0,1.0,0.0651269469594792,0.625388198757764,0.04114124654244246,,
672,0.9732142857142857,0.7788018433179723,0.09383714250436415,0.5714285714285714,,missingness_only,copper_deficiency,no_hemoglobin,development_oof,0.5133333333333333,0.3069563848859024,28.0,0.8571428571428571,0.42857142857142855,0.9968944099378882,0.590395326057542,0.9498114463176576,0.02584727321013442,,
672,0.9732142857142857,0.7788018433179723,0.09383714250436415,0.5714285714285714,,missingness_only,copper_deficiency,no_demographics,development_oof,0.5133333333333333,0.3069563848859024,28.0,0.8571428571428571,0.42857142857142855,0.9968944099378882,0.590395326057542,0.9498114463176576,0.02584727321013442,,
672,0.9226190476190477,0.47987616099071206,0.25475022107031287,0.0,,missingness_only,inflammation_anemia,available,development_oof,0.0,0.0,52.0,0.0,0.0,1.0,0.1542648070211749,0.7258995037220843,0.07052891473859424,,
672,0.9241071428571429,0.499115794396621,0.29487550992016487,0.03773584905660377,,missingness_only,inflammation_anemia,drop30,development_oof,0.03636363636363636,0.08131156281817417,52.0,1.0,0.019230769230769232,1.0,0.16453991891648334,0.6487282878411911,0.07078407846685326,,
672,0.9226190476190477,0.47987616099071206,0.33840116507533535,0.0,,missingness_only,inflammation_anemia,drop60,development_oof,0.0,0.0,52.0,0.0,0.0,1.0,0.15530647994129704,0.6262096774193547,0.07342027290072743,,
672,0.9226190476190477,0.47987616099071206,0.42099208370227936,0.0,,missingness_only,inflammation_anemia,cbc_only,development_oof,0.0,0.0,52.0,0.0,0.0,1.0,0.07705319532751723,0.4988988833746899,0.07658638312583177,,
672,0.9226190476190477,0.47987616099071206,0.43252204977623115,0.0,,missingness_only,inflammation_anemia,hb_only,development_oof,0.0,0.0,52.0,0.0,0.0,1.0,0.07747804539560384,0.5041563275434243,0.07663331497706356,,
672,0.9226190476190477,0.47987616099071206,0.2825717688818447,0.0,,missingness_only,inflammation_anemia,no_iron,development_oof,0.0,0.0,52.0,0.0,0.0,1.0,0.13481009099216523,0.713771712158809,0.07206738185357862,,
672,0.9226190476190477,0.47987616099071206,0.25465424994177954,0.0,,missingness_only,inflammation_anemia,no_B12,development_oof,0.0,0.0,52.0,0.0,0.0,1.0,0.15714583646876576,0.7268455334987594,0.07048481990624082,,
672,0.9211309523809523,0.47947327652982186,0.2552881018187198,0.0,,missingness_only,inflammation_anemia,no_folate,development_oof,0.0,0.0,52.0,0.0,0.0,0.9983870967741936,0.1521792912841246,0.7307071960297767,0.07152373478866417,,
672,0.9226190476190477,0.47987616099071206,0.25745740407831363,0.0,,missingness_only,inflammation_anemia,no_B6,development_oof,0.0,0.0,52.0,0.0,0.0,1.0,0.15773186639687042,0.7155086848635236,0.07097490687151926,,
672,0.9226190476190477,0.47987616099071206,0.25138752568400136,0.0,,missingness_only,inflammation_anemia,no_copper,development_oof,0.0,0.0,52.0,0.0,0.0,1.0,0.15940367160823563,0.7339019851116626,0.06990862430195702,,
672,0.9226190476190477,0.47987616099071206,0.25475022107031287,0.0,,missingness_only,inflammation_anemia,no_hemoglobin,development_oof,0.0,0.0,52.0,0.0,0.0,1.0,0.1542648070211749,0.7258995037220843,0.07052891473859424,,
672,0.9226190476190477,0.47987616099071206,0.25475022107031287,0.0,,missingness_only,inflammation_anemia,no_demographics,development_oof,0.0,0.0,52.0,0.0,0.0,1.0,0.1542648070211749,0.7258995037220843,0.07052891473859424,,
168,0.8988095238095238,0.9034309948906875,0.608594796232699,0.9034309948906875,0.27393694235379457,extra_trees,anemia_class,available,holdout,,,,,,,,,,0.8355167416575598,0.9450859022018281
168,0.6785714285714286,0.6625115336703047,1.0759112063122518,0.6625115336703047,0.490984806417642,extra_trees,anemia_class,drop30,holdout,,,,,,,,,,,
168,0.4523809523809524,0.43669348912404465,1.6170711330958019,0.43669348912404465,0.6823397324943247,extra_trees,anemia_class,drop60,holdout,,,,,,,,,,,
168,0.4166666666666667,0.24266436453531737,1.5976381299194495,0.24266436453531737,0.7155446980294206,extra_trees,anemia_class,cbc_only,holdout,,,,,,,,,,0.19888071724435338,0.279972120003278
168,0.22023809523809523,0.06504065040650407,2.160357412454259,0.06504065040650407,0.8665462665244273,extra_trees,anemia_class,hb_only,holdout,,,,,,,,,,,
168,0.7797619047619048,0.7846249788580448,0.959832968269026,0.7846249788580448,0.4473582008936795,extra_trees,anemia_class,no_iron,holdout,,,,,,,,,,,
168,0.8095238095238095,0.7782904515663137,0.7482726377754875,0.7782904515663137,0.3462068447216875,extra_trees,anemia_class,no_B12,holdout,,,,,,,,,,,
168,0.8035714285714286,0.7609159048234678,0.7434170341999047,0.7609159048234678,0.3543847436292351,extra_trees,anemia_class,no_folate,holdout,,,,,,,,,,,
168,0.8630952380952381,0.8152207539345596,0.666770935103969,0.8152207539345596,0.2990858860595199,extra_trees,anemia_class,no_B6,holdout,,,,,,,,,,,
168,0.8630952380952381,0.8129693460438802,0.694297155942642,0.8129693460438802,0.3001367866746013,extra_trees,anemia_class,no_copper,holdout,,,,,,,,,,,
168,0.8095238095238095,0.7917618585125146,0.871018482207719,0.7917618585125146,0.40488016326737736,extra_trees,anemia_class,no_hemoglobin,holdout,,,,,,,,,,,
168,0.8928571428571429,0.8939789459649542,0.606350440472692,0.8939789459649542,0.27374730275855963,extra_trees,anemia_class,no_demographics,holdout,,,,,,,,,,,
168,0.9940476190476191,0.9599904739223625,0.04374917906728154,0.9230769230769231,,catboost,B6_deficiency,available,holdout,,,7.0,1.0,0.8571428571428571,1.0,0.8673469387755102,0.9192546583850931,0.00646870112308924,0.6666666666666666,1.0
168,0.9821428571428571,0.8590209790209791,0.10263432560229935,0.7272727272727273,,catboost,B6_deficiency,drop30,holdout,,,7.0,1.0,0.5714285714285714,1.0,0.6132091473572618,0.7923691215616682,0.017841150877335135,,
168,0.9761904761904762,0.7938650306748466,0.12082908274058916,0.6,,catboost,B6_deficiency,drop60,holdout,,,7.0,1.0,0.42857142857142855,1.0,0.4793574846206424,0.7826086956521738,0.02372389269754333,,
168,0.9583333333333334,0.48936170212765956,0.21362331806817483,0.0,,catboost,B6_deficiency,cbc_only,holdout,,,7.0,0.0,0.0,1.0,0.26088947838327514,0.8154392191659273,0.04076858827257314,0.0,0.0
168,0.9583333333333334,0.48936170212765956,0.19944015050259656,0.0,,catboost,B6_deficiency,hb_only,holdout,,,7.0,0.0,0.0,1.0,0.0414644183471909,0.4383318544809228,0.04140822237563093,,
168,0.9940476190476191,0.9599904739223625,0.04142835428826481,0.9230769230769231,,catboost,B6_deficiency,no_iron,holdout,,,7.0,1.0,0.8571428571428571,1.0,0.8714285714285714,0.9440993788819876,0.0063447215054770485,,
168,0.9940476190476191,0.9599904739223625,0.04408167842498724,0.9230769230769231,,catboost,B6_deficiency,no_B12,holdout,,,7.0,1.0,0.8571428571428571,1.0,0.8667582417582417,0.9139307897071872,0.0064982369175424475,,
168,0.9940476190476191,0.9599904739223625,0.043545427847326,0.9230769230769231,,catboost,B6_deficiency,no_folate,holdout,,,7.0,1.0,0.8571428571428571,1.0,0.8673469387755102,0.9192546583850931,0.006470304294122058,,
168,0.9583333333333334,0.48936170212765956,0.21027239354786448,0.0,,catboost,B6_deficiency,no_B6,holdout,,,7.0,0.0,0.0,1.0,0.2087557944700802,0.7985803016858917,0.04074937585229241,,
168,0.9940476190476191,0.9599904739223625,0.043730397006268164,0.9230769230769231,,catboost,B6_deficiency,no_copper,holdout,,,7.0,1.0,0.8571428571428571,1.0,0.8675595238095237,0.9210292812777284,0.00646740857056913,,
168,0.9940476190476191,0.9599904739223625,0.044228517279148616,0.9230769230769231,,catboost,B6_deficiency,no_hemoglobin,holdout,,,7.0,1.0,0.8571428571428571,1.0,0.8671428571428571,0.9174800354924578,0.006526301830496577,,
168,0.9940476190476191,0.9599904739223625,0.043040068494807626,0.9230769230769231,,catboost,B6_deficiency,no_demographics,holdout,,,7.0,1.0,0.8571428571428571,1.0,0.8682539682539682,0.9263531499556343,0.0064949122953764276,,
168,0.9880952380952381,0.9135802469135803,0.053829796506717875,0.8333333333333334,,catboost,copper_deficiency,available,holdout,,,7.0,1.0,0.7142857142857143,1.0,0.9097744360902256,0.9893522626441881,0.011791795251920197,0.5,1.0
168,0.9821428571428571,0.8590209790209791,0.13687193927715985,0.7272727272727273,,catboost,copper_deficiency,drop30,holdout,,,7.0,1.0,0.5714285714285714,1.0,0.6018298119790656,0.7897071872227152,0.018732223778470652,,
168,0.9761904761904762,0.7938650306748466,0.16296870060516483,0.6,,catboost,copper_deficiency,drop60,holdout,,,7.0,1.0,0.42857142857142855,1.0,0.4603344129807642,0.6628216503992901,0.02470406833979258,,
168,0.9583333333333334,0.48936170212765956,0.3135859063243283,0.0,,catboost,copper_deficiency,cbc_only,holdout,,,7.0,0.0,0.0,1.0,0.12779705674442515,0.8172138420585625,0.04161754880654473,0.0,0.0
168,0.9583333333333334,0.48936170212765956,0.23300095578915453,0.0,,catboost,copper_deficiency,hb_only,holdout,,,7.0,0.0,0.0,1.0,0.05374583552790866,0.5430346051464063,0.04134173898136081,,
168,0.9880952380952381,0.9135802469135803,0.054252108301838985,0.8333333333333334,,catboost,copper_deficiency,no_iron,holdout,,,7.0,1.0,0.7142857142857143,1.0,0.9071428571428571,0.9884649511978704,0.012001049695000607,,
168,0.9880952380952381,0.9135802469135803,0.053399567358160024,0.8333333333333334,,catboost,copper_deficiency,no_B12,holdout,,,7.0,1.0,0.7142857142857143,1.0,0.9097744360902256,0.9893522626441881,0.011616061502996152,,
168,0.9880952380952381,0.9135802469135803,0.05351520013477494,0.8333333333333334,,catboost,copper_deficiency,no_folate,holdout,,,7.0,1.0,0.7142857142857143,1.0,0.9097744360902256,0.9893522626441881,0.011691431589231286,,
168,0.9880952380952381,0.9135802469135803,0.05380333850971769,0.8333333333333334,,catboost,copper_deficiency,no_B6,holdout,,,7.0,1.0,0.7142857142857143,1.0,0.9097744360902256,0.9893522626441881,0.011786016186220227,,
168,0.9583333333333334,0.48936170212765956,0.31104588361274066,0.0,,catboost,copper_deficiency,no_copper,holdout,,,7.0,0.0,0.0,1.0,0.34876745392012565,0.7905944986690329,0.041597440572507395,,
168,0.9880952380952381,0.9135802469135803,0.05378334554520202,0.8333333333333334,,catboost,copper_deficiency,no_hemoglobin,holdout,,,7.0,1.0,0.7142857142857143,1.0,0.9071428571428571,0.9884649511978704,0.011876457164644985,,
168,0.9880952380952381,0.9135802469135803,0.05127951292960152,0.8333333333333334,,catboost,copper_deficiency,no_demographics,holdout,,,7.0,1.0,0.7142857142857143,1.0,0.9097744360902256,0.9893522626441881,0.011312858263398798,,
168,0.9821428571428571,0.9801691914223885,0.04727320087109164,0.9739130434782609,,catboost_dropout,iron_deficiency,available,holdout,,,57.0,0.9655172413793104,0.9824561403508771,0.9819819819819819,0.9985851726089416,0.9992097360518413,0.012395419299556893,0.9368171969437792,1.0
168,0.9821428571428571,0.9798198198198198,0.08681171175973568,0.972972972972973,,catboost_dropout,iron_deficiency,drop30,holdout,,,57.0,1.0,0.9473684210526315,1.0,0.989475874212147,0.9920973605184131,0.02091584357017126,,
168,0.9345238095238095,0.9238095238095239,0.19259532758373824,0.8952380952380953,,catboost_dropout,iron_deficiency,drop60,holdout,,,57.0,0.9791666666666666,0.8245614035087719,0.990990990990991,0.971769144896113,0.9815078236130867,0.054844623905859924,,
168,0.8452380952380952,0.8242960579243765,0.3486353141823075,0.7636363636363637,,catboost_dropout,iron_deficiency,cbc_only,holdout,,,57.0,0.7924528301886793,0.7368421052631579,0.9009009009009009,0.8536207835919787,0.9125968073336495,0.10810465058519737,0.6590295796574986,0.8461174311926605
168,0.6607142857142857,0.3978494623655914,0.6907278984545558,0.0,,catboost_dropout,iron_deficiency,hb_only,holdout,,,57.0,0.0,0.0,1.0,0.37593904381577037,0.5064801643749013,0.24125324050157268,,
168,0.8392857142857143,0.8148798106354324,0.3230012174543305,0.7476635514018691,,catboost_dropout,iron_deficiency,no_iron,holdout,,,57.0,0.8,0.7017543859649122,0.9099099099099099,0.866667836299317,0.9298245614035088,0.10083110341810189,,
168,0.9821428571428571,0.9801691914223885,0.04808365231816584,0.9739130434782609,,catboost_dropout,iron_deficiency,no_B12,holdout,,,57.0,0.9655172413793104,0.9824561403508771,0.9819819819819819,0.9982773855975535,0.9990516832622096,0.012605343809923278,,
168,0.9821428571428571,0.9801691914223885,0.04789327007402979,0.9739130434782609,,catboost_dropout,iron_deficiency,no_folate,holdout,,,57.0,0.9655172413793104,0.9824561403508771,0.9819819819819819,0.9982773855975535,0.9990516832622096,0.01248906149336296,,
168,0.9821428571428571,0.9801691914223885,0.04740981932452461,0.9739130434782609,,catboost_dropout,iron_deficiency,no_B6,holdout,,,57.0,0.9655172413793104,0.9824561403508771,0.9819819819819819,0.9985851726089416,0.9992097360518413,0.012431449016078431,,
168,0.9821428571428571,0.9801691914223885,0.04654883409825146,0.9739130434782609,,catboost_dropout,iron_deficiency,no_copper,holdout,,,57.0,0.9655172413793104,0.9824561403508771,0.9819819819819819,0.9985851726089416,0.9992097360518413,0.01220029047504698,,
168,0.9821428571428571,0.9801691914223885,0.046150465994341215,0.9739130434782609,,catboost_dropout,iron_deficiency,no_hemoglobin,holdout,,,57.0,0.9655172413793104,0.9824561403508771,0.9819819819819819,0.998849582973828,0.999367788841473,0.011947242587112833,,
168,0.9821428571428571,0.9801691914223885,0.05146569445731344,0.9739130434782609,,catboost_dropout,iron_deficiency,no_demographics,holdout,,,57.0,0.9655172413793104,0.9824561403508771,0.9819819819819819,0.9976076555023923,0.9985775248933143,0.013348388658910578,,
168,0.9940476190476191,0.9908809640123759,0.029195494687283934,0.9855072463768116,,catboost_dropout,B12_deficiency,available,holdout,,,35.0,1.0,0.9714285714285714,1.0,0.9992063492063492,0.9997851772287862,0.0051865614296502435,0.9474690792487402,1.0
168,0.9702380952380952,0.9533928868667814,0.10355861477213481,0.9253731343283582,,catboost_dropout,B12_deficiency,drop30,holdout,,,35.0,0.96875,0.8857142857142857,0.9924812030075187,0.9653192782621004,0.9823845327604727,0.025909979573834712,,
168,0.9226190476190477,0.873015873015873,0.18889513159447238,0.7936507936507936,,catboost_dropout,B12_deficiency,drop60,holdout,,,35.0,0.8928571428571429,0.7142857142857143,0.9774436090225563,0.9205639051881713,0.9725026852846401,0.053472999935788836,,
168,0.8333333333333334,0.7230986578761478,0.35044805506919474,0.5483870967741935,,catboost_dropout,B12_deficiency,cbc_only,holdout,,,35.0,0.6296296296296297,0.4857142857142857,0.924812030075188,0.6363955440703186,0.8721804511278195,0.1111579826802817,0.37828562134027327,0.6875948128211401
168,0.7916666666666666,0.4418604651162791,0.5312598869280499,0.0,,catboost_dropout,B12_deficiency,hb_only,holdout,,,35.0,0.0,0.0,1.0,0.17338331111278316,0.4184747583243824,0.1706436302643532,,
168,0.9940476190476191,0.9910709540260431,0.03477120177678646,0.9859154929577465,,catboost_dropout,B12_deficiency,no_iron,holdout,,,35.0,0.9722222222222222,1.0,0.9924812030075187,0.9992063492063492,0.9997851772287862,0.006154853688951634,,
168,0.9166666666666666,0.8541304887124783,0.21483911855091417,0.7586206896551724,,catboost_dropout,B12_deficiency,no_B12,holdout,,,35.0,0.9565217391304348,0.6285714285714286,0.9924812030075187,0.8874912905772931,0.9501611170784103,0.06360456249437159,,
168,0.9880952380952381,0.981954887218045,0.03724936907340382,0.9714285714285714,,catboost_dropout,B12_deficiency,no_folate,holdout,,,35.0,0.9714285714285714,0.9714285714285714,0.9924812030075187,0.9992063492063492,0.9997851772287862,0.007849944728719771,,
168,0.9940476190476191,0.9908809640123759,0.029263580721090334,0.9855072463768116,,catboost_dropout,B12_deficiency,no_B6,holdout,,,35.0,1.0,0.9714285714285714,1.0,0.9992063492063492,0.9997851772287862,0.005189250513575987,,
168,0.9940476190476191,0.9908809640123759,0.029323652364455745,0.9855072463768116,,catboost_dropout,B12_deficiency,no_copper,holdout,,,35.0,1.0,0.9714285714285714,1.0,0.9992063492063492,0.9997851772287862,0.0051753436811289065,,
168,0.9940476190476191,0.9910709540260431,0.027696425945009824,0.9859154929577465,,catboost_dropout,B12_deficiency,no_hemoglobin,holdout,,,35.0,0.9722222222222222,1.0,0.9924812030075187,0.9992063492063492,0.9997851772287862,0.004723011486120251,,
168,0.9940476190476191,0.9908809640123759,0.029312332773876206,0.9855072463768116,,catboost_dropout,B12_deficiency,no_demographics,holdout,,,35.0,1.0,0.9714285714285714,1.0,0.9992063492063492,0.9997851772287862,0.0060957871113489544,,
168,0.9107142857142857,0.8369459721772889,0.22126165048013052,0.7272727272727273,,catboost_dropout,folate_deficiency,available,holdout,,,35.0,1.0,0.5714285714285714,1.0,0.8945335215155024,0.9600429645542428,0.06735411180736364,0.6090277777777777,0.854918032786885
168,0.8809523809523809,0.765034965034965,0.28707383903050315,0.6,,catboost_dropout,folate_deficiency,drop30,holdout,,,35.0,1.0,0.42857142857142855,1.0,0.8186277111811657,0.916219119226638,0.0870870804867042,,
168,0.8095238095238095,0.5459459459459459,0.3999095105609251,0.2,,catboost_dropout,folate_deficiency,drop60,holdout,,,35.0,0.8,0.11428571428571428,0.9924812030075187,0.6267357769521918,0.8300751879699249,0.12749918144345979,,
168,0.7738095238095238,0.5677139761646803,0.4655755114548293,0.2692307692307692,,catboost_dropout,folate_deficiency,cbc_only,holdout,,,35.0,0.4117647058823529,0.2,0.924812030075188,0.4130141781538152,0.7568206229860365,0.1516700892082513,0.09517867271695973,0.41509433962264153
168,0.7916666666666666,0.4418604651162791,0.5135872949031959,0.0,,catboost_dropout,folate_deficiency,hb_only,holdout,,,35.0,0.0,0.0,1.0,0.2367522429022409,0.5585392051557465,0.16517281669508804,,
168,0.9107142857142857,0.8369459721772889,0.21872337733597083,0.7272727272727273,,catboost_dropout,folate_deficiency,no_iron,holdout,,,35.0,1.0,0.5714285714285714,1.0,0.8974916560580899,0.961546723952739,0.06710462774313271,,
168,0.9047619047619048,0.8332919870999752,0.2425983722436399,0.7241379310344828,,catboost_dropout,folate_deficiency,no_B12,holdout,,,35.0,0.9130434782608695,0.6,0.9849624060150376,0.8526395276829369,0.9368421052631579,0.07283310890423597,,
168,0.7916666666666666,0.4684985989333815,0.49458879326175115,0.05405405405405406,,catboost_dropout,folate_deficiency,no_folate,holdout,,,35.0,0.5,0.02857142857142857,0.9924812030075187,0.5272791586614299,0.8023630504833512,0.15584038472205478,,
168,0.9166666666666666,0.85,0.2218267407984171,0.75,,catboost_dropout,folate_deficiency,no_B6,holdout,,,35.0,1.0,0.6,1.0,0.8941285699185807,0.9600429645542428,0.06759288599350766,,
168,0.9107142857142857,0.8369459721772889,0.21842345846690847,0.7272727272727273,,catboost_dropout,folate_deficiency,no_copper,holdout,,,35.0,1.0,0.5714285714285714,1.0,0.8939812511949556,0.960687432867884,0.06650895254466778,,
168,0.9107142857142857,0.8369459721772889,0.215695554185327,0.7272727272727273,,catboost_dropout,folate_deficiency,no_hemoglobin,holdout,,,35.0,1.0,0.5714285714285714,1.0,0.8999061090060916,0.9628356605800215,0.06615232075908457,,
168,0.8988095238095238,0.809587305820388,0.2709385643530043,0.6792452830188679,,catboost_dropout,folate_deficiency,no_demographics,holdout,,,35.0,1.0,0.5142857142857142,1.0,0.888574313716332,0.9568206229860365,0.07903379678596066,,
168,1.0,1.0,0.0076494939556047085,1.0,,catboost_dropout,inflammation_anemia,available,holdout,,,13.0,1.0,1.0,1.0,0.9999999999999998,1.0,0.0008505172762341355,1.0,1.0
168,0.9940476190476191,0.9783922829581994,0.027173060328039216,0.96,,catboost_dropout,inflammation_anemia,drop30,holdout,,,13.0,1.0,0.9230769230769231,1.0,1.0,1.0,0.006425150887733246,,
168,0.9702380952380952,0.873015873015873,0.08888468412469688,0.7619047619047619,,catboost_dropout,inflammation_anemia,drop60,holdout,,,13.0,1.0,0.6153846153846154,1.0,0.8801672751800627,0.9831265508684863,0.02491450830768152,,
168,0.9404761904761905,0.7341772151898734,0.13434315236883146,0.5,,catboost_dropout,inflammation_anemia,cbc_only,holdout,,,13.0,0.7142857142857143,0.38461538461538464,0.9870967741935484,0.6434804326108674,0.969727047146402,0.0428397791338498,0.17386363636363636,0.739204545454545
168,0.9226190476190477,0.47987616099071206,0.2795366593592012,0.0,,catboost_dropout,inflammation_anemia,hb_only,holdout,,,13.0,0.0,0.0,1.0,0.15608144838727273,0.721091811414392,0.07272112158826903,,
168,1.0,1.0,0.021380160637394556,1.0,,catboost_dropout,inflammation_anemia,no_iron,holdout,,,13.0,1.0,1.0,1.0,0.9999999999999998,1.0,0.0036430653645379107,,
168,1.0,1.0,0.0076115989500860955,1.0,,catboost_dropout,inflammation_anemia,no_B12,holdout,,,13.0,1.0,1.0,1.0,0.9999999999999998,1.0,0.0007987572068855078,,
168,1.0,1.0,0.0077522104210084476,1.0,,catboost_dropout,inflammation_anemia,no_folate,holdout,,,13.0,1.0,1.0,1.0,0.9999999999999998,1.0,0.0008979040331309735,,
168,1.0,1.0,0.0077351795577195945,1.0,,catboost_dropout,inflammation_anemia,no_B6,holdout,,,13.0,1.0,1.0,1.0,0.9999999999999998,1.0,0.000861936384141768,,
168,1.0,1.0,0.007632794170580179,1.0,,catboost_dropout,inflammation_anemia,no_copper,holdout,,,13.0,1.0,1.0,1.0,0.9999999999999998,1.0,0.0008483691986709389,,
168,1.0,1.0,0.00819076866667304,1.0,,catboost_dropout,inflammation_anemia,no_hemoglobin,holdout,,,13.0,1.0,1.0,1.0,1.0,1.0,0.0008173185322680756,,
168,1.0,1.0,0.01420314190743341,1.0,,catboost_dropout,inflammation_anemia,no_demographics,holdout,,,13.0,1.0,1.0,1.0,1.0,1.0,0.0020317069372799497,,
168,0.8511904761904762,0.7615668464376952,0.3288977566086864,0.6153846153846154,,logistic_cbc,B12_deficiency,available,holdout,,,35.0,0.6666666666666666,0.5714285714285714,0.924812030075188,0.7135680163691446,0.8857142857142857,0.10410795634300453,0.45376344086021503,0.740595238095238
168,0.8273809523809523,0.6936427089228447,0.37245622322897265,0.49122807017543857,,logistic_cbc,B12_deficiency,drop30,holdout,,,35.0,0.6363636363636364,0.4,0.9398496240601504,0.6173078726260106,0.847905477980666,0.1212626065190543,,
168,0.7678571428571429,0.4582885489871848,0.5418154605324546,0.04878048780487805,,logistic_cbc,B12_deficiency,drop60,holdout,,,35.0,0.16666666666666666,0.02857142857142857,0.9624060150375939,0.325017172131275,0.7033297529538132,0.17512408463681597,,
168,0.8511904761904762,0.7615668464376952,0.3288977566086864,0.6153846153846154,,logistic_cbc,B12_deficiency,cbc_only,holdout,,,35.0,0.6666666666666666,0.5714285714285714,0.924812030075188,0.7135680163691446,0.8857142857142857,0.10410795634300453,0.45376344086021503,0.740595238095238
168,0.7916666666666666,0.4418604651162791,0.6324991567491797,0.0,,logistic_cbc,B12_deficiency,hb_only,holdout,,,35.0,0.0,0.0,1.0,0.17509681301908725,0.3770139634801289,0.18599362482422607,,
168,0.8511904761904762,0.7615668464376952,0.3288977566086864,0.6153846153846154,,logistic_cbc,B12_deficiency,no_iron,holdout,,,35.0,0.6666666666666666,0.5714285714285714,0.924812030075188,0.7135680163691446,0.8857142857142857,0.10410795634300453,,
168,0.8511904761904762,0.7615668464376952,0.3288977566086864,0.6153846153846154,,logistic_cbc,B12_deficiency,no_B12,holdout,,,35.0,0.6666666666666666,0.5714285714285714,0.924812030075188,0.7135680163691446,0.8857142857142857,0.10410795634300453,,
168,0.8511904761904762,0.7615668464376952,0.3288977566086864,0.6153846153846154,,logistic_cbc,B12_deficiency,no_folate,holdout,,,35.0,0.6666666666666666,0.5714285714285714,0.924812030075188,0.7135680163691446,0.8857142857142857,0.10410795634300453,,
168,0.8511904761904762,0.7615668464376952,0.3288977566086864,0.6153846153846154,,logistic_cbc,B12_deficiency,no_B6,holdout,,,35.0,0.6666666666666666,0.5714285714285714,0.924812030075188,0.7135680163691446,0.8857142857142857,0.10410795634300453,,
168,0.8511904761904762,0.7615668464376952,0.3288977566086864,0.6153846153846154,,logistic_cbc,B12_deficiency,no_copper,holdout,,,35.0,0.6666666666666666,0.5714285714285714,0.924812030075188,0.7135680163691446,0.8857142857142857,0.10410795634300453,,
168,0.8273809523809523,0.7355479563588991,0.33897165700724363,0.5797101449275363,,logistic_cbc,B12_deficiency,no_hemoglobin,holdout,,,35.0,0.5882352941176471,0.5714285714285714,0.8947368421052632,0.7076831801456919,0.8799140708915145,0.10981158678605965,,
168,0.8571428571428571,0.7626559924652696,0.3105196379340259,0.6129032258064516,,logistic_cbc,B12_deficiency,no_demographics,holdout,,,35.0,0.7037037037037037,0.5428571428571428,0.9398496240601504,0.7539903832811279,0.9009667024704618,0.09712044377703195,,
168,0.9345238095238095,0.7432976802333657,0.163930752933572,0.5217391304347826,,logistic_cbc,inflammation_anemia,available,holdout,,,13.0,0.6,0.46153846153846156,0.9741935483870968,0.4904460045597508,0.9493796526054591,0.05087947350589762,0.25,0.7727743271221528
168,0.9285714285714286,0.6477987421383647,0.18829041629552368,0.3333333333333333,,logistic_cbc,inflammation_anemia,drop30,holdout,,,13.0,0.6,0.23076923076923078,0.9870967741935484,0.4363283933572558,0.9200992555831266,0.05782066291713163,,
168,0.9285714285714286,0.5527950310559007,0.2729464634610491,0.14285714285714285,,logistic_cbc,inflammation_anemia,drop60,holdout,,,13.0,1.0,0.07692307692307693,1.0,0.28799862754550487,0.7583126550868486,0.06726778218096183,,
168,0.9345238095238095,0.7432976802333657,0.163930752933572,0.5217391304347826,,logistic_cbc,inflammation_anemia,cbc_only,holdout,,,13.0,0.6,0.46153846153846156,0.9741935483870968,0.4904460045597508,0.9493796526054591,0.05087947350589762,0.25,0.7727743271221528
168,0.9226190476190477,0.47987616099071206,0.33307435671443525,0.0,,logistic_cbc,inflammation_anemia,hb_only,holdout,,,13.0,0.0,0.0,1.0,0.12926840170479997,0.6992555831265508,0.07515205610076754,,
168,0.9345238095238095,0.7432976802333657,0.163930752933572,0.5217391304347826,,logistic_cbc,inflammation_anemia,no_iron,holdout,,,13.0,0.6,0.46153846153846156,0.9741935483870968,0.4904460045597508,0.9493796526054591,0.05087947350589762,,
168,0.9345238095238095,0.7432976802333657,0.163930752933572,0.5217391304347826,,logistic_cbc,inflammation_anemia,no_B12,holdout,,,13.0,0.6,0.46153846153846156,0.9741935483870968,0.4904460045597508,0.9493796526054591,0.05087947350589762,,
168,0.9345238095238095,0.7432976802333657,0.163930752933572,0.5217391304347826,,logistic_cbc,inflammation_anemia,no_folate,holdout,,,13.0,0.6,0.46153846153846156,0.9741935483870968,0.4904460045597508,0.9493796526054591,0.05087947350589762,,
168,0.9345238095238095,0.7432976802333657,0.163930752933572,0.5217391304347826,,logistic_cbc,inflammation_anemia,no_B6,holdout,,,13.0,0.6,0.46153846153846156,0.9741935483870968,0.4904460045597508,0.9493796526054591,0.05087947350589762,,
168,0.9345238095238095,0.7432976802333657,0.163930752933572,0.5217391304347826,,logistic_cbc,inflammation_anemia,no_copper,holdout,,,13.0,0.6,0.46153846153846156,0.9741935483870968,0.4904460045597508,0.9493796526054591,0.05087947350589762,,
168,0.9404761904761905,0.7568037058482918,0.17261375588441558,0.5454545454545454,,logistic_cbc,inflammation_anemia,no_hemoglobin,holdout,,,13.0,0.6666666666666666,0.46153846153846156,0.9806451612903225,0.487486943256174,0.9409429280397023,0.0511981316843491,,
168,0.9345238095238095,0.7432976802333657,0.1775417778911781,0.5217391304347826,,logistic_cbc,inflammation_anemia,no_demographics,holdout,,,13.0,0.6,0.46153846153846156,0.9741935483870968,0.47439091099178476,0.9379652605459057,0.05315497924853566,,
168,0.8690476190476191,0.8513274336283185,0.34824015833481786,0.8,,extra_trees_cbc,iron_deficiency,available,holdout,,,57.0,0.8301886792452831,0.7719298245614035,0.918918918918919,0.858026250203299,0.9160739687055477,0.10859269458773153,0.7081397492625369,0.8745601851851852
168,0.8392857142857143,0.808889825152728,0.4234027715972089,0.7326732673267327,,extra_trees_cbc,iron_deficiency,drop30,holdout,,,57.0,0.8409090909090909,0.6491228070175439,0.9369369369369369,0.8199616005720262,0.8727675043464517,0.1318923655975313,,
168,0.7261904761904762,0.6159809183064997,0.5265483858292759,0.41025641025641024,,extra_trees_cbc,iron_deficiency,drop60,holdout,,,57.0,0.7619047619047619,0.2807017543859649,0.954954954954955,0.6434146105614333,0.764501343448712,0.1785646009702583,,
168,0.8690476190476191,0.8513274336283185,0.3482401583348178,0.8,,extra_trees_cbc,iron_deficiency,cbc_only,holdout,,,57.0,0.8301886792452831,0.7719298245614035,0.918918918918919,0.858026250203299,0.9160739687055477,0.1085926945877315,0.7081397492625369,0.8745601851851852
168,0.6607142857142857,0.3978494623655914,0.6370044564274004,0.0,,extra_trees_cbc,iron_deficiency,hb_only,holdout,,,57.0,0.0,0.0,1.0,0.5241910345796343,0.606369527422159,0.2226225208244541,,
168,0.8690476190476191,0.8513274336283185,0.34824015833481786,0.8,,extra_trees_cbc,iron_deficiency,no_iron,holdout,,,57.0,0.8301886792452831,0.7719298245614035,0.918918918918919,0.858026250203299,0.9160739687055477,0.1085926945877315,,
168,0.8690476190476191,0.8513274336283185,0.34824015833481786,0.8,,extra_trees_cbc,iron_deficiency,no_B12,holdout,,,57.0,0.8301886792452831,0.7719298245614035,0.918918918918919,0.858026250203299,0.9160739687055477,0.1085926945877315,,
168,0.8690476190476191,0.8513274336283185,0.34824015833481786,0.8,,extra_trees_cbc,iron_deficiency,no_folate,holdout,,,57.0,0.8301886792452831,0.7719298245614035,0.918918918918919,0.858026250203299,0.9160739687055477,0.10859269458773153,,
168,0.8690476190476191,0.8513274336283185,0.34824015833481786,0.8,,extra_trees_cbc,iron_deficiency,no_B6,holdout,,,57.0,0.8301886792452831,0.7719298245614035,0.918918918918919,0.858026250203299,0.9160739687055477,0.10859269458773153,,
168,0.8690476190476191,0.8513274336283185,0.34824015833481786,0.8,,extra_trees_cbc,iron_deficiency,no_copper,holdout,,,57.0,0.8301886792452831,0.7719298245614035,0.918918918918919,0.858026250203299,0.9160739687055477,0.1085926945877315,,
168,0.8630952380952381,0.8423050238746276,0.3517118912164225,0.7850467289719626,,extra_trees_cbc,iron_deficiency,no_hemoglobin,holdout,,,57.0,0.84,0.7368421052631579,0.9279279279279279,0.8494170521585819,0.9157578631262842,0.10935747276454305,,
168,0.8690476190476191,0.8526785714285714,0.3395592310677502,0.8035714285714286,,extra_trees_cbc,iron_deficiency,no_demographics,holdout,,,57.0,0.8181818181818182,0.7894736842105263,0.9099099099099099,0.8708113174382304,0.9220799747115537,0.1057270210718779,,
168,0.5654761904761905,0.46698601725119354,1.137603724915487,0.46698601725119354,0.5553835719219559,catboost_cbc,anemia_class,available,holdout,,,,,,,,,,0.38804944049537415,0.5309780622260336
168,0.4107142857142857,0.3386840459176524,1.8094760865057455,0.3386840459176524,0.7376312812490601,catboost_cbc,anemia_class,drop30,holdout,,,,,,,,,,,
168,0.16071428571428573,0.10642518652954225,2.4650543725017,0.10642518652954225,0.9353752782178417,catboost_cbc,anemia_class,drop60,holdout,,,,,,,,,,,
168,0.5654761904761905,0.46698601725119354,1.137603724915487,0.46698601725119354,0.5553835719219559,catboost_cbc,anemia_class,cbc_only,holdout,,,,,,,,,,0.38804944049537415,0.5309780622260336
168,0.125,0.04129338930097943,2.493715337991258,0.04129338930097943,0.9338569732546466,catboost_cbc,anemia_class,hb_only,holdout,,,,,,,,,,,
168,0.5654761904761905,0.46698601725119354,1.137603724915487,0.46698601725119354,0.5553835719219559,catboost_cbc,anemia_class,no_iron,holdout,,,,,,,,,,,
168,0.5654761904761905,0.46698601725119354,1.137603724915487,0.46698601725119354,0.5553835719219559,catboost_cbc,anemia_class,no_B12,holdout,,,,,,,,,,,
168,0.5654761904761905,0.46698601725119354,1.137603724915487,0.46698601725119354,0.5553835719219559,catboost_cbc,anemia_class,no_folate,holdout,,,,,,,,,,,
168,0.5654761904761905,0.46698601725119354,1.137603724915487,0.46698601725119354,0.5553835719219559,catboost_cbc,anemia_class,no_B6,holdout,,,,,,,,,,,
168,0.5654761904761905,0.46698601725119354,1.137603724915487,0.46698601725119354,0.5553835719219559,catboost_cbc,anemia_class,no_copper,holdout,,,,,,,,,,,
168,0.3630952380952381,0.2528570371868481,1.7347153636669486,0.2528570371868481,0.7421237355967311,catboost_cbc,anemia_class,no_hemoglobin,holdout,,,,,,,,,,,
168,0.5892857142857143,0.4766079209461563,1.145966264565306,0.4766079209461563,0.5581701184990715,catboost_cbc,anemia_class,no_demographics,holdout,,,,,,,,,,,
168,0.7857142857142857,0.5466266866566717,0.4773709663906482,0.21739130434782608,,catboost_cbc,folate_deficiency,available,holdout,,,35.0,0.45454545454545453,0.14285714285714285,0.9548872180451128,0.41548466650583626,0.7495166487647691,0.1529521702913816,0.0571078431372549,0.3623099415204675
168,0.7738095238095238,0.4608108108108108,0.6184843411763941,0.05,,catboost_cbc,folate_deficiency,drop30,holdout,,,35.0,0.2,0.02857142857142857,0.9699248120300752,0.3381355393543136,0.6569280343716434,0.17660574758311312,,
168,0.7916666666666666,0.4418604651162791,0.7281569435808628,0.0,,catboost_cbc,folate_deficiency,drop60,holdout,,,35.0,0.0,0.0,1.0,0.28336288791281683,0.6354457572502686,0.1910056367390022,,
168,0.7857142857142857,0.5466266866566717,0.4773709663906482,0.21739130434782608,,catboost_cbc,folate_deficiency,cbc_only,holdout,,,35.0,0.45454545454545453,0.14285714285714285,0.9548872180451128,0.41548466650583626,0.7495166487647691,0.1529521702913816,0.0571078431372549,0.3623099415204675
168,0.7916666666666666,0.4418604651162791,0.7371099284019648,0.0,,catboost_cbc,folate_deficiency,hb_only,holdout,,,35.0,0.0,0.0,1.0,0.19046533447718839,0.4682062298603652,0.19470079826729905,,
168,0.7857142857142857,0.5466266866566717,0.4773709663906482,0.21739130434782608,,catboost_cbc,folate_deficiency,no_iron,holdout,,,35.0,0.45454545454545453,0.14285714285714285,0.9548872180451128,0.41548466650583626,0.7495166487647691,0.1529521702913816,,
168,0.7857142857142857,0.5466266866566717,0.4773709663906482,0.21739130434782608,,catboost_cbc,folate_deficiency,no_B12,holdout,,,35.0,0.45454545454545453,0.14285714285714285,0.9548872180451128,0.41548466650583626,0.7495166487647691,0.1529521702913816,,
168,0.7857142857142857,0.5466266866566717,0.4773709663906482,0.21739130434782608,,catboost_cbc,folate_deficiency,no_folate,holdout,,,35.0,0.45454545454545453,0.14285714285714285,0.9548872180451128,0.41548466650583626,0.7495166487647691,0.1529521702913816,,
168,0.7857142857142857,0.5466266866566717,0.4773709663906482,0.21739130434782608,,catboost_cbc,folate_deficiency,no_B6,holdout,,,35.0,0.45454545454545453,0.14285714285714285,0.9548872180451128,0.41548466650583626,0.7495166487647691,0.1529521702913816,,
168,0.7857142857142857,0.5466266866566717,0.4773709663906482,0.21739130434782608,,catboost_cbc,folate_deficiency,no_copper,holdout,,,35.0,0.45454545454545453,0.14285714285714285,0.9548872180451128,0.41548466650583626,0.7495166487647691,0.1529521702913816,,
168,0.7916666666666666,0.5332962933566157,0.4677533758138311,0.18604651162790697,,catboost_cbc,folate_deficiency,no_hemoglobin,holdout,,,35.0,0.5,0.11428571428571428,0.9699248120300752,0.42653665646981964,0.7636949516648764,0.15068250900970817,,
168,0.7857142857142857,0.5102040816326531,0.4929940856706093,0.14285714285714285,,catboost_cbc,folate_deficiency,no_demographics,holdout,,,35.0,0.42857142857142855,0.08571428571428572,0.9699248120300752,0.4195990592570069,0.7866809881847476,0.15862558734889207,,
168,0.9642857142857143,0.6158536585365854,0.14119375321514419,0.25,,catboost_cbc,B6_deficiency,available,holdout,,,7.0,1.0,0.14285714285714285,1.0,0.3966115881813556,0.8589174800354925,0.03401934278431406,0.0,0.6
168,0.9583333333333334,0.48936170212765956,0.16067707848296658,0.0,,catboost_cbc,B6_deficiency,drop30,holdout,,,7.0,0.0,0.0,1.0,0.2430670219592854,0.7542147293700088,0.03863775188306394,,
168,0.9583333333333334,0.48936170212765956,0.19743484506701445,0.0,,catboost_cbc,B6_deficiency,drop60,holdout,,,7.0,0.0,0.0,1.0,0.06721486019183676,0.6353149955634427,0.04963819425016035,,
168,0.9642857142857143,0.6158536585365854,0.14119375321514419,0.25,,catboost_cbc,B6_deficiency,cbc_only,holdout,,,7.0,1.0,0.14285714285714285,1.0,0.3966115881813556,0.8589174800354925,0.03401934278431406,0.0,0.6
168,0.9583333333333334,0.48936170212765956,0.2660462498566083,0.0,,catboost_cbc,B6_deficiency,hb_only,holdout,,,7.0,0.0,0.0,1.0,0.040084834339779885,0.4161490683229814,0.06514894873168643,,
168,0.9642857142857143,0.6158536585365854,0.14119375321514419,0.25,,catboost_cbc,B6_deficiency,no_iron,holdout,,,7.0,1.0,0.14285714285714285,1.0,0.3966115881813556,0.8589174800354925,0.03401934278431406,,
168,0.9642857142857143,0.6158536585365854,0.14119375321514419,0.25,,catboost_cbc,B6_deficiency,no_B12,holdout,,,7.0,1.0,0.14285714285714285,1.0,0.3966115881813556,0.8589174800354925,0.03401934278431406,,
168,0.9642857142857143,0.6158536585365854,0.14119375321514419,0.25,,catboost_cbc,B6_deficiency,no_folate,holdout,,,7.0,1.0,0.14285714285714285,1.0,0.3966115881813556,0.8589174800354925,0.03401934278431406,,
168,0.9642857142857143,0.6158536585365854,0.14119375321514419,0.25,,catboost_cbc,B6_deficiency,no_B6,holdout,,,7.0,1.0,0.14285714285714285,1.0,0.3966115881813556,0.8589174800354925,0.03401934278431406,,
168,0.9642857142857143,0.6158536585365854,0.14119375321514419,0.25,,catboost_cbc,B6_deficiency,no_copper,holdout,,,7.0,1.0,0.14285714285714285,1.0,0.3966115881813556,0.8589174800354925,0.03401934278431406,,
168,0.9583333333333334,0.48936170212765956,0.14683084146943126,0.0,,catboost_cbc,B6_deficiency,no_hemoglobin,holdout,,,7.0,0.0,0.0,1.0,0.31494340494340495,0.8456078083407276,0.03571894753574725,,
168,0.9642857142857143,0.6158536585365854,0.14828676450637598,0.25,,catboost_cbc,B6_deficiency,no_demographics,holdout,,,7.0,1.0,0.14285714285714285,1.0,0.3383867312438741,0.8642413487133984,0.03427271696749704,,
168,0.9583333333333334,0.48936170212765956,0.18431623237865052,0.0,,catboost_cbc,copper_deficiency,available,holdout,,,7.0,0.0,0.0,1.0,0.1018297024762542,0.7861579414374444,0.041441669078446625,0.0,0.0
168,0.8273809523809523,0.48471708090957166,0.3137542891849471,0.06451612903225806,,catboost_cbc,copper_deficiency,drop30,holdout,,,7.0,0.041666666666666664,0.14285714285714285,0.8571428571428571,0.20220241171104875,0.6672582076308784,0.09942831234666291,,
168,0.6785714285714286,0.40425531914893614,0.5831472469573336,0.0,,catboost_cbc,copper_deficiency,drop60,holdout,,,7.0,0.0,0.0,0.7080745341614907,0.0380660647099026,0.41703637976929897,0.20606999149091348,,
168,0.9583333333333334,0.48936170212765956,0.18431623237865052,0.0,,catboost_cbc,copper_deficiency,cbc_only,holdout,,,7.0,0.0,0.0,1.0,0.1018297024762542,0.7861579414374444,0.041441669078446625,0.0,0.0
168,0.4166666666666667,0.33773129525341916,0.7598031289617821,0.10909090909090909,,catboost_cbc,copper_deficiency,hb_only,holdout,,,7.0,0.05825242718446602,0.8571428571428571,0.39751552795031053,0.05795961687266035,0.6051464063886425,0.28208999927383627,,
168,0.9583333333333334,0.48936170212765956,0.18431623237865052,0.0,,catboost_cbc,copper_deficiency,no_iron,holdout,,,7.0,0.0,0.0,1.0,0.1018297024762542,0.7861579414374444,0.041441669078446625,,
168,0.9583333333333334,0.48936170212765956,0.18431623237865052,0.0,,catboost_cbc,copper_deficiency,no_B12,holdout,,,7.0,0.0,0.0,1.0,0.1018297024762542,0.7861579414374444,0.041441669078446625,,
168,0.9583333333333334,0.48936170212765956,0.18431623237865052,0.0,,catboost_cbc,copper_deficiency,no_folate,holdout,,,7.0,0.0,0.0,1.0,0.1018297024762542,0.7861579414374444,0.041441669078446625,,
168,0.9583333333333334,0.48936170212765956,0.18431623237865052,0.0,,catboost_cbc,copper_deficiency,no_B6,holdout,,,7.0,0.0,0.0,1.0,0.1018297024762542,0.7861579414374444,0.041441669078446625,,
168,0.9583333333333334,0.48936170212765956,0.18431623237865052,0.0,,catboost_cbc,copper_deficiency,no_copper,holdout,,,7.0,0.0,0.0,1.0,0.1018297024762542,0.7861579414374444,0.041441669078446625,,
168,0.9583333333333334,0.48936170212765956,0.19379239901307474,0.0,,catboost_cbc,copper_deficiency,no_hemoglobin,holdout,,,7.0,0.0,0.0,1.0,0.08335479595417793,0.7346938775510203,0.04163876421045861,,
168,0.9583333333333334,0.48936170212765956,0.1678688914214302,0.0,,catboost_cbc,copper_deficiency,no_demographics,holdout,,,7.0,0.0,0.0,1.0,0.10911587200090717,0.8003549245785271,0.040955673619005685,,
