config,target,scenario,partition,label,precision,recall,f1,support
prior,anemia_class,available,development_oof,B12_deficiency_anemia,0.0,0.0,0.0,52
prior,anemia_class,available,development_oof,B12_deficiency_no_anemia,0.0,0.0,0.0,40
prior,anemia_class,available,development_oof,B6_deficiency,0.0,0.0,0.0,28
prior,anemia_class,available,development_oof,anemia_other,0.0,0.0,0.0,60
prior,anemia_class,available,development_oof,copper_deficiency,0.0,0.0,0.0,28
prior,anemia_class,available,development_oof,folate_deficiency_anemia,0.0,0.0,0.0,40
prior,anemia_class,available,development_oof,folate_deficiency_no_anemia,0.0,0.0,0.0,32
prior,anemia_class,available,development_oof,inflammation_anemia,0.0,0.0,0.0,52
prior,anemia_class,available,development_oof,iron_deficiency_anemia,0.13399503722084366,0.5869565217391305,0.21818181818181817,92
prior,anemia_class,available,development_oof,latent_deficiency,0.0,0.0,0.0,68
prior,anemia_class,available,development_oof,mixed_deficiency,0.13382899628252787,0.391304347826087,0.1994459833795014,92
prior,anemia_class,available,development_oof,no_anemia_no_deficiency,0.0,0.0,0.0,88
prior,anemia_class,drop30,development_oof,B12_deficiency_anemia,0.0,0.0,0.0,52
prior,anemia_class,drop30,development_oof,B12_deficiency_no_anemia,0.0,0.0,0.0,40
prior,anemia_class,drop30,development_oof,B6_deficiency,0.0,0.0,0.0,28
prior,anemia_class,drop30,development_oof,anemia_other,0.0,0.0,0.0,60
prior,anemia_class,drop30,development_oof,copper_deficiency,0.0,0.0,0.0,28
prior,anemia_class,drop30,development_oof,folate_deficiency_anemia,0.0,0.0,0.0,40
prior,anemia_class,drop30,development_oof,folate_deficiency_no_anemia,0.0,0.0,0.0,32
prior,anemia_class,drop30,development_oof,inflammation_anemia,0.0,0.0,0.0,52
prior,anemia_class,drop30,development_oof,iron_deficiency_anemia,0.13399503722084366,0.5869565217391305,0.21818181818181817,92
prior,anemia_class,drop30,development_oof,latent_deficiency,0.0,0.0,0.0,68
prior,anemia_class,drop30,development_oof,mixed_deficiency,0.13382899628252787,0.391304347826087,0.1994459833795014,92
prior,anemia_class,drop30,development_oof,no_anemia_no_deficiency,0.0,0.0,0.0,88
prior,anemia_class,drop60,development_oof,B12_deficiency_anemia,0.0,0.0,0.0,52
prior,anemia_class,drop60,development_oof,B12_deficiency_no_anemia,0.0,0.0,0.0,40
prior,anemia_class,drop60,development_oof,B6_deficiency,0.0,0.0,0.0,28
prior,anemia_class,drop60,development_oof,anemia_other,0.0,0.0,0.0,60
prior,anemia_class,drop60,development_oof,copper_deficiency,0.0,0.0,0.0,28
prior,anemia_class,drop60,development_oof,folate_deficiency_anemia,0.0,0.0,0.0,40
prior,anemia_class,drop60,development_oof,folate_deficiency_no_anemia,0.0,0.0,0.0,32
prior,anemia_class,drop60,development_oof,inflammation_anemia,0.0,0.0,0.0,52
prior,anemia_class,drop60,development_oof,iron_deficiency_anemia,0.13399503722084366,0.5869565217391305,0.21818181818181817,92
prior,anemia_class,drop60,development_oof,latent_deficiency,0.0,0.0,0.0,68
prior,anemia_class,drop60,development_oof,mixed_deficiency,0.13382899628252787,0.391304347826087,0.1994459833795014,92
prior,anemia_class,drop60,development_oof,no_anemia_no_deficiency,0.0,0.0,0.0,88
prior,anemia_class,cbc_only,development_oof,B12_deficiency_anemia,0.0,0.0,0.0,52
prior,anemia_class,cbc_only,development_oof,B12_deficiency_no_anemia,0.0,0.0,0.0,40
prior,anemia_class,cbc_only,development_oof,B6_deficiency,0.0,0.0,0.0,28
prior,anemia_class,cbc_only,development_oof,anemia_other,0.0,0.0,0.0,60
prior,anemia_class,cbc_only,development_oof,copper_deficiency,0.0,0.0,0.0,28
prior,anemia_class,cbc_only,development_oof,folate_deficiency_anemia,0.0,0.0,0.0,40
prior,anemia_class,cbc_only,development_oof,folate_deficiency_no_anemia,0.0,0.0,0.0,32
prior,anemia_class,cbc_only,development_oof,inflammation_anemia,0.0,0.0,0.0,52
prior,anemia_class,cbc_only,development_oof,iron_deficiency_anemia,0.13399503722084366,0.5869565217391305,0.21818181818181817,92
prior,anemia_class,cbc_only,development_oof,latent_deficiency,0.0,0.0,0.0,68
prior,anemia_class,cbc_only,development_oof,mixed_deficiency,0.13382899628252787,0.391304347826087,0.1994459833795014,92
prior,anemia_class,cbc_only,development_oof,no_anemia_no_deficiency,0.0,0.0,0.0,88
prior,anemia_class,hb_only,development_oof,B12_deficiency_anemia,0.0,0.0,0.0,52
prior,anemia_class,hb_only,development_oof,B12_deficiency_no_anemia,0.0,0.0,0.0,40
prior,anemia_class,hb_only,development_oof,B6_deficiency,0.0,0.0,0.0,28
prior,anemia_class,hb_only,development_oof,anemia_other,0.0,0.0,0.0,60
prior,anemia_class,hb_only,development_oof,copper_deficiency,0.0,0.0,0.0,28
prior,anemia_class,hb_only,development_oof,folate_deficiency_anemia,0.0,0.0,0.0,40
prior,anemia_class,hb_only,development_oof,folate_deficiency_no_anemia,0.0,0.0,0.0,32
prior,anemia_class,hb_only,development_oof,inflammation_anemia,0.0,0.0,0.0,52
prior,anemia_class,hb_only,development_oof,iron_deficiency_anemia,0.13399503722084366,0.5869565217391305,0.21818181818181817,92
prior,anemia_class,hb_only,development_oof,latent_deficiency,0.0,0.0,0.0,68
prior,anemia_class,hb_only,development_oof,mixed_deficiency,0.13382899628252787,0.391304347826087,0.1994459833795014,92
prior,anemia_class,hb_only,development_oof,no_anemia_no_deficiency,0.0,0.0,0.0,88
prior,anemia_class,no_iron,development_oof,B12_deficiency_anemia,0.0,0.0,0.0,52
prior,anemia_class,no_iron,development_oof,B12_deficiency_no_anemia,0.0,0.0,0.0,40
prior,anemia_class,no_iron,development_oof,B6_deficiency,0.0,0.0,0.0,28
prior,anemia_class,no_iron,development_oof,anemia_other,0.0,0.0,0.0,60
prior,anemia_class,no_iron,development_oof,copper_deficiency,0.0,0.0,0.0,28
prior,anemia_class,no_iron,development_oof,folate_deficiency_anemia,0.0,0.0,0.0,40
prior,anemia_class,no_iron,development_oof,folate_deficiency_no_anemia,0.0,0.0,0.0,32
prior,anemia_class,no_iron,development_oof,inflammation_anemia,0.0,0.0,0.0,52
prior,anemia_class,no_iron,development_oof,iron_deficiency_anemia,0.13399503722084366,0.5869565217391305,0.21818181818181817,92
prior,anemia_class,no_iron,development_oof,latent_deficiency,0.0,0.0,0.0,68
prior,anemia_class,no_iron,development_oof,mixed_deficiency,0.13382899628252787,0.391304347826087,0.1994459833795014,92
prior,anemia_class,no_iron,development_oof,no_anemia_no_deficiency,0.0,0.0,0.0,88
prior,anemia_class,no_B12,development_oof,B12_deficiency_anemia,0.0,0.0,0.0,52
prior,anemia_class,no_B12,development_oof,B12_deficiency_no_anemia,0.0,0.0,0.0,40
prior,anemia_class,no_B12,development_oof,B6_deficiency,0.0,0.0,0.0,28
prior,anemia_class,no_B12,development_oof,anemia_other,0.0,0.0,0.0,60
prior,anemia_class,no_B12,development_oof,copper_deficiency,0.0,0.0,0.0,28
prior,anemia_class,no_B12,development_oof,folate_deficiency_anemia,0.0,0.0,0.0,40
prior,anemia_class,no_B12,development_oof,folate_deficiency_no_anemia,0.0,0.0,0.0,32
prior,anemia_class,no_B12,development_oof,inflammation_anemia,0.0,0.0,0.0,52
prior,anemia_class,no_B12,development_oof,iron_deficiency_anemia,0.13399503722084366,0.5869565217391305,0.21818181818181817,92
prior,anemia_class,no_B12,development_oof,latent_deficiency,0.0,0.0,0.0,68
prior,anemia_class,no_B12,development_oof,mixed_deficiency,0.13382899628252787,0.391304347826087,0.1994459833795014,92
prior,anemia_class,no_B12,development_oof,no_anemia_no_deficiency,0.0,0.0,0.0,88
prior,anemia_class,no_folate,development_oof,B12_deficiency_anemia,0.0,0.0,0.0,52
prior,anemia_class,no_folate,development_oof,B12_deficiency_no_anemia,0.0,0.0,0.0,40
prior,anemia_class,no_folate,development_oof,B6_deficiency,0.0,0.0,0.0,28
prior,anemia_class,no_folate,development_oof,anemia_other,0.0,0.0,0.0,60
prior,anemia_class,no_folate,development_oof,copper_deficiency,0.0,0.0,0.0,28
prior,anemia_class,no_folate,development_oof,folate_deficiency_anemia,0.0,0.0,0.0,40
prior,anemia_class,no_folate,development_oof,folate_deficiency_no_anemia,0.0,0.0,0.0,32
prior,anemia_class,no_folate,development_oof,inflammation_anemia,0.0,0.0,0.0,52
prior,anemia_class,no_folate,development_oof,iron_deficiency_anemia,0.13399503722084366,0.5869565217391305,0.21818181818181817,92
prior,anemia_class,no_folate,development_oof,latent_deficiency,0.0,0.0,0.0,68
prior,anemia_class,no_folate,development_oof,mixed_deficiency,0.13382899628252787,0.391304347826087,0.1994459833795014,92
prior,anemia_class,no_folate,development_oof,no_anemia_no_deficiency,0.0,0.0,0.0,88
prior,anemia_class,no_B6,development_oof,B12_deficiency_anemia,0.0,0.0,0.0,52
prior,anemia_class,no_B6,development_oof,B12_deficiency_no_anemia,0.0,0.0,0.0,40
prior,anemia_class,no_B6,development_oof,B6_deficiency,0.0,0.0,0.0,28
prior,anemia_class,no_B6,development_oof,anemia_other,0.0,0.0,0.0,60
prior,anemia_class,no_B6,development_oof,copper_deficiency,0.0,0.0,0.0,28
prior,anemia_class,no_B6,development_oof,folate_deficiency_anemia,0.0,0.0,0.0,40
prior,anemia_class,no_B6,development_oof,folate_deficiency_no_anemia,0.0,0.0,0.0,32
prior,anemia_class,no_B6,development_oof,inflammation_anemia,0.0,0.0,0.0,52
prior,anemia_class,no_B6,development_oof,iron_deficiency_anemia,0.13399503722084366,0.5869565217391305,0.21818181818181817,92
prior,anemia_class,no_B6,development_oof,latent_deficiency,0.0,0.0,0.0,68
prior,anemia_class,no_B6,development_oof,mixed_deficiency,0.13382899628252787,0.391304347826087,0.1994459833795014,92
prior,anemia_class,no_B6,development_oof,no_anemia_no_deficiency,0.0,0.0,0.0,88
prior,anemia_class,no_copper,development_oof,B12_deficiency_anemia,0.0,0.0,0.0,52
prior,anemia_class,no_copper,development_oof,B12_deficiency_no_anemia,0.0,0.0,0.0,40
prior,anemia_class,no_copper,development_oof,B6_deficiency,0.0,0.0,0.0,28
prior,anemia_class,no_copper,development_oof,anemia_other,0.0,0.0,0.0,60
prior,anemia_class,no_copper,development_oof,copper_deficiency,0.0,0.0,0.0,28
prior,anemia_class,no_copper,development_oof,folate_deficiency_anemia,0.0,0.0,0.0,40
prior,anemia_class,no_copper,development_oof,folate_deficiency_no_anemia,0.0,0.0,0.0,32
prior,anemia_class,no_copper,development_oof,inflammation_anemia,0.0,0.0,0.0,52
prior,anemia_class,no_copper,development_oof,iron_deficiency_anemia,0.13399503722084366,0.5869565217391305,0.21818181818181817,92
prior,anemia_class,no_copper,development_oof,latent_deficiency,0.0,0.0,0.0,68
prior,anemia_class,no_copper,development_oof,mixed_deficiency,0.13382899628252787,0.391304347826087,0.1994459833795014,92
prior,anemia_class,no_copper,development_oof,no_anemia_no_deficiency,0.0,0.0,0.0,88
prior,anemia_class,no_hemoglobin,development_oof,B12_deficiency_anemia,0.0,0.0,0.0,52
prior,anemia_class,no_hemoglobin,development_oof,B12_deficiency_no_anemia,0.0,0.0,0.0,40
prior,anemia_class,no_hemoglobin,development_oof,B6_deficiency,0.0,0.0,0.0,28
prior,anemia_class,no_hemoglobin,development_oof,anemia_other,0.0,0.0,0.0,60
prior,anemia_class,no_hemoglobin,development_oof,copper_deficiency,0.0,0.0,0.0,28
prior,anemia_class,no_hemoglobin,development_oof,folate_deficiency_anemia,0.0,0.0,0.0,40
prior,anemia_class,no_hemoglobin,development_oof,folate_deficiency_no_anemia,0.0,0.0,0.0,32
prior,anemia_class,no_hemoglobin,development_oof,inflammation_anemia,0.0,0.0,0.0,52
prior,anemia_class,no_hemoglobin,development_oof,iron_deficiency_anemia,0.13399503722084366,0.5869565217391305,0.21818181818181817,92
prior,anemia_class,no_hemoglobin,development_oof,latent_deficiency,0.0,0.0,0.0,68
prior,anemia_class,no_hemoglobin,development_oof,mixed_deficiency,0.13382899628252787,0.391304347826087,0.1994459833795014,92
prior,anemia_class,no_hemoglobin,development_oof,no_anemia_no_deficiency,0.0,0.0,0.0,88
prior,anemia_class,no_demographics,development_oof,B12_deficiency_anemia,0.0,0.0,0.0,52
prior,anemia_class,no_demographics,development_oof,B12_deficiency_no_anemia,0.0,0.0,0.0,40
prior,anemia_class,no_demographics,development_oof,B6_deficiency,0.0,0.0,0.0,28
prior,anemia_class,no_demographics,development_oof,anemia_other,0.0,0.0,0.0,60
prior,anemia_class,no_demographics,development_oof,copper_deficiency,0.0,0.0,0.0,28
prior,anemia_class,no_demographics,development_oof,folate_deficiency_anemia,0.0,0.0,0.0,40
prior,anemia_class,no_demographics,development_oof,folate_deficiency_no_anemia,0.0,0.0,0.0,32
prior,anemia_class,no_demographics,development_oof,inflammation_anemia,0.0,0.0,0.0,52
prior,anemia_class,no_demographics,development_oof,iron_deficiency_anemia,0.13399503722084366,0.5869565217391305,0.21818181818181817,92
prior,anemia_class,no_demographics,development_oof,latent_deficiency,0.0,0.0,0.0,68
prior,anemia_class,no_demographics,development_oof,mixed_deficiency,0.13382899628252787,0.391304347826087,0.1994459833795014,92
prior,anemia_class,no_demographics,development_oof,no_anemia_no_deficiency,0.0,0.0,0.0,88
prior,iron_deficiency,available,development_oof,0,0.6532738095238095,1.0,0.7902790279027903,439
prior,iron_deficiency,available,development_oof,1,0.0,0.0,0.0,233
prior,iron_deficiency,drop30,development_oof,0,0.6532738095238095,1.0,0.7902790279027903,439
prior,iron_deficiency,drop30,development_oof,1,0.0,0.0,0.0,233
prior,iron_deficiency,drop60,development_oof,0,0.6532738095238095,1.0,0.7902790279027903,439
prior,iron_deficiency,drop60,development_oof,1,0.0,0.0,0.0,233
prior,iron_deficiency,cbc_only,development_oof,0,0.6532738095238095,1.0,0.7902790279027903,439
prior,iron_deficiency,cbc_only,development_oof,1,0.0,0.0,0.0,233
prior,iron_deficiency,hb_only,development_oof,0,0.6532738095238095,1.0,0.7902790279027903,439
prior,iron_deficiency,hb_only,development_oof,1,0.0,0.0,0.0,233
prior,iron_deficiency,no_iron,development_oof,0,0.6532738095238095,1.0,0.7902790279027903,439
prior,iron_deficiency,no_iron,development_oof,1,0.0,0.0,0.0,233
prior,iron_deficiency,no_B12,development_oof,0,0.6532738095238095,1.0,0.7902790279027903,439
prior,iron_deficiency,no_B12,development_oof,1,0.0,0.0,0.0,233
prior,iron_deficiency,no_folate,development_oof,0,0.6532738095238095,1.0,0.7902790279027903,439
prior,iron_deficiency,no_folate,development_oof,1,0.0,0.0,0.0,233
prior,iron_deficiency,no_B6,development_oof,0,0.6532738095238095,1.0,0.7902790279027903,439
prior,iron_deficiency,no_B6,development_oof,1,0.0,0.0,0.0,233
prior,iron_deficiency,no_copper,development_oof,0,0.6532738095238095,1.0,0.7902790279027903,439
prior,iron_deficiency,no_copper,development_oof,1,0.0,0.0,0.0,233
prior,iron_deficiency,no_hemoglobin,development_oof,0,0.6532738095238095,1.0,0.7902790279027903,439
prior,iron_deficiency,no_hemoglobin,development_oof,1,0.0,0.0,0.0,233
prior,iron_deficiency,no_demographics,development_oof,0,0.6532738095238095,1.0,0.7902790279027903,439
prior,iron_deficiency,no_demographics,development_oof,1,0.0,0.0,0.0,233
prior,B12_deficiency,available,development_oof,0,0.7693452380952381,1.0,0.8696383515559294,517
prior,B12_deficiency,available,development_oof,1,0.0,0.0,0.0,155
prior,B12_deficiency,drop30,development_oof,0,0.7693452380952381,1.0,0.8696383515559294,517
prior,B12_deficiency,drop30,development_oof,1,0.0,0.0,0.0,155
prior,B12_deficiency,drop60,development_oof,0,0.7693452380952381,1.0,0.8696383515559294,517
prior,B12_deficiency,drop60,development_oof,1,0.0,0.0,0.0,155
prior,B12_deficiency,cbc_only,development_oof,0,0.7693452380952381,1.0,0.8696383515559294,517
prior,B12_deficiency,cbc_only,development_oof,1,0.0,0.0,0.0,155
prior,B12_deficiency,hb_only,development_oof,0,0.7693452380952381,1.0,0.8696383515559294,517
prior,B12_deficiency,hb_only,development_oof,1,0.0,0.0,0.0,155
prior,B12_deficiency,no_iron,development_oof,0,0.7693452380952381,1.0,0.8696383515559294,517
prior,B12_deficiency,no_iron,development_oof,1,0.0,0.0,0.0,155
prior,B12_deficiency,no_B12,development_oof,0,0.7693452380952381,1.0,0.8696383515559294,517
prior,B12_deficiency,no_B12,development_oof,1,0.0,0.0,0.0,155
prior,B12_deficiency,no_folate,development_oof,0,0.7693452380952381,1.0,0.8696383515559294,517
prior,B12_deficiency,no_folate,development_oof,1,0.0,0.0,0.0,155
prior,B12_deficiency,no_B6,development_oof,0,0.7693452380952381,1.0,0.8696383515559294,517
prior,B12_deficiency,no_B6,development_oof,1,0.0,0.0,0.0,155
prior,B12_deficiency,no_copper,development_oof,0,0.7693452380952381,1.0,0.8696383515559294,517
prior,B12_deficiency,no_copper,development_oof,1,0.0,0.0,0.0,155
prior,B12_deficiency,no_hemoglobin,development_oof,0,0.7693452380952381,1.0,0.8696383515559294,517
prior,B12_deficiency,no_hemoglobin,development_oof,1,0.0,0.0,0.0,155
prior,B12_deficiency,no_demographics,development_oof,0,0.7693452380952381,1.0,0.8696383515559294,517
prior,B12_deficiency,no_demographics,development_oof,1,0.0,0.0,0.0,155
prior,folate_deficiency,available,development_oof,0,0.8214285714285714,1.0,0.9019607843137255,552
prior,folate_deficiency,available,development_oof,1,0.0,0.0,0.0,120
prior,folate_deficiency,drop30,development_oof,0,0.8214285714285714,1.0,0.9019607843137255,552
prior,folate_deficiency,drop30,development_oof,1,0.0,0.0,0.0,120
prior,folate_deficiency,drop60,development_oof,0,0.8214285714285714,1.0,0.9019607843137255,552
prior,folate_deficiency,drop60,development_oof,1,0.0,0.0,0.0,120
prior,folate_deficiency,cbc_only,development_oof,0,0.8214285714285714,1.0,0.9019607843137255,552
prior,folate_deficiency,cbc_only,development_oof,1,0.0,0.0,0.0,120
prior,folate_deficiency,hb_only,development_oof,0,0.8214285714285714,1.0,0.9019607843137255,552
prior,folate_deficiency,hb_only,development_oof,1,0.0,0.0,0.0,120
prior,folate_deficiency,no_iron,development_oof,0,0.8214285714285714,1.0,0.9019607843137255,552
prior,folate_deficiency,no_iron,development_oof,1,0.0,0.0,0.0,120
prior,folate_deficiency,no_B12,development_oof,0,0.8214285714285714,1.0,0.9019607843137255,552
prior,folate_deficiency,no_B12,development_oof,1,0.0,0.0,0.0,120
prior,folate_deficiency,no_folate,development_oof,0,0.8214285714285714,1.0,0.9019607843137255,552
prior,folate_deficiency,no_folate,development_oof,1,0.0,0.0,0.0,120
prior,folate_deficiency,no_B6,development_oof,0,0.8214285714285714,1.0,0.9019607843137255,552
prior,folate_deficiency,no_B6,development_oof,1,0.0,0.0,0.0,120
prior,folate_deficiency,no_copper,development_oof,0,0.8214285714285714,1.0,0.9019607843137255,552
prior,folate_deficiency,no_copper,development_oof,1,0.0,0.0,0.0,120
prior,folate_deficiency,no_hemoglobin,development_oof,0,0.8214285714285714,1.0,0.9019607843137255,552
prior,folate_deficiency,no_hemoglobin,development_oof,1,0.0,0.0,0.0,120
prior,folate_deficiency,no_demographics,development_oof,0,0.8214285714285714,1.0,0.9019607843137255,552
prior,folate_deficiency,no_demographics,development_oof,1,0.0,0.0,0.0,120
prior,B6_deficiency,available,development_oof,0,0.9583333333333334,1.0,0.9787234042553191,644
prior,B6_deficiency,available,development_oof,1,0.0,0.0,0.0,28
prior,B6_deficiency,drop30,development_oof,0,0.9583333333333334,1.0,0.9787234042553191,644
prior,B6_deficiency,drop30,development_oof,1,0.0,0.0,0.0,28
prior,B6_deficiency,drop60,development_oof,0,0.9583333333333334,1.0,0.9787234042553191,644
prior,B6_deficiency,drop60,development_oof,1,0.0,0.0,0.0,28
prior,B6_deficiency,cbc_only,development_oof,0,0.9583333333333334,1.0,0.9787234042553191,644
prior,B6_deficiency,cbc_only,development_oof,1,0.0,0.0,0.0,28
prior,B6_deficiency,hb_only,development_oof,0,0.9583333333333334,1.0,0.9787234042553191,644
prior,B6_deficiency,hb_only,development_oof,1,0.0,0.0,0.0,28
prior,B6_deficiency,no_iron,development_oof,0,0.9583333333333334,1.0,0.9787234042553191,644
prior,B6_deficiency,no_iron,development_oof,1,0.0,0.0,0.0,28
prior,B6_deficiency,no_B12,development_oof,0,0.9583333333333334,1.0,0.9787234042553191,644
prior,B6_deficiency,no_B12,development_oof,1,0.0,0.0,0.0,28
prior,B6_deficiency,no_folate,development_oof,0,0.9583333333333334,1.0,0.9787234042553191,644
prior,B6_deficiency,no_folate,development_oof,1,0.0,0.0,0.0,28
prior,B6_deficiency,no_B6,development_oof,0,0.9583333333333334,1.0,0.9787234042553191,644
prior,B6_deficiency,no_B6,development_oof,1,0.0,0.0,0.0,28
prior,B6_deficiency,no_copper,development_oof,0,0.9583333333333334,1.0,0.9787234042553191,644
prior,B6_deficiency,no_copper,development_oof,1,0.0,0.0,0.0,28
prior,B6_deficiency,no_hemoglobin,development_oof,0,0.9583333333333334,1.0,0.9787234042553191,644
prior,B6_deficiency,no_hemoglobin,development_oof,1,0.0,0.0,0.0,28
prior,B6_deficiency,no_demographics,development_oof,0,0.9583333333333334,1.0,0.9787234042553191,644
prior,B6_deficiency,no_demographics,development_oof,1,0.0,0.0,0.0,28
prior,copper_deficiency,available,development_oof,0,0.9583333333333334,1.0,0.9787234042553191,644
prior,copper_deficiency,available,development_oof,1,0.0,0.0,0.0,28
prior,copper_deficiency,drop30,development_oof,0,0.9583333333333334,1.0,0.9787234042553191,644
prior,copper_deficiency,drop30,development_oof,1,0.0,0.0,0.0,28
prior,copper_deficiency,drop60,development_oof,0,0.9583333333333334,1.0,0.9787234042553191,644
prior,copper_deficiency,drop60,development_oof,1,0.0,0.0,0.0,28
prior,copper_deficiency,cbc_only,development_oof,0,0.9583333333333334,1.0,0.9787234042553191,644
prior,copper_deficiency,cbc_only,development_oof,1,0.0,0.0,0.0,28
prior,copper_deficiency,hb_only,development_oof,0,0.9583333333333334,1.0,0.9787234042553191,644
prior,copper_deficiency,hb_only,development_oof,1,0.0,0.0,0.0,28
prior,copper_deficiency,no_iron,development_oof,0,0.9583333333333334,1.0,0.9787234042553191,644
prior,copper_deficiency,no_iron,development_oof,1,0.0,0.0,0.0,28
prior,copper_deficiency,no_B12,development_oof,0,0.9583333333333334,1.0,0.9787234042553191,644
prior,copper_deficiency,no_B12,development_oof,1,0.0,0.0,0.0,28
prior,copper_deficiency,no_folate,development_oof,0,0.9583333333333334,1.0,0.9787234042553191,644
prior,copper_deficiency,no_folate,development_oof,1,0.0,0.0,0.0,28
prior,copper_deficiency,no_B6,development_oof,0,0.9583333333333334,1.0,0.9787234042553191,644
prior,copper_deficiency,no_B6,development_oof,1,0.0,0.0,0.0,28
prior,copper_deficiency,no_copper,development_oof,0,0.9583333333333334,1.0,0.9787234042553191,644
prior,copper_deficiency,no_copper,development_oof,1,0.0,0.0,0.0,28
prior,copper_deficiency,no_hemoglobin,development_oof,0,0.9583333333333334,1.0,0.9787234042553191,644
prior,copper_deficiency,no_hemoglobin,development_oof,1,0.0,0.0,0.0,28
prior,copper_deficiency,no_demographics,development_oof,0,0.9583333333333334,1.0,0.9787234042553191,644
prior,copper_deficiency,no_demographics,development_oof,1,0.0,0.0,0.0,28
prior,inflammation_anemia,available,development_oof,0,0.9226190476190477,1.0,0.9597523219814241,620
prior,inflammation_anemia,available,development_oof,1,0.0,0.0,0.0,52
prior,inflammation_anemia,drop30,development_oof,0,0.9226190476190477,1.0,0.9597523219814241,620
prior,inflammation_anemia,drop30,development_oof,1,0.0,0.0,0.0,52
prior,inflammation_anemia,drop60,development_oof,0,0.9226190476190477,1.0,0.9597523219814241,620
prior,inflammation_anemia,drop60,development_oof,1,0.0,0.0,0.0,52
prior,inflammation_anemia,cbc_only,development_oof,0,0.9226190476190477,1.0,0.9597523219814241,620
prior,inflammation_anemia,cbc_only,development_oof,1,0.0,0.0,0.0,52
prior,inflammation_anemia,hb_only,development_oof,0,0.9226190476190477,1.0,0.9597523219814241,620
prior,inflammation_anemia,hb_only,development_oof,1,0.0,0.0,0.0,52
prior,inflammation_anemia,no_iron,development_oof,0,0.9226190476190477,1.0,0.9597523219814241,620
prior,inflammation_anemia,no_iron,development_oof,1,0.0,0.0,0.0,52
prior,inflammation_anemia,no_B12,development_oof,0,0.9226190476190477,1.0,0.9597523219814241,620
prior,inflammation_anemia,no_B12,development_oof,1,0.0,0.0,0.0,52
prior,inflammation_anemia,no_folate,development_oof,0,0.9226190476190477,1.0,0.9597523219814241,620
prior,inflammation_anemia,no_folate,development_oof,1,0.0,0.0,0.0,52
prior,inflammation_anemia,no_B6,development_oof,0,0.9226190476190477,1.0,0.9597523219814241,620
prior,inflammation_anemia,no_B6,development_oof,1,0.0,0.0,0.0,52
prior,inflammation_anemia,no_copper,development_oof,0,0.9226190476190477,1.0,0.9597523219814241,620
prior,inflammation_anemia,no_copper,development_oof,1,0.0,0.0,0.0,52
prior,inflammation_anemia,no_hemoglobin,development_oof,0,0.9226190476190477,1.0,0.9597523219814241,620
prior,inflammation_anemia,no_hemoglobin,development_oof,1,0.0,0.0,0.0,52
prior,inflammation_anemia,no_demographics,development_oof,0,0.9226190476190477,1.0,0.9597523219814241,620
prior,inflammation_anemia,no_demographics,development_oof,1,0.0,0.0,0.0,52
logistic,anemia_class,available,development_oof,B12_deficiency_anemia,0.7647058823529411,0.75,0.7572815533980582,52
logistic,anemia_class,available,development_oof,B12_deficiency_no_anemia,0.9459459459459459,0.875,0.9090909090909091,40
logistic,anemia_class,available,development_oof,B6_deficiency,0.875,0.75,0.8076923076923077,28
logistic,anemia_class,available,development_oof,anemia_other,0.7846153846153846,0.85,0.816,60
logistic,anemia_class,available,development_oof,copper_deficiency,0.96,0.8571428571428571,0.9056603773584906,28
logistic,anemia_class,available,development_oof,folate_deficiency_anemia,0.6888888888888889,0.775,0.7294117647058823,40
logistic,anemia_class,available,development_oof,folate_deficiency_no_anemia,0.5862068965517241,0.53125,0.5573770491803278,32
logistic,anemia_class,available,development_oof,inflammation_anemia,1.0,0.9230769230769231,0.96,52
logistic,anemia_class,available,development_oof,iron_deficiency_anemia,0.7714285714285715,0.8804347826086957,0.8223350253807107,92
logistic,anemia_class,available,development_oof,latent_deficiency,0.921875,0.8676470588235294,0.8939393939393939,68
logistic,anemia_class,available,development_oof,mixed_deficiency,0.8095238095238095,0.7391304347826086,0.7727272727272727,92
logistic,anemia_class,available,development_oof,no_anemia_no_deficiency,0.8315789473684211,0.8977272727272727,0.8633879781420765,88
logistic,anemia_class,drop30,development_oof,B12_deficiency_anemia,0.7948717948717948,0.5961538461538461,0.6813186813186813,52
logistic,anemia_class,drop30,development_oof,B12_deficiency_no_anemia,0.6538461538461539,0.85,0.7391304347826086,40
logistic,anemia_class,drop30,development_oof,B6_deficiency,0.6363636363636364,0.5,0.56,28
logistic,anemia_class,drop30,development_oof,anemia_other,0.5176470588235295,0.7333333333333333,0.6068965517241379,60
logistic,anemia_class,drop30,development_oof,copper_deficiency,0.8571428571428571,0.6428571428571429,0.7346938775510204,28
logistic,anemia_class,drop30,development_oof,folate_deficiency_anemia,0.5,0.225,0.3103448275862069,40
logistic,anemia_class,drop30,development_oof,folate_deficiency_no_anemia,0.375,0.65625,0.4772727272727273,32
logistic,anemia_class,drop30,development_oof,inflammation_anemia,0.9534883720930233,0.7884615384615384,0.8631578947368421,52
logistic,anemia_class,drop30,development_oof,iron_deficiency_anemia,0.5826086956521739,0.7282608695652174,0.6473429951690821,92
logistic,anemia_class,drop30,development_oof,latent_deficiency,0.8070175438596491,0.6764705882352942,0.736,68
logistic,anemia_class,drop30,development_oof,mixed_deficiency,0.7301587301587301,0.5,0.5935483870967742,92
logistic,anemia_class,drop30,development_oof,no_anemia_no_deficiency,0.6831683168316832,0.7840909090909091,0.7301587301587301,88
logistic,anemia_class,drop60,development_oof,B12_deficiency_anemia,0.6944444444444444,0.4807692307692308,0.5681818181818182,52
logistic,anemia_class,drop60,development_oof,B12_deficiency_no_anemia,0.475,0.475,0.475,40
logistic,anemia_class,drop60,development_oof,B6_deficiency,0.6153846153846154,0.2857142857142857,0.3902439024390244,28
logistic,anemia_class,drop60,development_oof,anemia_other,0.3076923076923077,0.6,0.4067796610169492,60
logistic,anemia_class,drop60,development_oof,copper_deficiency,0.7692307692307693,0.35714285714285715,0.4878048780487805,28
logistic,anemia_class,drop60,development_oof,folate_deficiency_anemia,0.0,0.0,0.0,40
logistic,anemia_class,drop60,development_oof,folate_deficiency_no_anemia,0.1322314049586777,0.5,0.20915032679738563,32
logistic,anemia_class,drop60,development_oof,inflammation_anemia,0.8823529411764706,0.5769230769230769,0.6976744186046512,52
logistic,anemia_class,drop60,development_oof,iron_deficiency_anemia,0.4330708661417323,0.5978260869565217,0.502283105022831,92
logistic,anemia_class,drop60,development_oof,latent_deficiency,0.7380952380952381,0.45588235294117646,0.5636363636363636,68
logistic,anemia_class,drop60,development_oof,mixed_deficiency,0.7647058823529411,0.14130434782608695,0.23853211009174313,92
logistic,anemia_class,drop60,development_oof,no_anemia_no_deficiency,0.4375,0.5568181818181818,0.49,88
logistic,anemia_class,cbc_only,development_oof,B12_deficiency_anemia,0.4166666666666667,0.28846153846153844,0.3409090909090909,52
logistic,anemia_class,cbc_only,development_oof,B12_deficiency_no_anemia,0.06666666666666667,0.025,0.03636363636363636,40
logistic,anemia_class,cbc_only,development_oof,B6_deficiency,0.0,0.0,0.0,28
logistic,anemia_class,cbc_only,development_oof,anemia_other,0.3181818181818182,0.4666666666666667,0.3783783783783784,60
logistic,anemia_class,cbc_only,development_oof,copper_deficiency,0.0,0.0,0.0,28
logistic,anemia_class,cbc_only,development_oof,folate_deficiency_anemia,0.0,0.0,0.0,40
logistic,anemia_class,cbc_only,development_oof,folate_deficiency_no_anemia,0.08130081300813008,0.3125,0.12903225806451613,32
logistic,anemia_class,cbc_only,development_oof,inflammation_anemia,0.0,0.0,0.0,52
logistic,anemia_class,cbc_only,development_oof,iron_deficiency_anemia,0.39520958083832336,0.717391304347826,0.5096525096525096,92
logistic,anemia_class,cbc_only,development_oof,latent_deficiency,0.68,0.25,0.3655913978494624,68
logistic,anemia_class,cbc_only,development_oof,mixed_deficiency,0.0,0.0,0.0,92
logistic,anemia_class,cbc_only,development_oof,no_anemia_no_deficiency,0.3953488372093023,0.9659090909090909,0.5610561056105611,88
logistic,anemia_class,hb_only,development_oof,B12_deficiency_anemia,0.0,0.0,0.0,52
logistic,anemia_class,hb_only,development_oof,B12_deficiency_no_anemia,0.0,0.0,0.0,40
logistic,anemia_class,hb_only,development_oof,B6_deficiency,0.0,0.0,0.0,28
logistic,anemia_class,hb_only,development_oof,anemia_other,0.14666666666666667,0.18333333333333332,0.16296296296296298,60
logistic,anemia_class,hb_only,development_oof,copper_deficiency,0.0,0.0,0.0,28
logistic,anemia_class,hb_only,development_oof,folate_deficiency_anemia,0.0,0.0,0.0,40
logistic,anemia_class,hb_only,development_oof,folate_deficiency_no_anemia,0.04709141274238227,0.53125,0.08651399491094147,32
logistic,anemia_class,hb_only,development_oof,inflammation_anemia,0.0,0.0,0.0,52
logistic,anemia_class,hb_only,development_oof,iron_deficiency_anemia,0.18333333333333332,0.11956521739130435,0.14473684210526316,92
logistic,anemia_class,hb_only,development_oof,latent_deficiency,0.0,0.0,0.0,68
logistic,anemia_class,hb_only,development_oof,mixed_deficiency,0.0,0.0,0.0,92
logistic,anemia_class,hb_only,development_oof,no_anemia_no_deficiency,0.3181818181818182,0.6363636363636364,0.42424242424242425,88
logistic,anemia_class,no_iron,development_oof,B12_deficiency_anemia,0.673469387755102,0.6346153846153846,0.6534653465346535,52
logistic,anemia_class,no_iron,development_oof,B12_deficiency_no_anemia,0.74,0.925,0.8222222222222222,40
logistic,anemia_class,no_iron,development_oof,B6_deficiency,0.575,0.8214285714285714,0.6764705882352942,28
logistic,anemia_class,no_iron,development_oof,anemia_other,0.5769230769230769,0.75,0.6521739130434783,60
logistic,anemia_class,no_iron,development_oof,copper_deficiency,0.7878787878787878,0.9285714285714286,0.8524590163934426,28
logistic,anemia_class,no_iron,development_oof,folate_deficiency_anemia,0.6875,0.55,0.6111111111111112,40
logistic,anemia_class,no_iron,development_oof,folate_deficiency_no_anemia,0.5263157894736842,0.625,0.5714285714285714,32
logistic,anemia_class,no_iron,development_oof,inflammation_anemia,0.9666666666666667,0.5576923076923077,0.7073170731707317,52
logistic,anemia_class,no_iron,development_oof,iron_deficiency_anemia,0.7252747252747253,0.717391304347826,0.7213114754098361,92
logistic,anemia_class,no_iron,development_oof,latent_deficiency,1.0,0.07352941176470588,0.136986301369863,68
logistic,anemia_class,no_iron,development_oof,mixed_deficiency,0.746031746031746,0.5108695652173914,0.6064516129032258,92
logistic,anemia_class,no_iron,development_oof,no_anemia_no_deficiency,0.5214723926380368,0.9659090909090909,0.6772908366533864,88
logistic,anemia_class,no_B12,development_oof,B12_deficiency_anemia,0.6935483870967742,0.8269230769230769,0.7543859649122807,52
logistic,anemia_class,no_B12,development_oof,B12_deficiency_no_anemia,1.0,0.075,0.13953488372093023,40
logistic,anemia_class,no_B12,development_oof,B6_deficiency,0.9047619047619048,0.6785714285714286,0.7755102040816326,28
logistic,anemia_class,no_B12,development_oof,anemia_other,0.7285714285714285,0.85,0.7846153846153846,60
logistic,anemia_class,no_B12,development_oof,copper_deficiency,0.8888888888888888,0.8571428571428571,0.8727272727272727,28
logistic,anemia_class,no_B12,development_oof,folate_deficiency_anemia,0.6,0.6,0.6,40
logistic,anemia_class,no_B12,development_oof,folate_deficiency_no_anemia,0.4166666666666667,0.625,0.5,32
logistic,anemia_class,no_B12,development_oof,inflammation_anemia,1.0,0.9038461538461539,0.9494949494949495,52
logistic,anemia_class,no_B12,development_oof,iron_deficiency_anemia,0.7181818181818181,0.8586956521739131,0.7821782178217822,92
logistic,anemia_class,no_B12,development_oof,latent_deficiency,0.9242424242424242,0.8970588235294118,0.9104477611940298,68
logistic,anemia_class,no_B12,development_oof,mixed_deficiency,0.8333333333333334,0.5434782608695652,0.6578947368421053,92
logistic,anemia_class,no_B12,development_oof,no_anemia_no_deficiency,0.6694915254237288,0.8977272727272727,0.7669902912621359,88
logistic,anemia_class,no_folate,development_oof,B12_deficiency_anemia,0.6133333333333333,0.8846153846153846,0.7244094488188977,52
logistic,anemia_class,no_folate,development_oof,B12_deficiency_no_anemia,0.8857142857142857,0.775,0.8266666666666667,40
logistic,anemia_class,no_folate,development_oof,B6_deficiency,0.8076923076923077,0.75,0.7777777777777778,28
logistic,anemia_class,no_folate,development_oof,anemia_other,0.6842105263157895,0.8666666666666667,0.7647058823529411,60
logistic,anemia_class,no_folate,development_oof,copper_deficiency,0.9259259259259259,0.8928571428571429,0.9090909090909091,28
logistic,anemia_class,no_folate,development_oof,folate_deficiency_anemia,0.8421052631578947,0.4,0.5423728813559322,40
logistic,anemia_class,no_folate,development_oof,folate_deficiency_no_anemia,0.5,0.15625,0.23809523809523808,32
logistic,anemia_class,no_folate,development_oof,inflammation_anemia,1.0,0.9230769230769231,0.96,52
logistic,anemia_class,no_folate,development_oof,iron_deficiency_anemia,0.6896551724137931,0.8695652173913043,0.7692307692307693,92
logistic,anemia_class,no_folate,development_oof,latent_deficiency,0.8923076923076924,0.8529411764705882,0.8721804511278195,68
logistic,anemia_class,no_folate,development_oof,mixed_deficiency,0.8703703703703703,0.5108695652173914,0.6438356164383562,92
logistic,anemia_class,no_folate,development_oof,no_anemia_no_deficiency,0.6859504132231405,0.9431818181818182,0.7942583732057417,88
logistic,anemia_class,no_B6,development_oof,B12_deficiency_anemia,0.75,0.75,0.75,52
logistic,anemia_class,no_B6,development_oof,B12_deficiency_no_anemia,0.9210526315789473,0.875,0.8974358974358975,40
logistic,anemia_class,no_B6,development_oof,B6_deficiency,0.3333333333333333,0.03571428571428571,0.06451612903225806,28
logistic,anemia_class,no_B6,development_oof,anemia_other,0.7323943661971831,0.8666666666666667,0.7938931297709924,60
logistic,anemia_class,no_B6,development_oof,copper_deficiency,0.96,0.8571428571428571,0.9056603773584906,28
logistic,anemia_class,no_B6,development_oof,folate_deficiency_anemia,0.7021276595744681,0.825,0.7586206896551724,40
logistic,anemia_class,no_B6,development_oof,folate_deficiency_no_anemia,0.5862068965517241,0.53125,0.5573770491803278,32
logistic,anemia_class,no_B6,development_oof,inflammation_anemia,0.9411764705882353,0.9230769230769231,0.9320388349514563,52
logistic,anemia_class,no_B6,development_oof,iron_deficiency_anemia,0.7547169811320755,0.8695652173913043,0.8080808080808081,92
logistic,anemia_class,no_B6,development_oof,latent_deficiency,0.921875,0.8676470588235294,0.8939393939393939,68
logistic,anemia_class,no_B6,development_oof,mixed_deficiency,0.8170731707317073,0.7282608695652174,0.7701149425287356,92
logistic,anemia_class,no_B6,development_oof,no_anemia_no_deficiency,0.7692307692307693,0.9090909090909091,0.8333333333333334,88
logistic,anemia_class,no_copper,development_oof,B12_deficiency_anemia,0.8333333333333334,0.7692307692307693,0.8,52
logistic,anemia_class,no_copper,development_oof,B12_deficiency_no_anemia,0.8536585365853658,0.875,0.8641975308641975,40
logistic,anemia_class,no_copper,development_oof,B6_deficiency,0.88,0.7857142857142857,0.8301886792452831,28
logistic,anemia_class,no_copper,development_oof,anemia_other,0.7162162162162162,0.8833333333333333,0.7910447761194029,60
logistic,anemia_class,no_copper,development_oof,copper_deficiency,0.0,0.0,0.0,28
logistic,anemia_class,no_copper,development_oof,folate_deficiency_anemia,0.6326530612244898,0.775,0.6966292134831461,40
logistic,anemia_class,no_copper,development_oof,folate_deficiency_no_anemia,0.5625,0.5625,0.5625,32
logistic,anemia_class,no_copper,development_oof,inflammation_anemia,1.0,0.9615384615384616,0.9803921568627451,52
logistic,anemia_class,no_copper,development_oof,iron_deficiency_anemia,0.7961165048543689,0.8913043478260869,0.841025641025641,92
logistic,anemia_class,no_copper,development_oof,latent_deficiency,0.9384615384615385,0.8970588235294118,0.9172932330827067,68
logistic,anemia_class,no_copper,development_oof,mixed_deficiency,0.8295454545454546,0.7934782608695652,0.8111111111111111,92
logistic,anemia_class,no_copper,development_oof,no_anemia_no_deficiency,0.8041237113402062,0.8863636363636364,0.8432432432432433,88
logistic,anemia_class,no_hemoglobin,development_oof,B12_deficiency_anemia,0.7647058823529411,0.75,0.7572815533980582,52
logistic,anemia_class,no_hemoglobin,development_oof,B12_deficiency_no_anemia,0.9,0.9,0.9,40
logistic,anemia_class,no_hemoglobin,development_oof,B6_deficiency,0.75,0.75,0.75,28
logistic,anemia_class,no_hemoglobin,development_oof,anemia_other,0.7391304347826086,0.85,0.7906976744186046,60
logistic,anemia_class,no_hemoglobin,development_oof,copper_deficiency,0.9285714285714286,0.9285714285714286,0.9285714285714286,28
logistic,anemia_class,no_hemoglobin,development_oof,folate_deficiency_anemia,0.6444444444444445,0.725,0.6823529411764706,40
logistic,anemia_class,no_hemoglobin,development_oof,folate_deficiency_no_anemia,0.4444444444444444,0.5,0.47058823529411764,32
logistic,anemia_class,no_hemoglobin,development_oof,inflammation_anemia,0.9795918367346939,0.9230769230769231,0.9504950495049505,52
logistic,anemia_class,no_hemoglobin,development_oof,iron_deficiency_anemia,0.7641509433962265,0.8804347826086957,0.8181818181818182,92
logistic,anemia_class,no_hemoglobin,development_oof,latent_deficiency,0.9333333333333333,0.8235294117647058,0.875,68
logistic,anemia_class,no_hemoglobin,development_oof,mixed_deficiency,0.8023255813953488,0.75,0.7752808988764045,92
logistic,anemia_class,no_hemoglobin,development_oof,no_anemia_no_deficiency,0.8648648648648649,0.7272727272727273,0.7901234567901234,88
logistic,anemia_class,no_demographics,development_oof,B12_deficiency_anemia,0.78,0.75,0.7647058823529411,52
logistic,anemia_class,no_demographics,development_oof,B12_deficiency_no_anemia,1.0,0.875,0.9333333333333333,40
logistic,anemia_class,no_demographics,development_oof,B6_deficiency,0.875,0.75,0.8076923076923077,28
logistic,anemia_class,no_demographics,development_oof,anemia_other,0.8253968253968254,0.8666666666666667,0.8455284552845529,60
logistic,anemia_class,no_demographics,development_oof,copper_deficiency,0.8928571428571429,0.8928571428571429,0.8928571428571429,28
logistic,anemia_class,no_demographics,development_oof,folate_deficiency_anemia,0.6666666666666666,0.7,0.6829268292682927,40
logistic,anemia_class,no_demographics,development_oof,folate_deficiency_no_anemia,0.5294117647058824,0.5625,0.5454545454545454,32
logistic,anemia_class,no_demographics,development_oof,inflammation_anemia,1.0,0.9423076923076923,0.9702970297029703,52
logistic,anemia_class,no_demographics,development_oof,iron_deficiency_anemia,0.8137254901960784,0.9021739130434783,0.8556701030927835,92
logistic,anemia_class,no_demographics,development_oof,latent_deficiency,0.8939393939393939,0.8676470588235294,0.8805970149253731,68
logistic,anemia_class,no_demographics,development_oof,mixed_deficiency,0.8313253012048193,0.75,0.7885714285714286,92
logistic,anemia_class,no_demographics,development_oof,no_anemia_no_deficiency,0.8333333333333334,0.9090909090909091,0.8695652173913043,88
logistic,iron_deficiency,available,development_oof,0,0.981941309255079,0.9908883826879271,0.9863945578231292,439
logistic,iron_deficiency,available,development_oof,1,0.982532751091703,0.9656652360515021,0.974025974025974,233
logistic,iron_deficiency,drop30,development_oof,0,0.937365010799136,0.9886104783599089,0.9623059866962306,439
logistic,iron_deficiency,drop30,development_oof,1,0.9760765550239234,0.8755364806866953,0.9230769230769231,233
logistic,iron_deficiency,drop60,development_oof,0,0.8631790744466801,0.9772209567198178,0.9166666666666666,439
logistic,iron_deficiency,drop60,development_oof,1,0.9428571428571428,0.7081545064377682,0.8088235294117647,233
logistic,iron_deficiency,cbc_only,development_oof,0,0.8114406779661016,0.8724373576309795,0.8408342480790341,439
logistic,iron_deficiency,cbc_only,development_oof,1,0.72,0.6180257510729614,0.6651270207852193,233
logistic,iron_deficiency,hb_only,development_oof,0,0.6532738095238095,1.0,0.7902790279027903,439
logistic,iron_deficiency,hb_only,development_oof,1,0.0,0.0,0.0,233
logistic,iron_deficiency,no_iron,development_oof,0,0.7178217821782178,0.9908883826879271,0.8325358851674641,439
logistic,iron_deficiency,no_iron,development_oof,1,0.9393939393939394,0.26609442060085836,0.41471571906354515,233
logistic,iron_deficiency,no_B12,development_oof,0,0.9863636363636363,0.9886104783599089,0.987485779294653,439
logistic,iron_deficiency,no_B12,development_oof,1,0.978448275862069,0.9742489270386266,0.9763440860215054,233
logistic,iron_deficiency,no_folate,development_oof,0,0.9841628959276018,0.9908883826879271,0.9875141884222475,439
logistic,iron_deficiency,no_folate,development_oof,1,0.9826086956521739,0.9699570815450643,0.9762419006479481,233
logistic,iron_deficiency,no_B6,development_oof,0,0.981859410430839,0.9863325740318907,0.9840909090909091,439
logistic,iron_deficiency,no_B6,development_oof,1,0.974025974025974,0.9656652360515021,0.9698275862068966,233
logistic,iron_deficiency,no_copper,development_oof,0,0.9797297297297297,0.9908883826879271,0.9852774631936579,439
logistic,iron_deficiency,no_copper,development_oof,1,0.9824561403508771,0.9613733905579399,0.9718004338394793,233
logistic,iron_deficiency,no_hemoglobin,development_oof,0,0.981941309255079,0.9908883826879271,0.9863945578231292,439
logistic,iron_deficiency,no_hemoglobin,development_oof,1,0.982532751091703,0.9656652360515021,0.974025974025974,233
logistic,iron_deficiency,no_demographics,development_oof,0,0.9841986455981941,0.9931662870159453,0.9886621315192744,439
logistic,iron_deficiency,no_demographics,development_oof,1,0.9868995633187773,0.9699570815450643,0.9783549783549783,233
logistic,B12_deficiency,available,development_oof,0,0.9752380952380952,0.9903288201160542,0.982725527831094,517
logistic,B12_deficiency,available,development_oof,1,0.9659863945578231,0.9161290322580645,0.9403973509933775,155
logistic,B12_deficiency,drop30,development_oof,0,0.9338235294117647,0.9825918762088974,0.9575871819038643,517
logistic,B12_deficiency,drop30,development_oof,1,0.9296875,0.7677419354838709,0.8409893992932862,155
logistic,B12_deficiency,drop60,development_oof,0,0.8923611111111112,0.9941972920696325,0.9405306495882891,517
logistic,B12_deficiency,drop60,development_oof,1,0.96875,0.6,0.7410358565737052,155
logistic,B12_deficiency,cbc_only,development_oof,0,0.7981072555205048,0.9787234042553191,0.8792354474370113,517
logistic,B12_deficiency,cbc_only,development_oof,1,0.7105263157894737,0.17419354838709677,0.27979274611398963,155
logistic,B12_deficiency,hb_only,development_oof,0,0.7693452380952381,1.0,0.8696383515559294,517
logistic,B12_deficiency,hb_only,development_oof,1,0.0,0.0,0.0,155
logistic,B12_deficiency,no_iron,development_oof,0,0.986328125,0.97678916827853,0.9815354713313897,517
logistic,B12_deficiency,no_iron,development_oof,1,0.925,0.9548387096774194,0.9396825396825397,155
logistic,B12_deficiency,no_B12,development_oof,0,0.8484349258649094,0.9961315280464217,0.9163701067615658,517
logistic,B12_deficiency,no_B12,development_oof,1,0.9692307692307692,0.4064516129032258,0.5727272727272728,155
logistic,B12_deficiency,no_folate,development_oof,0,0.9641509433962264,0.988394584139265,0.9761222540592168,517
logistic,B12_deficiency,no_folate,development_oof,1,0.9577464788732394,0.8774193548387097,0.9158249158249159,155
logistic,B12_deficiency,no_B6,development_oof,0,0.9788867562380038,0.9864603481624759,0.9826589595375722,517
logistic,B12_deficiency,no_B6,development_oof,1,0.9536423841059603,0.9290322580645162,0.9411764705882353,155
logistic,B12_deficiency,no_copper,development_oof,0,0.9752380952380952,0.9903288201160542,0.982725527831094,517
logistic,B12_deficiency,no_copper,development_oof,1,0.9659863945578231,0.9161290322580645,0.9403973509933775,155
logistic,B12_deficiency,no_hemoglobin,development_oof,0,0.9751908396946565,0.988394584139265,0.9817483189241114,517
logistic,B12_deficiency,no_hemoglobin,development_oof,1,0.9594594594594594,0.9161290322580645,0.9372937293729373,155
logistic,B12_deficiency,no_demographics,development_oof,0,0.9771863117870723,0.9941972920696325,0.9856184084372004,517
logistic,B12_deficiency,no_demographics,development_oof,1,0.9794520547945206,0.9225806451612903,0.9501661129568106,155
logistic,folate_deficiency,available,development_oof,0,0.9468085106382979,0.967391304347826,0.956989247311828,552
logistic,folate_deficiency,available,development_oof,1,0.8333333333333334,0.75,0.7894736842105263,120
logistic,folate_deficiency,drop30,development_oof,0,0.9100346020761245,0.9528985507246377,0.9309734513274336,552
logistic,folate_deficiency,drop30,development_oof,1,0.723404255319149,0.5666666666666667,0.6355140186915887,120
logistic,folate_deficiency,drop60,development_oof,0,0.8735440931780366,0.9510869565217391,0.9106678230702515,552
logistic,folate_deficiency,drop60,development_oof,1,0.6197183098591549,0.36666666666666664,0.4607329842931937,120
logistic,folate_deficiency,cbc_only,development_oof,0,0.8432956381260097,0.9456521739130435,0.8915456874466268,552
logistic,folate_deficiency,cbc_only,development_oof,1,0.4339622641509434,0.19166666666666668,0.2658959537572254,120
logistic,folate_deficiency,hb_only,development_oof,0,0.8214285714285714,1.0,0.9019607843137255,552
logistic,folate_deficiency,hb_only,development_oof,1,0.0,0.0,0.0,120
logistic,folate_deficiency,no_iron,development_oof,0,0.9438596491228071,0.9746376811594203,0.9590017825311943,552
logistic,folate_deficiency,no_iron,development_oof,1,0.8627450980392157,0.7333333333333333,0.7927927927927928,120
logistic,folate_deficiency,no_B12,development_oof,0,0.9537037037037037,0.9329710144927537,0.9432234432234432,552
logistic,folate_deficiency,no_B12,development_oof,1,0.7196969696969697,0.7916666666666666,0.753968253968254,120
logistic,folate_deficiency,no_folate,development_oof,0,0.8356374807987711,0.9855072463768116,0.9044056525353283,552
logistic,folate_deficiency,no_folate,development_oof,1,0.6190476190476191,0.10833333333333334,0.18439716312056736,120
logistic,folate_deficiency,no_B6,development_oof,0,0.9532374100719424,0.9601449275362319,0.9566787003610109,552
logistic,folate_deficiency,no_B6,development_oof,1,0.8103448275862069,0.7833333333333333,0.7966101694915254,120
logistic,folate_deficiency,no_copper,development_oof,0,0.9514388489208633,0.9583333333333334,0.9548736462093863,552
logistic,folate_deficiency,no_copper,development_oof,1,0.8017241379310345,0.775,0.788135593220339,120
logistic,folate_deficiency,no_hemoglobin,development_oof,0,0.9452296819787986,0.9692028985507246,0.9570661896243292,552
logistic,folate_deficiency,no_hemoglobin,development_oof,1,0.839622641509434,0.7416666666666667,0.7876106194690266,120
logistic,folate_deficiency,no_demographics,development_oof,0,0.9468085106382979,0.967391304347826,0.956989247311828,552
logistic,folate_deficiency,no_demographics,development_oof,1,0.8333333333333334,0.75,0.7894736842105263,120
logistic,B6_deficiency,available,development_oof,0,0.9846153846153847,0.9937888198757764,0.9891808346213292,644
logistic,B6_deficiency,available,development_oof,1,0.8181818181818182,0.6428571428571429,0.72,28
logistic,B6_deficiency,drop30,development_oof,0,0.9727272727272728,0.9968944099378882,0.9846625766871165,644
logistic,B6_deficiency,drop30,development_oof,1,0.8333333333333334,0.35714285714285715,0.5,28
logistic,B6_deficiency,drop60,development_oof,0,0.9640179910044977,0.9984472049689441,0.9809305873379099,644
logistic,B6_deficiency,drop60,development_oof,1,0.8,0.14285714285714285,0.24242424242424243,28
logistic,B6_deficiency,cbc_only,development_oof,0,0.9583333333333334,1.0,0.9787234042553191,644
logistic,B6_deficiency,cbc_only,development_oof,1,0.0,0.0,0.0,28
logistic,B6_deficiency,hb_only,development_oof,0,0.9583333333333334,1.0,0.9787234042553191,644
logistic,B6_deficiency,hb_only,development_oof,1,0.0,0.0,0.0,28
logistic,B6_deficiency,no_iron,development_oof,0,0.9859594383775351,0.9813664596273292,0.9836575875486381,644
logistic,B6_deficiency,no_iron,development_oof,1,0.6129032258064516,0.6785714285714286,0.6440677966101694,28
logistic,B6_deficiency,no_B12,development_oof,0,0.9831804281345565,0.9984472049689441,0.9907550077041603,644
logistic,B6_deficiency,no_B12,development_oof,1,0.9444444444444444,0.6071428571428571,0.7391304347826086,28
logistic,B6_deficiency,no_folate,development_oof,0,0.9876352395672334,0.9922360248447205,0.9899302865995352,644
logistic,B6_deficiency,no_folate,development_oof,1,0.8,0.7142857142857143,0.7547169811320755,28
logistic,B6_deficiency,no_B6,development_oof,0,0.9582089552238806,0.9968944099378882,0.9771689497716894,644
logistic,B6_deficiency,no_B6,development_oof,1,0.0,0.0,0.0,28
logistic,B6_deficiency,no_copper,development_oof,0,0.9860896445131375,0.9906832298136646,0.9883810999225406,644
logistic,B6_deficiency,no_copper,development_oof,1,0.76,0.6785714285714286,0.7169811320754716,28
logistic,B6_deficiency,no_hemoglobin,development_oof,0,0.9846153846153847,0.9937888198757764,0.9891808346213292,644
logistic,B6_deficiency,no_hemoglobin,development_oof,1,0.8181818181818182,0.6428571428571429,0.72,28
logistic,B6_deficiency,no_demographics,development_oof,0,0.9846153846153847,0.9937888198757764,0.9891808346213292,644
logistic,B6_deficiency,no_demographics,development_oof,1,0.8181818181818182,0.6428571428571429,0.72,28
logistic,copper_deficiency,available,development_oof,0,0.9892141756548536,0.9968944099378882,0.9930394431554525,644
logistic,copper_deficiency,available,development_oof,1,0.9130434782608695,0.75,0.8235294117647058,28
logistic,copper_deficiency,drop30,development_oof,0,0.9772382397572079,1.0,0.9884881043745203,644
logistic,copper_deficiency,drop30,development_oof,1,1.0,0.4642857142857143,0.6341463414634146,28
logistic,copper_deficiency,drop60,development_oof,0,0.9640718562874252,1.0,0.9817073170731707,644
logistic,copper_deficiency,drop60,development_oof,1,1.0,0.14285714285714285,0.25,28
logistic,copper_deficiency,cbc_only,development_oof,0,0.9583333333333334,1.0,0.9787234042553191,644
logistic,copper_deficiency,cbc_only,development_oof,1,0.0,0.0,0.0,28
logistic,copper_deficiency,hb_only,development_oof,0,0.9583333333333334,1.0,0.9787234042553191,644
logistic,copper_deficiency,hb_only,development_oof,1,0.0,0.0,0.0,28
logistic,copper_deficiency,no_iron,development_oof,0,0.9907407407407407,0.9968944099378882,0.9938080495356038,644
logistic,copper_deficiency,no_iron,development_oof,1,0.9166666666666666,0.7857142857142857,0.8461538461538461,28
logistic,copper_deficiency,no_B12,development_oof,0,0.9907407407407407,0.9968944099378882,0.9938080495356038,644
logistic,copper_deficiency,no_B12,development_oof,1,0.9166666666666666,0.7857142857142857,0.8461538461538461,28
logistic,copper_deficiency,no_folate,development_oof,0,0.9907407407407407,0.9968944099378882,0.9938080495356038,644
logistic,copper_deficiency,no_folate,development_oof,1,0.9166666666666666,0.7857142857142857,0.8461538461538461,28
logistic,copper_deficiency,no_B6,development_oof,0,0.9907407407407407,0.9968944099378882,0.9938080495356038,644
logistic,copper_deficiency,no_B6,development_oof,1,0.9166666666666666,0.7857142857142857,0.8461538461538461,28
logistic,copper_deficiency,no_copper,development_oof,0,0.9583333333333334,1.0,0.9787234042553191,644
logistic,copper_deficiency,no_copper,development_oof,1,0.0,0.0,0.0,28
logistic,copper_deficiency,no_hemoglobin,development_oof,0,0.9892141756548536,0.9968944099378882,0.9930394431554525,644
logistic,copper_deficiency,no_hemoglobin,development_oof,1,0.9130434782608695,0.75,0.8235294117647058,28
logistic,copper_deficiency,no_demographics,development_oof,0,0.9892141756548536,0.9968944099378882,0.9930394431554525,644
logistic,copper_deficiency,no_demographics,development_oof,1,0.9130434782608695,0.75,0.8235294117647058,28
logistic,inflammation_anemia,available,development_oof,0,0.9919871794871795,0.9983870967741936,0.9951768488745981,620
logistic,inflammation_anemia,available,development_oof,1,0.9791666666666666,0.9038461538461539,0.94,52
logistic,inflammation_anemia,drop30,development_oof,0,0.9702194357366771,0.9983870967741936,0.9841017488076311,620
logistic,inflammation_anemia,drop30,development_oof,1,0.9705882352941176,0.6346153846153846,0.7674418604651163,52
logistic,inflammation_anemia,drop60,development_oof,0,0.9508448540706606,0.9983870967741936,0.9740361919748229,620
logistic,inflammation_anemia,drop60,development_oof,1,0.9523809523809523,0.38461538461538464,0.547945205479452,52
logistic,inflammation_anemia,cbc_only,development_oof,0,0.9226190476190477,1.0,0.9597523219814241,620
logistic,inflammation_anemia,cbc_only,development_oof,1,0.0,0.0,0.0,52
logistic,inflammation_anemia,hb_only,development_oof,0,0.9226190476190477,1.0,0.9597523219814241,620
logistic,inflammation_anemia,hb_only,development_oof,1,0.0,0.0,0.0,52
logistic,inflammation_anemia,no_iron,development_oof,0,0.9642301710730948,1.0,0.9817893903404592,620
logistic,inflammation_anemia,no_iron,development_oof,1,1.0,0.5576923076923077,0.7160493827160493,52
logistic,inflammation_anemia,no_B12,development_oof,0,0.9904,0.9983870967741936,0.9943775100401606,620
logistic,inflammation_anemia,no_B12,development_oof,1,0.9787234042553191,0.8846153846153846,0.9292929292929293,52
logistic,inflammation_anemia,no_folate,development_oof,0,0.988835725677831,1.0,0.9943865276663993,620
logistic,inflammation_anemia,no_folate,development_oof,1,1.0,0.8653846153846154,0.9278350515463918,52
logistic,inflammation_anemia,no_B6,development_oof,0,0.9919871794871795,0.9983870967741936,0.9951768488745981,620
logistic,inflammation_anemia,no_B6,development_oof,1,0.9791666666666666,0.9038461538461539,0.94,52
logistic,inflammation_anemia,no_copper,development_oof,0,0.9935794542536116,0.9983870967741936,0.99597747385358,620
logistic,inflammation_anemia,no_copper,development_oof,1,0.9795918367346939,0.9230769230769231,0.9504950495049505,52
logistic,inflammation_anemia,no_hemoglobin,development_oof,0,0.9919871794871795,0.9983870967741936,0.9951768488745981,620
logistic,inflammation_anemia,no_hemoglobin,development_oof,1,0.9791666666666666,0.9038461538461539,0.94,52
logistic,inflammation_anemia,no_demographics,development_oof,0,0.9919871794871795,0.9983870967741936,0.9951768488745981,620
logistic,inflammation_anemia,no_demographics,development_oof,1,0.9791666666666666,0.9038461538461539,0.94,52
logistic_values,anemia_class,available,development_oof,B12_deficiency_anemia,0.7692307692307693,0.7692307692307693,0.7692307692307693,52
logistic_values,anemia_class,available,development_oof,B12_deficiency_no_anemia,0.8636363636363636,0.95,0.9047619047619048,40
logistic_values,anemia_class,available,development_oof,B6_deficiency,0.875,0.75,0.8076923076923077,28
logistic_values,anemia_class,available,development_oof,anemia_other,0.8253968253968254,0.8666666666666667,0.8455284552845529,60
logistic_values,anemia_class,available,development_oof,copper_deficiency,0.9629629629629629,0.9285714285714286,0.9454545454545454,28
logistic_values,anemia_class,available,development_oof,folate_deficiency_anemia,0.7857142857142857,0.825,0.8048780487804879,40
logistic_values,anemia_class,available,development_oof,folate_deficiency_no_anemia,0.8,0.625,0.7017543859649122,32
logistic_values,anemia_class,available,development_oof,inflammation_anemia,0.9807692307692307,0.9807692307692307,0.9807692307692307,52
logistic_values,anemia_class,available,development_oof,iron_deficiency_anemia,0.8421052631578947,0.8695652173913043,0.8556149732620321,92
logistic_values,anemia_class,available,development_oof,latent_deficiency,0.9253731343283582,0.9117647058823529,0.9185185185185185,68
logistic_values,anemia_class,available,development_oof,mixed_deficiency,0.8072289156626506,0.7282608695652174,0.7657142857142857,92
logistic_values,anemia_class,available,development_oof,no_anemia_no_deficiency,0.8571428571428571,0.9545454545454546,0.9032258064516129,88
logistic_values,anemia_class,drop30,development_oof,B12_deficiency_anemia,0.7142857142857143,0.4807692307692308,0.5747126436781609,52
logistic_values,anemia_class,drop30,development_oof,B12_deficiency_no_anemia,0.7435897435897436,0.725,0.7341772151898734,40
logistic_values,anemia_class,drop30,development_oof,B6_deficiency,0.8333333333333334,0.5357142857142857,0.6521739130434783,28
logistic_values,anemia_class,drop30,development_oof,anemia_other,0.6049382716049383,0.8166666666666667,0.6950354609929078,60
logistic_values,anemia_class,drop30,development_oof,copper_deficiency,0.88,0.7857142857142857,0.8301886792452831,28
logistic_values,anemia_class,drop30,development_oof,folate_deficiency_anemia,0.6111111111111112,0.55,0.5789473684210527,40
logistic_values,anemia_class,drop30,development_oof,folate_deficiency_no_anemia,0.5416666666666666,0.40625,0.4642857142857143,32
logistic_values,anemia_class,drop30,development_oof,inflammation_anemia,0.9767441860465116,0.8076923076923077,0.8842105263157894,52
logistic_values,anemia_class,drop30,development_oof,iron_deficiency_anemia,0.6636363636363637,0.7934782608695652,0.7227722772277227,92
logistic_values,anemia_class,drop30,development_oof,latent_deficiency,0.85,0.75,0.796875,68
logistic_values,anemia_class,drop30,development_oof,mixed_deficiency,0.5636363636363636,0.6739130434782609,0.6138613861386139,92
logistic_values,anemia_class,drop30,development_oof,no_anemia_no_deficiency,0.7692307692307693,0.7954545454545454,0.7821229050279329,88
logistic_values,anemia_class,drop60,development_oof,B12_deficiency_anemia,0.6190476190476191,0.25,0.3561643835616438,52
logistic_values,anemia_class,drop60,development_oof,B12_deficiency_no_anemia,0.6,0.525,0.56,40
logistic_values,anemia_class,drop60,development_oof,B6_deficiency,0.5263157894736842,0.35714285714285715,0.425531914893617,28
logistic_values,anemia_class,drop60,development_oof,anemia_other,0.35036496350364965,0.8,0.4873096446700508,60
logistic_values,anemia_class,drop60,development_oof,copper_deficiency,0.8666666666666667,0.4642857142857143,0.6046511627906976,28
logistic_values,anemia_class,drop60,development_oof,folate_deficiency_anemia,0.6,0.375,0.46153846153846156,40
logistic_values,anemia_class,drop60,development_oof,folate_deficiency_no_anemia,0.36666666666666664,0.34375,0.3548387096774194,32
logistic_values,anemia_class,drop60,development_oof,inflammation_anemia,0.96875,0.5961538461538461,0.7380952380952381,52
logistic_values,anemia_class,drop60,development_oof,iron_deficiency_anemia,0.4791666666666667,0.75,0.5847457627118644,92
logistic_values,anemia_class,drop60,development_oof,latent_deficiency,0.8285714285714286,0.4264705882352941,0.5631067961165048,68
logistic_values,anemia_class,drop60,development_oof,mixed_deficiency,0.4444444444444444,0.6086956521739131,0.5137614678899083,92
logistic_values,anemia_class,drop60,development_oof,no_anemia_no_deficiency,0.6226415094339622,0.375,0.46808510638297873,88
logistic_values,anemia_class,cbc_only,development_oof,B12_deficiency_anemia,0.4782608695652174,0.21153846153846154,0.29333333333333333,52
logistic_values,anemia_class,cbc_only,development_oof,B12_deficiency_no_anemia,0.45454545454545453,0.125,0.19607843137254902,40
logistic_values,anemia_class,cbc_only,development_oof,B6_deficiency,0.0,0.0,0.0,28
logistic_values,anemia_class,cbc_only,development_oof,anemia_other,0.4520547945205479,0.55,0.49624060150375937,60
logistic_values,anemia_class,cbc_only,development_oof,copper_deficiency,0.0,0.0,0.0,28
logistic_values,anemia_class,cbc_only,development_oof,folate_deficiency_anemia,0.3333333333333333,0.5,0.4,40
logistic_values,anemia_class,cbc_only,development_oof,folate_deficiency_no_anemia,0.20833333333333334,0.15625,0.17857142857142858,32
logistic_values,anemia_class,cbc_only,development_oof,inflammation_anemia,0.0,0.0,0.0,52
logistic_values,anemia_class,cbc_only,development_oof,iron_deficiency_anemia,0.4069767441860465,0.7608695652173914,0.5303030303030303,92
logistic_values,anemia_class,cbc_only,development_oof,latent_deficiency,0.7346938775510204,0.5294117647058824,0.6153846153846154,68
logistic_values,anemia_class,cbc_only,development_oof,mixed_deficiency,0.4888888888888889,0.4782608695652174,0.4835164835164835,92
logistic_values,anemia_class,cbc_only,development_oof,no_anemia_no_deficiency,0.5059523809523809,0.9659090909090909,0.6640625,88
logistic_values,anemia_class,hb_only,development_oof,B12_deficiency_anemia,0.0,0.0,0.0,52
logistic_values,anemia_class,hb_only,development_oof,B12_deficiency_no_anemia,0.058823529411764705,0.025,0.03508771929824561,40
logistic_values,anemia_class,hb_only,development_oof,B6_deficiency,0.0,0.0,0.0,28
logistic_values,anemia_class,hb_only,development_oof,anemia_other,0.12658227848101267,0.3333333333333333,0.1834862385321101,60
logistic_values,anemia_class,hb_only,development_oof,copper_deficiency,0.0,0.0,0.0,28
logistic_values,anemia_class,hb_only,development_oof,folate_deficiency_anemia,0.0,0.0,0.0,40
logistic_values,anemia_class,hb_only,development_oof,folate_deficiency_no_anemia,0.14814814814814814,0.125,0.13559322033898305,32
logistic_values,anemia_class,hb_only,development_oof,inflammation_anemia,0.0,0.0,0.0,52
logistic_values,anemia_class,hb_only,development_oof,iron_deficiency_anemia,0.1901840490797546,0.6739130434782609,0.2966507177033493,92
logistic_values,anemia_class,hb_only,development_oof,latent_deficiency,0.0,0.0,0.0,68
logistic_values,anemia_class,hb_only,development_oof,mixed_deficiency,0.16363636363636364,0.09782608695652174,0.12244897959183673,92
logistic_values,anemia_class,hb_only,development_oof,no_anemia_no_deficiency,0.5955056179775281,0.6022727272727273,0.5988700564971752,88
logistic_values,anemia_class,no_iron,development_oof,B12_deficiency_anemia,0.5833333333333334,0.6730769230769231,0.625,52
logistic_values,anemia_class,no_iron,development_oof,B12_deficiency_no_anemia,0.8837209302325582,0.95,0.9156626506024096,40
logistic_values,anemia_class,no_iron,development_oof,B6_deficiency,0.6666666666666666,0.7857142857142857,0.7213114754098361,28
logistic_values,anemia_class,no_iron,development_oof,anemia_other,0.6935483870967742,0.7166666666666667,0.7049180327868853,60
logistic_values,anemia_class,no_iron,development_oof,copper_deficiency,0.9285714285714286,0.9285714285714286,0.9285714285714286,28
logistic_values,anemia_class,no_iron,development_oof,folate_deficiency_anemia,0.7027027027027027,0.65,0.6753246753246753,40
logistic_values,anemia_class,no_iron,development_oof,folate_deficiency_no_anemia,0.76,0.59375,0.6666666666666666,32
logistic_values,anemia_class,no_iron,development_oof,inflammation_anemia,1.0,0.6923076923076923,0.8181818181818182,52
logistic_values,anemia_class,no_iron,development_oof,iron_deficiency_anemia,0.7070707070707071,0.7608695652173914,0.7329842931937173,92
logistic_values,anemia_class,no_iron,development_oof,latent_deficiency,0.7878787878787878,0.38235294117647056,0.5148514851485149,68
logistic_values,anemia_class,no_iron,development_oof,mixed_deficiency,0.6363636363636364,0.6086956521739131,0.6222222222222222,92
logistic_values,anemia_class,no_iron,development_oof,no_anemia_no_deficiency,0.640625,0.9318181818181818,0.7592592592592593,88
logistic_values,anemia_class,no_B12,development_oof,B12_deficiency_anemia,0.7959183673469388,0.75,0.7722772277227723,52
logistic_values,anemia_class,no_B12,development_oof,B12_deficiency_no_anemia,0.7777777777777778,0.175,0.2857142857142857,40
logistic_values,anemia_class,no_B12,development_oof,B6_deficiency,0.9130434782608695,0.75,0.8235294117647058,28
logistic_values,anemia_class,no_B12,development_oof,anemia_other,0.796875,0.85,0.8225806451612904,60
logistic_values,anemia_class,no_B12,development_oof,copper_deficiency,0.9629629629629629,0.9285714285714286,0.9454545454545454,28
logistic_values,anemia_class,no_B12,development_oof,folate_deficiency_anemia,0.6976744186046512,0.75,0.7228915662650602,40
logistic_values,anemia_class,no_B12,development_oof,folate_deficiency_no_anemia,0.5757575757575758,0.59375,0.5846153846153846,32
logistic_values,anemia_class,no_B12,development_oof,inflammation_anemia,0.9615384615384616,0.9615384615384616,0.9615384615384616,52
logistic_values,anemia_class,no_B12,development_oof,iron_deficiency_anemia,0.7596153846153846,0.8586956521739131,0.8061224489795918,92
logistic_values,anemia_class,no_B12,development_oof,latent_deficiency,0.8714285714285714,0.8970588235294118,0.8840579710144928,68
logistic_values,anemia_class,no_B12,development_oof,mixed_deficiency,0.7631578947368421,0.6304347826086957,0.6904761904761905,92
logistic_values,anemia_class,no_B12,development_oof,no_anemia_no_deficiency,0.6885245901639344,0.9545454545454546,0.8,88
logistic_values,anemia_class,no_folate,development_oof,B12_deficiency_anemia,0.6779661016949152,0.7692307692307693,0.7207207207207207,52
logistic_values,anemia_class,no_folate,development_oof,B12_deficiency_no_anemia,0.8421052631578947,0.8,0.8205128205128205,40
logistic_values,anemia_class,no_folate,development_oof,B6_deficiency,0.9545454545454546,0.75,0.84,28
logistic_values,anemia_class,no_folate,development_oof,anemia_other,0.7846153846153846,0.85,0.816,60
logistic_values,anemia_class,no_folate,development_oof,copper_deficiency,0.896551724137931,0.9285714285714286,0.9122807017543859,28
logistic_values,anemia_class,no_folate,development_oof,folate_deficiency_anemia,0.8055555555555556,0.725,0.7631578947368421,40
logistic_values,anemia_class,no_folate,development_oof,folate_deficiency_no_anemia,0.6,0.1875,0.2857142857142857,32
logistic_values,anemia_class,no_folate,development_oof,inflammation_anemia,0.9807692307692307,0.9807692307692307,0.9807692307692307,52
logistic_values,anemia_class,no_folate,development_oof,iron_deficiency_anemia,0.7623762376237624,0.8369565217391305,0.7979274611398963,92
logistic_values,anemia_class,no_folate,development_oof,latent_deficiency,0.9264705882352942,0.9264705882352942,0.9264705882352942,68
logistic_values,anemia_class,no_folate,development_oof,mixed_deficiency,0.7368421052631579,0.6086956521739131,0.6666666666666666,92
logistic_values,anemia_class,no_folate,development_oof,no_anemia_no_deficiency,0.7327586206896551,0.9659090909090909,0.8333333333333334,88
logistic_values,anemia_class,no_B6,development_oof,B12_deficiency_anemia,0.7735849056603774,0.7884615384615384,0.780952380952381,52
logistic_values,anemia_class,no_B6,development_oof,B12_deficiency_no_anemia,0.8636363636363636,0.95,0.9047619047619048,40
logistic_values,anemia_class,no_B6,development_oof,B6_deficiency,0.8,0.14285714285714285,0.24242424242424243,28
logistic_values,anemia_class,no_B6,development_oof,anemia_other,0.7536231884057971,0.8666666666666667,0.8062015503875969,60
logistic_values,anemia_class,no_B6,development_oof,copper_deficiency,0.9629629629629629,0.9285714285714286,0.9454545454545454,28
logistic_values,anemia_class,no_B6,development_oof,folate_deficiency_anemia,0.7906976744186046,0.85,0.8192771084337349,40
logistic_values,anemia_class,no_B6,development_oof,folate_deficiency_no_anemia,0.7692307692307693,0.625,0.6896551724137931,32
logistic_values,anemia_class,no_B6,development_oof,inflammation_anemia,0.9807692307692307,0.9807692307692307,0.9807692307692307,52
logistic_values,anemia_class,no_B6,development_oof,iron_deficiency_anemia,0.8247422680412371,0.8695652173913043,0.8465608465608465,92
logistic_values,anemia_class,no_B6,development_oof,latent_deficiency,0.9264705882352942,0.9264705882352942,0.9264705882352942,68
logistic_values,anemia_class,no_B6,development_oof,mixed_deficiency,0.8170731707317073,0.7282608695652174,0.7701149425287356,92
logistic_values,anemia_class,no_B6,development_oof,no_anemia_no_deficiency,0.7924528301886793,0.9545454545454546,0.865979381443299,88
logistic_values,anemia_class,no_copper,development_oof,B12_deficiency_anemia,0.78,0.75,0.7647058823529411,52
logistic_values,anemia_class,no_copper,development_oof,B12_deficiency_no_anemia,0.8260869565217391,0.95,0.8837209302325582,40
logistic_values,anemia_class,no_copper,development_oof,B6_deficiency,0.8846153846153846,0.8214285714285714,0.8518518518518519,28
logistic_values,anemia_class,no_copper,development_oof,anemia_other,0.7428571428571429,0.8666666666666667,0.8,60
logistic_values,anemia_class,no_copper,development_oof,copper_deficiency,1.0,0.03571428571428571,0.06896551724137931,28
logistic_values,anemia_class,no_copper,development_oof,folate_deficiency_anemia,0.723404255319149,0.85,0.7816091954022989,40
logistic_values,anemia_class,no_copper,development_oof,folate_deficiency_no_anemia,0.7692307692307693,0.625,0.6896551724137931,32
logistic_values,anemia_class,no_copper,development_oof,inflammation_anemia,0.9803921568627451,0.9615384615384616,0.970873786407767,52
logistic_values,anemia_class,no_copper,development_oof,iron_deficiency_anemia,0.8333333333333334,0.8695652173913043,0.851063829787234,92
logistic_values,anemia_class,no_copper,development_oof,latent_deficiency,0.9264705882352942,0.9264705882352942,0.9264705882352942,68
logistic_values,anemia_class,no_copper,development_oof,mixed_deficiency,0.7840909090909091,0.75,0.7666666666666667,92
logistic_values,anemia_class,no_copper,development_oof,no_anemia_no_deficiency,0.8252427184466019,0.9659090909090909,0.8900523560209425,88
logistic_values,anemia_class,no_hemoglobin,development_oof,B12_deficiency_anemia,0.7321428571428571,0.7884615384615384,0.7592592592592593,52
logistic_values,anemia_class,no_hemoglobin,development_oof,B12_deficiency_no_anemia,0.8780487804878049,0.9,0.8888888888888888,40
logistic_values,anemia_class,no_hemoglobin,development_oof,B6_deficiency,0.7857142857142857,0.7857142857142857,0.7857142857142857,28
logistic_values,anemia_class,no_hemoglobin,development_oof,anemia_other,0.7846153846153846,0.85,0.816,60
logistic_values,anemia_class,no_hemoglobin,development_oof,copper_deficiency,0.9629629629629629,0.9285714285714286,0.9454545454545454,28
logistic_values,anemia_class,no_hemoglobin,development_oof,folate_deficiency_anemia,0.717391304347826,0.825,0.7674418604651163,40
logistic_values,anemia_class,no_hemoglobin,development_oof,folate_deficiency_no_anemia,0.6785714285714286,0.59375,0.6333333333333333,32
logistic_values,anemia_class,no_hemoglobin,development_oof,inflammation_anemia,0.9629629629629629,1.0,0.9811320754716981,52
logistic_values,anemia_class,no_hemoglobin,development_oof,iron_deficiency_anemia,0.7920792079207921,0.8695652173913043,0.8290155440414507,92
logistic_values,anemia_class,no_hemoglobin,development_oof,latent_deficiency,0.9166666666666666,0.8088235294117647,0.859375,68
logistic_values,anemia_class,no_hemoglobin,development_oof,mixed_deficiency,0.7857142857142857,0.717391304347826,0.75,92
logistic_values,anemia_class,no_hemoglobin,development_oof,no_anemia_no_deficiency,0.8780487804878049,0.8181818181818182,0.8470588235294118,88
logistic_values,anemia_class,no_demographics,development_oof,B12_deficiency_anemia,0.75,0.75,0.75,52
logistic_values,anemia_class,no_demographics,development_oof,B12_deficiency_no_anemia,0.8809523809523809,0.925,0.9024390243902439,40
logistic_values,anemia_class,no_demographics,development_oof,B6_deficiency,0.9166666666666666,0.7857142857142857,0.8461538461538461,28
logistic_values,anemia_class,no_demographics,development_oof,anemia_other,0.8225806451612904,0.85,0.8360655737704918,60
logistic_values,anemia_class,no_demographics,development_oof,copper_deficiency,0.9310344827586207,0.9642857142857143,0.9473684210526315,28
logistic_values,anemia_class,no_demographics,development_oof,folate_deficiency_anemia,0.8,0.8,0.8,40
logistic_values,anemia_class,no_demographics,development_oof,folate_deficiency_no_anemia,0.75,0.65625,0.7,32
logistic_values,anemia_class,no_demographics,development_oof,inflammation_anemia,0.9803921568627451,0.9615384615384616,0.970873786407767,52
logistic_values,anemia_class,no_demographics,development_oof,iron_deficiency_anemia,0.8367346938775511,0.8913043478260869,0.8631578947368421,92
logistic_values,anemia_class,no_demographics,development_oof,latent_deficiency,0.9117647058823529,0.9117647058823529,0.9117647058823529,68
logistic_values,anemia_class,no_demographics,development_oof,mixed_deficiency,0.8125,0.7065217391304348,0.7558139534883721,92
logistic_values,anemia_class,no_demographics,development_oof,no_anemia_no_deficiency,0.8469387755102041,0.9431818181818182,0.8924731182795699,88
logistic_values,iron_deficiency,available,development_oof,0,0.9820224719101124,0.9954441913439636,0.9886877828054299,439
logistic_values,iron_deficiency,available,development_oof,1,0.9911894273127754,0.9656652360515021,0.9782608695652174,233
logistic_values,iron_deficiency,drop30,development_oof,0,0.9416846652267818,0.9931662870159453,0.9667405764966741,439
logistic_values,iron_deficiency,drop30,development_oof,1,0.9856459330143541,0.8841201716738197,0.9321266968325792,233
logistic_values,iron_deficiency,drop60,development_oof,0,0.8694779116465864,0.9863325740318907,0.9242262540021344,439
logistic_values,iron_deficiency,drop60,development_oof,1,0.9655172413793104,0.721030042918455,0.8255528255528255,233
logistic_values,iron_deficiency,cbc_only,development_oof,0,0.7732342007434945,0.9476082004555809,0.8515864892528148,439
logistic_values,iron_deficiency,cbc_only,development_oof,1,0.8283582089552238,0.47639484978540775,0.6049046321525886,233
logistic_values,iron_deficiency,hb_only,development_oof,0,0.6532738095238095,1.0,0.7902790279027903,439
logistic_values,iron_deficiency,hb_only,development_oof,1,0.0,0.0,0.0,233
logistic_values,iron_deficiency,no_iron,development_oof,0,0.773308957952468,0.9635535307517085,0.8580121703853956,439
logistic_values,iron_deficiency,no_iron,development_oof,1,0.872,0.4678111587982833,0.6089385474860335,233
logistic_values,iron_deficiency,no_B12,development_oof,0,0.9820224719101124,0.9954441913439636,0.9886877828054299,439
logistic_values,iron_deficiency,no_B12,development_oof,1,0.9911894273127754,0.9656652360515021,0.9782608695652174,233
logistic_values,iron_deficiency,no_folate,development_oof,0,0.9819819819819819,0.9931662870159453,0.9875424688561721,439
logistic_values,iron_deficiency,no_folate,development_oof,1,0.9868421052631579,0.9656652360515021,0.9761388286334056,233
logistic_values,iron_deficiency,no_B6,development_oof,0,0.9819004524886877,0.9886104783599089,0.985244040862656,439
logistic_values,iron_deficiency,no_B6,development_oof,1,0.9782608695652174,0.9656652360515021,0.9719222462203023,233
logistic_values,iron_deficiency,no_copper,development_oof,0,0.9820224719101124,0.9954441913439636,0.9886877828054299,439
logistic_values,iron_deficiency,no_copper,development_oof,1,0.9911894273127754,0.9656652360515021,0.9782608695652174,233
logistic_values,iron_deficiency,no_hemoglobin,development_oof,0,0.9820224719101124,0.9954441913439636,0.9886877828054299,439
logistic_values,iron_deficiency,no_hemoglobin,development_oof,1,0.9911894273127754,0.9656652360515021,0.9782608695652174,233
logistic_values,iron_deficiency,no_demographics,development_oof,0,0.9864559819413092,0.9954441913439636,0.9909297052154195,439
logistic_values,iron_deficiency,no_demographics,development_oof,1,0.9912663755458515,0.9742489270386266,0.9826839826839827,233
logistic_values,B12_deficiency,available,development_oof,0,0.9789272030651341,0.988394584139265,0.983638113570741,517
logistic_values,B12_deficiency,available,development_oof,1,0.96,0.9290322580645162,0.9442622950819672,155
logistic_values,B12_deficiency,drop30,development_oof,0,0.9296028880866426,0.9961315280464217,0.96171802054155,517
logistic_values,B12_deficiency,drop30,development_oof,1,0.9830508474576272,0.7483870967741936,0.8498168498168498,155
logistic_values,B12_deficiency,drop60,development_oof,0,0.8602329450915142,1.0,0.924865831842576,517
logistic_values,B12_deficiency,drop60,development_oof,1,1.0,0.45806451612903226,0.6283185840707964,155
logistic_values,B12_deficiency,cbc_only,development_oof,0,0.7693452380952381,1.0,0.8696383515559294,517
logistic_values,B12_deficiency,cbc_only,development_oof,1,0.0,0.0,0.0,155
logistic_values,B12_deficiency,hb_only,development_oof,0,0.7693452380952381,1.0,0.8696383515559294,517
logistic_values,B12_deficiency,hb_only,development_oof,1,0.0,0.0,0.0,155
logistic_values,B12_deficiency,no_iron,development_oof,0,0.982725527831094,0.9903288201160542,0.9865125240847784,517
logistic_values,B12_deficiency,no_iron,development_oof,1,0.9668874172185431,0.9419354838709677,0.954248366013072,155
logistic_values,B12_deficiency,no_B12,development_oof,0,0.8431372549019608,0.9980657640232108,0.9140832595217007,517
logistic_values,B12_deficiency,no_B12,development_oof,1,0.9833333333333333,0.38064516129032255,0.5488372093023256,155
logistic_values,B12_deficiency,no_folate,development_oof,0,0.9607476635514018,0.9941972920696325,0.9771863117870723,517
logistic_values,B12_deficiency,no_folate,development_oof,1,0.9781021897810219,0.864516129032258,0.9178082191780822,155
logistic_values,B12_deficiency,no_B6,development_oof,0,0.9770554493307839,0.988394584139265,0.9826923076923076,517
logistic_values,B12_deficiency,no_B6,development_oof,1,0.959731543624161,0.9225806451612903,0.9407894736842105,155
logistic_values,B12_deficiency,no_copper,development_oof,0,0.9789272030651341,0.988394584139265,0.983638113570741,517
logistic_values,B12_deficiency,no_copper,development_oof,1,0.96,0.9290322580645162,0.9442622950819672,155
logistic_values,B12_deficiency,no_hemoglobin,development_oof,0,0.9733333333333334,0.988394584139265,0.980806142034549,517
logistic_values,B12_deficiency,no_hemoglobin,development_oof,1,0.9591836734693877,0.9096774193548387,0.9337748344370861,155
logistic_values,B12_deficiency,no_demographics,development_oof,0,0.9770554493307839,0.988394584139265,0.9826923076923076,517
logistic_values,B12_deficiency,no_demographics,development_oof,1,0.959731543624161,0.9225806451612903,0.9407894736842105,155
logistic_values,folate_deficiency,available,development_oof,0,0.9551971326164874,0.9655797101449275,0.9603603603603603,552
logistic_values,folate_deficiency,available,development_oof,1,0.8333333333333334,0.7916666666666666,0.811965811965812,120
logistic_values,folate_deficiency,drop30,development_oof,0,0.9092436974789916,0.980072463768116,0.9433304272013949,552
logistic_values,folate_deficiency,drop30,development_oof,1,0.8571428571428571,0.55,0.6700507614213198,120
logistic_values,folate_deficiency,drop60,development_oof,0,0.866877971473851,0.9909420289855072,0.9247675401521556,552
logistic_values,folate_deficiency,drop60,development_oof,1,0.8780487804878049,0.3,0.4472049689440994,120
logistic_values,folate_deficiency,cbc_only,development_oof,0,0.8305343511450382,0.9855072463768116,0.9014084507042254,552
logistic_values,folate_deficiency,cbc_only,development_oof,1,0.5294117647058824,0.075,0.13138686131386862,120
logistic_values,folate_deficiency,hb_only,development_oof,0,0.8214285714285714,1.0,0.9019607843137255,552
logistic_values,folate_deficiency,hb_only,development_oof,1,0.0,0.0,0.0,120
logistic_values,folate_deficiency,no_iron,development_oof,0,0.9504424778761061,0.9728260869565217,0.9615040286481648,552
logistic_values,folate_deficiency,no_iron,development_oof,1,0.8598130841121495,0.7666666666666667,0.8105726872246696,120
logistic_values,folate_deficiency,no_B12,development_oof,0,0.941696113074205,0.9655797101449275,0.9534883720930233,552
logistic_values,folate_deficiency,no_B12,development_oof,1,0.8207547169811321,0.725,0.7699115044247787,120
logistic_values,folate_deficiency,no_folate,development_oof,0,0.8348623853211009,0.9891304347826086,0.9054726368159204,552
logistic_values,folate_deficiency,no_folate,development_oof,1,0.6666666666666666,0.1,0.17391304347826086,120
logistic_values,folate_deficiency,no_B6,development_oof,0,0.9551971326164874,0.9655797101449275,0.9603603603603603,552
logistic_values,folate_deficiency,no_B6,development_oof,1,0.8333333333333334,0.7916666666666666,0.811965811965812,120
logistic_values,folate_deficiency,no_copper,development_oof,0,0.9572192513368984,0.9728260869565217,0.9649595687331537,552
logistic_values,folate_deficiency,no_copper,development_oof,1,0.8648648648648649,0.8,0.8311688311688312,120
logistic_values,folate_deficiency,no_hemoglobin,development_oof,0,0.9519572953736655,0.9692028985507246,0.9605026929982047,552
logistic_values,folate_deficiency,no_hemoglobin,development_oof,1,0.8454545454545455,0.775,0.808695652173913,120
logistic_values,folate_deficiency,no_demographics,development_oof,0,0.9536541889483066,0.9692028985507246,0.9613656783468104,552
logistic_values,folate_deficiency,no_demographics,development_oof,1,0.8468468468468469,0.7833333333333333,0.8138528138528138,120
logistic_values,B6_deficiency,available,development_oof,0,0.9861325115562404,0.9937888198757764,0.9899458623356535,644
logistic_values,B6_deficiency,available,development_oof,1,0.8260869565217391,0.6785714285714286,0.7450980392156863,28
logistic_values,B6_deficiency,drop30,development_oof,0,0.9771689497716894,0.9968944099378882,0.9869331283627979,644
logistic_values,B6_deficiency,drop30,development_oof,1,0.8666666666666667,0.4642857142857143,0.6046511627906976,28
logistic_values,B6_deficiency,drop60,development_oof,0,0.9653614457831325,0.9953416149068323,0.9801223241590215,644
logistic_values,B6_deficiency,drop60,development_oof,1,0.625,0.17857142857142858,0.2777777777777778,28
logistic_values,B6_deficiency,cbc_only,development_oof,0,0.9583333333333334,1.0,0.9787234042553191,644
logistic_values,B6_deficiency,cbc_only,development_oof,1,0.0,0.0,0.0,28
logistic_values,B6_deficiency,hb_only,development_oof,0,0.9583333333333334,1.0,0.9787234042553191,644
logistic_values,B6_deficiency,hb_only,development_oof,1,0.0,0.0,0.0,28
logistic_values,B6_deficiency,no_iron,development_oof,0,0.9845916795069337,0.9922360248447205,0.988399071925754,644
logistic_values,B6_deficiency,no_iron,development_oof,1,0.782608695652174,0.6428571428571429,0.7058823529411765,28
logistic_values,B6_deficiency,no_B12,development_oof,0,0.9846625766871165,0.9968944099378882,0.9907407407407407,644
logistic_values,B6_deficiency,no_B12,development_oof,1,0.9,0.6428571428571429,0.75,28
logistic_values,B6_deficiency,no_folate,development_oof,0,0.9861538461538462,0.9953416149068323,0.990726429675425,644
logistic_values,B6_deficiency,no_folate,development_oof,1,0.8636363636363636,0.6785714285714286,0.76,28
logistic_values,B6_deficiency,no_B6,development_oof,0,0.9597615499254843,1.0,0.979467680608365,644
logistic_values,B6_deficiency,no_B6,development_oof,1,1.0,0.03571428571428571,0.06896551724137931,28
logistic_values,B6_deficiency,no_copper,development_oof,0,0.9861538461538462,0.9953416149068323,0.990726429675425,644
logistic_values,B6_deficiency,no_copper,development_oof,1,0.8636363636363636,0.6785714285714286,0.76,28
logistic_values,B6_deficiency,no_hemoglobin,development_oof,0,0.9860896445131375,0.9906832298136646,0.9883810999225406,644
logistic_values,B6_deficiency,no_hemoglobin,development_oof,1,0.76,0.6785714285714286,0.7169811320754716,28
logistic_values,B6_deficiency,no_demographics,development_oof,0,0.9876543209876543,0.9937888198757764,0.9907120743034056,644
logistic_values,B6_deficiency,no_demographics,development_oof,1,0.8333333333333334,0.7142857142857143,0.7692307692307693,28
logistic_values,copper_deficiency,available,development_oof,0,0.9922839506172839,0.9984472049689441,0.9953560371517027,644
logistic_values,copper_deficiency,available,development_oof,1,0.9583333333333334,0.8214285714285714,0.8846153846153846,28
logistic_values,copper_deficiency,drop30,development_oof,0,0.9862174578866769,1.0,0.9930609097918273,644
logistic_values,copper_deficiency,drop30,development_oof,1,1.0,0.6785714285714286,0.8085106382978723,28
logistic_values,copper_deficiency,drop60,development_oof,0,0.9669669669669669,1.0,0.983206106870229,644
logistic_values,copper_deficiency,drop60,development_oof,1,1.0,0.21428571428571427,0.35294117647058826,28
logistic_values,copper_deficiency,cbc_only,development_oof,0,0.9583333333333334,1.0,0.9787234042553191,644
logistic_values,copper_deficiency,cbc_only,development_oof,1,0.0,0.0,0.0,28
logistic_values,copper_deficiency,hb_only,development_oof,0,0.9583333333333334,1.0,0.9787234042553191,644
logistic_values,copper_deficiency,hb_only,development_oof,1,0.0,0.0,0.0,28
logistic_values,copper_deficiency,no_iron,development_oof,0,0.9922839506172839,0.9984472049689441,0.9953560371517027,644
logistic_values,copper_deficiency,no_iron,development_oof,1,0.9583333333333334,0.8214285714285714,0.8846153846153846,28
logistic_values,copper_deficiency,no_B12,development_oof,0,0.9922839506172839,0.9984472049689441,0.9953560371517027,644
logistic_values,copper_deficiency,no_B12,development_oof,1,0.9583333333333334,0.8214285714285714,0.8846153846153846,28
logistic_values,copper_deficiency,no_folate,development_oof,0,0.9922839506172839,0.9984472049689441,0.9953560371517027,644
logistic_values,copper_deficiency,no_folate,development_oof,1,0.9583333333333334,0.8214285714285714,0.8846153846153846,28
logistic_values,copper_deficiency,no_B6,development_oof,0,0.9922839506172839,0.9984472049689441,0.9953560371517027,644
logistic_values,copper_deficiency,no_B6,development_oof,1,0.9583333333333334,0.8214285714285714,0.8846153846153846,28
logistic_values,copper_deficiency,no_copper,development_oof,0,0.9583333333333334,1.0,0.9787234042553191,644
logistic_values,copper_deficiency,no_copper,development_oof,1,0.0,0.0,0.0,28
logistic_values,copper_deficiency,no_hemoglobin,development_oof,0,0.9922839506172839,0.9984472049689441,0.9953560371517027,644
logistic_values,copper_deficiency,no_hemoglobin,development_oof,1,0.9583333333333334,0.8214285714285714,0.8846153846153846,28
logistic_values,copper_deficiency,no_demographics,development_oof,0,0.9922839506172839,0.9984472049689441,0.9953560371517027,644
logistic_values,copper_deficiency,no_demographics,development_oof,1,0.9583333333333334,0.8214285714285714,0.8846153846153846,28
logistic_values,inflammation_anemia,available,development_oof,0,0.9951845906902087,1.0,0.997586484312148,620
logistic_values,inflammation_anemia,available,development_oof,1,1.0,0.9423076923076923,0.9702970297029703,52
logistic_values,inflammation_anemia,drop30,development_oof,0,0.9748427672955975,1.0,0.9872611464968153,620
logistic_values,inflammation_anemia,drop30,development_oof,1,1.0,0.6923076923076923,0.8181818181818182,52
logistic_values,inflammation_anemia,drop60,development_oof,0,0.9553158705701078,1.0,0.9771473601260835,620
logistic_values,inflammation_anemia,drop60,development_oof,1,1.0,0.4423076923076923,0.6133333333333333,52
logistic_values,inflammation_anemia,cbc_only,development_oof,0,0.9226190476190477,1.0,0.9597523219814241,620
logistic_values,inflammation_anemia,cbc_only,development_oof,1,0.0,0.0,0.0,52
logistic_values,inflammation_anemia,hb_only,development_oof,0,0.9226190476190477,1.0,0.9597523219814241,620
logistic_values,inflammation_anemia,hb_only,development_oof,1,0.0,0.0,0.0,52
logistic_values,inflammation_anemia,no_iron,development_oof,0,0.9748427672955975,1.0,0.9872611464968153,620
logistic_values,inflammation_anemia,no_iron,development_oof,1,1.0,0.6923076923076923,0.8181818181818182,52
logistic_values,inflammation_anemia,no_B12,development_oof,0,0.9935897435897436,1.0,0.9967845659163987,620
logistic_values,inflammation_anemia,no_B12,development_oof,1,1.0,0.9230769230769231,0.96,52
logistic_values,inflammation_anemia,no_folate,development_oof,0,0.9951845906902087,1.0,0.997586484312148,620
logistic_values,inflammation_anemia,no_folate,development_oof,1,1.0,0.9423076923076923,0.9702970297029703,52
logistic_values,inflammation_anemia,no_B6,development_oof,0,0.9951845906902087,1.0,0.997586484312148,620
logistic_values,inflammation_anemia,no_B6,development_oof,1,1.0,0.9423076923076923,0.9702970297029703,52
logistic_values,inflammation_anemia,no_copper,development_oof,0,0.9951845906902087,1.0,0.997586484312148,620
logistic_values,inflammation_anemia,no_copper,development_oof,1,1.0,0.9423076923076923,0.9702970297029703,52
logistic_values,inflammation_anemia,no_hemoglobin,development_oof,0,0.9951845906902087,1.0,0.997586484312148,620
logistic_values,inflammation_anemia,no_hemoglobin,development_oof,1,1.0,0.9423076923076923,0.9702970297029703,52
logistic_values,inflammation_anemia,no_demographics,development_oof,0,0.9951845906902087,1.0,0.997586484312148,620
logistic_values,inflammation_anemia,no_demographics,development_oof,1,1.0,0.9423076923076923,0.9702970297029703,52
extra_trees,anemia_class,available,development_oof,B12_deficiency_anemia,0.8679245283018868,0.8846153846153846,0.8761904761904762,52
extra_trees,anemia_class,available,development_oof,B12_deficiency_no_anemia,0.9459459459459459,0.875,0.9090909090909091,40
extra_trees,anemia_class,available,development_oof,B6_deficiency,1.0,0.7857142857142857,0.88,28
extra_trees,anemia_class,available,development_oof,anemia_other,0.8285714285714286,0.9666666666666667,0.8923076923076924,60
extra_trees,anemia_class,available,development_oof,copper_deficiency,0.9545454545454546,0.75,0.84,28
extra_trees,anemia_class,available,development_oof,folate_deficiency_anemia,0.8333333333333334,0.75,0.7894736842105263,40
extra_trees,anemia_class,available,development_oof,folate_deficiency_no_anemia,0.84,0.65625,0.7368421052631579,32
extra_trees,anemia_class,available,development_oof,inflammation_anemia,0.9811320754716981,1.0,0.9904761904761905,52
extra_trees,anemia_class,available,development_oof,iron_deficiency_anemia,0.851063829787234,0.8695652173913043,0.8602150537634409,92
extra_trees,anemia_class,available,development_oof,latent_deficiency,0.9264705882352942,0.9264705882352942,0.9264705882352942,68
extra_trees,anemia_class,available,development_oof,mixed_deficiency,0.8902439024390244,0.7934782608695652,0.8390804597701149,92
extra_trees,anemia_class,available,development_oof,no_anemia_no_deficiency,0.7909090909090909,0.9886363636363636,0.8787878787878788,88
extra_trees,anemia_class,drop30,development_oof,B12_deficiency_anemia,0.7857142857142857,0.6346153846153846,0.7021276595744681,52
extra_trees,anemia_class,drop30,development_oof,B12_deficiency_no_anemia,0.8387096774193549,0.65,0.7323943661971831,40
extra_trees,anemia_class,drop30,development_oof,B6_deficiency,0.9375,0.5357142857142857,0.6818181818181818,28
extra_trees,anemia_class,drop30,development_oof,anemia_other,0.47540983606557374,0.9666666666666667,0.6373626373626373,60
extra_trees,anemia_class,drop30,development_oof,copper_deficiency,0.9,0.6428571428571429,0.75,28
extra_trees,anemia_class,drop30,development_oof,folate_deficiency_anemia,0.6190476190476191,0.65,0.6341463414634146,40
extra_trees,anemia_class,drop30,development_oof,folate_deficiency_no_anemia,0.8461538461538461,0.34375,0.4888888888888889,32
extra_trees,anemia_class,drop30,development_oof,inflammation_anemia,1.0,0.8461538461538461,0.9166666666666666,52
extra_trees,anemia_class,drop30,development_oof,iron_deficiency_anemia,0.6694214876033058,0.8804347826086957,0.7605633802816901,92
extra_trees,anemia_class,drop30,development_oof,latent_deficiency,0.92,0.6764705882352942,0.7796610169491526,68
extra_trees,anemia_class,drop30,development_oof,mixed_deficiency,0.8169014084507042,0.6304347826086957,0.7116564417177914,92
extra_trees,anemia_class,drop30,development_oof,no_anemia_no_deficiency,0.71,0.8068181818181818,0.7553191489361702,88
extra_trees,anemia_class,drop60,development_oof,B12_deficiency_anemia,0.75,0.34615384615384615,0.47368421052631576,52
extra_trees,anemia_class,drop60,development_oof,B12_deficiency_no_anemia,0.9285714285714286,0.325,0.48148148148148145,40
extra_trees,anemia_class,drop60,development_oof,B6_deficiency,0.8181818181818182,0.32142857142857145,0.46153846153846156,28
extra_trees,anemia_class,drop60,development_oof,anemia_other,0.24890829694323144,0.95,0.3944636678200692,60
extra_trees,anemia_class,drop60,development_oof,copper_deficiency,0.9166666666666666,0.39285714285714285,0.55,28
extra_trees,anemia_class,drop60,development_oof,folate_deficiency_anemia,0.46153846153846156,0.3,0.36363636363636365,40
extra_trees,anemia_class,drop60,development_oof,folate_deficiency_no_anemia,0.4166666666666667,0.15625,0.22727272727272727,32
extra_trees,anemia_class,drop60,development_oof,inflammation_anemia,0.9473684210526315,0.6923076923076923,0.8,52
extra_trees,anemia_class,drop60,development_oof,iron_deficiency_anemia,0.4161849710982659,0.782608695652174,0.5433962264150943,92
extra_trees,anemia_class,drop60,development_oof,latent_deficiency,1.0,0.3088235294117647,0.47191011235955055,68
extra_trees,anemia_class,drop60,development_oof,mixed_deficiency,0.6829268292682927,0.30434782608695654,0.42105263157894735,92
extra_trees,anemia_class,drop60,development_oof,no_anemia_no_deficiency,0.5915492957746479,0.4772727272727273,0.5283018867924528,88
extra_trees,anemia_class,cbc_only,development_oof,B12_deficiency_anemia,0.4666666666666667,0.1346153846153846,0.208955223880597,52
extra_trees,anemia_class,cbc_only,development_oof,B12_deficiency_no_anemia,0.0,0.0,0.0,40
extra_trees,anemia_class,cbc_only,development_oof,B6_deficiency,1.0,0.03571428571428571,0.06896551724137931,28
extra_trees,anemia_class,cbc_only,development_oof,anemia_other,0.44036697247706424,0.8,0.5680473372781065,60
extra_trees,anemia_class,cbc_only,development_oof,copper_deficiency,0.0,0.0,0.0,28
extra_trees,anemia_class,cbc_only,development_oof,folate_deficiency_anemia,0.3058823529411765,0.65,0.416,40
extra_trees,anemia_class,cbc_only,development_oof,folate_deficiency_no_anemia,0.2222222222222222,0.125,0.16,32
extra_trees,anemia_class,cbc_only,development_oof,inflammation_anemia,0.0,0.0,0.0,52
extra_trees,anemia_class,cbc_only,development_oof,iron_deficiency_anemia,0.4090909090909091,0.8804347826086957,0.5586206896551724,92
extra_trees,anemia_class,cbc_only,development_oof,latent_deficiency,0.8333333333333334,0.14705882352941177,0.25,68
extra_trees,anemia_class,cbc_only,development_oof,mixed_deficiency,1.0,0.03260869565217391,0.06315789473684211,92
extra_trees,anemia_class,cbc_only,development_oof,no_anemia_no_deficiency,0.38095238095238093,1.0,0.5517241379310345,88
extra_trees,anemia_class,hb_only,development_oof,B12_deficiency_anemia,0.0,0.0,0.0,52
extra_trees,anemia_class,hb_only,development_oof,B12_deficiency_no_anemia,0.0,0.0,0.0,40
extra_trees,anemia_class,hb_only,development_oof,B6_deficiency,0.0,0.0,0.0,28
extra_trees,anemia_class,hb_only,development_oof,anemia_other,0.1453287197231834,0.7,0.24068767908309455,60
extra_trees,anemia_class,hb_only,development_oof,copper_deficiency,0.0,0.0,0.0,28
extra_trees,anemia_class,hb_only,development_oof,folate_deficiency_anemia,0.0,0.0,0.0,40
extra_trees,anemia_class,hb_only,development_oof,folate_deficiency_no_anemia,0.0,0.0,0.0,32
extra_trees,anemia_class,hb_only,development_oof,inflammation_anemia,0.0,0.0,0.0,52
extra_trees,anemia_class,hb_only,development_oof,iron_deficiency_anemia,0.22962962962962963,0.33695652173913043,0.27312775330396477,92
extra_trees,anemia_class,hb_only,development_oof,latent_deficiency,0.0,0.0,0.0,68
extra_trees,anemia_class,hb_only,development_oof,mixed_deficiency,0.0,0.0,0.0,92
extra_trees,anemia_class,hb_only,development_oof,no_anemia_no_deficiency,0.34274193548387094,0.9659090909090909,0.5059523809523809,88
extra_trees,anemia_class,no_iron,development_oof,B12_deficiency_anemia,0.7586206896551724,0.8461538461538461,0.8,52
extra_trees,anemia_class,no_iron,development_oof,B12_deficiency_no_anemia,0.8974358974358975,0.875,0.8860759493670886,40
extra_trees,anemia_class,no_iron,development_oof,B6_deficiency,0.7857142857142857,0.7857142857142857,0.7857142857142857,28
extra_trees,anemia_class,no_iron,development_oof,anemia_other,0.7012987012987013,0.9,0.7883211678832117,60
extra_trees,anemia_class,no_iron,development_oof,copper_deficiency,0.9166666666666666,0.7857142857142857,0.8461538461538461,28
extra_trees,anemia_class,no_iron,development_oof,folate_deficiency_anemia,0.7368421052631579,0.7,0.717948717948718,40
extra_trees,anemia_class,no_iron,development_oof,folate_deficiency_no_anemia,0.84,0.65625,0.7368421052631579,32
extra_trees,anemia_class,no_iron,development_oof,inflammation_anemia,1.0,0.8076923076923077,0.8936170212765957,52
extra_trees,anemia_class,no_iron,development_oof,iron_deficiency_anemia,0.7755102040816326,0.8260869565217391,0.8,92
extra_trees,anemia_class,no_iron,development_oof,latent_deficiency,1.0,0.11764705882352941,0.21052631578947367,68
extra_trees,anemia_class,no_iron,development_oof,mixed_deficiency,0.8656716417910447,0.6304347826086957,0.7295597484276729,92
extra_trees,anemia_class,no_iron,development_oof,no_anemia_no_deficiency,0.5178571428571429,0.9886363636363636,0.6796875,88
extra_trees,anemia_class,no_B12,development_oof,B12_deficiency_anemia,0.9333333333333333,0.8076923076923077,0.865979381443299,52
extra_trees,anemia_class,no_B12,development_oof,B12_deficiency_no_anemia,1.0,0.025,0.04878048780487805,40
extra_trees,anemia_class,no_B12,development_oof,B6_deficiency,0.9545454545454546,0.75,0.84,28
extra_trees,anemia_class,no_B12,development_oof,anemia_other,0.7733333333333333,0.9666666666666667,0.8592592592592593,60
extra_trees,anemia_class,no_B12,development_oof,copper_deficiency,0.9565217391304348,0.7857142857142857,0.8627450980392157,28
extra_trees,anemia_class,no_B12,development_oof,folate_deficiency_anemia,0.5918367346938775,0.725,0.651685393258427,40
extra_trees,anemia_class,no_B12,development_oof,folate_deficiency_no_anemia,0.6129032258064516,0.59375,0.6031746031746031,32
extra_trees,anemia_class,no_B12,development_oof,inflammation_anemia,0.9811320754716981,1.0,0.9904761904761905,52
extra_trees,anemia_class,no_B12,development_oof,iron_deficiency_anemia,0.6956521739130435,0.8695652173913043,0.7729468599033816,92
extra_trees,anemia_class,no_B12,development_oof,latent_deficiency,0.9264705882352942,0.9264705882352942,0.9264705882352942,68
extra_trees,anemia_class,no_B12,development_oof,mixed_deficiency,0.8461538461538461,0.4782608695652174,0.6111111111111112,92
extra_trees,anemia_class,no_B12,development_oof,no_anemia_no_deficiency,0.6304347826086957,0.9886363636363636,0.7699115044247787,88
extra_trees,anemia_class,no_folate,development_oof,B12_deficiency_anemia,0.6172839506172839,0.9615384615384616,0.7518796992481203,52
extra_trees,anemia_class,no_folate,development_oof,B12_deficiency_no_anemia,1.0,0.775,0.8732394366197183,40
extra_trees,anemia_class,no_folate,development_oof,B6_deficiency,1.0,0.75,0.8571428571428571,28
extra_trees,anemia_class,no_folate,development_oof,anemia_other,0.7631578947368421,0.9666666666666667,0.8529411764705882,60
extra_trees,anemia_class,no_folate,development_oof,copper_deficiency,0.9545454545454546,0.75,0.84,28
extra_trees,anemia_class,no_folate,development_oof,folate_deficiency_anemia,0.8636363636363636,0.475,0.6129032258064516,40
extra_trees,anemia_class,no_folate,development_oof,folate_deficiency_no_anemia,0.6,0.09375,0.16216216216216217,32
extra_trees,anemia_class,no_folate,development_oof,inflammation_anemia,0.9629629629629629,1.0,0.9811320754716981,52
extra_trees,anemia_class,no_folate,development_oof,iron_deficiency_anemia,0.75,0.8804347826086957,0.81,92
extra_trees,anemia_class,no_folate,development_oof,latent_deficiency,0.9264705882352942,0.9264705882352942,0.9264705882352942,68
extra_trees,anemia_class,no_folate,development_oof,mixed_deficiency,0.8846153846153846,0.5,0.6388888888888888,92
extra_trees,anemia_class,no_folate,development_oof,no_anemia_no_deficiency,0.6666666666666666,1.0,0.8,88
extra_trees,anemia_class,no_B6,development_oof,B12_deficiency_anemia,0.8518518518518519,0.8846153846153846,0.8679245283018868,52
extra_trees,anemia_class,no_B6,development_oof,B12_deficiency_no_anemia,0.9459459459459459,0.875,0.9090909090909091,40
extra_trees,anemia_class,no_B6,development_oof,B6_deficiency,1.0,0.03571428571428571,0.06896551724137931,28
extra_trees,anemia_class,no_B6,development_oof,anemia_other,0.725,0.9666666666666667,0.8285714285714286,60
extra_trees,anemia_class,no_B6,development_oof,copper_deficiency,0.9545454545454546,0.75,0.84,28
extra_trees,anemia_class,no_B6,development_oof,folate_deficiency_anemia,0.8333333333333334,0.75,0.7894736842105263,40
extra_trees,anemia_class,no_B6,development_oof,folate_deficiency_no_anemia,0.8076923076923077,0.65625,0.7241379310344828,32
extra_trees,anemia_class,no_B6,development_oof,inflammation_anemia,0.9811320754716981,1.0,0.9904761904761905,52
extra_trees,anemia_class,no_B6,development_oof,iron_deficiency_anemia,0.8333333333333334,0.8695652173913043,0.851063829787234,92
extra_trees,anemia_class,no_B6,development_oof,latent_deficiency,0.9,0.9264705882352942,0.9130434782608695,68
extra_trees,anemia_class,no_B6,development_oof,mixed_deficiency,0.8888888888888888,0.782608695652174,0.8323699421965318,92
extra_trees,anemia_class,no_B6,development_oof,no_anemia_no_deficiency,0.75,0.9886363636363636,0.8529411764705882,88
extra_trees,anemia_class,no_copper,development_oof,B12_deficiency_anemia,0.8679245283018868,0.8846153846153846,0.8761904761904762,52
extra_trees,anemia_class,no_copper,development_oof,B12_deficiency_no_anemia,0.9210526315789473,0.875,0.8974358974358975,40
extra_trees,anemia_class,no_copper,development_oof,B6_deficiency,1.0,0.7857142857142857,0.88,28
extra_trees,anemia_class,no_copper,development_oof,anemia_other,0.7341772151898734,0.9666666666666667,0.8345323741007195,60
extra_trees,anemia_class,no_copper,development_oof,copper_deficiency,0.0,0.0,0.0,28
extra_trees,anemia_class,no_copper,development_oof,folate_deficiency_anemia,0.7317073170731707,0.75,0.7407407407407407,40
extra_trees,anemia_class,no_copper,development_oof,folate_deficiency_no_anemia,0.7777777777777778,0.65625,0.711864406779661,32
extra_trees,anemia_class,no_copper,development_oof,inflammation_anemia,0.9811320754716981,1.0,0.9904761904761905,52
extra_trees,anemia_class,no_copper,development_oof,iron_deficiency_anemia,0.8421052631578947,0.8695652173913043,0.8556149732620321,92
extra_trees,anemia_class,no_copper,development_oof,latent_deficiency,0.9264705882352942,0.9264705882352942,0.9264705882352942,68
extra_trees,anemia_class,no_copper,development_oof,mixed_deficiency,0.8902439024390244,0.7934782608695652,0.8390804597701149,92
extra_trees,anemia_class,no_copper,development_oof,no_anemia_no_deficiency,0.7631578947368421,0.9886363636363636,0.8613861386138614,88
extra_trees,anemia_class,no_hemoglobin,development_oof,B12_deficiency_anemia,0.8135593220338984,0.9230769230769231,0.8648648648648649,52
extra_trees,anemia_class,no_hemoglobin,development_oof,B12_deficiency_no_anemia,1.0,0.725,0.8405797101449275,40
extra_trees,anemia_class,no_hemoglobin,development_oof,B6_deficiency,0.8846153846153846,0.8214285714285714,0.8518518518518519,28
extra_trees,anemia_class,no_hemoglobin,development_oof,anemia_other,0.5576923076923077,0.9666666666666667,0.7073170731707317,60
extra_trees,anemia_class,no_hemoglobin,development_oof,copper_deficiency,0.8888888888888888,0.8571428571428571,0.8727272727272727,28
extra_trees,anemia_class,no_hemoglobin,development_oof,folate_deficiency_anemia,0.673469387755102,0.825,0.7415730337078652,40
extra_trees,anemia_class,no_hemoglobin,development_oof,folate_deficiency_no_anemia,0.9090909090909091,0.3125,0.46511627906976744,32
extra_trees,anemia_class,no_hemoglobin,development_oof,inflammation_anemia,0.9629629629629629,1.0,0.9811320754716981,52
extra_trees,anemia_class,no_hemoglobin,development_oof,iron_deficiency_anemia,0.664,0.9021739130434783,0.7649769585253456,92
extra_trees,anemia_class,no_hemoglobin,development_oof,latent_deficiency,0.975,0.5735294117647058,0.7222222222222222,68
extra_trees,anemia_class,no_hemoglobin,development_oof,mixed_deficiency,0.9012345679012346,0.7934782608695652,0.8439306358381503,92
extra_trees,anemia_class,no_hemoglobin,development_oof,no_anemia_no_deficiency,0.9104477611940298,0.6931818181818182,0.7870967741935484,88
extra_trees,anemia_class,no_demographics,development_oof,B12_deficiency_anemia,0.8653846153846154,0.8653846153846154,0.8653846153846154,52
extra_trees,anemia_class,no_demographics,development_oof,B12_deficiency_no_anemia,0.9459459459459459,0.875,0.9090909090909091,40
extra_trees,anemia_class,no_demographics,development_oof,B6_deficiency,1.0,0.7857142857142857,0.88,28
extra_trees,anemia_class,no_demographics,development_oof,anemia_other,0.8285714285714286,0.9666666666666667,0.8923076923076924,60
extra_trees,anemia_class,no_demographics,development_oof,copper_deficiency,0.9545454545454546,0.75,0.84,28
extra_trees,anemia_class,no_demographics,development_oof,folate_deficiency_anemia,0.8285714285714286,0.725,0.7733333333333333,40
extra_trees,anemia_class,no_demographics,development_oof,folate_deficiency_no_anemia,0.84,0.65625,0.7368421052631579,32
extra_trees,anemia_class,no_demographics,development_oof,inflammation_anemia,0.9811320754716981,1.0,0.9904761904761905,52
extra_trees,anemia_class,no_demographics,development_oof,iron_deficiency_anemia,0.8494623655913979,0.8586956521739131,0.8540540540540541,92
extra_trees,anemia_class,no_demographics,development_oof,latent_deficiency,0.9264705882352942,0.9264705882352942,0.9264705882352942,68
extra_trees,anemia_class,no_demographics,development_oof,mixed_deficiency,0.8690476190476191,0.7934782608695652,0.8295454545454546,92
extra_trees,anemia_class,no_demographics,development_oof,no_anemia_no_deficiency,0.7837837837837838,0.9886363636363636,0.8743718592964824,88
extra_trees,iron_deficiency,available,development_oof,0,0.977728285077951,1.0,0.9887387387387387,439
extra_trees,iron_deficiency,available,development_oof,1,1.0,0.9570815450643777,0.9780701754385965,233
extra_trees,iron_deficiency,drop30,development_oof,0,0.9399141630901288,0.9977220956719818,0.9679558011049724,439
extra_trees,iron_deficiency,drop30,development_oof,1,0.9951456310679612,0.8798283261802575,0.9339407744874715,233
extra_trees,iron_deficiency,drop60,development_oof,0,0.8426103646833013,1.0,0.9145833333333333,439
extra_trees,iron_deficiency,drop60,development_oof,1,1.0,0.648068669527897,0.7864583333333334,233
extra_trees,iron_deficiency,cbc_only,development_oof,0,0.6811819595645412,0.9977220956719818,0.8096118299445472,439
extra_trees,iron_deficiency,cbc_only,development_oof,1,0.9655172413793104,0.12017167381974249,0.21374045801526717,233
extra_trees,iron_deficiency,hb_only,development_oof,0,0.6532738095238095,1.0,0.7902790279027903,439
extra_trees,iron_deficiency,hb_only,development_oof,1,0.0,0.0,0.0,233
extra_trees,iron_deficiency,no_iron,development_oof,0,0.6738461538461539,0.9977220956719818,0.8044077134986226,439
extra_trees,iron_deficiency,no_iron,development_oof,1,0.9545454545454546,0.09012875536480687,0.16470588235294117,233
extra_trees,iron_deficiency,no_B12,development_oof,0,0.9799107142857143,1.0,0.9898534385569335,439
extra_trees,iron_deficiency,no_B12,development_oof,1,1.0,0.9613733905579399,0.9803063457330415,233
extra_trees,iron_deficiency,no_folate,development_oof,0,0.977728285077951,1.0,0.9887387387387387,439
extra_trees,iron_deficiency,no_folate,development_oof,1,1.0,0.9570815450643777,0.9780701754385965,233
extra_trees,iron_deficiency,no_B6,development_oof,0,0.977728285077951,1.0,0.9887387387387387,439
extra_trees,iron_deficiency,no_B6,development_oof,1,1.0,0.9570815450643777,0.9780701754385965,233
extra_trees,iron_deficiency,no_copper,development_oof,0,0.977728285077951,1.0,0.9887387387387387,439
extra_trees,iron_deficiency,no_copper,development_oof,1,1.0,0.9570815450643777,0.9780701754385965,233
extra_trees,iron_deficiency,no_hemoglobin,development_oof,0,0.977728285077951,1.0,0.9887387387387387,439
extra_trees,iron_deficiency,no_hemoglobin,development_oof,1,1.0,0.9570815450643777,0.9780701754385965,233
extra_trees,iron_deficiency,no_demographics,development_oof,0,0.977728285077951,1.0,0.9887387387387387,439
extra_trees,iron_deficiency,no_demographics,development_oof,1,1.0,0.9570815450643777,0.9780701754385965,233
extra_trees,B12_deficiency,available,development_oof,0,0.9903288201160542,0.9903288201160542,0.9903288201160542,517
extra_trees,B12_deficiency,available,development_oof,1,0.967741935483871,0.967741935483871,0.967741935483871,155
extra_trees,B12_deficiency,drop30,development_oof,0,0.9396709323583181,0.9941972920696325,0.9661654135338346,517
extra_trees,B12_deficiency,drop30,development_oof,1,0.976,0.7870967741935484,0.8714285714285714,155
extra_trees,B12_deficiency,drop60,development_oof,0,0.879045996592845,0.9980657640232108,0.9347826086956522,517
extra_trees,B12_deficiency,drop60,development_oof,1,0.9882352941176471,0.5419354838709678,0.7,155
extra_trees,B12_deficiency,cbc_only,development_oof,0,0.7693452380952381,1.0,0.8696383515559294,517
extra_trees,B12_deficiency,cbc_only,development_oof,1,0.0,0.0,0.0,155
extra_trees,B12_deficiency,hb_only,development_oof,0,0.7693452380952381,1.0,0.8696383515559294,517
extra_trees,B12_deficiency,hb_only,development_oof,1,0.0,0.0,0.0,155
extra_trees,B12_deficiency,no_iron,development_oof,0,0.9922480620155039,0.9903288201160542,0.9912875121006777,517
extra_trees,B12_deficiency,no_iron,development_oof,1,0.967948717948718,0.9741935483870968,0.9710610932475884,155
extra_trees,B12_deficiency,no_B12,development_oof,0,0.8352180936995154,1.0,0.9102112676056338,517
extra_trees,B12_deficiency,no_B12,development_oof,1,1.0,0.3419354838709677,0.5096153846153846,155
extra_trees,B12_deficiency,no_folate,development_oof,0,0.9846449136276392,0.9922630560928434,0.9884393063583815,517
extra_trees,B12_deficiency,no_folate,development_oof,1,0.9735099337748344,0.9483870967741935,0.9607843137254902,155
extra_trees,B12_deficiency,no_B6,development_oof,0,0.9903288201160542,0.9903288201160542,0.9903288201160542,517
extra_trees,B12_deficiency,no_B6,development_oof,1,0.967741935483871,0.967741935483871,0.967741935483871,155
extra_trees,B12_deficiency,no_copper,development_oof,0,0.9903288201160542,0.9903288201160542,0.9903288201160542,517
extra_trees,B12_deficiency,no_copper,development_oof,1,0.967741935483871,0.967741935483871,0.967741935483871,155
extra_trees,B12_deficiency,no_hemoglobin,development_oof,0,0.9903288201160542,0.9903288201160542,0.9903288201160542,517
extra_trees,B12_deficiency,no_hemoglobin,development_oof,1,0.967741935483871,0.967741935483871,0.967741935483871,155
extra_trees,B12_deficiency,no_demographics,development_oof,0,0.9903288201160542,0.9903288201160542,0.9903288201160542,517
extra_trees,B12_deficiency,no_demographics,development_oof,1,0.967741935483871,0.967741935483871,0.967741935483871,155
extra_trees,folate_deficiency,available,development_oof,0,0.9413793103448276,0.9891304347826086,0.9646643109540636,552
extra_trees,folate_deficiency,available,development_oof,1,0.9347826086956522,0.7166666666666667,0.8113207547169812,120
extra_trees,folate_deficiency,drop30,development_oof,0,0.90311986863711,0.9963768115942029,0.9474590869939707,552
extra_trees,folate_deficiency,drop30,development_oof,1,0.9682539682539683,0.5083333333333333,0.6666666666666666,120
extra_trees,folate_deficiency,drop60,development_oof,0,0.8690851735015773,0.9981884057971014,0.9291736930860034,552
extra_trees,folate_deficiency,drop60,development_oof,1,0.9736842105263158,0.30833333333333335,0.46835443037974683,120
extra_trees,folate_deficiency,cbc_only,development_oof,0,0.8412698412698413,0.9601449275362319,0.8967851099830795,552
extra_trees,folate_deficiency,cbc_only,development_oof,1,0.47619047619047616,0.16666666666666666,0.24691358024691357,120
extra_trees,folate_deficiency,hb_only,development_oof,0,0.8214285714285714,1.0,0.9019607843137255,552
extra_trees,folate_deficiency,hb_only,development_oof,1,0.0,0.0,0.0,120
extra_trees,folate_deficiency,no_iron,development_oof,0,0.9352640545144804,0.9945652173913043,0.9640035118525022,552
extra_trees,folate_deficiency,no_iron,development_oof,1,0.9647058823529412,0.6833333333333333,0.8,120
extra_trees,folate_deficiency,no_B12,development_oof,0,0.9392361111111112,0.980072463768116,0.9592198581560284,552
extra_trees,folate_deficiency,no_B12,development_oof,1,0.8854166666666666,0.7083333333333334,0.7870370370370371,120
extra_trees,folate_deficiency,no_folate,development_oof,0,0.8265460030165912,0.9927536231884058,0.9020576131687242,552
extra_trees,folate_deficiency,no_folate,development_oof,1,0.5555555555555556,0.041666666666666664,0.07751937984496124,120
extra_trees,folate_deficiency,no_B6,development_oof,0,0.9430051813471503,0.9891304347826086,0.9655172413793104,552
extra_trees,folate_deficiency,no_B6,development_oof,1,0.9354838709677419,0.725,0.8169014084507042,120
extra_trees,folate_deficiency,no_copper,development_oof,0,0.9447322970639033,0.9909420289855072,0.9672855879752431,552
extra_trees,folate_deficiency,no_copper,development_oof,1,0.946236559139785,0.7333333333333333,0.8262910798122066,120
extra_trees,folate_deficiency,no_hemoglobin,development_oof,0,0.9413793103448276,0.9891304347826086,0.9646643109540636,552
extra_trees,folate_deficiency,no_hemoglobin,development_oof,1,0.9347826086956522,0.7166666666666667,0.8113207547169812,120
extra_trees,folate_deficiency,no_demographics,development_oof,0,0.9382504288164666,0.9909420289855072,0.9638766519823788,552
extra_trees,folate_deficiency,no_demographics,development_oof,1,0.9438202247191011,0.7,0.8038277511961722,120
extra_trees,B6_deficiency,available,development_oof,0,0.989247311827957,1.0,0.9945945945945946,644
extra_trees,B6_deficiency,available,development_oof,1,1.0,0.75,0.8571428571428571,28
extra_trees,B6_deficiency,drop30,development_oof,0,0.9772382397572079,1.0,0.9884881043745203,644
extra_trees,B6_deficiency,drop30,development_oof,1,1.0,0.4642857142857143,0.6341463414634146,28
extra_trees,B6_deficiency,drop60,development_oof,0,0.9698340874811463,0.9984472049689441,0.9839326702371843,644
extra_trees,B6_deficiency,drop60,development_oof,1,0.8888888888888888,0.2857142857142857,0.43243243243243246,28
extra_trees,B6_deficiency,cbc_only,development_oof,0,0.9583333333333334,1.0,0.9787234042553191,644
extra_trees,B6_deficiency,cbc_only,development_oof,1,0.0,0.0,0.0,28
extra_trees,B6_deficiency,hb_only,development_oof,0,0.9583333333333334,1.0,0.9787234042553191,644
extra_trees,B6_deficiency,hb_only,development_oof,1,0.0,0.0,0.0,28
extra_trees,B6_deficiency,no_iron,development_oof,0,0.990726429675425,0.9953416149068323,0.9930286599535244,644
extra_trees,B6_deficiency,no_iron,development_oof,1,0.88,0.7857142857142857,0.8301886792452831,28
extra_trees,B6_deficiency,no_B12,development_oof,0,0.989247311827957,1.0,0.9945945945945946,644
extra_trees,B6_deficiency,no_B12,development_oof,1,1.0,0.75,0.8571428571428571,28
extra_trees,B6_deficiency,no_folate,development_oof,0,0.989247311827957,1.0,0.9945945945945946,644
extra_trees,B6_deficiency,no_folate,development_oof,1,1.0,0.75,0.8571428571428571,28
extra_trees,B6_deficiency,no_B6,development_oof,0,0.9583333333333334,1.0,0.9787234042553191,644
extra_trees,B6_deficiency,no_B6,development_oof,1,0.0,0.0,0.0,28
extra_trees,B6_deficiency,no_copper,development_oof,0,0.989247311827957,1.0,0.9945945945945946,644
extra_trees,B6_deficiency,no_copper,development_oof,1,1.0,0.75,0.8571428571428571,28
extra_trees,B6_deficiency,no_hemoglobin,development_oof,0,0.989247311827957,1.0,0.9945945945945946,644
extra_trees,B6_deficiency,no_hemoglobin,development_oof,1,1.0,0.75,0.8571428571428571,28
extra_trees,B6_deficiency,no_demographics,development_oof,0,0.989247311827957,1.0,0.9945945945945946,644
extra_trees,B6_deficiency,no_demographics,development_oof,1,1.0,0.75,0.8571428571428571,28
extra_trees,copper_deficiency,available,development_oof,0,0.9907550077041603,0.9984472049689441,0.9945862335653519,644
extra_trees,copper_deficiency,available,development_oof,1,0.9565217391304348,0.7857142857142857,0.8627450980392157,28
extra_trees,copper_deficiency,drop30,development_oof,0,0.9787234042553191,1.0,0.989247311827957,644
extra_trees,copper_deficiency,drop30,development_oof,1,1.0,0.5,0.6666666666666666,28
extra_trees,copper_deficiency,drop60,development_oof,0,0.9626307922272048,1.0,0.9809596344249809,644
extra_trees,copper_deficiency,drop60,development_oof,1,1.0,0.10714285714285714,0.1935483870967742,28
extra_trees,copper_deficiency,cbc_only,development_oof,0,0.9583333333333334,1.0,0.9787234042553191,644
extra_trees,copper_deficiency,cbc_only,development_oof,1,0.0,0.0,0.0,28
extra_trees,copper_deficiency,hb_only,development_oof,0,0.9583333333333334,1.0,0.9787234042553191,644
extra_trees,copper_deficiency,hb_only,development_oof,1,0.0,0.0,0.0,28
extra_trees,copper_deficiency,no_iron,development_oof,0,0.989247311827957,1.0,0.9945945945945946,644
extra_trees,copper_deficiency,no_iron,development_oof,1,1.0,0.75,0.8571428571428571,28
extra_trees,copper_deficiency,no_B12,development_oof,0,0.9907550077041603,0.9984472049689441,0.9945862335653519,644
extra_trees,copper_deficiency,no_B12,development_oof,1,0.9565217391304348,0.7857142857142857,0.8627450980392157,28
extra_trees,copper_deficiency,no_folate,development_oof,0,0.9922839506172839,0.9984472049689441,0.9953560371517027,644
extra_trees,copper_deficiency,no_folate,development_oof,1,0.9583333333333334,0.8214285714285714,0.8846153846153846,28
extra_trees,copper_deficiency,no_B6,development_oof,0,0.9907550077041603,0.9984472049689441,0.9945862335653519,644
extra_trees,copper_deficiency,no_B6,development_oof,1,0.9565217391304348,0.7857142857142857,0.8627450980392157,28
extra_trees,copper_deficiency,no_copper,development_oof,0,0.9583333333333334,1.0,0.9787234042553191,644
extra_trees,copper_deficiency,no_copper,development_oof,1,0.0,0.0,0.0,28
extra_trees,copper_deficiency,no_hemoglobin,development_oof,0,0.9907550077041603,0.9984472049689441,0.9945862335653519,644
extra_trees,copper_deficiency,no_hemoglobin,development_oof,1,0.9565217391304348,0.7857142857142857,0.8627450980392157,28
extra_trees,copper_deficiency,no_demographics,development_oof,0,0.9907550077041603,0.9984472049689441,0.9945862335653519,644
extra_trees,copper_deficiency,no_demographics,development_oof,1,0.9565217391304348,0.7857142857142857,0.8627450980392157,28
extra_trees,inflammation_anemia,available,development_oof,0,0.992,1.0,0.9959839357429718,620
extra_trees,inflammation_anemia,available,development_oof,1,1.0,0.9038461538461539,0.9494949494949495,52
extra_trees,inflammation_anemia,drop30,development_oof,0,0.9733124018838305,1.0,0.9864757358790772,620
extra_trees,inflammation_anemia,drop30,development_oof,1,1.0,0.6730769230769231,0.8045977011494253,52
extra_trees,inflammation_anemia,drop60,development_oof,0,0.9553158705701078,1.0,0.9771473601260835,620
extra_trees,inflammation_anemia,drop60,development_oof,1,1.0,0.4423076923076923,0.6133333333333333,52
extra_trees,inflammation_anemia,cbc_only,development_oof,0,0.9226190476190477,1.0,0.9597523219814241,620
extra_trees,inflammation_anemia,cbc_only,development_oof,1,0.0,0.0,0.0,52
extra_trees,inflammation_anemia,hb_only,development_oof,0,0.9226190476190477,1.0,0.9597523219814241,620
extra_trees,inflammation_anemia,hb_only,development_oof,1,0.0,0.0,0.0,52
extra_trees,inflammation_anemia,no_iron,development_oof,0,0.9763779527559056,1.0,0.9880478087649402,620
extra_trees,inflammation_anemia,no_iron,development_oof,1,1.0,0.7115384615384616,0.8314606741573034,52
extra_trees,inflammation_anemia,no_B12,development_oof,0,0.992,1.0,0.9959839357429718,620
extra_trees,inflammation_anemia,no_B12,development_oof,1,1.0,0.9038461538461539,0.9494949494949495,52
extra_trees,inflammation_anemia,no_folate,development_oof,0,0.992,1.0,0.9959839357429718,620
extra_trees,inflammation_anemia,no_folate,development_oof,1,1.0,0.9038461538461539,0.9494949494949495,52
extra_trees,inflammation_anemia,no_B6,development_oof,0,0.992,1.0,0.9959839357429718,620
extra_trees,inflammation_anemia,no_B6,development_oof,1,1.0,0.9038461538461539,0.9494949494949495,52
extra_trees,inflammation_anemia,no_copper,development_oof,0,0.992,1.0,0.9959839357429718,620
extra_trees,inflammation_anemia,no_copper,development_oof,1,1.0,0.9038461538461539,0.9494949494949495,52
extra_trees,inflammation_anemia,no_hemoglobin,development_oof,0,0.992,1.0,0.9959839357429718,620
extra_trees,inflammation_anemia,no_hemoglobin,development_oof,1,1.0,0.9038461538461539,0.9494949494949495,52
extra_trees,inflammation_anemia,no_demographics,development_oof,0,0.992,1.0,0.9959839357429718,620
extra_trees,inflammation_anemia,no_demographics,development_oof,1,1.0,0.9038461538461539,0.9494949494949495,52
catboost,anemia_class,available,development_oof,B12_deficiency_anemia,0.7636363636363637,0.8076923076923077,0.7850467289719626,52
catboost,anemia_class,available,development_oof,B12_deficiency_no_anemia,0.8461538461538461,0.825,0.8354430379746836,40
catboost,anemia_class,available,development_oof,B6_deficiency,0.8823529411764706,0.5357142857142857,0.6666666666666666,28
catboost,anemia_class,available,development_oof,anemia_other,0.7971014492753623,0.9166666666666666,0.8527131782945736,60
catboost,anemia_class,available,development_oof,copper_deficiency,0.95,0.6785714285714286,0.7916666666666666,28
catboost,anemia_class,available,development_oof,folate_deficiency_anemia,0.62,0.775,0.6888888888888889,40
catboost,anemia_class,available,development_oof,folate_deficiency_no_anemia,0.7272727272727273,0.5,0.5925925925925926,32
catboost,anemia_class,available,development_oof,inflammation_anemia,0.9411764705882353,0.9230769230769231,0.9320388349514563,52
catboost,anemia_class,available,development_oof,iron_deficiency_anemia,0.845360824742268,0.8913043478260869,0.8677248677248677,92
catboost,anemia_class,available,development_oof,latent_deficiency,0.8970588235294118,0.8970588235294118,0.8970588235294118,68
catboost,anemia_class,available,development_oof,mixed_deficiency,0.8666666666666667,0.7065217391304348,0.7784431137724551,92
catboost,anemia_class,available,development_oof,no_anemia_no_deficiency,0.7706422018348624,0.9545454545454546,0.8527918781725888,88
catboost,anemia_class,drop30,development_oof,B12_deficiency_anemia,0.7105263157894737,0.5192307692307693,0.6,52
catboost,anemia_class,drop30,development_oof,B12_deficiency_no_anemia,0.8260869565217391,0.475,0.6031746031746031,40
catboost,anemia_class,drop30,development_oof,B6_deficiency,0.8,0.42857142857142855,0.5581395348837209,28
catboost,anemia_class,drop30,development_oof,anemia_other,0.39669421487603307,0.8,0.5303867403314917,60
catboost,anemia_class,drop30,development_oof,copper_deficiency,0.625,0.5357142857142857,0.5769230769230769,28
catboost,anemia_class,drop30,development_oof,folate_deficiency_anemia,0.5,0.375,0.42857142857142855,40
catboost,anemia_class,drop30,development_oof,folate_deficiency_no_anemia,0.5555555555555556,0.15625,0.24390243902439024,32
catboost,anemia_class,drop30,development_oof,inflammation_anemia,0.8409090909090909,0.7115384615384616,0.7708333333333334,52
catboost,anemia_class,drop30,development_oof,iron_deficiency_anemia,0.4880952380952381,0.8913043478260869,0.6307692307692307,92
catboost,anemia_class,drop30,development_oof,latent_deficiency,0.8333333333333334,0.5147058823529411,0.6363636363636364,68
catboost,anemia_class,drop30,development_oof,mixed_deficiency,0.6153846153846154,0.43478260869565216,0.5095541401273885,92
catboost,anemia_class,drop30,development_oof,no_anemia_no_deficiency,0.6021505376344086,0.6363636363636364,0.6187845303867403,88
catboost,anemia_class,drop60,development_oof,B12_deficiency_anemia,0.5,0.15384615384615385,0.23529411764705882,52
catboost,anemia_class,drop60,development_oof,B12_deficiency_no_anemia,0.8571428571428571,0.15,0.2553191489361702,40
catboost,anemia_class,drop60,development_oof,B6_deficiency,0.23076923076923078,0.21428571428571427,0.2222222222222222,28
catboost,anemia_class,drop60,development_oof,anemia_other,0.24581005586592178,0.7333333333333333,0.3682008368200837,60
catboost,anemia_class,drop60,development_oof,copper_deficiency,0.5294117647058824,0.32142857142857145,0.4,28
catboost,anemia_class,drop60,development_oof,folate_deficiency_anemia,0.3333333333333333,0.075,0.12244897959183673,40
catboost,anemia_class,drop60,development_oof,folate_deficiency_no_anemia,0.3333333333333333,0.0625,0.10526315789473684,32
catboost,anemia_class,drop60,development_oof,inflammation_anemia,0.8787878787878788,0.5576923076923077,0.6823529411764706,52
catboost,anemia_class,drop60,development_oof,iron_deficiency_anemia,0.3115942028985507,0.9347826086956522,0.4673913043478261,92
catboost,anemia_class,drop60,development_oof,latent_deficiency,0.8947368421052632,0.25,0.39080459770114945,68
catboost,anemia_class,drop60,development_oof,mixed_deficiency,0.42857142857142855,0.16304347826086957,0.23622047244094488,92
catboost,anemia_class,drop60,development_oof,no_anemia_no_deficiency,0.6530612244897959,0.36363636363636365,0.46715328467153283,88
catboost,anemia_class,cbc_only,development_oof,B12_deficiency_anemia,0.37037037037037035,0.38461538461538464,0.37735849056603776,52
catboost,anemia_class,cbc_only,development_oof,B12_deficiency_no_anemia,0.3,0.075,0.12,40
catboost,anemia_class,cbc_only,development_oof,B6_deficiency,0.5,0.07142857142857142,0.125,28
catboost,anemia_class,cbc_only,development_oof,anemia_other,0.44680851063829785,0.7,0.5454545454545454,60
catboost,anemia_class,cbc_only,development_oof,copper_deficiency,0.0,0.0,0.0,28
catboost,anemia_class,cbc_only,development_oof,folate_deficiency_anemia,0.3541666666666667,0.425,0.38636363636363635,40
catboost,anemia_class,cbc_only,development_oof,folate_deficiency_no_anemia,0.17391304347826086,0.125,0.14545454545454545,32
catboost,anemia_class,cbc_only,development_oof,inflammation_anemia,0.0,0.0,0.0,52
catboost,anemia_class,cbc_only,development_oof,iron_deficiency_anemia,0.42780748663101603,0.8695652173913043,0.5734767025089605,92
catboost,anemia_class,cbc_only,development_oof,latent_deficiency,0.7391304347826086,0.5,0.5964912280701754,68
catboost,anemia_class,cbc_only,development_oof,mixed_deficiency,0.5862068965517241,0.18478260869565216,0.2809917355371901,92
catboost,anemia_class,cbc_only,development_oof,no_anemia_no_deficiency,0.4915254237288136,0.9886363636363636,0.6566037735849056,88
catboost,anemia_class,hb_only,development_oof,B12_deficiency_anemia,0.0,0.0,0.0,52
catboost,anemia_class,hb_only,development_oof,B12_deficiency_no_anemia,0.0,0.0,0.0,40
catboost,anemia_class,hb_only,development_oof,B6_deficiency,0.06451612903225806,0.21428571428571427,0.09917355371900827,28
catboost,anemia_class,hb_only,development_oof,anemia_other,0.21428571428571427,0.05,0.08108108108108109,60
catboost,anemia_class,hb_only,development_oof,copper_deficiency,0.0,0.0,0.0,28
catboost,anemia_class,hb_only,development_oof,folate_deficiency_anemia,0.0,0.0,0.0,40
catboost,anemia_class,hb_only,development_oof,folate_deficiency_no_anemia,0.0,0.0,0.0,32
catboost,anemia_class,hb_only,development_oof,inflammation_anemia,0.0,0.0,0.0,52
catboost,anemia_class,hb_only,development_oof,iron_deficiency_anemia,0.21897810218978103,0.9782608695652174,0.35785288270377735,92
catboost,anemia_class,hb_only,development_oof,latent_deficiency,0.0,0.0,0.0,68
catboost,anemia_class,hb_only,development_oof,mixed_deficiency,0.0,0.0,0.0,92
catboost,anemia_class,hb_only,development_oof,no_anemia_no_deficiency,0.4928571428571429,0.7840909090909091,0.6052631578947368,88
catboost,anemia_class,no_iron,development_oof,B12_deficiency_anemia,0.7592592592592593,0.7884615384615384,0.7735849056603774,52
catboost,anemia_class,no_iron,development_oof,B12_deficiency_no_anemia,0.7727272727272727,0.85,0.8095238095238095,40
catboost,anemia_class,no_iron,development_oof,B6_deficiency,0.7,0.5,0.5833333333333334,28
catboost,anemia_class,no_iron,development_oof,anemia_other,0.8166666666666667,0.8166666666666667,0.8166666666666667,60
catboost,anemia_class,no_iron,development_oof,copper_deficiency,0.9,0.6428571428571429,0.75,28
catboost,anemia_class,no_iron,development_oof,folate_deficiency_anemia,0.65,0.65,0.65,40
catboost,anemia_class,no_iron,development_oof,folate_deficiency_no_anemia,0.7222222222222222,0.40625,0.52,32
catboost,anemia_class,no_iron,development_oof,inflammation_anemia,0.8823529411764706,0.8653846153846154,0.8737864077669902,52
catboost,anemia_class,no_iron,development_oof,iron_deficiency_anemia,0.7064220183486238,0.8369565217391305,0.7661691542288557,92
catboost,anemia_class,no_iron,development_oof,latent_deficiency,0.9375,0.4411764705882353,0.6,68
catboost,anemia_class,no_iron,development_oof,mixed_deficiency,0.7804878048780488,0.6956521739130435,0.735632183908046,92
catboost,anemia_class,no_iron,development_oof,no_anemia_no_deficiency,0.6056338028169014,0.9772727272727273,0.7478260869565218,88
catboost,anemia_class,no_B12,development_oof,B12_deficiency_anemia,0.75,0.75,0.75,52
catboost,anemia_class,no_B12,development_oof,B12_deficiency_no_anemia,0.6,0.075,0.13333333333333333,40
catboost,anemia_class,no_B12,development_oof,B6_deficiency,0.9333333333333333,0.5,0.6511627906976745,28
catboost,anemia_class,no_B12,development_oof,anemia_other,0.7432432432432432,0.9166666666666666,0.8208955223880597,60
catboost,anemia_class,no_B12,development_oof,copper_deficiency,0.9545454545454546,0.75,0.84,28
catboost,anemia_class,no_B12,development_oof,folate_deficiency_anemia,0.5833333333333334,0.7,0.6363636363636364,40
catboost,anemia_class,no_B12,development_oof,folate_deficiency_no_anemia,0.4827586206896552,0.4375,0.45901639344262296,32
catboost,anemia_class,no_B12,development_oof,inflammation_anemia,0.94,0.9038461538461539,0.9215686274509803,52
catboost,anemia_class,no_B12,development_oof,iron_deficiency_anemia,0.7321428571428571,0.8913043478260869,0.803921568627451,92
catboost,anemia_class,no_B12,development_oof,latent_deficiency,0.8840579710144928,0.8970588235294118,0.8905109489051095,68
catboost,anemia_class,no_B12,development_oof,mixed_deficiency,0.8166666666666667,0.532608695652174,0.6447368421052632,92
catboost,anemia_class,no_B12,development_oof,no_anemia_no_deficiency,0.6176470588235294,0.9545454545454546,0.75,88
catboost,anemia_class,no_folate,development_oof,B12_deficiency_anemia,0.6285714285714286,0.8461538461538461,0.7213114754098361,52
catboost,anemia_class,no_folate,development_oof,B12_deficiency_no_anemia,0.8666666666666667,0.65,0.7428571428571429,40
catboost,anemia_class,no_folate,development_oof,B6_deficiency,0.875,0.5,0.6363636363636364,28
catboost,anemia_class,no_folate,development_oof,anemia_other,0.7534246575342466,0.9166666666666666,0.8270676691729323,60
catboost,anemia_class,no_folate,development_oof,copper_deficiency,0.95,0.6785714285714286,0.7916666666666666,28
catboost,anemia_class,no_folate,development_oof,folate_deficiency_anemia,0.6756756756756757,0.625,0.6493506493506493,40
catboost,anemia_class,no_folate,development_oof,folate_deficiency_no_anemia,0.4,0.125,0.19047619047619047,32
catboost,anemia_class,no_folate,development_oof,inflammation_anemia,0.9411764705882353,0.9230769230769231,0.9320388349514563,52
catboost,anemia_class,no_folate,development_oof,iron_deficiency_anemia,0.7321428571428571,0.8913043478260869,0.803921568627451,92
catboost,anemia_class,no_folate,development_oof,latent_deficiency,0.9104477611940298,0.8970588235294118,0.9037037037037037,68
catboost,anemia_class,no_folate,development_oof,mixed_deficiency,0.8363636363636363,0.5,0.6258503401360545,92
catboost,anemia_class,no_folate,development_oof,no_anemia_no_deficiency,0.648854961832061,0.9659090909090909,0.776255707762557,88
catboost,anemia_class,no_B6,development_oof,B12_deficiency_anemia,0.7636363636363637,0.8076923076923077,0.7850467289719626,52
catboost,anemia_class,no_B6,development_oof,B12_deficiency_no_anemia,0.8461538461538461,0.825,0.8354430379746836,40
catboost,anemia_class,no_B6,development_oof,B6_deficiency,0.5,0.07142857142857142,0.125,28
catboost,anemia_class,no_B6,development_oof,anemia_other,0.7534246575342466,0.9166666666666666,0.8270676691729323,60
catboost,anemia_class,no_B6,development_oof,copper_deficiency,0.95,0.6785714285714286,0.7916666666666666,28
catboost,anemia_class,no_B6,development_oof,folate_deficiency_anemia,0.62,0.775,0.6888888888888889,40
catboost,anemia_class,no_B6,development_oof,folate_deficiency_no_anemia,0.7272727272727273,0.5,0.5925925925925926,32
catboost,anemia_class,no_B6,development_oof,inflammation_anemia,0.9230769230769231,0.9230769230769231,0.9230769230769231,52
catboost,anemia_class,no_B6,development_oof,iron_deficiency_anemia,0.8282828282828283,0.8913043478260869,0.8586387434554974,92
catboost,anemia_class,no_B6,development_oof,latent_deficiency,0.8472222222222222,0.8970588235294118,0.8714285714285714,68
catboost,anemia_class,no_B6,development_oof,mixed_deficiency,0.8666666666666667,0.7065217391304348,0.7784431137724551,92
catboost,anemia_class,no_B6,development_oof,no_anemia_no_deficiency,0.7567567567567568,0.9545454545454546,0.8442211055276382,88
catboost,anemia_class,no_copper,development_oof,B12_deficiency_anemia,0.7636363636363637,0.8076923076923077,0.7850467289719626,52
catboost,anemia_class,no_copper,development_oof,B12_deficiency_no_anemia,0.8048780487804879,0.825,0.8148148148148148,40
catboost,anemia_class,no_copper,development_oof,B6_deficiency,0.9411764705882353,0.5714285714285714,0.7111111111111111,28
catboost,anemia_class,no_copper,development_oof,anemia_other,0.7567567567567568,0.9333333333333333,0.835820895522388,60
catboost,anemia_class,no_copper,development_oof,copper_deficiency,1.0,0.03571428571428571,0.06896551724137931,28
catboost,anemia_class,no_copper,development_oof,folate_deficiency_anemia,0.5714285714285714,0.8,0.6666666666666666,40
catboost,anemia_class,no_copper,development_oof,folate_deficiency_no_anemia,0.64,0.5,0.5614035087719298,32
catboost,anemia_class,no_copper,development_oof,inflammation_anemia,0.96,0.9230769230769231,0.9411764705882353,52
catboost,anemia_class,no_copper,development_oof,iron_deficiency_anemia,0.82,0.8913043478260869,0.8541666666666666,92
catboost,anemia_class,no_copper,development_oof,latent_deficiency,0.8985507246376812,0.9117647058823529,0.9051094890510949,68
catboost,anemia_class,no_copper,development_oof,mixed_deficiency,0.8648648648648649,0.6956521739130435,0.7710843373493976,92
catboost,anemia_class,no_copper,development_oof,no_anemia_no_deficiency,0.7636363636363637,0.9545454545454546,0.8484848484848485,88
catboost,anemia_class,no_hemoglobin,development_oof,B12_deficiency_anemia,0.6774193548387096,0.8076923076923077,0.7368421052631579,52
catboost,anemia_class,no_hemoglobin,development_oof,B12_deficiency_no_anemia,0.85,0.425,0.5666666666666667,40
catboost,anemia_class,no_hemoglobin,development_oof,B6_deficiency,0.6153846153846154,0.5714285714285714,0.5925925925925926,28
catboost,anemia_class,no_hemoglobin,development_oof,anemia_other,0.38620689655172413,0.9333333333333333,0.5463414634146342,60
catboost,anemia_class,no_hemoglobin,development_oof,copper_deficiency,0.84,0.75,0.7924528301886793,28
catboost,anemia_class,no_hemoglobin,development_oof,folate_deficiency_anemia,0.43243243243243246,0.8,0.5614035087719298,40
catboost,anemia_class,no_hemoglobin,development_oof,folate_deficiency_no_anemia,0.5,0.03125,0.058823529411764705,32
catboost,anemia_class,no_hemoglobin,development_oof,inflammation_anemia,0.875,0.9423076923076923,0.9074074074074074,52
catboost,anemia_class,no_hemoglobin,development_oof,iron_deficiency_anemia,0.509090909090909,0.9130434782608695,0.6536964980544747,92
catboost,anemia_class,no_hemoglobin,development_oof,latent_deficiency,1.0,0.029411764705882353,0.05714285714285714,68
catboost,anemia_class,no_hemoglobin,development_oof,mixed_deficiency,0.8552631578947368,0.7065217391304348,0.7738095238095238,92
catboost,anemia_class,no_hemoglobin,development_oof,no_anemia_no_deficiency,0.8421052631578947,0.18181818181818182,0.29906542056074764,88
catboost,anemia_class,no_demographics,development_oof,B12_deficiency_anemia,0.7592592592592593,0.7884615384615384,0.7735849056603774,52
catboost,anemia_class,no_demographics,development_oof,B12_deficiency_no_anemia,0.8717948717948718,0.85,0.8607594936708861,40
catboost,anemia_class,no_demographics,development_oof,B6_deficiency,0.8823529411764706,0.5357142857142857,0.6666666666666666,28
catboost,anemia_class,no_demographics,development_oof,anemia_other,0.8088235294117647,0.9166666666666666,0.859375,60
catboost,anemia_class,no_demographics,development_oof,copper_deficiency,0.9473684210526315,0.6428571428571429,0.7659574468085106,28
catboost,anemia_class,no_demographics,development_oof,folate_deficiency_anemia,0.62,0.775,0.6888888888888889,40
catboost,anemia_class,no_demographics,development_oof,folate_deficiency_no_anemia,0.7619047619047619,0.5,0.6037735849056604,32
catboost,anemia_class,no_demographics,development_oof,inflammation_anemia,0.9423076923076923,0.9423076923076923,0.9423076923076923,52
catboost,anemia_class,no_demographics,development_oof,iron_deficiency_anemia,0.8367346938775511,0.8913043478260869,0.8631578947368421,92
catboost,anemia_class,no_demographics,development_oof,latent_deficiency,0.9104477611940298,0.8970588235294118,0.9037037037037037,68
catboost,anemia_class,no_demographics,development_oof,mixed_deficiency,0.8552631578947368,0.7065217391304348,0.7738095238095238,92
catboost,anemia_class,no_demographics,development_oof,no_anemia_no_deficiency,0.7657657657657657,0.9659090909090909,0.8542713567839196,88
catboost,iron_deficiency,available,development_oof,0,0.9842696629213483,0.9977220956719818,0.9909502262443439,439
catboost,iron_deficiency,available,development_oof,1,0.9955947136563876,0.9699570815450643,0.9826086956521739,233
catboost,iron_deficiency,drop30,development_oof,0,0.9431072210065645,0.9817767653758542,0.9620535714285714,439
catboost,iron_deficiency,drop30,development_oof,1,0.9627906976744186,0.8884120171673819,0.9241071428571429,233
catboost,iron_deficiency,drop60,development_oof,0,0.8594704684317719,0.9612756264236902,0.9075268817204301,439
catboost,iron_deficiency,drop60,development_oof,1,0.9060773480662984,0.703862660944206,0.7922705314009661,233
catboost,iron_deficiency,cbc_only,development_oof,0,0.735593220338983,0.9886104783599089,0.8435374149659864,439
catboost,iron_deficiency,cbc_only,development_oof,1,0.9390243902439024,0.33047210300429186,0.4888888888888889,233
catboost,iron_deficiency,hb_only,development_oof,0,0.6532738095238095,1.0,0.7902790279027903,439
catboost,iron_deficiency,hb_only,development_oof,1,0.0,0.0,0.0,233
catboost,iron_deficiency,no_iron,development_oof,0,0.7225913621262459,0.9908883826879271,0.8357348703170029,439
catboost,iron_deficiency,no_iron,development_oof,1,0.9428571428571428,0.2832618025751073,0.43564356435643564,233
catboost,iron_deficiency,no_B12,development_oof,0,0.9842696629213483,0.9977220956719818,0.9909502262443439,439
catboost,iron_deficiency,no_B12,development_oof,1,0.9955947136563876,0.9699570815450643,0.9826086956521739,233
catboost,iron_deficiency,no_folate,development_oof,0,0.9842696629213483,0.9977220956719818,0.9909502262443439,439
catboost,iron_deficiency,no_folate,development_oof,1,0.9955947136563876,0.9699570815450643,0.9826086956521739,233
catboost,iron_deficiency,no_B6,development_oof,0,0.9842696629213483,0.9977220956719818,0.9909502262443439,439
catboost,iron_deficiency,no_B6,development_oof,1,0.9955947136563876,0.9699570815450643,0.9826086956521739,233
catboost,iron_deficiency,no_copper,development_oof,0,0.9820627802690582,0.9977220956719818,0.9898305084745763,439
catboost,iron_deficiency,no_copper,development_oof,1,0.995575221238938,0.9656652360515021,0.9803921568627451,233
catboost,iron_deficiency,no_hemoglobin,development_oof,0,0.9820627802690582,0.9977220956719818,0.9898305084745763,439
catboost,iron_deficiency,no_hemoglobin,development_oof,1,0.995575221238938,0.9656652360515021,0.9803921568627451,233
catboost,iron_deficiency,no_demographics,development_oof,0,0.9842696629213483,0.9977220956719818,0.9909502262443439,439
catboost,iron_deficiency,no_demographics,development_oof,1,0.9955947136563876,0.9699570815450643,0.9826086956521739,233
catboost,B12_deficiency,available,development_oof,0,0.9771863117870723,0.9941972920696325,0.9856184084372004,517
catboost,B12_deficiency,available,development_oof,1,0.9794520547945206,0.9225806451612903,0.9501661129568106,155
catboost,B12_deficiency,drop30,development_oof,0,0.9194991055456172,0.9941972920696325,0.9553903345724907,517
catboost,B12_deficiency,drop30,development_oof,1,0.9734513274336283,0.7096774193548387,0.8208955223880597,155
catboost,B12_deficiency,drop60,development_oof,0,0.8390243902439024,0.9980657640232108,0.911660777385159,517
catboost,B12_deficiency,drop60,development_oof,1,0.9824561403508771,0.36129032258064514,0.5283018867924528,155
catboost,B12_deficiency,cbc_only,development_oof,0,0.7693452380952381,1.0,0.8696383515559294,517
catboost,B12_deficiency,cbc_only,development_oof,1,0.0,0.0,0.0,155
catboost,B12_deficiency,hb_only,development_oof,0,0.7693452380952381,1.0,0.8696383515559294,517
catboost,B12_deficiency,hb_only,development_oof,1,0.0,0.0,0.0,155
catboost,B12_deficiency,no_iron,development_oof,0,0.979047619047619,0.9941972920696325,0.9865642994241842,517
catboost,B12_deficiency,no_iron,development_oof,1,0.9795918367346939,0.9290322580645162,0.9536423841059603,155
catboost,B12_deficiency,no_B12,development_oof,0,0.8298555377207063,1.0,0.9070175438596492,517
catboost,B12_deficiency,no_B12,development_oof,1,1.0,0.3161290322580645,0.4803921568627451,155
catboost,B12_deficiency,no_folate,development_oof,0,0.967984934086629,0.9941972920696325,0.9809160305343512,517
catboost,B12_deficiency,no_folate,development_oof,1,0.9787234042553191,0.8903225806451613,0.9324324324324325,155
catboost,B12_deficiency,no_B6,development_oof,0,0.9771863117870723,0.9941972920696325,0.9856184084372004,517
catboost,B12_deficiency,no_B6,development_oof,1,0.9794520547945206,0.9225806451612903,0.9501661129568106,155
catboost,B12_deficiency,no_copper,development_oof,0,0.9771863117870723,0.9941972920696325,0.9856184084372004,517
catboost,B12_deficiency,no_copper,development_oof,1,0.9794520547945206,0.9225806451612903,0.9501661129568106,155
catboost,B12_deficiency,no_hemoglobin,development_oof,0,0.979047619047619,0.9941972920696325,0.9865642994241842,517
catboost,B12_deficiency,no_hemoglobin,development_oof,1,0.9795918367346939,0.9290322580645162,0.9536423841059603,155
catboost,B12_deficiency,no_demographics,development_oof,0,0.9771863117870723,0.9941972920696325,0.9856184084372004,517
catboost,B12_deficiency,no_demographics,development_oof,1,0.9794520547945206,0.9225806451612903,0.9501661129568106,155
catboost,folate_deficiency,available,development_oof,0,0.934931506849315,0.9891304347826086,0.9612676056338029,552
catboost,folate_deficiency,available,development_oof,1,0.9318181818181818,0.6833333333333333,0.7884615384615384,120
catboost,folate_deficiency,drop30,development_oof,0,0.8976897689768977,0.9855072463768116,0.9395509499136442,552
catboost,folate_deficiency,drop30,development_oof,1,0.8787878787878788,0.48333333333333334,0.6236559139784946,120
catboost,folate_deficiency,drop60,development_oof,0,0.8675078864353313,0.9963768115942029,0.927487352445194,552
catboost,folate_deficiency,drop60,development_oof,1,0.9473684210526315,0.3,0.45569620253164556,120
catboost,folate_deficiency,cbc_only,development_oof,0,0.8280060882800608,0.9855072463768116,0.8999172870140613,552
catboost,folate_deficiency,cbc_only,development_oof,1,0.4666666666666667,0.058333333333333334,0.1037037037037037,120
catboost,folate_deficiency,hb_only,development_oof,0,0.8214285714285714,1.0,0.9019607843137255,552
catboost,folate_deficiency,hb_only,development_oof,1,0.0,0.0,0.0,120
catboost,folate_deficiency,no_iron,development_oof,0,0.9365351629502573,0.9891304347826086,0.9621145374449339,552
catboost,folate_deficiency,no_iron,development_oof,1,0.9325842696629213,0.6916666666666667,0.7942583732057417,120
catboost,folate_deficiency,no_B12,development_oof,0,0.9389179755671903,0.9746376811594203,0.9564444444444444,552
catboost,folate_deficiency,no_B12,development_oof,1,0.8585858585858586,0.7083333333333334,0.776255707762557,120
catboost,folate_deficiency,no_folate,development_oof,0,0.8233532934131736,0.9963768115942029,0.9016393442622951,552
catboost,folate_deficiency,no_folate,development_oof,1,0.5,0.016666666666666666,0.03225806451612903,120
catboost,folate_deficiency,no_B6,development_oof,0,0.9381443298969072,0.9891304347826086,0.9629629629629629,552
catboost,folate_deficiency,no_B6,development_oof,1,0.9333333333333333,0.7,0.8,120
catboost,folate_deficiency,no_copper,development_oof,0,0.934931506849315,0.9891304347826086,0.9612676056338029,552
catboost,folate_deficiency,no_copper,development_oof,1,0.9318181818181818,0.6833333333333333,0.7884615384615384,120
catboost,folate_deficiency,no_hemoglobin,development_oof,0,0.934931506849315,0.9891304347826086,0.9612676056338029,552
catboost,folate_deficiency,no_hemoglobin,development_oof,1,0.9318181818181818,0.6833333333333333,0.7884615384615384,120
catboost,folate_deficiency,no_demographics,development_oof,0,0.9303904923599321,0.9927536231884058,0.9605609114811569,552
catboost,folate_deficiency,no_demographics,development_oof,1,0.9518072289156626,0.6583333333333333,0.7783251231527094,120
catboost,B6_deficiency,available,development_oof,0,0.989247311827957,1.0,0.9945945945945946,644
catboost,B6_deficiency,available,development_oof,1,1.0,0.75,0.8571428571428571,28
catboost,B6_deficiency,drop30,development_oof,0,0.9801829268292683,0.9984472049689441,0.9892307692307692,644
catboost,B6_deficiency,drop30,development_oof,1,0.9375,0.5357142857142857,0.6818181818181818,28
catboost,B6_deficiency,drop60,development_oof,0,0.9698340874811463,0.9984472049689441,0.9839326702371843,644
catboost,B6_deficiency,drop60,development_oof,1,0.8888888888888888,0.2857142857142857,0.43243243243243246,28
catboost,B6_deficiency,cbc_only,development_oof,0,0.9583333333333334,1.0,0.9787234042553191,644
catboost,B6_deficiency,cbc_only,development_oof,1,0.0,0.0,0.0,28
catboost,B6_deficiency,hb_only,development_oof,0,0.9583333333333334,1.0,0.9787234042553191,644
catboost,B6_deficiency,hb_only,development_oof,1,0.0,0.0,0.0,28
catboost,B6_deficiency,no_iron,development_oof,0,0.9892307692307692,0.9984472049689441,0.9938176197836167,644
catboost,B6_deficiency,no_iron,development_oof,1,0.9545454545454546,0.75,0.84,28
catboost,B6_deficiency,no_B12,development_oof,0,0.9892307692307692,0.9984472049689441,0.9938176197836167,644
catboost,B6_deficiency,no_B12,development_oof,1,0.9545454545454546,0.75,0.84,28
catboost,B6_deficiency,no_folate,development_oof,0,0.989247311827957,1.0,0.9945945945945946,644
catboost,B6_deficiency,no_folate,development_oof,1,1.0,0.75,0.8571428571428571,28
catboost,B6_deficiency,no_B6,development_oof,0,0.9583333333333334,1.0,0.9787234042553191,644
catboost,B6_deficiency,no_B6,development_oof,1,0.0,0.0,0.0,28
catboost,B6_deficiency,no_copper,development_oof,0,0.989247311827957,1.0,0.9945945945945946,644
catboost,B6_deficiency,no_copper,development_oof,1,1.0,0.75,0.8571428571428571,28
catboost,B6_deficiency,no_hemoglobin,development_oof,0,0.989247311827957,1.0,0.9945945945945946,644
catboost,B6_deficiency,no_hemoglobin,development_oof,1,1.0,0.75,0.8571428571428571,28
catboost,B6_deficiency,no_demographics,development_oof,0,0.989247311827957,1.0,0.9945945945945946,644
catboost,B6_deficiency,no_demographics,development_oof,1,1.0,0.75,0.8571428571428571,28
catboost,copper_deficiency,available,development_oof,0,0.9922958397534669,1.0,0.9961330239752514,644
catboost,copper_deficiency,available,development_oof,1,1.0,0.8214285714285714,0.9019607843137255,28
catboost,copper_deficiency,drop30,development_oof,0,0.9861751152073732,0.9968944099378882,0.9915057915057915,644
catboost,copper_deficiency,drop30,development_oof,1,0.9047619047619048,0.6785714285714286,0.7755102040816326,28
catboost,copper_deficiency,drop60,development_oof,0,0.972768532526475,0.9984472049689441,0.98544061302682,644
catboost,copper_deficiency,drop60,development_oof,1,0.9090909090909091,0.35714285714285715,0.5128205128205128,28
catboost,copper_deficiency,cbc_only,development_oof,0,0.9583333333333334,1.0,0.9787234042553191,644
catboost,copper_deficiency,cbc_only,development_oof,1,0.0,0.0,0.0,28
catboost,copper_deficiency,hb_only,development_oof,0,0.9583333333333334,1.0,0.9787234042553191,644
catboost,copper_deficiency,hb_only,development_oof,1,0.0,0.0,0.0,28
catboost,copper_deficiency,no_iron,development_oof,0,0.9922958397534669,1.0,0.9961330239752514,644
catboost,copper_deficiency,no_iron,development_oof,1,1.0,0.8214285714285714,0.9019607843137255,28
catboost,copper_deficiency,no_B12,development_oof,0,0.9922958397534669,1.0,0.9961330239752514,644
catboost,copper_deficiency,no_B12,development_oof,1,1.0,0.8214285714285714,0.9019607843137255,28
catboost,copper_deficiency,no_folate,development_oof,0,0.9922958397534669,1.0,0.9961330239752514,644
catboost,copper_deficiency,no_folate,development_oof,1,1.0,0.8214285714285714,0.9019607843137255,28
catboost,copper_deficiency,no_B6,development_oof,0,0.9922958397534669,1.0,0.9961330239752514,644
catboost,copper_deficiency,no_B6,development_oof,1,1.0,0.8214285714285714,0.9019607843137255,28
catboost,copper_deficiency,no_copper,development_oof,0,0.9583333333333334,1.0,0.9787234042553191,644
catboost,copper_deficiency,no_copper,development_oof,1,0.0,0.0,0.0,28
catboost,copper_deficiency,no_hemoglobin,development_oof,0,0.9922958397534669,1.0,0.9961330239752514,644
catboost,copper_deficiency,no_hemoglobin,development_oof,1,1.0,0.8214285714285714,0.9019607843137255,28
catboost,copper_deficiency,no_demographics,development_oof,0,0.9922958397534669,1.0,0.9961330239752514,644
catboost,copper_deficiency,no_demographics,development_oof,1,1.0,0.8214285714285714,0.9019607843137255,28
catboost,inflammation_anemia,available,development_oof,0,0.9856687898089171,0.9983870967741936,0.9919871794871795,620
catboost,inflammation_anemia,available,development_oof,1,0.9772727272727273,0.8269230769230769,0.8958333333333334,52
catboost,inflammation_anemia,drop30,development_oof,0,0.9686520376175548,0.9967741935483871,0.9825119236883942,620
catboost,inflammation_anemia,drop30,development_oof,1,0.9411764705882353,0.6153846153846154,0.7441860465116279,52
catboost,inflammation_anemia,drop60,development_oof,0,0.9567233384853169,0.9983870967741936,0.9771112865035517,620
catboost,inflammation_anemia,drop60,development_oof,1,0.96,0.46153846153846156,0.6233766233766234,52
catboost,inflammation_anemia,cbc_only,development_oof,0,0.9226190476190477,1.0,0.9597523219814241,620
catboost,inflammation_anemia,cbc_only,development_oof,1,0.0,0.0,0.0,52
catboost,inflammation_anemia,hb_only,development_oof,0,0.9226190476190477,1.0,0.9597523219814241,620
catboost,inflammation_anemia,hb_only,development_oof,1,0.0,0.0,0.0,52
catboost,inflammation_anemia,no_iron,development_oof,0,0.9793977812995246,0.9967741935483871,0.988009592326139,620
catboost,inflammation_anemia,no_iron,development_oof,1,0.9512195121951219,0.75,0.8387096774193549,52
catboost,inflammation_anemia,no_B12,development_oof,0,0.9856687898089171,0.9983870967741936,0.9919871794871795,620
catboost,inflammation_anemia,no_B12,development_oof,1,0.9772727272727273,0.8269230769230769,0.8958333333333334,52
catboost,inflammation_anemia,no_folate,development_oof,0,0.9856687898089171,0.9983870967741936,0.9919871794871795,620
catboost,inflammation_anemia,no_folate,development_oof,1,0.9772727272727273,0.8269230769230769,0.8958333333333334,52
catboost,inflammation_anemia,no_B6,development_oof,0,0.9856687898089171,0.9983870967741936,0.9919871794871795,620
catboost,inflammation_anemia,no_B6,development_oof,1,0.9772727272727273,0.8269230769230769,0.8958333333333334,52
catboost,inflammation_anemia,no_copper,development_oof,0,0.9856687898089171,0.9983870967741936,0.9919871794871795,620
catboost,inflammation_anemia,no_copper,development_oof,1,0.9772727272727273,0.8269230769230769,0.8958333333333334,52
catboost,inflammation_anemia,no_hemoglobin,development_oof,0,0.9856459330143541,0.9967741935483871,0.9911788291900562,620
catboost,inflammation_anemia,no_hemoglobin,development_oof,1,0.9555555555555556,0.8269230769230769,0.8865979381443299,52
catboost,inflammation_anemia,no_demographics,development_oof,0,0.9903536977491961,0.9935483870967742,0.9919484702093397,620
catboost,inflammation_anemia,no_demographics,development_oof,1,0.92,0.8846153846153846,0.9019607843137255,52
catboost_dropout,anemia_class,available,development_oof,B12_deficiency_anemia,0.6666666666666666,0.7692307692307693,0.7142857142857143,52
catboost_dropout,anemia_class,available,development_oof,B12_deficiency_no_anemia,0.7857142857142857,0.825,0.8048780487804879,40
catboost_dropout,anemia_class,available,development_oof,B6_deficiency,0.8666666666666667,0.4642857142857143,0.6046511627906976,28
catboost_dropout,anemia_class,available,development_oof,anemia_other,0.7971014492753623,0.9166666666666666,0.8527131782945736,60
catboost_dropout,anemia_class,available,development_oof,copper_deficiency,1.0,0.6785714285714286,0.8085106382978723,28
catboost_dropout,anemia_class,available,development_oof,folate_deficiency_anemia,0.6444444444444445,0.725,0.6823529411764706,40
catboost_dropout,anemia_class,available,development_oof,folate_deficiency_no_anemia,0.7647058823529411,0.40625,0.5306122448979592,32
catboost_dropout,anemia_class,available,development_oof,inflammation_anemia,0.9245283018867925,0.9423076923076923,0.9333333333333333,52
catboost_dropout,anemia_class,available,development_oof,iron_deficiency_anemia,0.8351648351648352,0.8260869565217391,0.8306010928961749,92
catboost_dropout,anemia_class,available,development_oof,latent_deficiency,0.8181818181818182,0.9264705882352942,0.8689655172413793,68
catboost_dropout,anemia_class,available,development_oof,mixed_deficiency,0.7439024390243902,0.6630434782608695,0.7011494252873564,92
catboost_dropout,anemia_class,available,development_oof,no_anemia_no_deficiency,0.7941176470588235,0.9204545454545454,0.8526315789473684,88
catboost_dropout,anemia_class,drop30,development_oof,B12_deficiency_anemia,0.6470588235294118,0.6346153846153846,0.6407766990291263,52
catboost_dropout,anemia_class,drop30,development_oof,B12_deficiency_no_anemia,0.7333333333333333,0.55,0.6285714285714286,40
catboost_dropout,anemia_class,drop30,development_oof,B6_deficiency,0.7692307692307693,0.35714285714285715,0.4878048780487805,28
catboost_dropout,anemia_class,drop30,development_oof,anemia_other,0.5517241379310345,0.8,0.6530612244897959,60
catboost_dropout,anemia_class,drop30,development_oof,copper_deficiency,0.8823529411764706,0.5357142857142857,0.6666666666666666,28
catboost_dropout,anemia_class,drop30,development_oof,folate_deficiency_anemia,0.48484848484848486,0.4,0.4383561643835616,40
catboost_dropout,anemia_class,drop30,development_oof,folate_deficiency_no_anemia,0.6923076923076923,0.28125,0.4,32
catboost_dropout,anemia_class,drop30,development_oof,inflammation_anemia,0.7704918032786885,0.9038461538461539,0.831858407079646,52
catboost_dropout,anemia_class,drop30,development_oof,iron_deficiency_anemia,0.6857142857142857,0.782608695652174,0.7309644670050761,92
catboost_dropout,anemia_class,drop30,development_oof,latent_deficiency,0.8032786885245902,0.7205882352941176,0.7596899224806202,68
catboost_dropout,anemia_class,drop30,development_oof,mixed_deficiency,0.6292134831460674,0.6086956521739131,0.6187845303867403,92
catboost_dropout,anemia_class,drop30,development_oof,no_anemia_no_deficiency,0.6696428571428571,0.8522727272727273,0.75,88
catboost_dropout,anemia_class,drop60,development_oof,B12_deficiency_anemia,0.5625,0.34615384615384615,0.42857142857142855,52
catboost_dropout,anemia_class,drop60,development_oof,B12_deficiency_no_anemia,0.7058823529411765,0.3,0.42105263157894735,40
catboost_dropout,anemia_class,drop60,development_oof,B6_deficiency,0.7142857142857143,0.17857142857142858,0.2857142857142857,28
catboost_dropout,anemia_class,drop60,development_oof,anemia_other,0.3515625,0.75,0.4787234042553192,60
catboost_dropout,anemia_class,drop60,development_oof,copper_deficiency,0.7,0.25,0.3684210526315789,28
catboost_dropout,anemia_class,drop60,development_oof,folate_deficiency_anemia,0.5555555555555556,0.375,0.44776119402985076,40
catboost_dropout,anemia_class,drop60,development_oof,folate_deficiency_no_anemia,0.5555555555555556,0.15625,0.24390243902439024,32
catboost_dropout,anemia_class,drop60,development_oof,inflammation_anemia,0.76,0.7307692307692307,0.7450980392156863,52
catboost_dropout,anemia_class,drop60,development_oof,iron_deficiency_anemia,0.4451219512195122,0.7934782608695652,0.5703125,92
catboost_dropout,anemia_class,drop60,development_oof,latent_deficiency,0.7391304347826086,0.5,0.5964912280701754,68
catboost_dropout,anemia_class,drop60,development_oof,mixed_deficiency,0.527027027027027,0.42391304347826086,0.46987951807228917,92
catboost_dropout,anemia_class,drop60,development_oof,no_anemia_no_deficiency,0.5740740740740741,0.7045454545454546,0.6326530612244898,88
catboost_dropout,anemia_class,cbc_only,development_oof,B12_deficiency_anemia,0.5087719298245614,0.5576923076923077,0.5321100917431193,52
catboost_dropout,anemia_class,cbc_only,development_oof,B12_deficiency_no_anemia,0.4230769230769231,0.275,0.3333333333333333,40
catboost_dropout,anemia_class,cbc_only,development_oof,B6_deficiency,0.4,0.07142857142857142,0.12121212121212122,28
catboost_dropout,anemia_class,cbc_only,development_oof,anemia_other,0.5308641975308642,0.7166666666666667,0.6099290780141844,60
catboost_dropout,anemia_class,cbc_only,development_oof,copper_deficiency,0.0,0.0,0.0,28
catboost_dropout,anemia_class,cbc_only,development_oof,folate_deficiency_anemia,0.4222222222222222,0.475,0.4470588235294118,40
catboost_dropout,anemia_class,cbc_only,development_oof,folate_deficiency_no_anemia,0.32,0.25,0.2807017543859649,32
catboost_dropout,anemia_class,cbc_only,development_oof,inflammation_anemia,0.6086956521739131,0.5384615384615384,0.5714285714285714,52
catboost_dropout,anemia_class,cbc_only,development_oof,iron_deficiency_anemia,0.5701754385964912,0.7065217391304348,0.6310679611650486,92
catboost_dropout,anemia_class,cbc_only,development_oof,latent_deficiency,0.6052631578947368,0.6764705882352942,0.6388888888888888,68
catboost_dropout,anemia_class,cbc_only,development_oof,mixed_deficiency,0.5942028985507246,0.44565217391304346,0.5093167701863354,92
catboost_dropout,anemia_class,cbc_only,development_oof,no_anemia_no_deficiency,0.609375,0.8863636363636364,0.7222222222222222,88
catboost_dropout,anemia_class,hb_only,development_oof,B12_deficiency_anemia,0.0,0.0,0.0,52
catboost_dropout,anemia_class,hb_only,development_oof,B12_deficiency_no_anemia,0.0,0.0,0.0,40
catboost_dropout,anemia_class,hb_only,development_oof,B6_deficiency,0.0,0.0,0.0,28
catboost_dropout,anemia_class,hb_only,development_oof,anemia_other,0.3125,0.08333333333333333,0.13157894736842105,60
catboost_dropout,anemia_class,hb_only,development_oof,copper_deficiency,0.0,0.0,0.0,28
catboost_dropout,anemia_class,hb_only,development_oof,folate_deficiency_anemia,0.0,0.0,0.0,40
catboost_dropout,anemia_class,hb_only,development_oof,folate_deficiency_no_anemia,0.0,0.0,0.0,32
catboost_dropout,anemia_class,hb_only,development_oof,inflammation_anemia,0.0,0.0,0.0,52
catboost_dropout,anemia_class,hb_only,development_oof,iron_deficiency_anemia,0.22527472527472528,0.8913043478260869,0.35964912280701755,92
catboost_dropout,anemia_class,hb_only,development_oof,latent_deficiency,0.25301204819277107,0.3088235294117647,0.2781456953642384,68
catboost_dropout,anemia_class,hb_only,development_oof,mixed_deficiency,0.14705882352941177,0.05434782608695652,0.07936507936507936,92
catboost_dropout,anemia_class,hb_only,development_oof,no_anemia_no_deficiency,0.3699421965317919,0.7272727272727273,0.4904214559386973,88
catboost_dropout,anemia_class,no_iron,development_oof,B12_deficiency_anemia,0.6666666666666666,0.7692307692307693,0.7142857142857143,52
catboost_dropout,anemia_class,no_iron,development_oof,B12_deficiency_no_anemia,0.7391304347826086,0.85,0.7906976744186046,40
catboost_dropout,anemia_class,no_iron,development_oof,B6_deficiency,0.7058823529411765,0.42857142857142855,0.5333333333333333,28
catboost_dropout,anemia_class,no_iron,development_oof,anemia_other,0.78125,0.8333333333333334,0.8064516129032258,60
catboost_dropout,anemia_class,no_iron,development_oof,copper_deficiency,0.9473684210526315,0.6428571428571429,0.7659574468085106,28
catboost_dropout,anemia_class,no_iron,development_oof,folate_deficiency_anemia,0.7,0.7,0.7,40
catboost_dropout,anemia_class,no_iron,development_oof,folate_deficiency_no_anemia,0.75,0.375,0.5,32
catboost_dropout,anemia_class,no_iron,development_oof,inflammation_anemia,0.8679245283018868,0.8846153846153846,0.8761904761904762,52
catboost_dropout,anemia_class,no_iron,development_oof,iron_deficiency_anemia,0.7578947368421053,0.782608695652174,0.7700534759358288,92
catboost_dropout,anemia_class,no_iron,development_oof,latent_deficiency,0.7592592592592593,0.6029411764705882,0.6721311475409836,68
catboost_dropout,anemia_class,no_iron,development_oof,mixed_deficiency,0.6931818181818182,0.6630434782608695,0.6777777777777778,92
catboost_dropout,anemia_class,no_iron,development_oof,no_anemia_no_deficiency,0.6583333333333333,0.8977272727272727,0.7596153846153846,88
catboost_dropout,anemia_class,no_B12,development_oof,B12_deficiency_anemia,0.6666666666666666,0.7307692307692307,0.6972477064220184,52
catboost_dropout,anemia_class,no_B12,development_oof,B12_deficiency_no_anemia,0.5384615384615384,0.175,0.2641509433962264,40
catboost_dropout,anemia_class,no_B12,development_oof,B6_deficiency,0.8571428571428571,0.42857142857142855,0.5714285714285714,28
catboost_dropout,anemia_class,no_B12,development_oof,anemia_other,0.7605633802816901,0.9,0.8244274809160306,60
catboost_dropout,anemia_class,no_B12,development_oof,copper_deficiency,0.95,0.6785714285714286,0.7916666666666666,28
catboost_dropout,anemia_class,no_B12,development_oof,folate_deficiency_anemia,0.6136363636363636,0.675,0.6428571428571429,40
catboost_dropout,anemia_class,no_B12,development_oof,folate_deficiency_no_anemia,0.42857142857142855,0.375,0.4,32
catboost_dropout,anemia_class,no_B12,development_oof,inflammation_anemia,0.8888888888888888,0.9230769230769231,0.9056603773584906,52
catboost_dropout,anemia_class,no_B12,development_oof,iron_deficiency_anemia,0.7450980392156863,0.8260869565217391,0.7835051546391752,92
catboost_dropout,anemia_class,no_B12,development_oof,latent_deficiency,0.7901234567901234,0.9411764705882353,0.8590604026845637,68
catboost_dropout,anemia_class,no_B12,development_oof,mixed_deficiency,0.704225352112676,0.5434782608695652,0.6134969325153374,92
catboost_dropout,anemia_class,no_B12,development_oof,no_anemia_no_deficiency,0.6837606837606838,0.9090909090909091,0.7804878048780488,88
catboost_dropout,anemia_class,no_folate,development_oof,B12_deficiency_anemia,0.609375,0.75,0.6724137931034483,52
catboost_dropout,anemia_class,no_folate,development_oof,B12_deficiency_no_anemia,0.7714285714285715,0.675,0.72,40
catboost_dropout,anemia_class,no_folate,development_oof,B6_deficiency,0.8666666666666667,0.4642857142857143,0.6046511627906976,28
catboost_dropout,anemia_class,no_folate,development_oof,anemia_other,0.7638888888888888,0.9166666666666666,0.8333333333333334,60
catboost_dropout,anemia_class,no_folate,development_oof,copper_deficiency,0.95,0.6785714285714286,0.7916666666666666,28
catboost_dropout,anemia_class,no_folate,development_oof,folate_deficiency_anemia,0.6842105263157895,0.65,0.6666666666666666,40
catboost_dropout,anemia_class,no_folate,development_oof,folate_deficiency_no_anemia,0.5454545454545454,0.1875,0.27906976744186046,32
catboost_dropout,anemia_class,no_folate,development_oof,inflammation_anemia,0.9074074074074074,0.9423076923076923,0.9245283018867925,52
catboost_dropout,anemia_class,no_folate,development_oof,iron_deficiency_anemia,0.7916666666666666,0.8260869565217391,0.8085106382978723,92
catboost_dropout,anemia_class,no_folate,development_oof,latent_deficiency,0.8181818181818182,0.9264705882352942,0.8689655172413793,68
catboost_dropout,anemia_class,no_folate,development_oof,mixed_deficiency,0.7333333333333333,0.5978260869565217,0.6586826347305389,92
catboost_dropout,anemia_class,no_folate,development_oof,no_anemia_no_deficiency,0.7043478260869566,0.9204545454545454,0.7980295566502463,88
catboost_dropout,anemia_class,no_B6,development_oof,B12_deficiency_anemia,0.6666666666666666,0.8076923076923077,0.7304347826086957,52
catboost_dropout,anemia_class,no_B6,development_oof,B12_deficiency_no_anemia,0.7674418604651163,0.825,0.7951807228915663,40
catboost_dropout,anemia_class,no_B6,development_oof,B6_deficiency,0.6,0.10714285714285714,0.18181818181818182,28
catboost_dropout,anemia_class,no_B6,development_oof,anemia_other,0.7746478873239436,0.9166666666666666,0.8396946564885496,60
catboost_dropout,anemia_class,no_B6,development_oof,copper_deficiency,1.0,0.6785714285714286,0.8085106382978723,28
catboost_dropout,anemia_class,no_B6,development_oof,folate_deficiency_anemia,0.6818181818181818,0.75,0.7142857142857143,40
catboost_dropout,anemia_class,no_B6,development_oof,folate_deficiency_no_anemia,0.75,0.375,0.5,32
catboost_dropout,anemia_class,no_B6,development_oof,inflammation_anemia,0.9074074074074074,0.9423076923076923,0.9245283018867925,52
catboost_dropout,anemia_class,no_B6,development_oof,iron_deficiency_anemia,0.8260869565217391,0.8260869565217391,0.8260869565217391,92
catboost_dropout,anemia_class,no_B6,development_oof,latent_deficiency,0.7590361445783133,0.9264705882352942,0.8344370860927153,68
catboost_dropout,anemia_class,no_B6,development_oof,mixed_deficiency,0.7625,0.6630434782608695,0.7093023255813954,92
catboost_dropout,anemia_class,no_B6,development_oof,no_anemia_no_deficiency,0.7941176470588235,0.9204545454545454,0.8526315789473684,88
catboost_dropout,anemia_class,no_copper,development_oof,B12_deficiency_anemia,0.65,0.75,0.6964285714285714,52
catboost_dropout,anemia_class,no_copper,development_oof,B12_deficiency_no_anemia,0.7674418604651163,0.825,0.7951807228915663,40
catboost_dropout,anemia_class,no_copper,development_oof,B6_deficiency,0.8666666666666667,0.4642857142857143,0.6046511627906976,28
catboost_dropout,anemia_class,no_copper,development_oof,anemia_other,0.7142857142857143,0.9166666666666666,0.8029197080291971,60
catboost_dropout,anemia_class,no_copper,development_oof,copper_deficiency,0.0,0.0,0.0,28
catboost_dropout,anemia_class,no_copper,development_oof,folate_deficiency_anemia,0.5918367346938775,0.725,0.651685393258427,40
catboost_dropout,anemia_class,no_copper,development_oof,folate_deficiency_no_anemia,0.7,0.4375,0.5384615384615384,32
catboost_dropout,anemia_class,no_copper,development_oof,inflammation_anemia,0.9230769230769231,0.9230769230769231,0.9230769230769231,52
catboost_dropout,anemia_class,no_copper,development_oof,iron_deficiency_anemia,0.8351648351648352,0.8260869565217391,0.8306010928961749,92
catboost_dropout,anemia_class,no_copper,development_oof,latent_deficiency,0.8181818181818182,0.9264705882352942,0.8689655172413793,68
catboost_dropout,anemia_class,no_copper,development_oof,mixed_deficiency,0.7380952380952381,0.6739130434782609,0.7045454545454546,92
catboost_dropout,anemia_class,no_copper,development_oof,no_anemia_no_deficiency,0.7788461538461539,0.9204545454545454,0.84375,88
catboost_dropout,anemia_class,no_hemoglobin,development_oof,B12_deficiency_anemia,0.6190476190476191,0.75,0.6782608695652174,52
catboost_dropout,anemia_class,no_hemoglobin,development_oof,B12_deficiency_no_anemia,0.8666666666666667,0.65,0.7428571428571429,40
catboost_dropout,anemia_class,no_hemoglobin,development_oof,B6_deficiency,0.8095238095238095,0.6071428571428571,0.6938775510204082,28
catboost_dropout,anemia_class,no_hemoglobin,development_oof,anemia_other,0.7297297297297297,0.9,0.8059701492537313,60
catboost_dropout,anemia_class,no_hemoglobin,development_oof,copper_deficiency,1.0,0.6785714285714286,0.8085106382978723,28
catboost_dropout,anemia_class,no_hemoglobin,development_oof,folate_deficiency_anemia,0.5740740740740741,0.775,0.6595744680851063,40
catboost_dropout,anemia_class,no_hemoglobin,development_oof,folate_deficiency_no_anemia,0.7857142857142857,0.34375,0.4782608695652174,32
catboost_dropout,anemia_class,no_hemoglobin,development_oof,inflammation_anemia,0.8620689655172413,0.9615384615384616,0.9090909090909091,52
catboost_dropout,anemia_class,no_hemoglobin,development_oof,iron_deficiency_anemia,0.8297872340425532,0.8478260869565217,0.8387096774193549,92
catboost_dropout,anemia_class,no_hemoglobin,development_oof,latent_deficiency,0.8636363636363636,0.8382352941176471,0.8507462686567164,68
catboost_dropout,anemia_class,no_hemoglobin,development_oof,mixed_deficiency,0.7529411764705882,0.6956521739130435,0.7231638418079096,92
catboost_dropout,anemia_class,no_hemoglobin,development_oof,no_anemia_no_deficiency,0.8085106382978723,0.8636363636363636,0.8351648351648352,88
catboost_dropout,anemia_class,no_demographics,development_oof,B12_deficiency_anemia,0.6666666666666666,0.7307692307692307,0.6972477064220184,52
catboost_dropout,anemia_class,no_demographics,development_oof,B12_deficiency_no_anemia,0.8333333333333334,0.75,0.7894736842105263,40
catboost_dropout,anemia_class,no_demographics,development_oof,B6_deficiency,0.9230769230769231,0.42857142857142855,0.5853658536585366,28
catboost_dropout,anemia_class,no_demographics,development_oof,anemia_other,0.7761194029850746,0.8666666666666667,0.8188976377952756,60
catboost_dropout,anemia_class,no_demographics,development_oof,copper_deficiency,0.95,0.6785714285714286,0.7916666666666666,28
catboost_dropout,anemia_class,no_demographics,development_oof,folate_deficiency_anemia,0.6222222222222222,0.7,0.6588235294117647,40
catboost_dropout,anemia_class,no_demographics,development_oof,folate_deficiency_no_anemia,0.6666666666666666,0.375,0.48,32
catboost_dropout,anemia_class,no_demographics,development_oof,inflammation_anemia,0.8571428571428571,0.9230769230769231,0.8888888888888888,52
catboost_dropout,anemia_class,no_demographics,development_oof,iron_deficiency_anemia,0.8539325842696629,0.8260869565217391,0.8397790055248618,92
catboost_dropout,anemia_class,no_demographics,development_oof,latent_deficiency,0.8026315789473685,0.8970588235294118,0.8472222222222222,68
catboost_dropout,anemia_class,no_demographics,development_oof,mixed_deficiency,0.7411764705882353,0.6847826086956522,0.711864406779661,92
catboost_dropout,anemia_class,no_demographics,development_oof,no_anemia_no_deficiency,0.7454545454545455,0.9318181818181818,0.8282828282828283,88
catboost_dropout,iron_deficiency,available,development_oof,0,0.9908675799086758,0.9886104783599089,0.9897377423033067,439
catboost_dropout,iron_deficiency,available,development_oof,1,0.9786324786324786,0.9828326180257511,0.9807280513918629,233
catboost_dropout,iron_deficiency,drop30,development_oof,0,0.9707865168539326,0.9840546697038725,0.9773755656108597,439
catboost_dropout,iron_deficiency,drop30,development_oof,1,0.9691629955947136,0.944206008583691,0.9565217391304348,233
catboost_dropout,iron_deficiency,drop60,development_oof,0,0.9057815845824411,0.9635535307517085,0.9337748344370861,439
catboost_dropout,iron_deficiency,drop60,development_oof,1,0.9219512195121952,0.8111587982832618,0.863013698630137,233
catboost_dropout,iron_deficiency,cbc_only,development_oof,0,0.8458333333333333,0.9248291571753986,0.8835690968443961,439
catboost_dropout,iron_deficiency,cbc_only,development_oof,1,0.828125,0.6824034334763949,0.7482352941176471,233
catboost_dropout,iron_deficiency,hb_only,development_oof,0,0.6527570789865872,0.9977220956719818,0.7891891891891892,439
catboost_dropout,iron_deficiency,hb_only,development_oof,1,0.0,0.0,0.0,233
catboost_dropout,iron_deficiency,no_iron,development_oof,0,0.818359375,0.9544419134396356,0.8811777076761304,439
catboost_dropout,iron_deficiency,no_iron,development_oof,1,0.875,0.6008583690987125,0.712468193384224,233
catboost_dropout,iron_deficiency,no_B12,development_oof,0,0.9908675799086758,0.9886104783599089,0.9897377423033067,439
catboost_dropout,iron_deficiency,no_B12,development_oof,1,0.9786324786324786,0.9828326180257511,0.9807280513918629,233
catboost_dropout,iron_deficiency,no_folate,development_oof,0,0.9908675799086758,0.9886104783599089,0.9897377423033067,439
catboost_dropout,iron_deficiency,no_folate,development_oof,1,0.9786324786324786,0.9828326180257511,0.9807280513918629,233
catboost_dropout,iron_deficiency,no_B6,development_oof,0,0.9908675799086758,0.9886104783599089,0.9897377423033067,439
catboost_dropout,iron_deficiency,no_B6,development_oof,1,0.9786324786324786,0.9828326180257511,0.9807280513918629,233
catboost_dropout,iron_deficiency,no_copper,development_oof,0,0.9908675799086758,0.9886104783599089,0.9897377423033067,439
catboost_dropout,iron_deficiency,no_copper,development_oof,1,0.9786324786324786,0.9828326180257511,0.9807280513918629,233
catboost_dropout,iron_deficiency,no_hemoglobin,development_oof,0,0.9908675799086758,0.9886104783599089,0.9897377423033067,439
catboost_dropout,iron_deficiency,no_hemoglobin,development_oof,1,0.9786324786324786,0.9828326180257511,0.9807280513918629,233
catboost_dropout,iron_deficiency,no_demographics,development_oof,0,0.9908466819221968,0.9863325740318907,0.9885844748858448,439
catboost_dropout,iron_deficiency,no_demographics,development_oof,1,0.9744680851063829,0.9828326180257511,0.9786324786324786,233
catboost_dropout,B12_deficiency,available,development_oof,0,0.988394584139265,0.988394584139265,0.988394584139265,517
catboost_dropout,B12_deficiency,available,development_oof,1,0.9612903225806452,0.9612903225806452,0.9612903225806452,155
catboost_dropout,B12_deficiency,drop30,development_oof,0,0.9426987060998152,0.9864603481624759,0.9640831758034026,517
catboost_dropout,B12_deficiency,drop30,development_oof,1,0.9465648854961832,0.8,0.8671328671328671,155
catboost_dropout,B12_deficiency,drop60,development_oof,0,0.902135231316726,0.9806576402321083,0.9397590361445783,517
catboost_dropout,B12_deficiency,drop60,development_oof,1,0.9090909090909091,0.6451612903225806,0.7547169811320755,155
catboost_dropout,B12_deficiency,cbc_only,development_oof,0,0.8480565371024735,0.9284332688588007,0.8864265927977839,517
catboost_dropout,B12_deficiency,cbc_only,development_oof,1,0.6509433962264151,0.44516129032258067,0.5287356321839081,155
catboost_dropout,B12_deficiency,hb_only,development_oof,0,0.7693452380952381,1.0,0.8696383515559294,517
catboost_dropout,B12_deficiency,hb_only,development_oof,1,0.0,0.0,0.0,155
catboost_dropout,B12_deficiency,no_iron,development_oof,0,0.9941291585127201,0.9825918762088974,0.9883268482490273,517
catboost_dropout,B12_deficiency,no_iron,development_oof,1,0.9440993788819876,0.9806451612903225,0.9620253164556962,155
catboost_dropout,B12_deficiency,no_B12,development_oof,0,0.8686006825938567,0.9845261121856866,0.9229374433363554,517
catboost_dropout,B12_deficiency,no_B12,development_oof,1,0.9069767441860465,0.5032258064516129,0.6473029045643154,155
catboost_dropout,B12_deficiency,no_folate,development_oof,0,0.9770554493307839,0.988394584139265,0.9826923076923076,517
catboost_dropout,B12_deficiency,no_folate,development_oof,1,0.959731543624161,0.9225806451612903,0.9407894736842105,155
catboost_dropout,B12_deficiency,no_B6,development_oof,0,0.988394584139265,0.988394584139265,0.988394584139265,517
catboost_dropout,B12_deficiency,no_B6,development_oof,1,0.9612903225806452,0.9612903225806452,0.9612903225806452,155
catboost_dropout,B12_deficiency,no_copper,development_oof,0,0.9883720930232558,0.9864603481624759,0.9874152952565344,517
catboost_dropout,B12_deficiency,no_copper,development_oof,1,0.9551282051282052,0.9612903225806452,0.9581993569131833,155
catboost_dropout,B12_deficiency,no_hemoglobin,development_oof,0,0.9865125240847784,0.9903288201160542,0.9884169884169884,517
catboost_dropout,B12_deficiency,no_hemoglobin,development_oof,1,0.9673202614379085,0.9548387096774194,0.961038961038961,155
catboost_dropout,B12_deficiency,no_demographics,development_oof,0,0.9808429118773946,0.9903288201160542,0.9855630413859481,517
catboost_dropout,B12_deficiency,no_demographics,development_oof,1,0.9666666666666667,0.9354838709677419,0.9508196721311475,155
catboost_dropout,folate_deficiency,available,development_oof,0,0.934819897084048,0.9873188405797102,0.960352422907489,552
catboost_dropout,folate_deficiency,available,development_oof,1,0.9213483146067416,0.6833333333333333,0.784688995215311,120
catboost_dropout,folate_deficiency,drop30,development_oof,0,0.9078726968174204,0.9818840579710145,0.9434290687554395,552
catboost_dropout,folate_deficiency,drop30,development_oof,1,0.8666666666666667,0.5416666666666666,0.6666666666666666,120
catboost_dropout,folate_deficiency,drop60,development_oof,0,0.8782051282051282,0.9927536231884058,0.9319727891156463,552
catboost_dropout,folate_deficiency,drop60,development_oof,1,0.9166666666666666,0.36666666666666664,0.5238095238095238,120
catboost_dropout,folate_deficiency,cbc_only,development_oof,0,0.853225806451613,0.9583333333333334,0.9027303754266212,552
catboost_dropout,folate_deficiency,cbc_only,development_oof,1,0.5576923076923077,0.24166666666666667,0.3372093023255814,120
catboost_dropout,folate_deficiency,hb_only,development_oof,0,0.8214285714285714,1.0,0.9019607843137255,552
catboost_dropout,folate_deficiency,hb_only,development_oof,1,0.0,0.0,0.0,120
catboost_dropout,folate_deficiency,no_iron,development_oof,0,0.9394463667820069,0.9836956521739131,0.9610619469026549,552
catboost_dropout,folate_deficiency,no_iron,development_oof,1,0.9042553191489362,0.7083333333333334,0.794392523364486,120
catboost_dropout,folate_deficiency,no_B12,development_oof,0,0.9375,0.9782608695652174,0.9574468085106383,552
catboost_dropout,folate_deficiency,no_B12,development_oof,1,0.875,0.7,0.7777777777777778,120
catboost_dropout,folate_deficiency,no_folate,development_oof,0,0.837173579109063,0.9873188405797102,0.9060681629260183,552
catboost_dropout,folate_deficiency,no_folate,development_oof,1,0.6666666666666666,0.11666666666666667,0.19858156028368795,120
catboost_dropout,folate_deficiency,no_B6,development_oof,0,0.9380378657487092,0.9873188405797102,0.9620476610767873,552
catboost_dropout,folate_deficiency,no_B6,development_oof,1,0.9230769230769231,0.7,0.7962085308056872,120
catboost_dropout,folate_deficiency,no_copper,development_oof,0,0.9378238341968912,0.9836956521739131,0.9602122015915119,552
catboost_dropout,folate_deficiency,no_copper,development_oof,1,0.9032258064516129,0.7,0.7887323943661971,120
catboost_dropout,folate_deficiency,no_hemoglobin,development_oof,0,0.9362068965517242,0.9836956521739131,0.9593639575971732,552
catboost_dropout,folate_deficiency,no_hemoglobin,development_oof,1,0.9021739130434783,0.6916666666666667,0.7830188679245284,120
catboost_dropout,folate_deficiency,no_demographics,development_oof,0,0.9215358931552587,1.0,0.9591659426585578,552
catboost_dropout,folate_deficiency,no_demographics,development_oof,1,1.0,0.6083333333333333,0.7564766839378239,120
catboost_dropout,B6_deficiency,available,development_oof,0,0.9787234042553191,1.0,0.989247311827957,644
catboost_dropout,B6_deficiency,available,development_oof,1,1.0,0.5,0.6666666666666666,28
catboost_dropout,B6_deficiency,drop30,development_oof,0,0.9742813918305597,1.0,0.9869731800766284,644
catboost_dropout,B6_deficiency,drop30,development_oof,1,1.0,0.39285714285714285,0.5641025641025641,28
catboost_dropout,B6_deficiency,drop60,development_oof,0,0.9698795180722891,1.0,0.9847094801223242,644
catboost_dropout,B6_deficiency,drop60,development_oof,1,1.0,0.2857142857142857,0.4444444444444444,28
catboost_dropout,B6_deficiency,cbc_only,development_oof,0,0.9583333333333334,1.0,0.9787234042553191,644
catboost_dropout,B6_deficiency,cbc_only,development_oof,1,0.0,0.0,0.0,28
catboost_dropout,B6_deficiency,hb_only,development_oof,0,0.9583333333333334,1.0,0.9787234042553191,644
catboost_dropout,B6_deficiency,hb_only,development_oof,1,0.0,0.0,0.0,28
catboost_dropout,B6_deficiency,no_iron,development_oof,0,0.983206106870229,1.0,0.99153194765204,644
catboost_dropout,B6_deficiency,no_iron,development_oof,1,1.0,0.6071428571428571,0.7555555555555555,28
catboost_dropout,B6_deficiency,no_B12,development_oof,0,0.9802130898021308,1.0,0.9900076863950807,644
catboost_dropout,B6_deficiency,no_B12,development_oof,1,1.0,0.5357142857142857,0.6976744186046512,28
catboost_dropout,B6_deficiency,no_folate,development_oof,0,0.9787234042553191,1.0,0.989247311827957,644
catboost_dropout,B6_deficiency,no_folate,development_oof,1,1.0,0.5,0.6666666666666666,28
catboost_dropout,B6_deficiency,no_B6,development_oof,0,0.9583333333333334,1.0,0.9787234042553191,644
catboost_dropout,B6_deficiency,no_B6,development_oof,1,0.0,0.0,0.0,28
catboost_dropout,B6_deficiency,no_copper,development_oof,0,0.9787234042553191,1.0,0.989247311827957,644
catboost_dropout,B6_deficiency,no_copper,development_oof,1,1.0,0.5,0.6666666666666666,28
catboost_dropout,B6_deficiency,no_hemoglobin,development_oof,0,0.9817073170731707,1.0,0.9907692307692307,644
catboost_dropout,B6_deficiency,no_hemoglobin,development_oof,1,1.0,0.5714285714285714,0.7272727272727273,28
catboost_dropout,B6_deficiency,no_demographics,development_oof,0,0.972809667673716,1.0,0.9862174578866769,644
catboost_dropout,B6_deficiency,no_demographics,development_oof,1,1.0,0.35714285714285715,0.5263157894736842,28
catboost_dropout,copper_deficiency,available,development_oof,0,0.989247311827957,1.0,0.9945945945945946,644
catboost_dropout,copper_deficiency,available,development_oof,1,1.0,0.75,0.8571428571428571,28
catboost_dropout,copper_deficiency,drop30,development_oof,0,0.9847094801223242,1.0,0.9922958397534669,644
catboost_dropout,copper_deficiency,drop30,development_oof,1,1.0,0.6428571428571429,0.782608695652174,28
catboost_dropout,copper_deficiency,drop60,development_oof,0,0.971342383107089,1.0,0.9854628921193573,644
catboost_dropout,copper_deficiency,drop60,development_oof,1,1.0,0.32142857142857145,0.4864864864864865,28
catboost_dropout,copper_deficiency,cbc_only,development_oof,0,0.9583333333333334,1.0,0.9787234042553191,644
catboost_dropout,copper_deficiency,cbc_only,development_oof,1,0.0,0.0,0.0,28
catboost_dropout,copper_deficiency,hb_only,development_oof,0,0.9583333333333334,1.0,0.9787234042553191,644
catboost_dropout,copper_deficiency,hb_only,development_oof,1,0.0,0.0,0.0,28
catboost_dropout,copper_deficiency,no_iron,development_oof,0,0.9907692307692307,1.0,0.9953632148377125,644
catboost_dropout,copper_deficiency,no_iron,development_oof,1,1.0,0.7857142857142857,0.88,28
catboost_dropout,copper_deficiency,no_B12,development_oof,0,0.989247311827957,1.0,0.9945945945945946,644
catboost_dropout,copper_deficiency,no_B12,development_oof,1,1.0,0.75,0.8571428571428571,28
catboost_dropout,copper_deficiency,no_folate,development_oof,0,0.989247311827957,1.0,0.9945945945945946,644
catboost_dropout,copper_deficiency,no_folate,development_oof,1,1.0,0.75,0.8571428571428571,28
catboost_dropout,copper_deficiency,no_B6,development_oof,0,0.989247311827957,1.0,0.9945945945945946,644
catboost_dropout,copper_deficiency,no_B6,development_oof,1,1.0,0.75,0.8571428571428571,28
catboost_dropout,copper_deficiency,no_copper,development_oof,0,0.9583333333333334,1.0,0.9787234042553191,644
catboost_dropout,copper_deficiency,no_copper,development_oof,1,0.0,0.0,0.0,28
catboost_dropout,copper_deficiency,no_hemoglobin,development_oof,0,0.989247311827957,1.0,0.9945945945945946,644
catboost_dropout,copper_deficiency,no_hemoglobin,development_oof,1,1.0,0.75,0.8571428571428571,28
catboost_dropout,copper_deficiency,no_demographics,development_oof,0,0.9892307692307692,0.9984472049689441,0.9938176197836167,644
catboost_dropout,copper_deficiency,no_demographics,development_oof,1,0.9545454545454546,0.75,0.84,28
catboost_dropout,inflammation_anemia,available,development_oof,0,0.9951690821256038,0.9967741935483871,0.9959709911361805,620
catboost_dropout,inflammation_anemia,available,development_oof,1,0.9607843137254902,0.9423076923076923,0.9514563106796117,52
catboost_dropout,inflammation_anemia,drop30,development_oof,0,0.9872,0.9951612903225806,0.9911646586345382,620
catboost_dropout,inflammation_anemia,drop30,development_oof,1,0.9361702127659575,0.8461538461538461,0.8888888888888888,52
catboost_dropout,inflammation_anemia,drop60,development_oof,0,0.9717425431711146,0.9983870967741936,0.984884645982498,620
catboost_dropout,inflammation_anemia,drop60,development_oof,1,0.9714285714285714,0.6538461538461539,0.7816091954022989,52
catboost_dropout,inflammation_anemia,cbc_only,development_oof,0,0.9458204334365325,0.9854838709677419,0.9652448657187994,620
catboost_dropout,inflammation_anemia,cbc_only,development_oof,1,0.6538461538461539,0.3269230769230769,0.4358974358974359,52
catboost_dropout,inflammation_anemia,hb_only,development_oof,0,0.9226190476190477,1.0,0.9597523219814241,620
catboost_dropout,inflammation_anemia,hb_only,development_oof,1,0.0,0.0,0.0,52
catboost_dropout,inflammation_anemia,no_iron,development_oof,0,0.9919354838709677,0.9919354838709677,0.9919354838709677,620
catboost_dropout,inflammation_anemia,no_iron,development_oof,1,0.9038461538461539,0.9038461538461539,0.9038461538461539,52
catboost_dropout,inflammation_anemia,no_B12,development_oof,0,0.9951690821256038,0.9967741935483871,0.9959709911361805,620
catboost_dropout,inflammation_anemia,no_B12,development_oof,1,0.9607843137254902,0.9423076923076923,0.9514563106796117,52
catboost_dropout,inflammation_anemia,no_folate,development_oof,0,0.9951690821256038,0.9967741935483871,0.9959709911361805,620
catboost_dropout,inflammation_anemia,no_folate,development_oof,1,0.9607843137254902,0.9423076923076923,0.9514563106796117,52
catboost_dropout,inflammation_anemia,no_B6,development_oof,0,0.9951690821256038,0.9967741935483871,0.9959709911361805,620
catboost_dropout,inflammation_anemia,no_B6,development_oof,1,0.9607843137254902,0.9423076923076923,0.9514563106796117,52
catboost_dropout,inflammation_anemia,no_copper,development_oof,0,0.9951690821256038,0.9967741935483871,0.9959709911361805,620
catboost_dropout,inflammation_anemia,no_copper,development_oof,1,0.9607843137254902,0.9423076923076923,0.9514563106796117,52
catboost_dropout,inflammation_anemia,no_hemoglobin,development_oof,0,0.9967741935483871,0.9967741935483871,0.9967741935483871,620
catboost_dropout,inflammation_anemia,no_hemoglobin,development_oof,1,0.9615384615384616,0.9615384615384616,0.9615384615384616,52
catboost_dropout,inflammation_anemia,no_demographics,development_oof,0,0.9967741935483871,0.9967741935483871,0.9967741935483871,620
catboost_dropout,inflammation_anemia,no_demographics,development_oof,1,0.9615384615384616,0.9615384615384616,0.9615384615384616,52
logistic_cbc,anemia_class,available,development_oof,B12_deficiency_anemia,0.43859649122807015,0.4807692307692308,0.45871559633027525,52
logistic_cbc,anemia_class,available,development_oof,B12_deficiency_no_anemia,0.38095238095238093,0.4,0.3902439024390244,40
logistic_cbc,anemia_class,available,development_oof,B6_deficiency,0.25,0.14285714285714285,0.18181818181818182,28
logistic_cbc,anemia_class,available,development_oof,anemia_other,0.5081967213114754,0.5166666666666667,0.512396694214876,60
logistic_cbc,anemia_class,available,development_oof,copper_deficiency,0.3333333333333333,0.25,0.2857142857142857,28
logistic_cbc,anemia_class,available,development_oof,folate_deficiency_anemia,0.39473684210526316,0.375,0.38461538461538464,40
logistic_cbc,anemia_class,available,development_oof,folate_deficiency_no_anemia,0.2777777777777778,0.15625,0.2,32
logistic_cbc,anemia_class,available,development_oof,inflammation_anemia,0.5964912280701754,0.6538461538461539,0.6238532110091743,52
logistic_cbc,anemia_class,available,development_oof,iron_deficiency_anemia,0.5368421052631579,0.5543478260869565,0.5454545454545454,92
logistic_cbc,anemia_class,available,development_oof,latent_deficiency,0.6142857142857143,0.6323529411764706,0.6231884057971014,68
logistic_cbc,anemia_class,available,development_oof,mixed_deficiency,0.5393258426966292,0.5217391304347826,0.5303867403314917,92
logistic_cbc,anemia_class,available,development_oof,no_anemia_no_deficiency,0.6759259259259259,0.8295454545454546,0.7448979591836735,88
logistic_cbc,anemia_class,drop30,development_oof,B12_deficiency_anemia,0.5,0.21153846153846154,0.2972972972972973,52
logistic_cbc,anemia_class,drop30,development_oof,B12_deficiency_no_anemia,0.42857142857142855,0.225,0.29508196721311475,40
logistic_cbc,anemia_class,drop30,development_oof,B6_deficiency,0.15384615384615385,0.14285714285714285,0.14814814814814814,28
logistic_cbc,anemia_class,drop30,development_oof,anemia_other,0.28448275862068967,0.55,0.375,60
logistic_cbc,anemia_class,drop30,development_oof,copper_deficiency,0.28,0.25,0.2641509433962264,28
logistic_cbc,anemia_class,drop30,development_oof,folate_deficiency_anemia,0.19047619047619047,0.1,0.13114754098360656,40
logistic_cbc,anemia_class,drop30,development_oof,folate_deficiency_no_anemia,0.20408163265306123,0.3125,0.24691358024691357,32
logistic_cbc,anemia_class,drop30,development_oof,inflammation_anemia,0.4426229508196721,0.5192307692307693,0.4778761061946903,52
logistic_cbc,anemia_class,drop30,development_oof,iron_deficiency_anemia,0.5,0.3804347826086957,0.43209876543209874,92
logistic_cbc,anemia_class,drop30,development_oof,latent_deficiency,0.5142857142857142,0.5294117647058824,0.5217391304347826,68
logistic_cbc,anemia_class,drop30,development_oof,mixed_deficiency,0.3412698412698413,0.4673913043478261,0.3944954128440367,92
logistic_cbc,anemia_class,drop30,development_oof,no_anemia_no_deficiency,0.6615384615384615,0.48863636363636365,0.5620915032679739,88
logistic_cbc,anemia_class,drop60,development_oof,B12_deficiency_anemia,0.6666666666666666,0.07692307692307693,0.13793103448275862,52
logistic_cbc,anemia_class,drop60,development_oof,B12_deficiency_no_anemia,0.2222222222222222,0.05,0.08163265306122448,40
logistic_cbc,anemia_class,drop60,development_oof,B6_deficiency,0.07142857142857142,0.10714285714285714,0.08571428571428572,28
logistic_cbc,anemia_class,drop60,development_oof,anemia_other,0.19337016574585636,0.5833333333333334,0.29045643153526973,60
logistic_cbc,anemia_class,drop60,development_oof,copper_deficiency,0.1111111111111111,0.03571428571428571,0.05405405405405406,28
logistic_cbc,anemia_class,drop60,development_oof,folate_deficiency_anemia,0.5,0.05,0.09090909090909091,40
logistic_cbc,anemia_class,drop60,development_oof,folate_deficiency_no_anemia,0.15384615384615385,0.375,0.21818181818181817,32
logistic_cbc,anemia_class,drop60,development_oof,inflammation_anemia,0.26229508196721313,0.3076923076923077,0.2831858407079646,52
logistic_cbc,anemia_class,drop60,development_oof,iron_deficiency_anemia,0.4098360655737705,0.2717391304347826,0.32679738562091504,92
logistic_cbc,anemia_class,drop60,development_oof,latent_deficiency,0.4225352112676056,0.4411764705882353,0.4316546762589928,68
logistic_cbc,anemia_class,drop60,development_oof,mixed_deficiency,0.3203125,0.44565217391304346,0.37272727272727274,92
logistic_cbc,anemia_class,drop60,development_oof,no_anemia_no_deficiency,0.6363636363636364,0.1590909090909091,0.2545454545454545,88
logistic_cbc,anemia_class,cbc_only,development_oof,B12_deficiency_anemia,0.43859649122807015,0.4807692307692308,0.45871559633027525,52
logistic_cbc,anemia_class,cbc_only,development_oof,B12_deficiency_no_anemia,0.38095238095238093,0.4,0.3902439024390244,40
logistic_cbc,anemia_class,cbc_only,development_oof,B6_deficiency,0.25,0.14285714285714285,0.18181818181818182,28
logistic_cbc,anemia_class,cbc_only,development_oof,anemia_other,0.5081967213114754,0.5166666666666667,0.512396694214876,60
logistic_cbc,anemia_class,cbc_only,development_oof,copper_deficiency,0.3333333333333333,0.25,0.2857142857142857,28
logistic_cbc,anemia_class,cbc_only,development_oof,folate_deficiency_anemia,0.39473684210526316,0.375,0.38461538461538464,40
logistic_cbc,anemia_class,cbc_only,development_oof,folate_deficiency_no_anemia,0.2777777777777778,0.15625,0.2,32
logistic_cbc,anemia_class,cbc_only,development_oof,inflammation_anemia,0.5964912280701754,0.6538461538461539,0.6238532110091743,52
logistic_cbc,anemia_class,cbc_only,development_oof,iron_deficiency_anemia,0.5368421052631579,0.5543478260869565,0.5454545454545454,92
logistic_cbc,anemia_class,cbc_only,development_oof,latent_deficiency,0.6142857142857143,0.6323529411764706,0.6231884057971014,68
logistic_cbc,anemia_class,cbc_only,development_oof,mixed_deficiency,0.5393258426966292,0.5217391304347826,0.5303867403314917,92
logistic_cbc,anemia_class,cbc_only,development_oof,no_anemia_no_deficiency,0.6759259259259259,0.8295454545454546,0.7448979591836735,88
logistic_cbc,anemia_class,hb_only,development_oof,B12_deficiency_anemia,0.0,0.0,0.0,52
logistic_cbc,anemia_class,hb_only,development_oof,B12_deficiency_no_anemia,0.0,0.0,0.0,40
logistic_cbc,anemia_class,hb_only,development_oof,B6_deficiency,0.0,0.0,0.0,28
logistic_cbc,anemia_class,hb_only,development_oof,anemia_other,0.1476510067114094,0.36666666666666664,0.21052631578947367,60
logistic_cbc,anemia_class,hb_only,development_oof,copper_deficiency,0.0,0.0,0.0,28
logistic_cbc,anemia_class,hb_only,development_oof,folate_deficiency_anemia,0.0,0.0,0.0,40
logistic_cbc,anemia_class,hb_only,development_oof,folate_deficiency_no_anemia,0.06976744186046512,0.28125,0.11180124223602485,32
logistic_cbc,anemia_class,hb_only,development_oof,inflammation_anemia,0.0967741935483871,0.057692307692307696,0.07228915662650602,52
logistic_cbc,anemia_class,hb_only,development_oof,iron_deficiency_anemia,0.2318840579710145,0.17391304347826086,0.19875776397515527,92
logistic_cbc,anemia_class,hb_only,development_oof,latent_deficiency,0.3017241379310345,0.5147058823529411,0.3804347826086957,68
logistic_cbc,anemia_class,hb_only,development_oof,mixed_deficiency,0.26506024096385544,0.4782608695652174,0.34108527131782945,92
logistic_cbc,anemia_class,hb_only,development_oof,no_anemia_no_deficiency,0.8333333333333334,0.11363636363636363,0.2,88
logistic_cbc,anemia_class,no_iron,development_oof,B12_deficiency_anemia,0.43859649122807015,0.4807692307692308,0.45871559633027525,52
logistic_cbc,anemia_class,no_iron,development_oof,B12_deficiency_no_anemia,0.38095238095238093,0.4,0.3902439024390244,40
logistic_cbc,anemia_class,no_iron,development_oof,B6_deficiency,0.25,0.14285714285714285,0.18181818181818182,28
logistic_cbc,anemia_class,no_iron,development_oof,anemia_other,0.5081967213114754,0.5166666666666667,0.512396694214876,60
logistic_cbc,anemia_class,no_iron,development_oof,copper_deficiency,0.3333333333333333,0.25,0.2857142857142857,28
logistic_cbc,anemia_class,no_iron,development_oof,folate_deficiency_anemia,0.39473684210526316,0.375,0.38461538461538464,40
logistic_cbc,anemia_class,no_iron,development_oof,folate_deficiency_no_anemia,0.2777777777777778,0.15625,0.2,32
logistic_cbc,anemia_class,no_iron,development_oof,inflammation_anemia,0.5964912280701754,0.6538461538461539,0.6238532110091743,52
logistic_cbc,anemia_class,no_iron,development_oof,iron_deficiency_anemia,0.5368421052631579,0.5543478260869565,0.5454545454545454,92
logistic_cbc,anemia_class,no_iron,development_oof,latent_deficiency,0.6142857142857143,0.6323529411764706,0.6231884057971014,68
logistic_cbc,anemia_class,no_iron,development_oof,mixed_deficiency,0.5393258426966292,0.5217391304347826,0.5303867403314917,92
logistic_cbc,anemia_class,no_iron,development_oof,no_anemia_no_deficiency,0.6759259259259259,0.8295454545454546,0.7448979591836735,88
logistic_cbc,anemia_class,no_B12,development_oof,B12_deficiency_anemia,0.43859649122807015,0.4807692307692308,0.45871559633027525,52
logistic_cbc,anemia_class,no_B12,development_oof,B12_deficiency_no_anemia,0.38095238095238093,0.4,0.3902439024390244,40
logistic_cbc,anemia_class,no_B12,development_oof,B6_deficiency,0.25,0.14285714285714285,0.18181818181818182,28
logistic_cbc,anemia_class,no_B12,development_oof,anemia_other,0.5081967213114754,0.5166666666666667,0.512396694214876,60
logistic_cbc,anemia_class,no_B12,development_oof,copper_deficiency,0.3333333333333333,0.25,0.2857142857142857,28
logistic_cbc,anemia_class,no_B12,development_oof,folate_deficiency_anemia,0.39473684210526316,0.375,0.38461538461538464,40
logistic_cbc,anemia_class,no_B12,development_oof,folate_deficiency_no_anemia,0.2777777777777778,0.15625,0.2,32
logistic_cbc,anemia_class,no_B12,development_oof,inflammation_anemia,0.5964912280701754,0.6538461538461539,0.6238532110091743,52
logistic_cbc,anemia_class,no_B12,development_oof,iron_deficiency_anemia,0.5368421052631579,0.5543478260869565,0.5454545454545454,92
logistic_cbc,anemia_class,no_B12,development_oof,latent_deficiency,0.6142857142857143,0.6323529411764706,0.6231884057971014,68
logistic_cbc,anemia_class,no_B12,development_oof,mixed_deficiency,0.5393258426966292,0.5217391304347826,0.5303867403314917,92
logistic_cbc,anemia_class,no_B12,development_oof,no_anemia_no_deficiency,0.6759259259259259,0.8295454545454546,0.7448979591836735,88
logistic_cbc,anemia_class,no_folate,development_oof,B12_deficiency_anemia,0.43859649122807015,0.4807692307692308,0.45871559633027525,52
logistic_cbc,anemia_class,no_folate,development_oof,B12_deficiency_no_anemia,0.38095238095238093,0.4,0.3902439024390244,40
logistic_cbc,anemia_class,no_folate,development_oof,B6_deficiency,0.25,0.14285714285714285,0.18181818181818182,28
logistic_cbc,anemia_class,no_folate,development_oof,anemia_other,0.5081967213114754,0.5166666666666667,0.512396694214876,60
logistic_cbc,anemia_class,no_folate,development_oof,copper_deficiency,0.3333333333333333,0.25,0.2857142857142857,28
logistic_cbc,anemia_class,no_folate,development_oof,folate_deficiency_anemia,0.39473684210526316,0.375,0.38461538461538464,40
logistic_cbc,anemia_class,no_folate,development_oof,folate_deficiency_no_anemia,0.2777777777777778,0.15625,0.2,32
logistic_cbc,anemia_class,no_folate,development_oof,inflammation_anemia,0.5964912280701754,0.6538461538461539,0.6238532110091743,52
logistic_cbc,anemia_class,no_folate,development_oof,iron_deficiency_anemia,0.5368421052631579,0.5543478260869565,0.5454545454545454,92
logistic_cbc,anemia_class,no_folate,development_oof,latent_deficiency,0.6142857142857143,0.6323529411764706,0.6231884057971014,68
logistic_cbc,anemia_class,no_folate,development_oof,mixed_deficiency,0.5393258426966292,0.5217391304347826,0.5303867403314917,92
logistic_cbc,anemia_class,no_folate,development_oof,no_anemia_no_deficiency,0.6759259259259259,0.8295454545454546,0.7448979591836735,88
logistic_cbc,anemia_class,no_B6,development_oof,B12_deficiency_anemia,0.43859649122807015,0.4807692307692308,0.45871559633027525,52
logistic_cbc,anemia_class,no_B6,development_oof,B12_deficiency_no_anemia,0.38095238095238093,0.4,0.3902439024390244,40
logistic_cbc,anemia_class,no_B6,development_oof,B6_deficiency,0.25,0.14285714285714285,0.18181818181818182,28
logistic_cbc,anemia_class,no_B6,development_oof,anemia_other,0.5081967213114754,0.5166666666666667,0.512396694214876,60
logistic_cbc,anemia_class,no_B6,development_oof,copper_deficiency,0.3333333333333333,0.25,0.2857142857142857,28
logistic_cbc,anemia_class,no_B6,development_oof,folate_deficiency_anemia,0.39473684210526316,0.375,0.38461538461538464,40
logistic_cbc,anemia_class,no_B6,development_oof,folate_deficiency_no_anemia,0.2777777777777778,0.15625,0.2,32
logistic_cbc,anemia_class,no_B6,development_oof,inflammation_anemia,0.5964912280701754,0.6538461538461539,0.6238532110091743,52
logistic_cbc,anemia_class,no_B6,development_oof,iron_deficiency_anemia,0.5368421052631579,0.5543478260869565,0.5454545454545454,92
logistic_cbc,anemia_class,no_B6,development_oof,latent_deficiency,0.6142857142857143,0.6323529411764706,0.6231884057971014,68
logistic_cbc,anemia_class,no_B6,development_oof,mixed_deficiency,0.5393258426966292,0.5217391304347826,0.5303867403314917,92
logistic_cbc,anemia_class,no_B6,development_oof,no_anemia_no_deficiency,0.6759259259259259,0.8295454545454546,0.7448979591836735,88
logistic_cbc,anemia_class,no_copper,development_oof,B12_deficiency_anemia,0.43859649122807015,0.4807692307692308,0.45871559633027525,52
logistic_cbc,anemia_class,no_copper,development_oof,B12_deficiency_no_anemia,0.38095238095238093,0.4,0.3902439024390244,40
logistic_cbc,anemia_class,no_copper,development_oof,B6_deficiency,0.25,0.14285714285714285,0.18181818181818182,28
logistic_cbc,anemia_class,no_copper,development_oof,anemia_other,0.5081967213114754,0.5166666666666667,0.512396694214876,60
logistic_cbc,anemia_class,no_copper,development_oof,copper_deficiency,0.3333333333333333,0.25,0.2857142857142857,28
logistic_cbc,anemia_class,no_copper,development_oof,folate_deficiency_anemia,0.39473684210526316,0.375,0.38461538461538464,40
logistic_cbc,anemia_class,no_copper,development_oof,folate_deficiency_no_anemia,0.2777777777777778,0.15625,0.2,32
logistic_cbc,anemia_class,no_copper,development_oof,inflammation_anemia,0.5964912280701754,0.6538461538461539,0.6238532110091743,52
logistic_cbc,anemia_class,no_copper,development_oof,iron_deficiency_anemia,0.5368421052631579,0.5543478260869565,0.5454545454545454,92
logistic_cbc,anemia_class,no_copper,development_oof,latent_deficiency,0.6142857142857143,0.6323529411764706,0.6231884057971014,68
logistic_cbc,anemia_class,no_copper,development_oof,mixed_deficiency,0.5393258426966292,0.5217391304347826,0.5303867403314917,92
logistic_cbc,anemia_class,no_copper,development_oof,no_anemia_no_deficiency,0.6759259259259259,0.8295454545454546,0.7448979591836735,88
logistic_cbc,anemia_class,no_hemoglobin,development_oof,B12_deficiency_anemia,0.4262295081967213,0.5,0.46017699115044247,52
logistic_cbc,anemia_class,no_hemoglobin,development_oof,B12_deficiency_no_anemia,0.3333333333333333,0.25,0.2857142857142857,40
logistic_cbc,anemia_class,no_hemoglobin,development_oof,B6_deficiency,0.26666666666666666,0.42857142857142855,0.3287671232876712,28
logistic_cbc,anemia_class,no_hemoglobin,development_oof,anemia_other,0.4594594594594595,0.5666666666666667,0.5074626865671642,60
logistic_cbc,anemia_class,no_hemoglobin,development_oof,copper_deficiency,0.24242424242424243,0.2857142857142857,0.26229508196721313,28
logistic_cbc,anemia_class,no_hemoglobin,development_oof,folate_deficiency_anemia,0.3617021276595745,0.425,0.39080459770114945,40
logistic_cbc,anemia_class,no_hemoglobin,development_oof,folate_deficiency_no_anemia,0.25925925925925924,0.21875,0.23728813559322035,32
logistic_cbc,anemia_class,no_hemoglobin,development_oof,inflammation_anemia,0.4861111111111111,0.6730769230769231,0.5645161290322581,52
logistic_cbc,anemia_class,no_hemoglobin,development_oof,iron_deficiency_anemia,0.5204081632653061,0.5543478260869565,0.5368421052631579,92
logistic_cbc,anemia_class,no_hemoglobin,development_oof,latent_deficiency,0.7272727272727273,0.35294117647058826,0.4752475247524752,68
logistic_cbc,anemia_class,no_hemoglobin,development_oof,mixed_deficiency,0.524390243902439,0.4673913043478261,0.4942528735632184,92
logistic_cbc,anemia_class,no_hemoglobin,development_oof,no_anemia_no_deficiency,0.8,0.6363636363636364,0.7088607594936709,88
logistic_cbc,anemia_class,no_demographics,development_oof,B12_deficiency_anemia,0.46551724137931033,0.5192307692307693,0.4909090909090909,52
logistic_cbc,anemia_class,no_demographics,development_oof,B12_deficiency_no_anemia,0.3404255319148936,0.4,0.367816091954023,40
logistic_cbc,anemia_class,no_demographics,development_oof,B6_deficiency,0.2727272727272727,0.10714285714285714,0.15384615384615385,28
logistic_cbc,anemia_class,no_demographics,development_oof,anemia_other,0.5576923076923077,0.48333333333333334,0.5178571428571429,60
logistic_cbc,anemia_class,no_demographics,development_oof,copper_deficiency,0.25,0.21428571428571427,0.23076923076923078,28
logistic_cbc,anemia_class,no_demographics,development_oof,folate_deficiency_anemia,0.5,0.35,0.4117647058823529,40
logistic_cbc,anemia_class,no_demographics,development_oof,folate_deficiency_no_anemia,0.21428571428571427,0.09375,0.13043478260869565,32
logistic_cbc,anemia_class,no_demographics,development_oof,inflammation_anemia,0.6363636363636364,0.6730769230769231,0.6542056074766355,52
logistic_cbc,anemia_class,no_demographics,development_oof,iron_deficiency_anemia,0.48214285714285715,0.5869565217391305,0.5294117647058824,92
logistic_cbc,anemia_class,no_demographics,development_oof,latent_deficiency,0.5844155844155844,0.6617647058823529,0.6206896551724138,68
logistic_cbc,anemia_class,no_demographics,development_oof,mixed_deficiency,0.6153846153846154,0.5217391304347826,0.5647058823529412,92
logistic_cbc,anemia_class,no_demographics,development_oof,no_anemia_no_deficiency,0.6379310344827587,0.8409090909090909,0.7254901960784313,88
logistic_cbc,iron_deficiency,available,development_oof,0,0.8435517970401691,0.908883826879271,0.875,439
logistic_cbc,iron_deficiency,available,development_oof,1,0.7989949748743719,0.6824034334763949,0.7361111111111112,233
logistic_cbc,iron_deficiency,drop30,development_oof,0,0.7768595041322314,0.856492027334852,0.8147345612134345,439
logistic_cbc,iron_deficiency,drop30,development_oof,1,0.6648936170212766,0.5364806866952789,0.5938242280285035,233
logistic_cbc,iron_deficiency,drop60,development_oof,0,0.7269155206286837,0.8428246013667426,0.7805907172995781,439
logistic_cbc,iron_deficiency,drop60,development_oof,1,0.5766871165644172,0.4034334763948498,0.47474747474747475,233
logistic_cbc,iron_deficiency,cbc_only,development_oof,0,0.8435517970401691,0.908883826879271,0.875,439
logistic_cbc,iron_deficiency,cbc_only,development_oof,1,0.7989949748743719,0.6824034334763949,0.7361111111111112,233
logistic_cbc,iron_deficiency,hb_only,development_oof,0,0.6325301204819277,0.7175398633257403,0.6723585912486659,439
logistic_cbc,iron_deficiency,hb_only,development_oof,1,0.28735632183908044,0.2145922746781116,0.2457002457002457,233
logistic_cbc,iron_deficiency,no_iron,development_oof,0,0.8435517970401691,0.908883826879271,0.875,439
logistic_cbc,iron_deficiency,no_iron,development_oof,1,0.7989949748743719,0.6824034334763949,0.7361111111111112,233
logistic_cbc,iron_deficiency,no_B12,development_oof,0,0.8435517970401691,0.908883826879271,0.875,439
logistic_cbc,iron_deficiency,no_B12,development_oof,1,0.7989949748743719,0.6824034334763949,0.7361111111111112,233
logistic_cbc,iron_deficiency,no_folate,development_oof,0,0.8435517970401691,0.908883826879271,0.875,439
logistic_cbc,iron_deficiency,no_folate,development_oof,1,0.7989949748743719,0.6824034334763949,0.7361111111111112,233
logistic_cbc,iron_deficiency,no_B6,development_oof,0,0.8435517970401691,0.908883826879271,0.875,439
logistic_cbc,iron_deficiency,no_B6,development_oof,1,0.7989949748743719,0.6824034334763949,0.7361111111111112,233
logistic_cbc,iron_deficiency,no_copper,development_oof,0,0.8435517970401691,0.908883826879271,0.875,439
logistic_cbc,iron_deficiency,no_copper,development_oof,1,0.7989949748743719,0.6824034334763949,0.7361111111111112,233
logistic_cbc,iron_deficiency,no_hemoglobin,development_oof,0,0.8315789473684211,0.8997722095671982,0.8643326039387309,439
logistic_cbc,iron_deficiency,no_hemoglobin,development_oof,1,0.7766497461928934,0.6566523605150214,0.7116279069767442,233
logistic_cbc,iron_deficiency,no_demographics,development_oof,0,0.8509719222462203,0.89749430523918,0.8736141906873615,439
logistic_cbc,iron_deficiency,no_demographics,development_oof,1,0.784688995215311,0.703862660944206,0.7420814479638009,233
logistic_cbc,B12_deficiency,available,development_oof,0,0.8517857142857143,0.9226305609284333,0.8857938718662952,517
logistic_cbc,B12_deficiency,available,development_oof,1,0.6428571428571429,0.4645161290322581,0.5393258426966292,155
logistic_cbc,B12_deficiency,drop30,development_oof,0,0.8109452736318408,0.9458413926499033,0.8732142857142857,517
logistic_cbc,B12_deficiency,drop30,development_oof,1,0.5942028985507246,0.2645161290322581,0.36607142857142855,155
logistic_cbc,B12_deficiency,drop60,development_oof,0,0.7841614906832298,0.97678916827853,0.8699397071490095,517
logistic_cbc,B12_deficiency,drop60,development_oof,1,0.5714285714285714,0.1032258064516129,0.17486338797814208,155
logistic_cbc,B12_deficiency,cbc_only,development_oof,0,0.8517857142857143,0.9226305609284333,0.8857938718662952,517
logistic_cbc,B12_deficiency,cbc_only,development_oof,1,0.6428571428571429,0.4645161290322581,0.5393258426966292,155
logistic_cbc,B12_deficiency,hb_only,development_oof,0,0.7693452380952381,1.0,0.8696383515559294,517
logistic_cbc,B12_deficiency,hb_only,development_oof,1,0.0,0.0,0.0,155
logistic_cbc,B12_deficiency,no_iron,development_oof,0,0.8517857142857143,0.9226305609284333,0.8857938718662952,517
logistic_cbc,B12_deficiency,no_iron,development_oof,1,0.6428571428571429,0.4645161290322581,0.5393258426966292,155
logistic_cbc,B12_deficiency,no_B12,development_oof,0,0.8517857142857143,0.9226305609284333,0.8857938718662952,517
logistic_cbc,B12_deficiency,no_B12,development_oof,1,0.6428571428571429,0.4645161290322581,0.5393258426966292,155
logistic_cbc,B12_deficiency,no_folate,development_oof,0,0.8517857142857143,0.9226305609284333,0.8857938718662952,517
logistic_cbc,B12_deficiency,no_folate,development_oof,1,0.6428571428571429,0.4645161290322581,0.5393258426966292,155
logistic_cbc,B12_deficiency,no_B6,development_oof,0,0.8517857142857143,0.9226305609284333,0.8857938718662952,517
logistic_cbc,B12_deficiency,no_B6,development_oof,1,0.6428571428571429,0.4645161290322581,0.5393258426966292,155
logistic_cbc,B12_deficiency,no_copper,development_oof,0,0.8517857142857143,0.9226305609284333,0.8857938718662952,517
logistic_cbc,B12_deficiency,no_copper,development_oof,1,0.6428571428571429,0.4645161290322581,0.5393258426966292,155
logistic_cbc,B12_deficiency,no_hemoglobin,development_oof,0,0.8553345388788427,0.9148936170212766,0.8841121495327103,517
logistic_cbc,B12_deficiency,no_hemoglobin,development_oof,1,0.6302521008403361,0.4838709677419355,0.5474452554744526,155
logistic_cbc,B12_deficiency,no_demographics,development_oof,0,0.853309481216458,0.9226305609284333,0.8866171003717472,517
logistic_cbc,B12_deficiency,no_demographics,development_oof,1,0.6460176991150443,0.47096774193548385,0.5447761194029851,155
logistic_cbc,folate_deficiency,available,development_oof,0,0.8370607028753994,0.9492753623188406,0.8896434634974533,552
logistic_cbc,folate_deficiency,available,development_oof,1,0.391304347826087,0.15,0.21686746987951808,120
logistic_cbc,folate_deficiency,drop30,development_oof,0,0.8291925465838509,0.967391304347826,0.8929765886287625,552
logistic_cbc,folate_deficiency,drop30,development_oof,1,0.35714285714285715,0.08333333333333333,0.13513513513513514,120
logistic_cbc,folate_deficiency,drop60,development_oof,0,0.8249619482496194,0.9818840579710145,0.8966087675765095,552
logistic_cbc,folate_deficiency,drop60,development_oof,1,0.3333333333333333,0.041666666666666664,0.07407407407407407,120
logistic_cbc,folate_deficiency,cbc_only,development_oof,0,0.8370607028753994,0.9492753623188406,0.8896434634974533,552
logistic_cbc,folate_deficiency,cbc_only,development_oof,1,0.391304347826087,0.15,0.21686746987951808,120
logistic_cbc,folate_deficiency,hb_only,development_oof,0,0.8214285714285714,1.0,0.9019607843137255,552
logistic_cbc,folate_deficiency,hb_only,development_oof,1,0.0,0.0,0.0,120
logistic_cbc,folate_deficiency,no_iron,development_oof,0,0.8370607028753994,0.9492753623188406,0.8896434634974533,552
logistic_cbc,folate_deficiency,no_iron,development_oof,1,0.391304347826087,0.15,0.21686746987951808,120
logistic_cbc,folate_deficiency,no_B12,development_oof,0,0.8370607028753994,0.9492753623188406,0.8896434634974533,552
logistic_cbc,folate_deficiency,no_B12,development_oof,1,0.391304347826087,0.15,0.21686746987951808,120
logistic_cbc,folate_deficiency,no_folate,development_oof,0,0.8370607028753994,0.9492753623188406,0.8896434634974533,552
logistic_cbc,folate_deficiency,no_folate,development_oof,1,0.391304347826087,0.15,0.21686746987951808,120
logistic_cbc,folate_deficiency,no_B6,development_oof,0,0.8370607028753994,0.9492753623188406,0.8896434634974533,552
logistic_cbc,folate_deficiency,no_B6,development_oof,1,0.391304347826087,0.15,0.21686746987951808,120
logistic_cbc,folate_deficiency,no_copper,development_oof,0,0.8370607028753994,0.9492753623188406,0.8896434634974533,552
logistic_cbc,folate_deficiency,no_copper,development_oof,1,0.391304347826087,0.15,0.21686746987951808,120
logistic_cbc,folate_deficiency,no_hemoglobin,development_oof,0,0.8462783171521036,0.947463768115942,0.8940170940170941,552
logistic_cbc,folate_deficiency,no_hemoglobin,development_oof,1,0.46296296296296297,0.20833333333333334,0.28735632183908044,120
logistic_cbc,folate_deficiency,no_demographics,development_oof,0,0.8322784810126582,0.9528985507246377,0.8885135135135135,552
logistic_cbc,folate_deficiency,no_demographics,development_oof,1,0.35,0.11666666666666667,0.175,120
logistic_cbc,B6_deficiency,available,development_oof,0,0.9582712369597616,0.9984472049689441,0.9779467680608365,644
logistic_cbc,B6_deficiency,available,development_oof,1,0.0,0.0,0.0,28
logistic_cbc,B6_deficiency,drop30,development_oof,0,0.9582712369597616,0.9984472049689441,0.9779467680608365,644
logistic_cbc,B6_deficiency,drop30,development_oof,1,0.0,0.0,0.0,28
logistic_cbc,B6_deficiency,drop60,development_oof,0,0.9582089552238806,0.9968944099378882,0.9771689497716894,644
logistic_cbc,B6_deficiency,drop60,development_oof,1,0.0,0.0,0.0,28
logistic_cbc,B6_deficiency,cbc_only,development_oof,0,0.9582712369597616,0.9984472049689441,0.9779467680608365,644
logistic_cbc,B6_deficiency,cbc_only,development_oof,1,0.0,0.0,0.0,28
logistic_cbc,B6_deficiency,hb_only,development_oof,0,0.9583333333333334,1.0,0.9787234042553191,644
logistic_cbc,B6_deficiency,hb_only,development_oof,1,0.0,0.0,0.0,28
logistic_cbc,B6_deficiency,no_iron,development_oof,0,0.9582712369597616,0.9984472049689441,0.9779467680608365,644
logistic_cbc,B6_deficiency,no_iron,development_oof,1,0.0,0.0,0.0,28
logistic_cbc,B6_deficiency,no_B12,development_oof,0,0.9582712369597616,0.9984472049689441,0.9779467680608365,644
logistic_cbc,B6_deficiency,no_B12,development_oof,1,0.0,0.0,0.0,28
logistic_cbc,B6_deficiency,no_folate,development_oof,0,0.9582712369597616,0.9984472049689441,0.9779467680608365,644
logistic_cbc,B6_deficiency,no_folate,development_oof,1,0.0,0.0,0.0,28
logistic_cbc,B6_deficiency,no_B6,development_oof,0,0.9582712369597616,0.9984472049689441,0.9779467680608365,644
logistic_cbc,B6_deficiency,no_B6,development_oof,1,0.0,0.0,0.0,28
logistic_cbc,B6_deficiency,no_copper,development_oof,0,0.9582712369597616,0.9984472049689441,0.9779467680608365,644
logistic_cbc,B6_deficiency,no_copper,development_oof,1,0.0,0.0,0.0,28
logistic_cbc,B6_deficiency,no_hemoglobin,development_oof,0,0.9582712369597616,0.9984472049689441,0.9779467680608365,644
logistic_cbc,B6_deficiency,no_hemoglobin,development_oof,1,0.0,0.0,0.0,28
logistic_cbc,B6_deficiency,no_demographics,development_oof,0,0.9582712369597616,0.9984472049689441,0.9779467680608365,644
logistic_cbc,B6_deficiency,no_demographics,development_oof,1,0.0,0.0,0.0,28
logistic_cbc,copper_deficiency,available,development_oof,0,0.9596412556053812,0.9968944099378882,0.9779131759329779,644
logistic_cbc,copper_deficiency,available,development_oof,1,0.3333333333333333,0.03571428571428571,0.06451612903225806,28
logistic_cbc,copper_deficiency,drop30,development_oof,0,0.9583333333333334,1.0,0.9787234042553191,644
logistic_cbc,copper_deficiency,drop30,development_oof,1,0.0,0.0,0.0,28
logistic_cbc,copper_deficiency,drop60,development_oof,0,0.9583333333333334,1.0,0.9787234042553191,644
logistic_cbc,copper_deficiency,drop60,development_oof,1,0.0,0.0,0.0,28
logistic_cbc,copper_deficiency,cbc_only,development_oof,0,0.9596412556053812,0.9968944099378882,0.9779131759329779,644
logistic_cbc,copper_deficiency,cbc_only,development_oof,1,0.3333333333333333,0.03571428571428571,0.06451612903225806,28
logistic_cbc,copper_deficiency,hb_only,development_oof,0,0.9583333333333334,1.0,0.9787234042553191,644
logistic_cbc,copper_deficiency,hb_only,development_oof,1,0.0,0.0,0.0,28
logistic_cbc,copper_deficiency,no_iron,development_oof,0,0.9596412556053812,0.9968944099378882,0.9779131759329779,644
logistic_cbc,copper_deficiency,no_iron,development_oof,1,0.3333333333333333,0.03571428571428571,0.06451612903225806,28
logistic_cbc,copper_deficiency,no_B12,development_oof,0,0.9596412556053812,0.9968944099378882,0.9779131759329779,644
logistic_cbc,copper_deficiency,no_B12,development_oof,1,0.3333333333333333,0.03571428571428571,0.06451612903225806,28
logistic_cbc,copper_deficiency,no_folate,development_oof,0,0.9596412556053812,0.9968944099378882,0.9779131759329779,644
logistic_cbc,copper_deficiency,no_folate,development_oof,1,0.3333333333333333,0.03571428571428571,0.06451612903225806,28
logistic_cbc,copper_deficiency,no_B6,development_oof,0,0.9596412556053812,0.9968944099378882,0.9779131759329779,644
logistic_cbc,copper_deficiency,no_B6,development_oof,1,0.3333333333333333,0.03571428571428571,0.06451612903225806,28
logistic_cbc,copper_deficiency,no_copper,development_oof,0,0.9596412556053812,0.9968944099378882,0.9779131759329779,644
logistic_cbc,copper_deficiency,no_copper,development_oof,1,0.3333333333333333,0.03571428571428571,0.06451612903225806,28
logistic_cbc,copper_deficiency,no_hemoglobin,development_oof,0,0.9596412556053812,0.9968944099378882,0.9779131759329779,644
logistic_cbc,copper_deficiency,no_hemoglobin,development_oof,1,0.3333333333333333,0.03571428571428571,0.06451612903225806,28
logistic_cbc,copper_deficiency,no_demographics,development_oof,0,0.9596412556053812,0.9968944099378882,0.9779131759329779,644
logistic_cbc,copper_deficiency,no_demographics,development_oof,1,0.3333333333333333,0.03571428571428571,0.06451612903225806,28
logistic_cbc,inflammation_anemia,available,development_oof,0,0.9472868217054263,0.9854838709677419,0.9660079051383399,620
logistic_cbc,inflammation_anemia,available,development_oof,1,0.6666666666666666,0.34615384615384615,0.45569620253164556,52
logistic_cbc,inflammation_anemia,drop30,development_oof,0,0.9304084720121029,0.9919354838709677,0.9601873536299765,620
logistic_cbc,inflammation_anemia,drop30,development_oof,1,0.5454545454545454,0.11538461538461539,0.19047619047619047,52
logistic_cbc,inflammation_anemia,drop60,development_oof,0,0.9235382308845578,0.9935483870967742,0.9572649572649573,620
logistic_cbc,inflammation_anemia,drop60,development_oof,1,0.2,0.019230769230769232,0.03508771929824561,52
logistic_cbc,inflammation_anemia,cbc_only,development_oof,0,0.9472868217054263,0.9854838709677419,0.9660079051383399,620
logistic_cbc,inflammation_anemia,cbc_only,development_oof,1,0.6666666666666666,0.34615384615384615,0.45569620253164556,52
logistic_cbc,inflammation_anemia,hb_only,development_oof,0,0.9226190476190477,1.0,0.9597523219814241,620
logistic_cbc,inflammation_anemia,hb_only,development_oof,1,0.0,0.0,0.0,52
logistic_cbc,inflammation_anemia,no_iron,development_oof,0,0.9472868217054263,0.9854838709677419,0.9660079051383399,620
logistic_cbc,inflammation_anemia,no_iron,development_oof,1,0.6666666666666666,0.34615384615384615,0.45569620253164556,52
logistic_cbc,inflammation_anemia,no_B12,development_oof,0,0.9472868217054263,0.9854838709677419,0.9660079051383399,620
logistic_cbc,inflammation_anemia,no_B12,development_oof,1,0.6666666666666666,0.34615384615384615,0.45569620253164556,52
logistic_cbc,inflammation_anemia,no_folate,development_oof,0,0.9472868217054263,0.9854838709677419,0.9660079051383399,620
logistic_cbc,inflammation_anemia,no_folate,development_oof,1,0.6666666666666666,0.34615384615384615,0.45569620253164556,52
logistic_cbc,inflammation_anemia,no_B6,development_oof,0,0.9472868217054263,0.9854838709677419,0.9660079051383399,620
logistic_cbc,inflammation_anemia,no_B6,development_oof,1,0.6666666666666666,0.34615384615384615,0.45569620253164556,52
logistic_cbc,inflammation_anemia,no_copper,development_oof,0,0.9472868217054263,0.9854838709677419,0.9660079051383399,620
logistic_cbc,inflammation_anemia,no_copper,development_oof,1,0.6666666666666666,0.34615384615384615,0.45569620253164556,52
logistic_cbc,inflammation_anemia,no_hemoglobin,development_oof,0,0.9456521739130435,0.9822580645161291,0.9636075949367089,620
logistic_cbc,inflammation_anemia,no_hemoglobin,development_oof,1,0.6071428571428571,0.3269230769230769,0.425,52
logistic_cbc,inflammation_anemia,no_demographics,development_oof,0,0.9444444444444444,0.9870967741935484,0.9652996845425867,620
logistic_cbc,inflammation_anemia,no_demographics,development_oof,1,0.6666666666666666,0.3076923076923077,0.42105263157894735,52
extra_trees_cbc,anemia_class,available,development_oof,B12_deficiency_anemia,0.49230769230769234,0.6153846153846154,0.5470085470085471,52
extra_trees_cbc,anemia_class,available,development_oof,B12_deficiency_no_anemia,0.4583333333333333,0.55,0.5,40
extra_trees_cbc,anemia_class,available,development_oof,B6_deficiency,0.4444444444444444,0.14285714285714285,0.21621621621621623,28
extra_trees_cbc,anemia_class,available,development_oof,anemia_other,0.48717948717948717,0.6333333333333333,0.5507246376811594,60
extra_trees_cbc,anemia_class,available,development_oof,copper_deficiency,1.0,0.03571428571428571,0.06896551724137931,28
extra_trees_cbc,anemia_class,available,development_oof,folate_deficiency_anemia,0.4722222222222222,0.425,0.4473684210526316,40
extra_trees_cbc,anemia_class,available,development_oof,folate_deficiency_no_anemia,0.23076923076923078,0.09375,0.13333333333333333,32
extra_trees_cbc,anemia_class,available,development_oof,inflammation_anemia,0.5283018867924528,0.5384615384615384,0.5333333333333333,52
extra_trees_cbc,anemia_class,available,development_oof,iron_deficiency_anemia,0.6,0.5869565217391305,0.5934065934065934,92
extra_trees_cbc,anemia_class,available,development_oof,latent_deficiency,0.6857142857142857,0.7058823529411765,0.6956521739130435,68
extra_trees_cbc,anemia_class,available,development_oof,mixed_deficiency,0.5684210526315789,0.5869565217391305,0.5775401069518716,92
extra_trees_cbc,anemia_class,available,development_oof,no_anemia_no_deficiency,0.6754385964912281,0.875,0.7623762376237624,88
extra_trees_cbc,anemia_class,drop30,development_oof,B12_deficiency_anemia,0.4666666666666667,0.2692307692307692,0.34146341463414637,52
extra_trees_cbc,anemia_class,drop30,development_oof,B12_deficiency_no_anemia,0.3902439024390244,0.4,0.3950617283950617,40
extra_trees_cbc,anemia_class,drop30,development_oof,B6_deficiency,0.0,0.0,0.0,28
extra_trees_cbc,anemia_class,drop30,development_oof,anemia_other,0.23684210526315788,0.75,0.36,60
extra_trees_cbc,anemia_class,drop30,development_oof,copper_deficiency,0.3333333333333333,0.07142857142857142,0.11764705882352941,28
extra_trees_cbc,anemia_class,drop30,development_oof,folate_deficiency_anemia,0.48,0.3,0.36923076923076925,40
extra_trees_cbc,anemia_class,drop30,development_oof,folate_deficiency_no_anemia,0.23076923076923078,0.09375,0.13333333333333333,32
extra_trees_cbc,anemia_class,drop30,development_oof,inflammation_anemia,0.3582089552238806,0.46153846153846156,0.40336134453781514,52
extra_trees_cbc,anemia_class,drop30,development_oof,iron_deficiency_anemia,0.5797101449275363,0.43478260869565216,0.4968944099378882,92
extra_trees_cbc,anemia_class,drop30,development_oof,latent_deficiency,0.5573770491803278,0.5,0.5271317829457365,68
extra_trees_cbc,anemia_class,drop30,development_oof,mixed_deficiency,0.40860215053763443,0.41304347826086957,0.41081081081081083,92
extra_trees_cbc,anemia_class,drop30,development_oof,no_anemia_no_deficiency,0.6266666666666667,0.5340909090909091,0.5766871165644172,88
extra_trees_cbc,anemia_class,drop60,development_oof,B12_deficiency_anemia,0.625,0.09615384615384616,0.16666666666666666,52
extra_trees_cbc,anemia_class,drop60,development_oof,B12_deficiency_no_anemia,0.34782608695652173,0.2,0.25396825396825395,40
extra_trees_cbc,anemia_class,drop60,development_oof,B6_deficiency,0.0,0.0,0.0,28
extra_trees_cbc,anemia_class,drop60,development_oof,anemia_other,0.14285714285714285,0.8833333333333333,0.2459396751740139,60
extra_trees_cbc,anemia_class,drop60,development_oof,copper_deficiency,1.0,0.03571428571428571,0.06896551724137931,28
extra_trees_cbc,anemia_class,drop60,development_oof,folate_deficiency_anemia,0.4375,0.175,0.25,40
extra_trees_cbc,anemia_class,drop60,development_oof,folate_deficiency_no_anemia,0.14285714285714285,0.03125,0.05128205128205128,32
extra_trees_cbc,anemia_class,drop60,development_oof,inflammation_anemia,0.2641509433962264,0.2692307692307692,0.26666666666666666,52
extra_trees_cbc,anemia_class,drop60,development_oof,iron_deficiency_anemia,0.42105263157894735,0.2608695652173913,0.3221476510067114,92
extra_trees_cbc,anemia_class,drop60,development_oof,latent_deficiency,0.5714285714285714,0.35294117647058826,0.43636363636363634,68
extra_trees_cbc,anemia_class,drop60,development_oof,mixed_deficiency,0.3793103448275862,0.2391304347826087,0.29333333333333333,92
extra_trees_cbc,anemia_class,drop60,development_oof,no_anemia_no_deficiency,0.5,0.20454545454545456,0.2903225806451613,88
extra_trees_cbc,anemia_class,cbc_only,development_oof,B12_deficiency_anemia,0.49230769230769234,0.6153846153846154,0.5470085470085471,52
extra_trees_cbc,anemia_class,cbc_only,development_oof,B12_deficiency_no_anemia,0.4583333333333333,0.55,0.5,40
extra_trees_cbc,anemia_class,cbc_only,development_oof,B6_deficiency,0.4444444444444444,0.14285714285714285,0.21621621621621623,28
extra_trees_cbc,anemia_class,cbc_only,development_oof,anemia_other,0.48717948717948717,0.6333333333333333,0.5507246376811594,60
extra_trees_cbc,anemia_class,cbc_only,development_oof,copper_deficiency,1.0,0.03571428571428571,0.06896551724137931,28
extra_trees_cbc,anemia_class,cbc_only,development_oof,folate_deficiency_anemia,0.4722222222222222,0.425,0.4473684210526316,40
extra_trees_cbc,anemia_class,cbc_only,development_oof,folate_deficiency_no_anemia,0.23076923076923078,0.09375,0.13333333333333333,32
extra_trees_cbc,anemia_class,cbc_only,development_oof,inflammation_anemia,0.5283018867924528,0.5384615384615384,0.5333333333333333,52
extra_trees_cbc,anemia_class,cbc_only,development_oof,iron_deficiency_anemia,0.6,0.5869565217391305,0.5934065934065934,92
extra_trees_cbc,anemia_class,cbc_only,development_oof,latent_deficiency,0.6857142857142857,0.7058823529411765,0.6956521739130435,68
extra_trees_cbc,anemia_class,cbc_only,development_oof,mixed_deficiency,0.5684210526315789,0.5869565217391305,0.5775401069518716,92
extra_trees_cbc,anemia_class,cbc_only,development_oof,no_anemia_no_deficiency,0.6754385964912281,0.875,0.7623762376237624,88
extra_trees_cbc,anemia_class,hb_only,development_oof,B12_deficiency_anemia,0.0,0.0,0.0,52
extra_trees_cbc,anemia_class,hb_only,development_oof,B12_deficiency_no_anemia,0.13333333333333333,0.3,0.18461538461538463,40
extra_trees_cbc,anemia_class,hb_only,development_oof,B6_deficiency,0.0,0.0,0.0,28
extra_trees_cbc,anemia_class,hb_only,development_oof,anemia_other,0.12526096033402923,1.0,0.22263450834879406,60
extra_trees_cbc,anemia_class,hb_only,development_oof,copper_deficiency,0.0,0.0,0.0,28
extra_trees_cbc,anemia_class,hb_only,development_oof,folate_deficiency_anemia,0.0,0.0,0.0,40
extra_trees_cbc,anemia_class,hb_only,development_oof,folate_deficiency_no_anemia,0.2,0.03125,0.05405405405405406,32
extra_trees_cbc,anemia_class,hb_only,development_oof,inflammation_anemia,0.0,0.0,0.0,52
extra_trees_cbc,anemia_class,hb_only,development_oof,iron_deficiency_anemia,0.0,0.0,0.0,92
extra_trees_cbc,anemia_class,hb_only,development_oof,latent_deficiency,0.21052631578947367,0.058823529411764705,0.09195402298850575,68
extra_trees_cbc,anemia_class,hb_only,development_oof,mixed_deficiency,0.0,0.0,0.0,92
extra_trees_cbc,anemia_class,hb_only,development_oof,no_anemia_no_deficiency,0.4358974358974359,0.38636363636363635,0.40963855421686746,88
extra_trees_cbc,anemia_class,no_iron,development_oof,B12_deficiency_anemia,0.49230769230769234,0.6153846153846154,0.5470085470085471,52
extra_trees_cbc,anemia_class,no_iron,development_oof,B12_deficiency_no_anemia,0.4583333333333333,0.55,0.5,40
extra_trees_cbc,anemia_class,no_iron,development_oof,B6_deficiency,0.4444444444444444,0.14285714285714285,0.21621621621621623,28
extra_trees_cbc,anemia_class,no_iron,development_oof,anemia_other,0.48717948717948717,0.6333333333333333,0.5507246376811594,60
extra_trees_cbc,anemia_class,no_iron,development_oof,copper_deficiency,1.0,0.03571428571428571,0.06896551724137931,28
extra_trees_cbc,anemia_class,no_iron,development_oof,folate_deficiency_anemia,0.4722222222222222,0.425,0.4473684210526316,40
extra_trees_cbc,anemia_class,no_iron,development_oof,folate_deficiency_no_anemia,0.23076923076923078,0.09375,0.13333333333333333,32
extra_trees_cbc,anemia_class,no_iron,development_oof,inflammation_anemia,0.5283018867924528,0.5384615384615384,0.5333333333333333,52
extra_trees_cbc,anemia_class,no_iron,development_oof,iron_deficiency_anemia,0.6,0.5869565217391305,0.5934065934065934,92
extra_trees_cbc,anemia_class,no_iron,development_oof,latent_deficiency,0.6857142857142857,0.7058823529411765,0.6956521739130435,68
extra_trees_cbc,anemia_class,no_iron,development_oof,mixed_deficiency,0.5684210526315789,0.5869565217391305,0.5775401069518716,92
extra_trees_cbc,anemia_class,no_iron,development_oof,no_anemia_no_deficiency,0.6754385964912281,0.875,0.7623762376237624,88
extra_trees_cbc,anemia_class,no_B12,development_oof,B12_deficiency_anemia,0.49230769230769234,0.6153846153846154,0.5470085470085471,52
extra_trees_cbc,anemia_class,no_B12,development_oof,B12_deficiency_no_anemia,0.4583333333333333,0.55,0.5,40
extra_trees_cbc,anemia_class,no_B12,development_oof,B6_deficiency,0.4444444444444444,0.14285714285714285,0.21621621621621623,28
extra_trees_cbc,anemia_class,no_B12,development_oof,anemia_other,0.48717948717948717,0.6333333333333333,0.5507246376811594,60
extra_trees_cbc,anemia_class,no_B12,development_oof,copper_deficiency,1.0,0.03571428571428571,0.06896551724137931,28
extra_trees_cbc,anemia_class,no_B12,development_oof,folate_deficiency_anemia,0.4722222222222222,0.425,0.4473684210526316,40
extra_trees_cbc,anemia_class,no_B12,development_oof,folate_deficiency_no_anemia,0.23076923076923078,0.09375,0.13333333333333333,32
extra_trees_cbc,anemia_class,no_B12,development_oof,inflammation_anemia,0.5283018867924528,0.5384615384615384,0.5333333333333333,52
extra_trees_cbc,anemia_class,no_B12,development_oof,iron_deficiency_anemia,0.6,0.5869565217391305,0.5934065934065934,92
extra_trees_cbc,anemia_class,no_B12,development_oof,latent_deficiency,0.6857142857142857,0.7058823529411765,0.6956521739130435,68
extra_trees_cbc,anemia_class,no_B12,development_oof,mixed_deficiency,0.5684210526315789,0.5869565217391305,0.5775401069518716,92
extra_trees_cbc,anemia_class,no_B12,development_oof,no_anemia_no_deficiency,0.6754385964912281,0.875,0.7623762376237624,88
extra_trees_cbc,anemia_class,no_folate,development_oof,B12_deficiency_anemia,0.49230769230769234,0.6153846153846154,0.5470085470085471,52
extra_trees_cbc,anemia_class,no_folate,development_oof,B12_deficiency_no_anemia,0.4583333333333333,0.55,0.5,40
extra_trees_cbc,anemia_class,no_folate,development_oof,B6_deficiency,0.4444444444444444,0.14285714285714285,0.21621621621621623,28
extra_trees_cbc,anemia_class,no_folate,development_oof,anemia_other,0.48717948717948717,0.6333333333333333,0.5507246376811594,60
extra_trees_cbc,anemia_class,no_folate,development_oof,copper_deficiency,1.0,0.03571428571428571,0.06896551724137931,28
extra_trees_cbc,anemia_class,no_folate,development_oof,folate_deficiency_anemia,0.4722222222222222,0.425,0.4473684210526316,40
extra_trees_cbc,anemia_class,no_folate,development_oof,folate_deficiency_no_anemia,0.23076923076923078,0.09375,0.13333333333333333,32
extra_trees_cbc,anemia_class,no_folate,development_oof,inflammation_anemia,0.5283018867924528,0.5384615384615384,0.5333333333333333,52
extra_trees_cbc,anemia_class,no_folate,development_oof,iron_deficiency_anemia,0.6,0.5869565217391305,0.5934065934065934,92
extra_trees_cbc,anemia_class,no_folate,development_oof,latent_deficiency,0.6857142857142857,0.7058823529411765,0.6956521739130435,68
extra_trees_cbc,anemia_class,no_folate,development_oof,mixed_deficiency,0.5684210526315789,0.5869565217391305,0.5775401069518716,92
extra_trees_cbc,anemia_class,no_folate,development_oof,no_anemia_no_deficiency,0.6754385964912281,0.875,0.7623762376237624,88
extra_trees_cbc,anemia_class,no_B6,development_oof,B12_deficiency_anemia,0.49230769230769234,0.6153846153846154,0.5470085470085471,52
extra_trees_cbc,anemia_class,no_B6,development_oof,B12_deficiency_no_anemia,0.4583333333333333,0.55,0.5,40
extra_trees_cbc,anemia_class,no_B6,development_oof,B6_deficiency,0.4444444444444444,0.14285714285714285,0.21621621621621623,28
extra_trees_cbc,anemia_class,no_B6,development_oof,anemia_other,0.48717948717948717,0.6333333333333333,0.5507246376811594,60
extra_trees_cbc,anemia_class,no_B6,development_oof,copper_deficiency,1.0,0.03571428571428571,0.06896551724137931,28
extra_trees_cbc,anemia_class,no_B6,development_oof,folate_deficiency_anemia,0.4722222222222222,0.425,0.4473684210526316,40
extra_trees_cbc,anemia_class,no_B6,development_oof,folate_deficiency_no_anemia,0.23076923076923078,0.09375,0.13333333333333333,32
extra_trees_cbc,anemia_class,no_B6,development_oof,inflammation_anemia,0.5283018867924528,0.5384615384615384,0.5333333333333333,52
extra_trees_cbc,anemia_class,no_B6,development_oof,iron_deficiency_anemia,0.6,0.5869565217391305,0.5934065934065934,92
extra_trees_cbc,anemia_class,no_B6,development_oof,latent_deficiency,0.6857142857142857,0.7058823529411765,0.6956521739130435,68
extra_trees_cbc,anemia_class,no_B6,development_oof,mixed_deficiency,0.5684210526315789,0.5869565217391305,0.5775401069518716,92
extra_trees_cbc,anemia_class,no_B6,development_oof,no_anemia_no_deficiency,0.6754385964912281,0.875,0.7623762376237624,88
extra_trees_cbc,anemia_class,no_copper,development_oof,B12_deficiency_anemia,0.49230769230769234,0.6153846153846154,0.5470085470085471,52
extra_trees_cbc,anemia_class,no_copper,development_oof,B12_deficiency_no_anemia,0.4583333333333333,0.55,0.5,40
extra_trees_cbc,anemia_class,no_copper,development_oof,B6_deficiency,0.4444444444444444,0.14285714285714285,0.21621621621621623,28
extra_trees_cbc,anemia_class,no_copper,development_oof,anemia_other,0.48717948717948717,0.6333333333333333,0.5507246376811594,60
extra_trees_cbc,anemia_class,no_copper,development_oof,copper_deficiency,1.0,0.03571428571428571,0.06896551724137931,28
extra_trees_cbc,anemia_class,no_copper,development_oof,folate_deficiency_anemia,0.4722222222222222,0.425,0.4473684210526316,40
extra_trees_cbc,anemia_class,no_copper,development_oof,folate_deficiency_no_anemia,0.23076923076923078,0.09375,0.13333333333333333,32
extra_trees_cbc,anemia_class,no_copper,development_oof,inflammation_anemia,0.5283018867924528,0.5384615384615384,0.5333333333333333,52
extra_trees_cbc,anemia_class,no_copper,development_oof,iron_deficiency_anemia,0.6,0.5869565217391305,0.5934065934065934,92
extra_trees_cbc,anemia_class,no_copper,development_oof,latent_deficiency,0.6857142857142857,0.7058823529411765,0.6956521739130435,68
extra_trees_cbc,anemia_class,no_copper,development_oof,mixed_deficiency,0.5684210526315789,0.5869565217391305,0.5775401069518716,92
extra_trees_cbc,anemia_class,no_copper,development_oof,no_anemia_no_deficiency,0.6754385964912281,0.875,0.7623762376237624,88
extra_trees_cbc,anemia_class,no_hemoglobin,development_oof,B12_deficiency_anemia,0.41025641025641024,0.6153846153846154,0.49230769230769234,52
extra_trees_cbc,anemia_class,no_hemoglobin,development_oof,B12_deficiency_no_anemia,0.5416666666666666,0.325,0.40625,40
extra_trees_cbc,anemia_class,no_hemoglobin,development_oof,B6_deficiency,0.0,0.0,0.0,28
extra_trees_cbc,anemia_class,no_hemoglobin,development_oof,anemia_other,0.3115942028985507,0.7166666666666667,0.43434343434343436,60
extra_trees_cbc,anemia_class,no_hemoglobin,development_oof,copper_deficiency,0.6666666666666666,0.07142857142857142,0.12903225806451613,28
extra_trees_cbc,anemia_class,no_hemoglobin,development_oof,folate_deficiency_anemia,0.41025641025641024,0.4,0.4050632911392405,40
extra_trees_cbc,anemia_class,no_hemoglobin,development_oof,folate_deficiency_no_anemia,0.375,0.09375,0.15,32
extra_trees_cbc,anemia_class,no_hemoglobin,development_oof,inflammation_anemia,0.46875,0.5769230769230769,0.5172413793103449,52
extra_trees_cbc,anemia_class,no_hemoglobin,development_oof,iron_deficiency_anemia,0.5533980582524272,0.6195652173913043,0.5846153846153846,92
extra_trees_cbc,anemia_class,no_hemoglobin,development_oof,latent_deficiency,0.7068965517241379,0.6029411764705882,0.6507936507936508,68
extra_trees_cbc,anemia_class,no_hemoglobin,development_oof,mixed_deficiency,0.5444444444444444,0.532608695652174,0.5384615384615384,92
extra_trees_cbc,anemia_class,no_hemoglobin,development_oof,no_anemia_no_deficiency,0.7580645161290323,0.5340909090909091,0.6266666666666667,88
extra_trees_cbc,anemia_class,no_demographics,development_oof,B12_deficiency_anemia,0.5245901639344263,0.6153846153846154,0.5663716814159292,52
extra_trees_cbc,anemia_class,no_demographics,development_oof,B12_deficiency_no_anemia,0.4489795918367347,0.55,0.4943820224719101,40
extra_trees_cbc,anemia_class,no_demographics,development_oof,B6_deficiency,0.8,0.14285714285714285,0.24242424242424243,28
extra_trees_cbc,anemia_class,no_demographics,development_oof,anemia_other,0.5135135135135135,0.6333333333333333,0.5671641791044776,60
extra_trees_cbc,anemia_class,no_demographics,development_oof,copper_deficiency,0.3333333333333333,0.03571428571428571,0.06451612903225806,28
extra_trees_cbc,anemia_class,no_demographics,development_oof,folate_deficiency_anemia,0.4722222222222222,0.425,0.4473684210526316,40
extra_trees_cbc,anemia_class,no_demographics,development_oof,folate_deficiency_no_anemia,0.21428571428571427,0.09375,0.13043478260869565,32
extra_trees_cbc,anemia_class,no_demographics,development_oof,inflammation_anemia,0.5357142857142857,0.5769230769230769,0.5555555555555556,52
extra_trees_cbc,anemia_class,no_demographics,development_oof,iron_deficiency_anemia,0.5851063829787234,0.5978260869565217,0.5913978494623656,92
extra_trees_cbc,anemia_class,no_demographics,development_oof,latent_deficiency,0.6666666666666666,0.6764705882352942,0.6715328467153284,68
extra_trees_cbc,anemia_class,no_demographics,development_oof,mixed_deficiency,0.5955056179775281,0.5760869565217391,0.585635359116022,92
extra_trees_cbc,anemia_class,no_demographics,development_oof,no_anemia_no_deficiency,0.6475409836065574,0.8977272727272727,0.7523809523809524,88
extra_trees_cbc,iron_deficiency,available,development_oof,0,0.8669527896995708,0.9202733485193622,0.8928176795580111,439
extra_trees_cbc,iron_deficiency,available,development_oof,1,0.8300970873786407,0.7339055793991416,0.7790432801822323,233
extra_trees_cbc,iron_deficiency,drop30,development_oof,0,0.7777777777777778,0.908883826879271,0.8382352941176471,439
extra_trees_cbc,iron_deficiency,drop30,development_oof,1,0.7484276729559748,0.5107296137339056,0.6071428571428571,233
extra_trees_cbc,iron_deficiency,drop60,development_oof,0,0.7189655172413794,0.9498861047835991,0.8184494602551521,439
extra_trees_cbc,iron_deficiency,drop60,development_oof,1,0.7608695652173914,0.30042918454935624,0.4307692307692308,233
extra_trees_cbc,iron_deficiency,cbc_only,development_oof,0,0.8669527896995708,0.9202733485193622,0.8928176795580111,439
extra_trees_cbc,iron_deficiency,cbc_only,development_oof,1,0.8300970873786407,0.7339055793991416,0.7790432801822323,233
extra_trees_cbc,iron_deficiency,hb_only,development_oof,0,0.6532738095238095,1.0,0.7902790279027903,439
extra_trees_cbc,iron_deficiency,hb_only,development_oof,1,0.0,0.0,0.0,233
extra_trees_cbc,iron_deficiency,no_iron,development_oof,0,0.8669527896995708,0.9202733485193622,0.8928176795580111,439
extra_trees_cbc,iron_deficiency,no_iron,development_oof,1,0.8300970873786407,0.7339055793991416,0.7790432801822323,233
extra_trees_cbc,iron_deficiency,no_B12,development_oof,0,0.8669527896995708,0.9202733485193622,0.8928176795580111,439
extra_trees_cbc,iron_deficiency,no_B12,development_oof,1,0.8300970873786407,0.7339055793991416,0.7790432801822323,233
extra_trees_cbc,iron_deficiency,no_folate,development_oof,0,0.8669527896995708,0.9202733485193622,0.8928176795580111,439
extra_trees_cbc,iron_deficiency,no_folate,development_oof,1,0.8300970873786407,0.7339055793991416,0.7790432801822323,233
extra_trees_cbc,iron_deficiency,no_B6,development_oof,0,0.8669527896995708,0.9202733485193622,0.8928176795580111,439
extra_trees_cbc,iron_deficiency,no_B6,development_oof,1,0.8300970873786407,0.7339055793991416,0.7790432801822323,233
extra_trees_cbc,iron_deficiency,no_copper,development_oof,0,0.8669527896995708,0.9202733485193622,0.8928176795580111,439
extra_trees_cbc,iron_deficiency,no_copper,development_oof,1,0.8300970873786407,0.7339055793991416,0.7790432801822323,233
extra_trees_cbc,iron_deficiency,no_hemoglobin,development_oof,0,0.8613445378151261,0.9339407744874715,0.8961748633879781,439
extra_trees_cbc,iron_deficiency,no_hemoglobin,development_oof,1,0.8520408163265306,0.7167381974248928,0.7785547785547785,233
extra_trees_cbc,iron_deficiency,no_demographics,development_oof,0,0.8717391304347826,0.9134396355353075,0.8921023359288098,439
extra_trees_cbc,iron_deficiency,no_demographics,development_oof,1,0.8207547169811321,0.7467811158798283,0.7820224719101123,233
extra_trees_cbc,B12_deficiency,available,development_oof,0,0.8397212543554007,0.9323017408123792,0.8835930339138405,517
extra_trees_cbc,B12_deficiency,available,development_oof,1,0.6428571428571429,0.4064516129032258,0.4980237154150198,155
extra_trees_cbc,B12_deficiency,drop30,development_oof,0,0.8093699515347335,0.9690522243713733,0.8820422535211268,517
extra_trees_cbc,B12_deficiency,drop30,development_oof,1,0.6981132075471698,0.23870967741935484,0.3557692307692308,155
extra_trees_cbc,B12_deficiency,drop60,development_oof,0,0.7846153846153846,0.9864603481624759,0.8740359897172236,517
extra_trees_cbc,B12_deficiency,drop60,development_oof,1,0.6818181818181818,0.0967741935483871,0.1694915254237288,155
extra_trees_cbc,B12_deficiency,cbc_only,development_oof,0,0.8397212543554007,0.9323017408123792,0.8835930339138405,517
extra_trees_cbc,B12_deficiency,cbc_only,development_oof,1,0.6428571428571429,0.4064516129032258,0.4980237154150198,155
extra_trees_cbc,B12_deficiency,hb_only,development_oof,0,0.7693452380952381,1.0,0.8696383515559294,517
extra_trees_cbc,B12_deficiency,hb_only,development_oof,1,0.0,0.0,0.0,155
extra_trees_cbc,B12_deficiency,no_iron,development_oof,0,0.8397212543554007,0.9323017408123792,0.8835930339138405,517
extra_trees_cbc,B12_deficiency,no_iron,development_oof,1,0.6428571428571429,0.4064516129032258,0.4980237154150198,155
extra_trees_cbc,B12_deficiency,no_B12,development_oof,0,0.8397212543554007,0.9323017408123792,0.8835930339138405,517
extra_trees_cbc,B12_deficiency,no_B12,development_oof,1,0.6428571428571429,0.4064516129032258,0.4980237154150198,155
extra_trees_cbc,B12_deficiency,no_folate,development_oof,0,0.8397212543554007,0.9323017408123792,0.8835930339138405,517
extra_trees_cbc,B12_deficiency,no_folate,development_oof,1,0.6428571428571429,0.4064516129032258,0.4980237154150198,155
extra_trees_cbc,B12_deficiency,no_B6,development_oof,0,0.8397212543554007,0.9323017408123792,0.8835930339138405,517
extra_trees_cbc,B12_deficiency,no_B6,development_oof,1,0.6428571428571429,0.4064516129032258,0.4980237154150198,155
extra_trees_cbc,B12_deficiency,no_copper,development_oof,0,0.8397212543554007,0.9323017408123792,0.8835930339138405,517
extra_trees_cbc,B12_deficiency,no_copper,development_oof,1,0.6428571428571429,0.4064516129032258,0.4980237154150198,155
extra_trees_cbc,B12_deficiency,no_hemoglobin,development_oof,0,0.8417391304347827,0.9361702127659575,0.8864468864468864,517
extra_trees_cbc,B12_deficiency,no_hemoglobin,development_oof,1,0.6597938144329897,0.4129032258064516,0.5079365079365079,155
extra_trees_cbc,B12_deficiency,no_demographics,development_oof,0,0.8408304498269896,0.9400386847195358,0.8876712328767123,517
extra_trees_cbc,B12_deficiency,no_demographics,development_oof,1,0.6702127659574468,0.4064516129032258,0.5060240963855421,155
extra_trees_cbc,folate_deficiency,available,development_oof,0,0.8482428115015974,0.9619565217391305,0.9015280135823429,552
extra_trees_cbc,folate_deficiency,available,development_oof,1,0.5434782608695652,0.20833333333333334,0.30120481927710846,120
extra_trees_cbc,folate_deficiency,drop30,development_oof,0,0.8318042813455657,0.9855072463768116,0.9021558872305141,552
extra_trees_cbc,folate_deficiency,drop30,development_oof,1,0.5555555555555556,0.08333333333333333,0.14492753623188406,120
extra_trees_cbc,folate_deficiency,drop60,development_oof,0,0.8233532934131736,0.9963768115942029,0.9016393442622951,552
extra_trees_cbc,folate_deficiency,drop60,development_oof,1,0.5,0.016666666666666666,0.03225806451612903,120
extra_trees_cbc,folate_deficiency,cbc_only,development_oof,0,0.8482428115015974,0.9619565217391305,0.9015280135823429,552
extra_trees_cbc,folate_deficiency,cbc_only,development_oof,1,0.5434782608695652,0.20833333333333334,0.30120481927710846,120
extra_trees_cbc,folate_deficiency,hb_only,development_oof,0,0.8214285714285714,1.0,0.9019607843137255,552
extra_trees_cbc,folate_deficiency,hb_only,development_oof,1,0.0,0.0,0.0,120
extra_trees_cbc,folate_deficiency,no_iron,development_oof,0,0.8482428115015974,0.9619565217391305,0.9015280135823429,552
extra_trees_cbc,folate_deficiency,no_iron,development_oof,1,0.5434782608695652,0.20833333333333334,0.30120481927710846,120
extra_trees_cbc,folate_deficiency,no_B12,development_oof,0,0.8482428115015974,0.9619565217391305,0.9015280135823429,552
extra_trees_cbc,folate_deficiency,no_B12,development_oof,1,0.5434782608695652,0.20833333333333334,0.30120481927710846,120
extra_trees_cbc,folate_deficiency,no_folate,development_oof,0,0.8482428115015974,0.9619565217391305,0.9015280135823429,552
extra_trees_cbc,folate_deficiency,no_folate,development_oof,1,0.5434782608695652,0.20833333333333334,0.30120481927710846,120
extra_trees_cbc,folate_deficiency,no_B6,development_oof,0,0.8482428115015974,0.9619565217391305,0.9015280135823429,552
extra_trees_cbc,folate_deficiency,no_B6,development_oof,1,0.5434782608695652,0.20833333333333334,0.30120481927710846,120
extra_trees_cbc,folate_deficiency,no_copper,development_oof,0,0.8482428115015974,0.9619565217391305,0.9015280135823429,552
extra_trees_cbc,folate_deficiency,no_copper,development_oof,1,0.5434782608695652,0.20833333333333334,0.30120481927710846,120
extra_trees_cbc,folate_deficiency,no_hemoglobin,development_oof,0,0.8471337579617835,0.9637681159420289,0.9016949152542373,552
extra_trees_cbc,folate_deficiency,no_hemoglobin,development_oof,1,0.5454545454545454,0.2,0.2926829268292683,120
extra_trees_cbc,folate_deficiency,no_demographics,development_oof,0,0.8462757527733756,0.967391304347826,0.9027895181741336,552
extra_trees_cbc,folate_deficiency,no_demographics,development_oof,1,0.5609756097560976,0.19166666666666668,0.2857142857142857,120
extra_trees_cbc,B6_deficiency,available,development_oof,0,0.9611940298507463,1.0,0.9802130898021308,644
extra_trees_cbc,B6_deficiency,available,development_oof,1,1.0,0.07142857142857142,0.13333333333333333,28
extra_trees_cbc,B6_deficiency,drop30,development_oof,0,0.9583333333333334,1.0,0.9787234042553191,644
extra_trees_cbc,B6_deficiency,drop30,development_oof,1,0.0,0.0,0.0,28
extra_trees_cbc,B6_deficiency,drop60,development_oof,0,0.9583333333333334,1.0,0.9787234042553191,644
extra_trees_cbc,B6_deficiency,drop60,development_oof,1,0.0,0.0,0.0,28
extra_trees_cbc,B6_deficiency,cbc_only,development_oof,0,0.9611940298507463,1.0,0.9802130898021308,644
extra_trees_cbc,B6_deficiency,cbc_only,development_oof,1,1.0,0.07142857142857142,0.13333333333333333,28
extra_trees_cbc,B6_deficiency,hb_only,development_oof,0,0.9583333333333334,1.0,0.9787234042553191,644
extra_trees_cbc,B6_deficiency,hb_only,development_oof,1,0.0,0.0,0.0,28
extra_trees_cbc,B6_deficiency,no_iron,development_oof,0,0.9611940298507463,1.0,0.9802130898021308,644
extra_trees_cbc,B6_deficiency,no_iron,development_oof,1,1.0,0.07142857142857142,0.13333333333333333,28
extra_trees_cbc,B6_deficiency,no_B12,development_oof,0,0.9611940298507463,1.0,0.9802130898021308,644
extra_trees_cbc,B6_deficiency,no_B12,development_oof,1,1.0,0.07142857142857142,0.13333333333333333,28
extra_trees_cbc,B6_deficiency,no_folate,development_oof,0,0.9611940298507463,1.0,0.9802130898021308,644
extra_trees_cbc,B6_deficiency,no_folate,development_oof,1,1.0,0.07142857142857142,0.13333333333333333,28
extra_trees_cbc,B6_deficiency,no_B6,development_oof,0,0.9611940298507463,1.0,0.9802130898021308,644
extra_trees_cbc,B6_deficiency,no_B6,development_oof,1,1.0,0.07142857142857142,0.13333333333333333,28
extra_trees_cbc,B6_deficiency,no_copper,development_oof,0,0.9611940298507463,1.0,0.9802130898021308,644
extra_trees_cbc,B6_deficiency,no_copper,development_oof,1,1.0,0.07142857142857142,0.13333333333333333,28
extra_trees_cbc,B6_deficiency,no_hemoglobin,development_oof,0,0.9583333333333334,1.0,0.9787234042553191,644
extra_trees_cbc,B6_deficiency,no_hemoglobin,development_oof,1,0.0,0.0,0.0,28
extra_trees_cbc,B6_deficiency,no_demographics,development_oof,0,0.9611940298507463,1.0,0.9802130898021308,644
extra_trees_cbc,B6_deficiency,no_demographics,development_oof,1,1.0,0.07142857142857142,0.13333333333333333,28
extra_trees_cbc,copper_deficiency,available,development_oof,0,0.9583333333333334,1.0,0.9787234042553191,644
extra_trees_cbc,copper_deficiency,available,development_oof,1,0.0,0.0,0.0,28
extra_trees_cbc,copper_deficiency,drop30,development_oof,0,0.9583333333333334,1.0,0.9787234042553191,644
extra_trees_cbc,copper_deficiency,drop30,development_oof,1,0.0,0.0,0.0,28
extra_trees_cbc,copper_deficiency,drop60,development_oof,0,0.9583333333333334,1.0,0.9787234042553191,644
extra_trees_cbc,copper_deficiency,drop60,development_oof,1,0.0,0.0,0.0,28
extra_trees_cbc,copper_deficiency,cbc_only,development_oof,0,0.9583333333333334,1.0,0.9787234042553191,644
extra_trees_cbc,copper_deficiency,cbc_only,development_oof,1,0.0,0.0,0.0,28
extra_trees_cbc,copper_deficiency,hb_only,development_oof,0,0.9583333333333334,1.0,0.9787234042553191,644
extra_trees_cbc,copper_deficiency,hb_only,development_oof,1,0.0,0.0,0.0,28
extra_trees_cbc,copper_deficiency,no_iron,development_oof,0,0.9583333333333334,1.0,0.9787234042553191,644
extra_trees_cbc,copper_deficiency,no_iron,development_oof,1,0.0,0.0,0.0,28
extra_trees_cbc,copper_deficiency,no_B12,development_oof,0,0.9583333333333334,1.0,0.9787234042553191,644
extra_trees_cbc,copper_deficiency,no_B12,development_oof,1,0.0,0.0,0.0,28
extra_trees_cbc,copper_deficiency,no_folate,development_oof,0,0.9583333333333334,1.0,0.9787234042553191,644
extra_trees_cbc,copper_deficiency,no_folate,development_oof,1,0.0,0.0,0.0,28
extra_trees_cbc,copper_deficiency,no_B6,development_oof,0,0.9583333333333334,1.0,0.9787234042553191,644
extra_trees_cbc,copper_deficiency,no_B6,development_oof,1,0.0,0.0,0.0,28
extra_trees_cbc,copper_deficiency,no_copper,development_oof,0,0.9583333333333334,1.0,0.9787234042553191,644
extra_trees_cbc,copper_deficiency,no_copper,development_oof,1,0.0,0.0,0.0,28
extra_trees_cbc,copper_deficiency,no_hemoglobin,development_oof,0,0.9583333333333334,1.0,0.9787234042553191,644
extra_trees_cbc,copper_deficiency,no_hemoglobin,development_oof,1,0.0,0.0,0.0,28
extra_trees_cbc,copper_deficiency,no_demographics,development_oof,0,0.9583333333333334,1.0,0.9787234042553191,644
extra_trees_cbc,copper_deficiency,no_demographics,development_oof,1,0.0,0.0,0.0,28
extra_trees_cbc,inflammation_anemia,available,development_oof,0,0.9403669724770642,0.9919354838709677,0.9654631083202512,620
extra_trees_cbc,inflammation_anemia,available,development_oof,1,0.7222222222222222,0.25,0.37142857142857144,52
extra_trees_cbc,inflammation_anemia,drop30,development_oof,0,0.9332321699544764,0.9919354838709677,0.9616888193901486,620
extra_trees_cbc,inflammation_anemia,drop30,development_oof,1,0.6153846153846154,0.15384615384615385,0.24615384615384617,52
extra_trees_cbc,inflammation_anemia,drop60,development_oof,0,0.9276018099547512,0.9919354838709677,0.9586905689789555,620
extra_trees_cbc,inflammation_anemia,drop60,development_oof,1,0.4444444444444444,0.07692307692307693,0.13114754098360656,52
extra_trees_cbc,inflammation_anemia,cbc_only,development_oof,0,0.9403669724770642,0.9919354838709677,0.9654631083202512,620
extra_trees_cbc,inflammation_anemia,cbc_only,development_oof,1,0.7222222222222222,0.25,0.37142857142857144,52
extra_trees_cbc,inflammation_anemia,hb_only,development_oof,0,0.9226190476190477,1.0,0.9597523219814241,620
extra_trees_cbc,inflammation_anemia,hb_only,development_oof,1,0.0,0.0,0.0,52
extra_trees_cbc,inflammation_anemia,no_iron,development_oof,0,0.9403669724770642,0.9919354838709677,0.9654631083202512,620
extra_trees_cbc,inflammation_anemia,no_iron,development_oof,1,0.7222222222222222,0.25,0.37142857142857144,52
extra_trees_cbc,inflammation_anemia,no_B12,development_oof,0,0.9403669724770642,0.9919354838709677,0.9654631083202512,620
extra_trees_cbc,inflammation_anemia,no_B12,development_oof,1,0.7222222222222222,0.25,0.37142857142857144,52
extra_trees_cbc,inflammation_anemia,no_folate,development_oof,0,0.9403669724770642,0.9919354838709677,0.9654631083202512,620
extra_trees_cbc,inflammation_anemia,no_folate,development_oof,1,0.7222222222222222,0.25,0.37142857142857144,52
extra_trees_cbc,inflammation_anemia,no_B6,development_oof,0,0.9403669724770642,0.9919354838709677,0.9654631083202512,620
extra_trees_cbc,inflammation_anemia,no_B6,development_oof,1,0.7222222222222222,0.25,0.37142857142857144,52
extra_trees_cbc,inflammation_anemia,no_copper,development_oof,0,0.9403669724770642,0.9919354838709677,0.9654631083202512,620
extra_trees_cbc,inflammation_anemia,no_copper,development_oof,1,0.7222222222222222,0.25,0.37142857142857144,52
extra_trees_cbc,inflammation_anemia,no_hemoglobin,development_oof,0,0.9432515337423313,0.9919354838709677,0.9669811320754716,620
extra_trees_cbc,inflammation_anemia,no_hemoglobin,development_oof,1,0.75,0.28846153846153844,0.4166666666666667,52
extra_trees_cbc,inflammation_anemia,no_demographics,development_oof,0,0.9389312977099237,0.9919354838709677,0.9647058823529412,620
extra_trees_cbc,inflammation_anemia,no_demographics,development_oof,1,0.7058823529411765,0.23076923076923078,0.34782608695652173,52
catboost_cbc,anemia_class,available,development_oof,B12_deficiency_anemia,0.48333333333333334,0.5576923076923077,0.5178571428571429,52
catboost_cbc,anemia_class,available,development_oof,B12_deficiency_no_anemia,0.4,0.4,0.4,40
catboost_cbc,anemia_class,available,development_oof,B6_deficiency,0.42857142857142855,0.10714285714285714,0.17142857142857143,28
catboost_cbc,anemia_class,available,development_oof,anemia_other,0.5135135135135135,0.6333333333333333,0.5671641791044776,60
catboost_cbc,anemia_class,available,development_oof,copper_deficiency,0.42857142857142855,0.10714285714285714,0.17142857142857143,28
catboost_cbc,anemia_class,available,development_oof,folate_deficiency_anemia,0.425,0.425,0.425,40
catboost_cbc,anemia_class,available,development_oof,folate_deficiency_no_anemia,0.35294117647058826,0.1875,0.24489795918367346,32
catboost_cbc,anemia_class,available,development_oof,inflammation_anemia,0.5576923076923077,0.5576923076923077,0.5576923076923077,52
catboost_cbc,anemia_class,available,development_oof,iron_deficiency_anemia,0.5980392156862745,0.6630434782608695,0.6288659793814433,92
catboost_cbc,anemia_class,available,development_oof,latent_deficiency,0.625,0.7352941176470589,0.6756756756756757,68
catboost_cbc,anemia_class,available,development_oof,mixed_deficiency,0.6296296296296297,0.5543478260869565,0.5895953757225434,92
catboost_cbc,anemia_class,available,development_oof,no_anemia_no_deficiency,0.6607142857142857,0.8409090909090909,0.74,88
catboost_cbc,anemia_class,drop30,development_oof,B12_deficiency_anemia,0.35714285714285715,0.19230769230769232,0.25,52
catboost_cbc,anemia_class,drop30,development_oof,B12_deficiency_no_anemia,0.42105263157894735,0.2,0.2711864406779661,40
catboost_cbc,anemia_class,drop30,development_oof,B6_deficiency,0.2,0.21428571428571427,0.20689655172413793,28
catboost_cbc,anemia_class,drop30,development_oof,anemia_other,0.20666666666666667,0.5166666666666667,0.29523809523809524,60
catboost_cbc,anemia_class,drop30,development_oof,copper_deficiency,0.08955223880597014,0.21428571428571427,0.12631578947368421,28
catboost_cbc,anemia_class,drop30,development_oof,folate_deficiency_anemia,0.5384615384615384,0.175,0.2641509433962264,40
catboost_cbc,anemia_class,drop30,development_oof,folate_deficiency_no_anemia,0.5,0.125,0.2,32
catboost_cbc,anemia_class,drop30,development_oof,inflammation_anemia,0.43478260869565216,0.38461538461538464,0.40816326530612246,52
catboost_cbc,anemia_class,drop30,development_oof,iron_deficiency_anemia,0.38461538461538464,0.5978260869565217,0.46808510638297873,92
catboost_cbc,anemia_class,drop30,development_oof,latent_deficiency,0.4888888888888889,0.3235294117647059,0.3893805309734513,68
catboost_cbc,anemia_class,drop30,development_oof,mixed_deficiency,0.43283582089552236,0.31521739130434784,0.36477987421383645,92
catboost_cbc,anemia_class,drop30,development_oof,no_anemia_no_deficiency,0.5892857142857143,0.375,0.4583333333333333,88
catboost_cbc,anemia_class,drop60,development_oof,B12_deficiency_anemia,0.625,0.09615384615384616,0.16666666666666666,52
catboost_cbc,anemia_class,drop60,development_oof,B12_deficiency_no_anemia,1.0,0.075,0.13953488372093023,40
catboost_cbc,anemia_class,drop60,development_oof,B6_deficiency,0.0625,0.07142857142857142,0.06666666666666667,28
catboost_cbc,anemia_class,drop60,development_oof,anemia_other,0.13793103448275862,0.4666666666666667,0.21292775665399238,60
catboost_cbc,anemia_class,drop60,development_oof,copper_deficiency,0.08403361344537816,0.35714285714285715,0.1360544217687075,28
catboost_cbc,anemia_class,drop60,development_oof,folate_deficiency_anemia,0.0,0.0,0.0,40
catboost_cbc,anemia_class,drop60,development_oof,folate_deficiency_no_anemia,0.0,0.0,0.0,32
catboost_cbc,anemia_class,drop60,development_oof,inflammation_anemia,0.19047619047619047,0.07692307692307693,0.1095890410958904,52
catboost_cbc,anemia_class,drop60,development_oof,iron_deficiency_anemia,0.2422907488986784,0.5978260869565217,0.3448275862068966,92
catboost_cbc,anemia_class,drop60,development_oof,latent_deficiency,0.8,0.11764705882352941,0.20512820512820512,68
catboost_cbc,anemia_class,drop60,development_oof,mixed_deficiency,0.3103448275862069,0.09782608695652174,0.1487603305785124,92
catboost_cbc,anemia_class,drop60,development_oof,no_anemia_no_deficiency,0.6875,0.125,0.21153846153846154,88
catboost_cbc,anemia_class,cbc_only,development_oof,B12_deficiency_anemia,0.48333333333333334,0.5576923076923077,0.5178571428571429,52
catboost_cbc,anemia_class,cbc_only,development_oof,B12_deficiency_no_anemia,0.4,0.4,0.4,40
catboost_cbc,anemia_class,cbc_only,development_oof,B6_deficiency,0.42857142857142855,0.10714285714285714,0.17142857142857143,28
catboost_cbc,anemia_class,cbc_only,development_oof,anemia_other,0.5135135135135135,0.6333333333333333,0.5671641791044776,60
catboost_cbc,anemia_class,cbc_only,development_oof,copper_deficiency,0.42857142857142855,0.10714285714285714,0.17142857142857143,28
catboost_cbc,anemia_class,cbc_only,development_oof,folate_deficiency_anemia,0.425,0.425,0.425,40
catboost_cbc,anemia_class,cbc_only,development_oof,folate_deficiency_no_anemia,0.35294117647058826,0.1875,0.24489795918367346,32
catboost_cbc,anemia_class,cbc_only,development_oof,inflammation_anemia,0.5576923076923077,0.5576923076923077,0.5576923076923077,52
catboost_cbc,anemia_class,cbc_only,development_oof,iron_deficiency_anemia,0.5980392156862745,0.6630434782608695,0.6288659793814433,92
catboost_cbc,anemia_class,cbc_only,development_oof,latent_deficiency,0.625,0.7352941176470589,0.6756756756756757,68
catboost_cbc,anemia_class,cbc_only,development_oof,mixed_deficiency,0.6296296296296297,0.5543478260869565,0.5895953757225434,92
catboost_cbc,anemia_class,cbc_only,development_oof,no_anemia_no_deficiency,0.6607142857142857,0.8409090909090909,0.74,88
catboost_cbc,anemia_class,hb_only,development_oof,B12_deficiency_anemia,0.0,0.0,0.0,52
catboost_cbc,anemia_class,hb_only,development_oof,B12_deficiency_no_anemia,0.0,0.0,0.0,40
catboost_cbc,anemia_class,hb_only,development_oof,B6_deficiency,0.0,0.0,0.0,28
catboost_cbc,anemia_class,hb_only,development_oof,anemia_other,0.10227272727272728,0.15,0.12162162162162163,60
catboost_cbc,anemia_class,hb_only,development_oof,copper_deficiency,0.04,0.32142857142857145,0.07114624505928854,28
catboost_cbc,anemia_class,hb_only,development_oof,folate_deficiency_anemia,0.0,0.0,0.0,40
catboost_cbc,anemia_class,hb_only,development_oof,folate_deficiency_no_anemia,0.0,0.0,0.0,32
catboost_cbc,anemia_class,hb_only,development_oof,inflammation_anemia,0.0,0.0,0.0,52
catboost_cbc,anemia_class,hb_only,development_oof,iron_deficiency_anemia,0.1873198847262248,0.7065217391304348,0.296127562642369,92
catboost_cbc,anemia_class,hb_only,development_oof,latent_deficiency,0.0,0.0,0.0,68
catboost_cbc,anemia_class,hb_only,development_oof,mixed_deficiency,0.0,0.0,0.0,92
catboost_cbc,anemia_class,hb_only,development_oof,no_anemia_no_deficiency,0.0,0.0,0.0,88
catboost_cbc,anemia_class,no_iron,development_oof,B12_deficiency_anemia,0.48333333333333334,0.5576923076923077,0.5178571428571429,52
catboost_cbc,anemia_class,no_iron,development_oof,B12_deficiency_no_anemia,0.4,0.4,0.4,40
catboost_cbc,anemia_class,no_iron,development_oof,B6_deficiency,0.42857142857142855,0.10714285714285714,0.17142857142857143,28
catboost_cbc,anemia_class,no_iron,development_oof,anemia_other,0.5135135135135135,0.6333333333333333,0.5671641791044776,60
catboost_cbc,anemia_class,no_iron,development_oof,copper_deficiency,0.42857142857142855,0.10714285714285714,0.17142857142857143,28
catboost_cbc,anemia_class,no_iron,development_oof,folate_deficiency_anemia,0.425,0.425,0.425,40
catboost_cbc,anemia_class,no_iron,development_oof,folate_deficiency_no_anemia,0.35294117647058826,0.1875,0.24489795918367346,32
catboost_cbc,anemia_class,no_iron,development_oof,inflammation_anemia,0.5576923076923077,0.5576923076923077,0.5576923076923077,52
catboost_cbc,anemia_class,no_iron,development_oof,iron_deficiency_anemia,0.5980392156862745,0.6630434782608695,0.6288659793814433,92
catboost_cbc,anemia_class,no_iron,development_oof,latent_deficiency,0.625,0.7352941176470589,0.6756756756756757,68
catboost_cbc,anemia_class,no_iron,development_oof,mixed_deficiency,0.6296296296296297,0.5543478260869565,0.5895953757225434,92
catboost_cbc,anemia_class,no_iron,development_oof,no_anemia_no_deficiency,0.6607142857142857,0.8409090909090909,0.74,88
catboost_cbc,anemia_class,no_B12,development_oof,B12_deficiency_anemia,0.48333333333333334,0.5576923076923077,0.5178571428571429,52
catboost_cbc,anemia_class,no_B12,development_oof,B12_deficiency_no_anemia,0.4,0.4,0.4,40
catboost_cbc,anemia_class,no_B12,development_oof,B6_deficiency,0.42857142857142855,0.10714285714285714,0.17142857142857143,28
catboost_cbc,anemia_class,no_B12,development_oof,anemia_other,0.5135135135135135,0.6333333333333333,0.5671641791044776,60
catboost_cbc,anemia_class,no_B12,development_oof,copper_deficiency,0.42857142857142855,0.10714285714285714,0.17142857142857143,28
catboost_cbc,anemia_class,no_B12,development_oof,folate_deficiency_anemia,0.425,0.425,0.425,40
catboost_cbc,anemia_class,no_B12,development_oof,folate_deficiency_no_anemia,0.35294117647058826,0.1875,0.24489795918367346,32
catboost_cbc,anemia_class,no_B12,development_oof,inflammation_anemia,0.5576923076923077,0.5576923076923077,0.5576923076923077,52
catboost_cbc,anemia_class,no_B12,development_oof,iron_deficiency_anemia,0.5980392156862745,0.6630434782608695,0.6288659793814433,92
catboost_cbc,anemia_class,no_B12,development_oof,latent_deficiency,0.625,0.7352941176470589,0.6756756756756757,68
catboost_cbc,anemia_class,no_B12,development_oof,mixed_deficiency,0.6296296296296297,0.5543478260869565,0.5895953757225434,92
catboost_cbc,anemia_class,no_B12,development_oof,no_anemia_no_deficiency,0.6607142857142857,0.8409090909090909,0.74,88
catboost_cbc,anemia_class,no_folate,development_oof,B12_deficiency_anemia,0.48333333333333334,0.5576923076923077,0.5178571428571429,52
catboost_cbc,anemia_class,no_folate,development_oof,B12_deficiency_no_anemia,0.4,0.4,0.4,40
catboost_cbc,anemia_class,no_folate,development_oof,B6_deficiency,0.42857142857142855,0.10714285714285714,0.17142857142857143,28
catboost_cbc,anemia_class,no_folate,development_oof,anemia_other,0.5135135135135135,0.6333333333333333,0.5671641791044776,60
catboost_cbc,anemia_class,no_folate,development_oof,copper_deficiency,0.42857142857142855,0.10714285714285714,0.17142857142857143,28
catboost_cbc,anemia_class,no_folate,development_oof,folate_deficiency_anemia,0.425,0.425,0.425,40
catboost_cbc,anemia_class,no_folate,development_oof,folate_deficiency_no_anemia,0.35294117647058826,0.1875,0.24489795918367346,32
catboost_cbc,anemia_class,no_folate,development_oof,inflammation_anemia,0.5576923076923077,0.5576923076923077,0.5576923076923077,52
catboost_cbc,anemia_class,no_folate,development_oof,iron_deficiency_anemia,0.5980392156862745,0.6630434782608695,0.6288659793814433,92
catboost_cbc,anemia_class,no_folate,development_oof,latent_deficiency,0.625,0.7352941176470589,0.6756756756756757,68
catboost_cbc,anemia_class,no_folate,development_oof,mixed_deficiency,0.6296296296296297,0.5543478260869565,0.5895953757225434,92
catboost_cbc,anemia_class,no_folate,development_oof,no_anemia_no_deficiency,0.6607142857142857,0.8409090909090909,0.74,88
catboost_cbc,anemia_class,no_B6,development_oof,B12_deficiency_anemia,0.48333333333333334,0.5576923076923077,0.5178571428571429,52
catboost_cbc,anemia_class,no_B6,development_oof,B12_deficiency_no_anemia,0.4,0.4,0.4,40
catboost_cbc,anemia_class,no_B6,development_oof,B6_deficiency,0.42857142857142855,0.10714285714285714,0.17142857142857143,28
catboost_cbc,anemia_class,no_B6,development_oof,anemia_other,0.5135135135135135,0.6333333333333333,0.5671641791044776,60
catboost_cbc,anemia_class,no_B6,development_oof,copper_deficiency,0.42857142857142855,0.10714285714285714,0.17142857142857143,28
catboost_cbc,anemia_class,no_B6,development_oof,folate_deficiency_anemia,0.425,0.425,0.425,40
catboost_cbc,anemia_class,no_B6,development_oof,folate_deficiency_no_anemia,0.35294117647058826,0.1875,0.24489795918367346,32
catboost_cbc,anemia_class,no_B6,development_oof,inflammation_anemia,0.5576923076923077,0.5576923076923077,0.5576923076923077,52
catboost_cbc,anemia_class,no_B6,development_oof,iron_deficiency_anemia,0.5980392156862745,0.6630434782608695,0.6288659793814433,92
catboost_cbc,anemia_class,no_B6,development_oof,latent_deficiency,0.625,0.7352941176470589,0.6756756756756757,68
catboost_cbc,anemia_class,no_B6,development_oof,mixed_deficiency,0.6296296296296297,0.5543478260869565,0.5895953757225434,92
catboost_cbc,anemia_class,no_B6,development_oof,no_anemia_no_deficiency,0.6607142857142857,0.8409090909090909,0.74,88
catboost_cbc,anemia_class,no_copper,development_oof,B12_deficiency_anemia,0.48333333333333334,0.5576923076923077,0.5178571428571429,52
catboost_cbc,anemia_class,no_copper,development_oof,B12_deficiency_no_anemia,0.4,0.4,0.4,40
catboost_cbc,anemia_class,no_copper,development_oof,B6_deficiency,0.42857142857142855,0.10714285714285714,0.17142857142857143,28
catboost_cbc,anemia_class,no_copper,development_oof,anemia_other,0.5135135135135135,0.6333333333333333,0.5671641791044776,60
catboost_cbc,anemia_class,no_copper,development_oof,copper_deficiency,0.42857142857142855,0.10714285714285714,0.17142857142857143,28
catboost_cbc,anemia_class,no_copper,development_oof,folate_deficiency_anemia,0.425,0.425,0.425,40
catboost_cbc,anemia_class,no_copper,development_oof,folate_deficiency_no_anemia,0.35294117647058826,0.1875,0.24489795918367346,32
catboost_cbc,anemia_class,no_copper,development_oof,inflammation_anemia,0.5576923076923077,0.5576923076923077,0.5576923076923077,52
catboost_cbc,anemia_class,no_copper,development_oof,iron_deficiency_anemia,0.5980392156862745,0.6630434782608695,0.6288659793814433,92
catboost_cbc,anemia_class,no_copper,development_oof,latent_deficiency,0.625,0.7352941176470589,0.6756756756756757,68
catboost_cbc,anemia_class,no_copper,development_oof,mixed_deficiency,0.6296296296296297,0.5543478260869565,0.5895953757225434,92
catboost_cbc,anemia_class,no_copper,development_oof,no_anemia_no_deficiency,0.6607142857142857,0.8409090909090909,0.74,88
catboost_cbc,anemia_class,no_hemoglobin,development_oof,B12_deficiency_anemia,0.45454545454545453,0.5769230769230769,0.5084745762711864,52
catboost_cbc,anemia_class,no_hemoglobin,development_oof,B12_deficiency_no_anemia,0.5,0.025,0.047619047619047616,40
catboost_cbc,anemia_class,no_hemoglobin,development_oof,B6_deficiency,0.09375,0.10714285714285714,0.1,28
catboost_cbc,anemia_class,no_hemoglobin,development_oof,anemia_other,0.24539877300613497,0.6666666666666666,0.35874439461883406,60
catboost_cbc,anemia_class,no_hemoglobin,development_oof,copper_deficiency,0.23809523809523808,0.17857142857142858,0.20408163265306123,28
catboost_cbc,anemia_class,no_hemoglobin,development_oof,folate_deficiency_anemia,0.3617021276595745,0.425,0.39080459770114945,40
catboost_cbc,anemia_class,no_hemoglobin,development_oof,folate_deficiency_no_anemia,0.3,0.09375,0.14285714285714285,32
catboost_cbc,anemia_class,no_hemoglobin,development_oof,inflammation_anemia,0.4264705882352941,0.5576923076923077,0.48333333333333334,52
catboost_cbc,anemia_class,no_hemoglobin,development_oof,iron_deficiency_anemia,0.488,0.6630434782608695,0.5622119815668203,92
catboost_cbc,anemia_class,no_hemoglobin,development_oof,latent_deficiency,0.5,0.029411764705882353,0.05555555555555555,68
catboost_cbc,anemia_class,no_hemoglobin,development_oof,mixed_deficiency,0.5463917525773195,0.5760869565217391,0.5608465608465608,92
catboost_cbc,anemia_class,no_hemoglobin,development_oof,no_anemia_no_deficiency,0.8648648648648649,0.36363636363636365,0.512,88
catboost_cbc,anemia_class,no_demographics,development_oof,B12_deficiency_anemia,0.47368421052631576,0.5192307692307693,0.4954128440366973,52
catboost_cbc,anemia_class,no_demographics,development_oof,B12_deficiency_no_anemia,0.4,0.3,0.34285714285714286,40
catboost_cbc,anemia_class,no_demographics,development_oof,B6_deficiency,0.3333333333333333,0.03571428571428571,0.06451612903225806,28
catboost_cbc,anemia_class,no_demographics,development_oof,anemia_other,0.5230769230769231,0.5666666666666667,0.544,60
catboost_cbc,anemia_class,no_demographics,development_oof,copper_deficiency,0.4,0.14285714285714285,0.21052631578947367,28
catboost_cbc,anemia_class,no_demographics,development_oof,folate_deficiency_anemia,0.41025641025641024,0.4,0.4050632911392405,40
catboost_cbc,anemia_class,no_demographics,development_oof,folate_deficiency_no_anemia,0.3125,0.15625,0.20833333333333334,32
catboost_cbc,anemia_class,no_demographics,development_oof,inflammation_anemia,0.5272727272727272,0.5576923076923077,0.5420560747663551,52
catboost_cbc,anemia_class,no_demographics,development_oof,iron_deficiency_anemia,0.5666666666666667,0.7391304347826086,0.6415094339622641,92
catboost_cbc,anemia_class,no_demographics,development_oof,latent_deficiency,0.620253164556962,0.7205882352941176,0.6666666666666666,68
catboost_cbc,anemia_class,no_demographics,development_oof,mixed_deficiency,0.6081081081081081,0.4891304347826087,0.5421686746987951,92
catboost_cbc,anemia_class,no_demographics,development_oof,no_anemia_no_deficiency,0.6290322580645161,0.8863636363636364,0.7358490566037735,88
catboost_cbc,iron_deficiency,available,development_oof,0,0.8636363636363636,0.908883826879271,0.8856825749167592,439
catboost_cbc,iron_deficiency,available,development_oof,1,0.8095238095238095,0.7296137339055794,0.7674943566591422,233
catboost_cbc,iron_deficiency,drop30,development_oof,0,0.7805429864253394,0.785876993166287,0.7832009080590239,439
catboost_cbc,iron_deficiency,drop30,development_oof,1,0.591304347826087,0.5836909871244635,0.5874730021598272,233
catboost_cbc,iron_deficiency,drop60,development_oof,0,0.7479224376731302,0.6150341685649203,0.675,439
catboost_cbc,iron_deficiency,drop60,development_oof,1,0.4565916398713826,0.6094420600858369,0.5220588235294118,233
catboost_cbc,iron_deficiency,cbc_only,development_oof,0,0.8636363636363636,0.908883826879271,0.8856825749167592,439
catboost_cbc,iron_deficiency,cbc_only,development_oof,1,0.8095238095238095,0.7296137339055794,0.7674943566591422,233
catboost_cbc,iron_deficiency,hb_only,development_oof,0,0.6897506925207756,0.5671981776765376,0.6225,439
catboost_cbc,iron_deficiency,hb_only,development_oof,1,0.3890675241157556,0.51931330472103,0.44485294117647056,233
catboost_cbc,iron_deficiency,no_iron,development_oof,0,0.8636363636363636,0.908883826879271,0.8856825749167592,439
catboost_cbc,iron_deficiency,no_iron,development_oof,1,0.8095238095238095,0.7296137339055794,0.7674943566591422,233
catboost_cbc,iron_deficiency,no_B12,development_oof,0,0.8636363636363636,0.908883826879271,0.8856825749167592,439
catboost_cbc,iron_deficiency,no_B12,development_oof,1,0.8095238095238095,0.7296137339055794,0.7674943566591422,233
catboost_cbc,iron_deficiency,no_folate,development_oof,0,0.8636363636363636,0.908883826879271,0.8856825749167592,439
catboost_cbc,iron_deficiency,no_folate,development_oof,1,0.8095238095238095,0.7296137339055794,0.7674943566591422,233
catboost_cbc,iron_deficiency,no_B6,development_oof,0,0.8636363636363636,0.908883826879271,0.8856825749167592,439
catboost_cbc,iron_deficiency,no_B6,development_oof,1,0.8095238095238095,0.7296137339055794,0.7674943566591422,233
catboost_cbc,iron_deficiency,no_copper,development_oof,0,0.8636363636363636,0.908883826879271,0.8856825749167592,439
catboost_cbc,iron_deficiency,no_copper,development_oof,1,0.8095238095238095,0.7296137339055794,0.7674943566591422,233
catboost_cbc,iron_deficiency,no_hemoglobin,development_oof,0,0.8811659192825112,0.8952164009111617,0.888135593220339,439
catboost_cbc,iron_deficiency,no_hemoglobin,development_oof,1,0.7964601769911505,0.7725321888412017,0.7843137254901961,233
catboost_cbc,iron_deficiency,no_demographics,development_oof,0,0.8816705336426914,0.8656036446469249,0.8735632183908046,439
catboost_cbc,iron_deficiency,no_demographics,development_oof,1,0.7551867219917012,0.7811158798283262,0.7679324894514767,233
catboost_cbc,B12_deficiency,available,development_oof,0,0.8458781362007168,0.9129593810444874,0.878139534883721,517
catboost_cbc,B12_deficiency,available,development_oof,1,0.6052631578947368,0.44516129032258067,0.5130111524163569,155
catboost_cbc,B12_deficiency,drop30,development_oof,0,0.8075040783034257,0.9574468085106383,0.8761061946902655,517
catboost_cbc,B12_deficiency,drop30,development_oof,1,0.6271186440677966,0.23870967741935484,0.34579439252336447,155
catboost_cbc,B12_deficiency,drop60,development_oof,0,0.7903726708074534,0.9845261121856866,0.8768303186907838,517
catboost_cbc,B12_deficiency,drop60,development_oof,1,0.7142857142857143,0.12903225806451613,0.2185792349726776,155
catboost_cbc,B12_deficiency,cbc_only,development_oof,0,0.8458781362007168,0.9129593810444874,0.878139534883721,517
catboost_cbc,B12_deficiency,cbc_only,development_oof,1,0.6052631578947368,0.44516129032258067,0.5130111524163569,155
catboost_cbc,B12_deficiency,hb_only,development_oof,0,0.7693452380952381,1.0,0.8696383515559294,517
catboost_cbc,B12_deficiency,hb_only,development_oof,1,0.0,0.0,0.0,155
catboost_cbc,B12_deficiency,no_iron,development_oof,0,0.8458781362007168,0.9129593810444874,0.878139534883721,517
catboost_cbc,B12_deficiency,no_iron,development_oof,1,0.6052631578947368,0.44516129032258067,0.5130111524163569,155
catboost_cbc,B12_deficiency,no_B12,development_oof,0,0.8458781362007168,0.9129593810444874,0.878139534883721,517
catboost_cbc,B12_deficiency,no_B12,development_oof,1,0.6052631578947368,0.44516129032258067,0.5130111524163569,155
catboost_cbc,B12_deficiency,no_folate,development_oof,0,0.8458781362007168,0.9129593810444874,0.878139534883721,517
catboost_cbc,B12_deficiency,no_folate,development_oof,1,0.6052631578947368,0.44516129032258067,0.5130111524163569,155
catboost_cbc,B12_deficiency,no_B6,development_oof,0,0.8458781362007168,0.9129593810444874,0.878139534883721,517
catboost_cbc,B12_deficiency,no_B6,development_oof,1,0.6052631578947368,0.44516129032258067,0.5130111524163569,155
catboost_cbc,B12_deficiency,no_copper,development_oof,0,0.8458781362007168,0.9129593810444874,0.878139534883721,517
catboost_cbc,B12_deficiency,no_copper,development_oof,1,0.6052631578947368,0.44516129032258067,0.5130111524163569,155
catboost_cbc,B12_deficiency,no_hemoglobin,development_oof,0,0.8389380530973451,0.9168278529980658,0.8761552680221811,517
catboost_cbc,B12_deficiency,no_hemoglobin,development_oof,1,0.5981308411214953,0.4129032258064516,0.48854961832061067,155
catboost_cbc,B12_deficiency,no_demographics,development_oof,0,0.8250428816466552,0.9303675048355899,0.8745454545454545,517
catboost_cbc,B12_deficiency,no_demographics,development_oof,1,0.5955056179775281,0.3419354838709677,0.4344262295081967,155
catboost_cbc,folate_deficiency,available,development_oof,0,0.8585365853658536,0.9565217391304348,0.9048843187660668,552
catboost_cbc,folate_deficiency,available,development_oof,1,0.5789473684210527,0.275,0.3728813559322034,120
catboost_cbc,folate_deficiency,drop30,development_oof,0,0.8367346938775511,0.9655797101449275,0.896551724137931,552
catboost_cbc,folate_deficiency,drop30,development_oof,1,0.45714285714285713,0.13333333333333333,0.2064516129032258,120
catboost_cbc,folate_deficiency,drop60,development_oof,0,0.825563909774436,0.9945652173913043,0.9022185702547247,552
catboost_cbc,folate_deficiency,drop60,development_oof,1,0.5714285714285714,0.03333333333333333,0.06299212598425197,120
catboost_cbc,folate_deficiency,cbc_only,development_oof,0,0.8585365853658536,0.9565217391304348,0.9048843187660668,552
catboost_cbc,folate_deficiency,cbc_only,development_oof,1,0.5789473684210527,0.275,0.3728813559322034,120
catboost_cbc,folate_deficiency,hb_only,development_oof,0,0.8214285714285714,1.0,0.9019607843137255,552
catboost_cbc,folate_deficiency,hb_only,development_oof,1,0.0,0.0,0.0,120
catboost_cbc,folate_deficiency,no_iron,development_oof,0,0.8585365853658536,0.9565217391304348,0.9048843187660668,552
catboost_cbc,folate_deficiency,no_iron,development_oof,1,0.5789473684210527,0.275,0.3728813559322034,120
catboost_cbc,folate_deficiency,no_B12,development_oof,0,0.8585365853658536,0.9565217391304348,0.9048843187660668,552
catboost_cbc,folate_deficiency,no_B12,development_oof,1,0.5789473684210527,0.275,0.3728813559322034,120
catboost_cbc,folate_deficiency,no_folate,development_oof,0,0.8585365853658536,0.9565217391304348,0.9048843187660668,552
catboost_cbc,folate_deficiency,no_folate,development_oof,1,0.5789473684210527,0.275,0.3728813559322034,120
catboost_cbc,folate_deficiency,no_B6,development_oof,0,0.8585365853658536,0.9565217391304348,0.9048843187660668,552
catboost_cbc,folate_deficiency,no_B6,development_oof,1,0.5789473684210527,0.275,0.3728813559322034,120
catboost_cbc,folate_deficiency,no_copper,development_oof,0,0.8585365853658536,0.9565217391304348,0.9048843187660668,552
catboost_cbc,folate_deficiency,no_copper,development_oof,1,0.5789473684210527,0.275,0.3728813559322034,120
catboost_cbc,folate_deficiency,no_hemoglobin,development_oof,0,0.85667215815486,0.9420289855072463,0.8973252804141502,552
catboost_cbc,folate_deficiency,no_hemoglobin,development_oof,1,0.5076923076923077,0.275,0.3567567567567568,120
catboost_cbc,folate_deficiency,no_demographics,development_oof,0,0.8413685847589425,0.980072463768116,0.9054393305439331,552
catboost_cbc,folate_deficiency,no_demographics,development_oof,1,0.6206896551724138,0.15,0.24161073825503357,120
catboost_cbc,B6_deficiency,available,development_oof,0,0.963855421686747,0.9937888198757764,0.9785932721712538,644
catboost_cbc,B6_deficiency,available,development_oof,1,0.5,0.14285714285714285,0.2222222222222222,28
catboost_cbc,B6_deficiency,drop30,development_oof,0,0.9607250755287009,0.9875776397515528,0.9739663093415007,644
catboost_cbc,B6_deficiency,drop30,development_oof,1,0.2,0.07142857142857142,0.10526315789473684,28
catboost_cbc,B6_deficiency,drop60,development_oof,0,0.9606060606060606,0.984472049689441,0.9723926380368099,644
catboost_cbc,B6_deficiency,drop60,development_oof,1,0.16666666666666666,0.07142857142857142,0.1,28
catboost_cbc,B6_deficiency,cbc_only,development_oof,0,0.963855421686747,0.9937888198757764,0.9785932721712538,644
catboost_cbc,B6_deficiency,cbc_only,development_oof,1,0.5,0.14285714285714285,0.2222222222222222,28
catboost_cbc,B6_deficiency,hb_only,development_oof,0,0.9582089552238806,0.9968944099378882,0.9771689497716894,644
catboost_cbc,B6_deficiency,hb_only,development_oof,1,0.0,0.0,0.0,28
catboost_cbc,B6_deficiency,no_iron,development_oof,0,0.963855421686747,0.9937888198757764,0.9785932721712538,644
catboost_cbc,B6_deficiency,no_iron,development_oof,1,0.5,0.14285714285714285,0.2222222222222222,28
catboost_cbc,B6_deficiency,no_B12,development_oof,0,0.963855421686747,0.9937888198757764,0.9785932721712538,644
catboost_cbc,B6_deficiency,no_B12,development_oof,1,0.5,0.14285714285714285,0.2222222222222222,28
catboost_cbc,B6_deficiency,no_folate,development_oof,0,0.963855421686747,0.9937888198757764,0.9785932721712538,644
catboost_cbc,B6_deficiency,no_folate,development_oof,1,0.5,0.14285714285714285,0.2222222222222222,28
catboost_cbc,B6_deficiency,no_B6,development_oof,0,0.963855421686747,0.9937888198757764,0.9785932721712538,644
catboost_cbc,B6_deficiency,no_B6,development_oof,1,0.5,0.14285714285714285,0.2222222222222222,28
catboost_cbc,B6_deficiency,no_copper,development_oof,0,0.963855421686747,0.9937888198757764,0.9785932721712538,644
catboost_cbc,B6_deficiency,no_copper,development_oof,1,0.5,0.14285714285714285,0.2222222222222222,28
catboost_cbc,B6_deficiency,no_hemoglobin,development_oof,0,0.9597014925373134,0.9984472049689441,0.9786910197869102,644
catboost_cbc,B6_deficiency,no_hemoglobin,development_oof,1,0.5,0.03571428571428571,0.06666666666666667,28
catboost_cbc,B6_deficiency,no_demographics,development_oof,0,0.9625187406296851,0.9968944099378882,0.9794050343249427,644
catboost_cbc,B6_deficiency,no_demographics,development_oof,1,0.6,0.10714285714285714,0.18181818181818182,28
catboost_cbc,copper_deficiency,available,development_oof,0,0.9597014925373134,0.9984472049689441,0.9786910197869102,644
catboost_cbc,copper_deficiency,available,development_oof,1,0.5,0.03571428571428571,0.06666666666666667,28
catboost_cbc,copper_deficiency,drop30,development_oof,0,0.9595070422535211,0.8462732919254659,0.8993399339933993,644
catboost_cbc,copper_deficiency,drop30,development_oof,1,0.04807692307692308,0.17857142857142858,0.07575757575757576,28
catboost_cbc,copper_deficiency,drop60,development_oof,0,0.9694117647058823,0.639751552795031,0.7708138447146866,644
catboost_cbc,copper_deficiency,drop60,development_oof,1,0.06072874493927125,0.5357142857142857,0.10909090909090909,28
catboost_cbc,copper_deficiency,cbc_only,development_oof,0,0.9597014925373134,0.9984472049689441,0.9786910197869102,644
catboost_cbc,copper_deficiency,cbc_only,development_oof,1,0.5,0.03571428571428571,0.06666666666666667,28
catboost_cbc,copper_deficiency,hb_only,development_oof,0,0.9530201342281879,0.4409937888198758,0.6029723991507431,644
catboost_cbc,copper_deficiency,hb_only,development_oof,1,0.0374331550802139,0.5,0.06965174129353234,28
catboost_cbc,copper_deficiency,no_iron,development_oof,0,0.9597014925373134,0.9984472049689441,0.9786910197869102,644
catboost_cbc,copper_deficiency,no_iron,development_oof,1,0.5,0.03571428571428571,0.06666666666666667,28
catboost_cbc,copper_deficiency,no_B12,development_oof,0,0.9597014925373134,0.9984472049689441,0.9786910197869102,644
catboost_cbc,copper_deficiency,no_B12,development_oof,1,0.5,0.03571428571428571,0.06666666666666667,28
catboost_cbc,copper_deficiency,no_folate,development_oof,0,0.9597014925373134,0.9984472049689441,0.9786910197869102,644
catboost_cbc,copper_deficiency,no_folate,development_oof,1,0.5,0.03571428571428571,0.06666666666666667,28
catboost_cbc,copper_deficiency,no_B6,development_oof,0,0.9597014925373134,0.9984472049689441,0.9786910197869102,644
catboost_cbc,copper_deficiency,no_B6,development_oof,1,0.5,0.03571428571428571,0.06666666666666667,28
catboost_cbc,copper_deficiency,no_copper,development_oof,0,0.9597014925373134,0.9984472049689441,0.9786910197869102,644
catboost_cbc,copper_deficiency,no_copper,development_oof,1,0.5,0.03571428571428571,0.06666666666666667,28
catboost_cbc,copper_deficiency,no_hemoglobin,development_oof,0,0.9597014925373134,0.9984472049689441,0.9786910197869102,644
catboost_cbc,copper_deficiency,no_hemoglobin,development_oof,1,0.5,0.03571428571428571,0.06666666666666667,28
catboost_cbc,copper_deficiency,no_demographics,development_oof,0,0.9624624624624625,0.9953416149068323,0.9786259541984733,644
catboost_cbc,copper_deficiency,no_demographics,development_oof,1,0.5,0.10714285714285714,0.17647058823529413,28
catboost_cbc,inflammation_anemia,available,development_oof,0,0.9472049689440993,0.9838709677419355,0.9651898734177216,620
catboost_cbc,inflammation_anemia,available,development_oof,1,0.6428571428571429,0.34615384615384615,0.45,52
catboost_cbc,inflammation_anemia,drop30,development_oof,0,0.9301972685887708,0.9887096774193549,0.9585613760750586,620
catboost_cbc,inflammation_anemia,drop30,development_oof,1,0.46153846153846156,0.11538461538461539,0.18461538461538463,52
catboost_cbc,inflammation_anemia,drop60,development_oof,0,0.9239940387481371,1.0,0.9604957397366383,620
catboost_cbc,inflammation_anemia,drop60,development_oof,1,1.0,0.019230769230769232,0.03773584905660377,52
catboost_cbc,inflammation_anemia,cbc_only,development_oof,0,0.9472049689440993,0.9838709677419355,0.9651898734177216,620
catboost_cbc,inflammation_anemia,cbc_only,development_oof,1,0.6428571428571429,0.34615384615384615,0.45,52
catboost_cbc,inflammation_anemia,hb_only,development_oof,0,0.9226190476190477,1.0,0.9597523219814241,620
catboost_cbc,inflammation_anemia,hb_only,development_oof,1,0.0,0.0,0.0,52
catboost_cbc,inflammation_anemia,no_iron,development_oof,0,0.9472049689440993,0.9838709677419355,0.9651898734177216,620
catboost_cbc,inflammation_anemia,no_iron,development_oof,1,0.6428571428571429,0.34615384615384615,0.45,52
catboost_cbc,inflammation_anemia,no_B12,development_oof,0,0.9472049689440993,0.9838709677419355,0.9651898734177216,620
catboost_cbc,inflammation_anemia,no_B12,development_oof,1,0.6428571428571429,0.34615384615384615,0.45,52
catboost_cbc,inflammation_anemia,no_folate,development_oof,0,0.9472049689440993,0.9838709677419355,0.9651898734177216,620
catboost_cbc,inflammation_anemia,no_folate,development_oof,1,0.6428571428571429,0.34615384615384615,0.45,52
catboost_cbc,inflammation_anemia,no_B6,development_oof,0,0.9472049689440993,0.9838709677419355,0.9651898734177216,620
catboost_cbc,inflammation_anemia,no_B6,development_oof,1,0.6428571428571429,0.34615384615384615,0.45,52
catboost_cbc,inflammation_anemia,no_copper,development_oof,0,0.9472049689440993,0.9838709677419355,0.9651898734177216,620
catboost_cbc,inflammation_anemia,no_copper,development_oof,1,0.6428571428571429,0.34615384615384615,0.45,52
catboost_cbc,inflammation_anemia,no_hemoglobin,development_oof,0,0.941717791411043,0.9903225806451613,0.9654088050314465,620
catboost_cbc,inflammation_anemia,no_hemoglobin,development_oof,1,0.7,0.2692307692307692,0.3888888888888889,52
catboost_cbc,inflammation_anemia,no_demographics,development_oof,0,0.9467084639498433,0.9741935483870968,0.9602543720190779,620
catboost_cbc,inflammation_anemia,no_demographics,development_oof,1,0.5294117647058824,0.34615384615384615,0.4186046511627907,52
missingness_only,anemia_class,available,development_oof,B12_deficiency_anemia,0.325,0.25,0.2826086956521739,52
missingness_only,anemia_class,available,development_oof,B12_deficiency_no_anemia,0.3142857142857143,0.275,0.29333333333333333,40
missingness_only,anemia_class,available,development_oof,B6_deficiency,0.09090909090909091,0.07142857142857142,0.08,28
missingness_only,anemia_class,available,development_oof,anemia_other,0.21428571428571427,0.15,0.17647058823529413,60
missingness_only,anemia_class,available,development_oof,copper_deficiency,0.5384615384615384,0.5,0.5185185185185185,28
missingness_only,anemia_class,available,development_oof,folate_deficiency_anemia,0.10526315789473684,0.05,0.06779661016949153,40
missingness_only,anemia_class,available,development_oof,folate_deficiency_no_anemia,0.15789473684210525,0.09375,0.11764705882352941,32
missingness_only,anemia_class,available,development_oof,inflammation_anemia,0.16326530612244897,0.15384615384615385,0.15841584158415842,52
missingness_only,anemia_class,available,development_oof,iron_deficiency_anemia,0.24271844660194175,0.2717391304347826,0.2564102564102564,92
missingness_only,anemia_class,available,development_oof,latent_deficiency,0.4146341463414634,0.5,0.4533333333333333,68
missingness_only,anemia_class,available,development_oof,mixed_deficiency,0.3125,0.43478260869565216,0.36363636363636365,92
missingness_only,anemia_class,available,development_oof,no_anemia_no_deficiency,0.3177570093457944,0.38636363636363635,0.3487179487179487,88
missingness_only,anemia_class,drop30,development_oof,B12_deficiency_anemia,0.3684210526315789,0.1346153846153846,0.19718309859154928,52
missingness_only,anemia_class,drop30,development_oof,B12_deficiency_no_anemia,0.23809523809523808,0.25,0.24390243902439024,40
missingness_only,anemia_class,drop30,development_oof,B6_deficiency,0.0625,0.03571428571428571,0.045454545454545456,28
missingness_only,anemia_class,drop30,development_oof,anemia_other,0.125,0.06666666666666667,0.08695652173913043,60
missingness_only,anemia_class,drop30,development_oof,copper_deficiency,0.4117647058823529,0.25,0.3111111111111111,28
missingness_only,anemia_class,drop30,development_oof,folate_deficiency_anemia,0.0,0.0,0.0,40
missingness_only,anemia_class,drop30,development_oof,folate_deficiency_no_anemia,0.125,0.21875,0.1590909090909091,32
missingness_only,anemia_class,drop30,development_oof,inflammation_anemia,0.2,0.057692307692307696,0.08955223880597014,52
missingness_only,anemia_class,drop30,development_oof,iron_deficiency_anemia,0.125,0.11956521739130435,0.12222222222222222,92
missingness_only,anemia_class,drop30,development_oof,latent_deficiency,0.21153846153846154,0.3235294117647059,0.2558139534883721,68
missingness_only,anemia_class,drop30,development_oof,mixed_deficiency,0.38095238095238093,0.08695652173913043,0.1415929203539823,92
missingness_only,anemia_class,drop30,development_oof,no_anemia_no_deficiency,0.2054263565891473,0.6022727272727273,0.3063583815028902,88
missingness_only,anemia_class,drop60,development_oof,B12_deficiency_anemia,0.5,0.038461538461538464,0.07142857142857142,52
missingness_only,anemia_class,drop60,development_oof,B12_deficiency_no_anemia,0.058823529411764705,0.05,0.05405405405405406,40
missingness_only,anemia_class,drop60,development_oof,B6_deficiency,0.14285714285714285,0.03571428571428571,0.05714285714285714,28
missingness_only,anemia_class,drop60,development_oof,anemia_other,0.14285714285714285,0.016666666666666666,0.029850746268656716,60
missingness_only,anemia_class,drop60,development_oof,copper_deficiency,0.5,0.03571428571428571,0.06666666666666667,28
missingness_only,anemia_class,drop60,development_oof,folate_deficiency_anemia,0.0,0.0,0.0,40
missingness_only,anemia_class,drop60,development_oof,folate_deficiency_no_anemia,0.058823529411764705,0.15625,0.08547008547008547,32
missingness_only,anemia_class,drop60,development_oof,inflammation_anemia,0.0,0.0,0.0,52
missingness_only,anemia_class,drop60,development_oof,iron_deficiency_anemia,0.16666666666666666,0.03260869565217391,0.05454545454545454,92
missingness_only,anemia_class,drop60,development_oof,latent_deficiency,0.2028985507246377,0.20588235294117646,0.20437956204379562,68
missingness_only,anemia_class,drop60,development_oof,mixed_deficiency,0.0,0.0,0.0,92
missingness_only,anemia_class,drop60,development_oof,no_anemia_no_deficiency,0.1348314606741573,0.6818181818181818,0.225140712945591,88
missingness_only,anemia_class,cbc_only,development_oof,B12_deficiency_anemia,0.0,0.0,0.0,52
missingness_only,anemia_class,cbc_only,development_oof,B12_deficiency_no_anemia,0.0,0.0,0.0,40
missingness_only,anemia_class,cbc_only,development_oof,B6_deficiency,0.0,0.0,0.0,28
missingness_only,anemia_class,cbc_only,development_oof,anemia_other,0.0,0.0,0.0,60
missingness_only,anemia_class,cbc_only,development_oof,copper_deficiency,0.0,0.0,0.0,28
missingness_only,anemia_class,cbc_only,development_oof,folate_deficiency_anemia,0.0,0.0,0.0,40
missingness_only,anemia_class,cbc_only,development_oof,folate_deficiency_no_anemia,0.0,0.0,0.0,32
missingness_only,anemia_class,cbc_only,development_oof,inflammation_anemia,0.0,0.0,0.0,52
missingness_only,anemia_class,cbc_only,development_oof,iron_deficiency_anemia,0.0,0.0,0.0,92
missingness_only,anemia_class,cbc_only,development_oof,latent_deficiency,0.0,0.0,0.0,68
missingness_only,anemia_class,cbc_only,development_oof,mixed_deficiency,0.0,0.0,0.0,92
missingness_only,anemia_class,cbc_only,development_oof,no_anemia_no_deficiency,0.13095238095238096,1.0,0.23157894736842105,88
missingness_only,anemia_class,hb_only,development_oof,B12_deficiency_anemia,0.0,0.0,0.0,52
missingness_only,anemia_class,hb_only,development_oof,B12_deficiency_no_anemia,0.0,0.0,0.0,40
missingness_only,anemia_class,hb_only,development_oof,B6_deficiency,0.0,0.0,0.0,28
missingness_only,anemia_class,hb_only,development_oof,anemia_other,0.0,0.0,0.0,60
missingness_only,anemia_class,hb_only,development_oof,copper_deficiency,0.0,0.0,0.0,28
missingness_only,anemia_class,hb_only,development_oof,folate_deficiency_anemia,0.0,0.0,0.0,40
missingness_only,anemia_class,hb_only,development_oof,folate_deficiency_no_anemia,0.0,0.0,0.0,32
missingness_only,anemia_class,hb_only,development_oof,inflammation_anemia,0.0,0.0,0.0,52
missingness_only,anemia_class,hb_only,development_oof,iron_deficiency_anemia,0.0,0.0,0.0,92
missingness_only,anemia_class,hb_only,development_oof,latent_deficiency,0.0,0.0,0.0,68
missingness_only,anemia_class,hb_only,development_oof,mixed_deficiency,0.0,0.0,0.0,92
missingness_only,anemia_class,hb_only,development_oof,no_anemia_no_deficiency,0.13095238095238096,1.0,0.23157894736842105,88
missingness_only,anemia_class,no_iron,development_oof,B12_deficiency_anemia,0.24545454545454545,0.5192307692307693,0.3333333333333333,52
missingness_only,anemia_class,no_iron,development_oof,B12_deficiency_no_anemia,0.19101123595505617,0.425,0.26356589147286824,40
missingness_only,anemia_class,no_iron,development_oof,B6_deficiency,0.13157894736842105,0.17857142857142858,0.15151515151515152,28
missingness_only,anemia_class,no_iron,development_oof,anemia_other,0.1836734693877551,0.15,0.1651376146788991,60
missingness_only,anemia_class,no_iron,development_oof,copper_deficiency,0.3877551020408163,0.6785714285714286,0.4935064935064935,28
missingness_only,anemia_class,no_iron,development_oof,folate_deficiency_anemia,0.2,0.025,0.044444444444444446,40
missingness_only,anemia_class,no_iron,development_oof,folate_deficiency_no_anemia,0.1875,0.1875,0.1875,32
missingness_only,anemia_class,no_iron,development_oof,inflammation_anemia,0.0,0.0,0.0,52
missingness_only,anemia_class,no_iron,development_oof,iron_deficiency_anemia,0.0,0.0,0.0,92
missingness_only,anemia_class,no_iron,development_oof,latent_deficiency,0.0,0.0,0.0,68
missingness_only,anemia_class,no_iron,development_oof,mixed_deficiency,0.3076923076923077,0.043478260869565216,0.0761904761904762,92
missingness_only,anemia_class,no_iron,development_oof,no_anemia_no_deficiency,0.20422535211267606,0.6590909090909091,0.3118279569892473,88
missingness_only,anemia_class,no_B12,development_oof,B12_deficiency_anemia,0.0,0.0,0.0,52
missingness_only,anemia_class,no_B12,development_oof,B12_deficiency_no_anemia,0.0,0.0,0.0,40
missingness_only,anemia_class,no_B12,development_oof,B6_deficiency,0.0,0.0,0.0,28
missingness_only,anemia_class,no_B12,development_oof,anemia_other,0.1590909090909091,0.23333333333333334,0.1891891891891892,60
missingness_only,anemia_class,no_B12,development_oof,copper_deficiency,0.4375,0.5,0.4666666666666667,28
missingness_only,anemia_class,no_B12,development_oof,folate_deficiency_anemia,0.2,0.075,0.10909090909090909,40
missingness_only,anemia_class,no_B12,development_oof,folate_deficiency_no_anemia,0.10344827586206896,0.09375,0.09836065573770492,32
missingness_only,anemia_class,no_B12,development_oof,inflammation_anemia,0.18032786885245902,0.21153846153846154,0.19469026548672566,52
missingness_only,anemia_class,no_B12,development_oof,iron_deficiency_anemia,0.22,0.2391304347826087,0.22916666666666666,92
missingness_only,anemia_class,no_B12,development_oof,latent_deficiency,0.2866666666666667,0.6323529411764706,0.3944954128440367,68
missingness_only,anemia_class,no_B12,development_oof,mixed_deficiency,0.375,0.06521739130434782,0.1111111111111111,92
missingness_only,anemia_class,no_B12,development_oof,no_anemia_no_deficiency,0.2795031055900621,0.5113636363636364,0.3614457831325301,88
missingness_only,anemia_class,no_folate,development_oof,B12_deficiency_anemia,0.34,0.3269230769230769,0.3333333333333333,52
missingness_only,anemia_class,no_folate,development_oof,B12_deficiency_no_anemia,0.32142857142857145,0.225,0.2647058823529412,40
missingness_only,anemia_class,no_folate,development_oof,B6_deficiency,0.08333333333333333,0.07142857142857142,0.07692307692307693,28
missingness_only,anemia_class,no_folate,development_oof,anemia_other,0.17647058823529413,0.1,0.1276595744680851,60
missingness_only,anemia_class,no_folate,development_oof,copper_deficiency,0.4827586206896552,0.5,0.49122807017543857,28
missingness_only,anemia_class,no_folate,development_oof,folate_deficiency_anemia,0.0,0.0,0.0,40
missingness_only,anemia_class,no_folate,development_oof,folate_deficiency_no_anemia,0.0,0.0,0.0,32
missingness_only,anemia_class,no_folate,development_oof,inflammation_anemia,0.16901408450704225,0.23076923076923078,0.1951219512195122,52
missingness_only,anemia_class,no_folate,development_oof,iron_deficiency_anemia,0.24812030075187969,0.358695652173913,0.29333333333333333,92
missingness_only,anemia_class,no_folate,development_oof,latent_deficiency,0.30708661417322836,0.5735294117647058,0.4,68
missingness_only,anemia_class,no_folate,development_oof,mixed_deficiency,0.40540540540540543,0.16304347826086957,0.23255813953488372,92
missingness_only,anemia_class,no_folate,development_oof,no_anemia_no_deficiency,0.30434782608695654,0.4772727272727273,0.37168141592920356,88
missingness_only,anemia_class,no_B6,development_oof,B12_deficiency_anemia,0.32558139534883723,0.2692307692307692,0.29473684210526313,52
missingness_only,anemia_class,no_B6,development_oof,B12_deficiency_no_anemia,0.34210526315789475,0.325,0.3333333333333333,40
missingness_only,anemia_class,no_B6,development_oof,B6_deficiency,0.0,0.0,0.0,28
missingness_only,anemia_class,no_B6,development_oof,anemia_other,0.2,0.13333333333333333,0.16,60
missingness_only,anemia_class,no_B6,development_oof,copper_deficiency,0.5172413793103449,0.5357142857142857,0.5263157894736842,28
missingness_only,anemia_class,no_B6,development_oof,folate_deficiency_anemia,0.19047619047619047,0.1,0.13114754098360656,40
missingness_only,anemia_class,no_B6,development_oof,folate_deficiency_no_anemia,0.16666666666666666,0.09375,0.12,32
missingness_only,anemia_class,no_B6,development_oof,inflammation_anemia,0.1509433962264151,0.15384615384615385,0.1523809523809524,52
missingness_only,anemia_class,no_B6,development_oof,iron_deficiency_anemia,0.24528301886792453,0.2826086956521739,0.26262626262626265,92
missingness_only,anemia_class,no_B6,development_oof,latent_deficiency,0.4166666666666667,0.5147058823529411,0.4605263157894737,68
missingness_only,anemia_class,no_B6,development_oof,mixed_deficiency,0.3170731707317073,0.42391304347826086,0.3627906976744186,92
missingness_only,anemia_class,no_B6,development_oof,no_anemia_no_deficiency,0.3247863247863248,0.4318181818181818,0.37073170731707317,88
missingness_only,anemia_class,no_copper,development_oof,B12_deficiency_anemia,0.3157894736842105,0.23076923076923078,0.26666666666666666,52
missingness_only,anemia_class,no_copper,development_oof,B12_deficiency_no_anemia,0.30952380952380953,0.325,0.3170731707317073,40
missingness_only,anemia_class,no_copper,development_oof,B6_deficiency,0.14814814814814814,0.14285714285714285,0.14545454545454545,28
missingness_only,anemia_class,no_copper,development_oof,anemia_other,0.24324324324324326,0.15,0.18556701030927836,60
missingness_only,anemia_class,no_copper,development_oof,copper_deficiency,0.0,0.0,0.0,28
missingness_only,anemia_class,no_copper,development_oof,folate_deficiency_anemia,0.13636363636363635,0.075,0.0967741935483871,40
missingness_only,anemia_class,no_copper,development_oof,folate_deficiency_no_anemia,0.13636363636363635,0.09375,0.1111111111111111,32
missingness_only,anemia_class,no_copper,development_oof,inflammation_anemia,0.15217391304347827,0.1346153846153846,0.14285714285714285,52
missingness_only,anemia_class,no_copper,development_oof,iron_deficiency_anemia,0.2553191489361702,0.2608695652173913,0.25806451612903225,92
missingness_only,anemia_class,no_copper,development_oof,latent_deficiency,0.36082474226804123,0.5147058823529411,0.42424242424242425,68
missingness_only,anemia_class,no_copper,development_oof,mixed_deficiency,0.30656934306569344,0.45652173913043476,0.36681222707423583,92
missingness_only,anemia_class,no_copper,development_oof,no_anemia_no_deficiency,0.3090909090909091,0.38636363636363635,0.3434343434343434,88
missingness_only,anemia_class,no_hemoglobin,development_oof,B12_deficiency_anemia,0.325,0.25,0.2826086956521739,52
missingness_only,anemia_class,no_hemoglobin,development_oof,B12_deficiency_no_anemia,0.3142857142857143,0.275,0.29333333333333333,40
missingness_only,anemia_class,no_hemoglobin,development_oof,B6_deficiency,0.09090909090909091,0.07142857142857142,0.08,28
missingness_only,anemia_class,no_hemoglobin,development_oof,anemia_other,0.21428571428571427,0.15,0.17647058823529413,60
missingness_only,anemia_class,no_hemoglobin,development_oof,copper_deficiency,0.5384615384615384,0.5,0.5185185185185185,28
missingness_only,anemia_class,no_hemoglobin,development_oof,folate_deficiency_anemia,0.10526315789473684,0.05,0.06779661016949153,40
missingness_only,anemia_class,no_hemoglobin,development_oof,folate_deficiency_no_anemia,0.15789473684210525,0.09375,0.11764705882352941,32
missingness_only,anemia_class,no_hemoglobin,development_oof,inflammation_anemia,0.16326530612244897,0.15384615384615385,0.15841584158415842,52
missingness_only,anemia_class,no_hemoglobin,development_oof,iron_deficiency_anemia,0.24271844660194175,0.2717391304347826,0.2564102564102564,92
missingness_only,anemia_class,no_hemoglobin,development_oof,latent_deficiency,0.4146341463414634,0.5,0.4533333333333333,68
missingness_only,anemia_class,no_hemoglobin,development_oof,mixed_deficiency,0.3125,0.43478260869565216,0.36363636363636365,92
missingness_only,anemia_class,no_hemoglobin,development_oof,no_anemia_no_deficiency,0.3177570093457944,0.38636363636363635,0.3487179487179487,88
missingness_only,anemia_class,no_demographics,development_oof,B12_deficiency_anemia,0.325,0.25,0.2826086956521739,52
missingness_only,anemia_class,no_demographics,development_oof,B12_deficiency_no_anemia,0.3142857142857143,0.275,0.29333333333333333,40
missingness_only,anemia_class,no_demographics,development_oof,B6_deficiency,0.09090909090909091,0.07142857142857142,0.08,28
missingness_only,anemia_class,no_demographics,development_oof,anemia_other,0.21428571428571427,0.15,0.17647058823529413,60
missingness_only,anemia_class,no_demographics,development_oof,copper_deficiency,0.5384615384615384,0.5,0.5185185185185185,28
missingness_only,anemia_class,no_demographics,development_oof,folate_deficiency_anemia,0.10526315789473684,0.05,0.06779661016949153,40
missingness_only,anemia_class,no_demographics,development_oof,folate_deficiency_no_anemia,0.15789473684210525,0.09375,0.11764705882352941,32
missingness_only,anemia_class,no_demographics,development_oof,inflammation_anemia,0.16326530612244897,0.15384615384615385,0.15841584158415842,52
missingness_only,anemia_class,no_demographics,development_oof,iron_deficiency_anemia,0.24271844660194175,0.2717391304347826,0.2564102564102564,92
missingness_only,anemia_class,no_demographics,development_oof,latent_deficiency,0.4146341463414634,0.5,0.4533333333333333,68
missingness_only,anemia_class,no_demographics,development_oof,mixed_deficiency,0.3125,0.43478260869565216,0.36363636363636365,92
missingness_only,anemia_class,no_demographics,development_oof,no_anemia_no_deficiency,0.3177570093457944,0.38636363636363635,0.3487179487179487,88
missingness_only,iron_deficiency,available,development_oof,0,0.7420042643923241,0.7927107061503417,0.7665198237885462,439
missingness_only,iron_deficiency,available,development_oof,1,0.5517241379310345,0.48068669527896996,0.5137614678899083,233
missingness_only,iron_deficiency,drop30,development_oof,0,0.691470054446461,0.8678815489749431,0.7696969696969697,439
missingness_only,iron_deficiency,drop30,development_oof,1,0.5206611570247934,0.2703862660944206,0.3559322033898305,233
missingness_only,iron_deficiency,drop60,development_oof,0,0.6666666666666666,0.9384965831435079,0.7795648060548723,439
missingness_only,iron_deficiency,drop60,development_oof,1,0.5,0.11587982832618025,0.18815331010452963,233
missingness_only,iron_deficiency,cbc_only,development_oof,0,0.6532738095238095,1.0,0.7902790279027903,439
missingness_only,iron_deficiency,cbc_only,development_oof,1,0.0,0.0,0.0,233
missingness_only,iron_deficiency,hb_only,development_oof,0,0.6532738095238095,1.0,0.7902790279027903,439
missingness_only,iron_deficiency,hb_only,development_oof,1,0.0,0.0,0.0,233
missingness_only,iron_deficiency,no_iron,development_oof,0,0.6532738095238095,1.0,0.7902790279027903,439
missingness_only,iron_deficiency,no_iron,development_oof,1,0.0,0.0,0.0,233
missingness_only,iron_deficiency,no_B12,development_oof,0,0.7522522522522522,0.7608200455580866,0.7565118912797282,439
missingness_only,iron_deficiency,no_B12,development_oof,1,0.5394736842105263,0.5278969957081545,0.5336225596529284,233
missingness_only,iron_deficiency,no_folate,development_oof,0,0.7683215130023641,0.7403189066059226,0.7540603248259861,439
missingness_only,iron_deficiency,no_folate,development_oof,1,0.5421686746987951,0.5793991416309013,0.5601659751037344,233
missingness_only,iron_deficiency,no_B6,development_oof,0,0.75,0.7790432801822323,0.7642458100558659,439
missingness_only,iron_deficiency,no_B6,development_oof,1,0.5509259259259259,0.5107296137339056,0.5300668151447662,233
missingness_only,iron_deficiency,no_copper,development_oof,0,0.755056179775281,0.765375854214123,0.7601809954751131,439
missingness_only,iron_deficiency,no_copper,development_oof,1,0.5462555066079295,0.5321888412017167,0.5391304347826087,233
missingness_only,iron_deficiency,no_hemoglobin,development_oof,0,0.7420042643923241,0.7927107061503417,0.7665198237885462,439
missingness_only,iron_deficiency,no_hemoglobin,development_oof,1,0.5517241379310345,0.48068669527896996,0.5137614678899083,233
missingness_only,iron_deficiency,no_demographics,development_oof,0,0.7420042643923241,0.7927107061503417,0.7665198237885462,439
missingness_only,iron_deficiency,no_demographics,development_oof,1,0.5517241379310345,0.48068669527896996,0.5137614678899083,233
missingness_only,B12_deficiency,available,development_oof,0,0.8180272108843537,0.9303675048355899,0.8705882352941177,517
missingness_only,B12_deficiency,available,development_oof,1,0.5714285714285714,0.3096774193548387,0.401673640167364,155
missingness_only,B12_deficiency,drop30,development_oof,0,0.781733746130031,0.97678916827853,0.8684436801375752,517
missingness_only,B12_deficiency,drop30,development_oof,1,0.5384615384615384,0.09032258064516129,0.15469613259668508,155
missingness_only,B12_deficiency,drop60,development_oof,0,0.7716417910447761,1.0,0.8711036225779275,517
missingness_only,B12_deficiency,drop60,development_oof,1,1.0,0.012903225806451613,0.025477707006369428,155
missingness_only,B12_deficiency,cbc_only,development_oof,0,0.7693452380952381,1.0,0.8696383515559294,517
missingness_only,B12_deficiency,cbc_only,development_oof,1,0.0,0.0,0.0,155
missingness_only,B12_deficiency,hb_only,development_oof,0,0.7693452380952381,1.0,0.8696383515559294,517
missingness_only,B12_deficiency,hb_only,development_oof,1,0.0,0.0,0.0,155
missingness_only,B12_deficiency,no_iron,development_oof,0,0.8640973630831643,0.8239845261121856,0.8435643564356435,517
missingness_only,B12_deficiency,no_iron,development_oof,1,0.49162011173184356,0.567741935483871,0.5269461077844312,155
missingness_only,B12_deficiency,no_B12,development_oof,0,0.7693452380952381,1.0,0.8696383515559294,517
missingness_only,B12_deficiency,no_B12,development_oof,1,0.0,0.0,0.0,155
missingness_only,B12_deficiency,no_folate,development_oof,0,0.806873977086743,0.9535783365570599,0.874113475177305,517
missingness_only,B12_deficiency,no_folate,development_oof,1,0.6065573770491803,0.23870967741935484,0.3425925925925926,155
missingness_only,B12_deficiency,no_B6,development_oof,0,0.8191126279863481,0.9284332688588007,0.8703535811423391,517
missingness_only,B12_deficiency,no_B6,development_oof,1,0.5697674418604651,0.3161290322580645,0.4066390041493776,155
missingness_only,B12_deficiency,no_copper,development_oof,0,0.8260869565217391,0.9187620889748549,0.86996336996337,517
missingness_only,B12_deficiency,no_copper,development_oof,1,0.5670103092783505,0.3548387096774194,0.4365079365079365,155
missingness_only,B12_deficiency,no_hemoglobin,development_oof,0,0.8180272108843537,0.9303675048355899,0.8705882352941177,517
missingness_only,B12_deficiency,no_hemoglobin,development_oof,1,0.5714285714285714,0.3096774193548387,0.401673640167364,155
missingness_only,B12_deficiency,no_demographics,development_oof,0,0.8180272108843537,0.9303675048355899,0.8705882352941177,517
missingness_only,B12_deficiency,no_demographics,development_oof,1,0.5714285714285714,0.3096774193548387,0.401673640167364,155
missingness_only,folate_deficiency,available,development_oof,0,0.8245083207261724,0.9873188405797102,0.8985985160758451,552
missingness_only,folate_deficiency,available,development_oof,1,0.36363636363636365,0.03333333333333333,0.061068702290076333,120
missingness_only,folate_deficiency,drop30,development_oof,0,0.8213213213213213,0.9909420289855072,0.8981937602627258,552
missingness_only,folate_deficiency,drop30,development_oof,1,0.16666666666666666,0.008333333333333333,0.015873015873015872,120
missingness_only,folate_deficiency,drop60,development_oof,0,0.8208955223880597,0.9963768115942029,0.900163666121113,552
missingness_only,folate_deficiency,drop60,development_oof,1,0.0,0.0,0.0,120
missingness_only,folate_deficiency,cbc_only,development_oof,0,0.8214285714285714,1.0,0.9019607843137255,552
missingness_only,folate_deficiency,cbc_only,development_oof,1,0.0,0.0,0.0,120
missingness_only,folate_deficiency,hb_only,development_oof,0,0.8214285714285714,1.0,0.9019607843137255,552
missingness_only,folate_deficiency,hb_only,development_oof,1,0.0,0.0,0.0,120
missingness_only,folate_deficiency,no_iron,development_oof,0,0.820627802690583,0.9945652173913043,0.8992628992628993,552
missingness_only,folate_deficiency,no_iron,development_oof,1,0.0,0.0,0.0,120
missingness_only,folate_deficiency,no_B12,development_oof,0,0.8207831325301205,0.9873188405797102,0.8963815789473685,552
missingness_only,folate_deficiency,no_B12,development_oof,1,0.125,0.008333333333333333,0.015625,120
missingness_only,folate_deficiency,no_folate,development_oof,0,0.8214285714285714,1.0,0.9019607843137255,552
missingness_only,folate_deficiency,no_folate,development_oof,1,0.0,0.0,0.0,120
missingness_only,folate_deficiency,no_B6,development_oof,0,0.824773413897281,0.9891304347826086,0.899505766062603,552
missingness_only,folate_deficiency,no_B6,development_oof,1,0.4,0.03333333333333333,0.06153846153846154,120
missingness_only,folate_deficiency,no_copper,development_oof,0,0.8234398782343988,0.980072463768116,0.8949545078577337,552
missingness_only,folate_deficiency,no_copper,development_oof,1,0.26666666666666666,0.03333333333333333,0.05925925925925926,120
missingness_only,folate_deficiency,no_hemoglobin,development_oof,0,0.8245083207261724,0.9873188405797102,0.8985985160758451,552
missingness_only,folate_deficiency,no_hemoglobin,development_oof,1,0.36363636363636365,0.03333333333333333,0.061068702290076333,120
missingness_only,folate_deficiency,no_demographics,development_oof,0,0.8245083207261724,0.9873188405797102,0.8985985160758451,552
missingness_only,folate_deficiency,no_demographics,development_oof,1,0.36363636363636365,0.03333333333333333,0.061068702290076333,120
missingness_only,B6_deficiency,available,development_oof,0,0.9582712369597616,0.9984472049689441,0.9779467680608365,644
missingness_only,B6_deficiency,available,development_oof,1,0.0,0.0,0.0,28
missingness_only,B6_deficiency,drop30,development_oof,0,0.9597014925373134,0.9984472049689441,0.9786910197869102,644
missingness_only,B6_deficiency,drop30,development_oof,1,0.5,0.03571428571428571,0.06666666666666667,28
missingness_only,B6_deficiency,drop60,development_oof,0,0.9583333333333334,1.0,0.9787234042553191,644
missingness_only,B6_deficiency,drop60,development_oof,1,0.0,0.0,0.0,28
missingness_only,B6_deficiency,cbc_only,development_oof,0,0.9583333333333334,1.0,0.9787234042553191,644
missingness_only,B6_deficiency,cbc_only,development_oof,1,0.0,0.0,0.0,28
missingness_only,B6_deficiency,hb_only,development_oof,0,0.9583333333333334,1.0,0.9787234042553191,644
missingness_only,B6_deficiency,hb_only,development_oof,1,0.0,0.0,0.0,28
missingness_only,B6_deficiency,no_iron,development_oof,0,0.9582089552238806,0.9968944099378882,0.9771689497716894,644
missingness_only,B6_deficiency,no_iron,development_oof,1,0.0,0.0,0.0,28
missingness_only,B6_deficiency,no_B12,development_oof,0,0.9583333333333334,1.0,0.9787234042553191,644
missingness_only,B6_deficiency,no_B12,development_oof,1,0.0,0.0,0.0,28
missingness_only,B6_deficiency,no_folate,development_oof,0,0.9583333333333334,1.0,0.9787234042553191,644
missingness_only,B6_deficiency,no_folate,development_oof,1,0.0,0.0,0.0,28
missingness_only,B6_deficiency,no_B6,development_oof,0,0.9583333333333334,1.0,0.9787234042553191,644
missingness_only,B6_deficiency,no_B6,development_oof,1,0.0,0.0,0.0,28
missingness_only,B6_deficiency,no_copper,development_oof,0,0.9582712369597616,0.9984472049689441,0.9779467680608365,644
missingness_only,B6_deficiency,no_copper,development_oof,1,0.0,0.0,0.0,28
missingness_only,B6_deficiency,no_hemoglobin,development_oof,0,0.9582712369597616,0.9984472049689441,0.9779467680608365,644
missingness_only,B6_deficiency,no_hemoglobin,development_oof,1,0.0,0.0,0.0,28
missingness_only,B6_deficiency,no_demographics,development_oof,0,0.9582712369597616,0.9984472049689441,0.9779467680608365,644
missingness_only,B6_deficiency,no_demographics,development_oof,1,0.0,0.0,0.0,28
missingness_only,copper_deficiency,available,development_oof,0,0.9756838905775076,0.9968944099378882,0.9861751152073732,644
missingness_only,copper_deficiency,available,development_oof,1,0.8571428571428571,0.42857142857142855,0.5714285714285714,28
missingness_only,copper_deficiency,drop30,development_oof,0,0.963963963963964,0.9968944099378882,0.9801526717557252,644
missingness_only,copper_deficiency,drop30,development_oof,1,0.6666666666666666,0.14285714285714285,0.23529411764705882,28
missingness_only,copper_deficiency,drop60,development_oof,0,0.9597615499254843,1.0,0.979467680608365,644
missingness_only,copper_deficiency,drop60,development_oof,1,1.0,0.03571428571428571,0.06896551724137931,28
missingness_only,copper_deficiency,cbc_only,development_oof,0,0.9583333333333334,1.0,0.9787234042553191,644
missingness_only,copper_deficiency,cbc_only,development_oof,1,0.0,0.0,0.0,28
missingness_only,copper_deficiency,hb_only,development_oof,0,0.9583333333333334,1.0,0.9787234042553191,644
missingness_only,copper_deficiency,hb_only,development_oof,1,0.0,0.0,0.0,28
missingness_only,copper_deficiency,no_iron,development_oof,0,0.9785276073619632,0.9906832298136646,0.9845679012345679,644
missingness_only,copper_deficiency,no_iron,development_oof,1,0.7,0.5,0.5833333333333334,28
missingness_only,copper_deficiency,no_B12,development_oof,0,0.9755725190839695,0.9922360248447205,0.9838337182448037,644
missingness_only,copper_deficiency,no_B12,development_oof,1,0.7058823529411765,0.42857142857142855,0.5333333333333333,28
missingness_only,copper_deficiency,no_folate,development_oof,0,0.9726027397260274,0.9922360248447205,0.9823212913143735,644
missingness_only,copper_deficiency,no_folate,development_oof,1,0.6666666666666666,0.35714285714285715,0.46511627906976744,28
missingness_only,copper_deficiency,no_B6,development_oof,0,0.9756838905775076,0.9968944099378882,0.9861751152073732,644
missingness_only,copper_deficiency,no_B6,development_oof,1,0.8571428571428571,0.42857142857142855,0.5714285714285714,28
missingness_only,copper_deficiency,no_copper,development_oof,0,0.9583333333333334,1.0,0.9787234042553191,644
missingness_only,copper_deficiency,no_copper,development_oof,1,0.0,0.0,0.0,28
missingness_only,copper_deficiency,no_hemoglobin,development_oof,0,0.9756838905775076,0.9968944099378882,0.9861751152073732,644
missingness_only,copper_deficiency,no_hemoglobin,development_oof,1,0.8571428571428571,0.42857142857142855,0.5714285714285714,28
missingness_only,copper_deficiency,no_demographics,development_oof,0,0.9756838905775076,0.9968944099378882,0.9861751152073732,644
missingness_only,copper_deficiency,no_demographics,development_oof,1,0.8571428571428571,0.42857142857142855,0.5714285714285714,28
missingness_only,inflammation_anemia,available,development_oof,0,0.9226190476190477,1.0,0.9597523219814241,620
missingness_only,inflammation_anemia,available,development_oof,1,0.0,0.0,0.0,52
missingness_only,inflammation_anemia,drop30,development_oof,0,0.9239940387481371,1.0,0.9604957397366383,620
missingness_only,inflammation_anemia,drop30,development_oof,1,1.0,0.019230769230769232,0.03773584905660377,52
missingness_only,inflammation_anemia,drop60,development_oof,0,0.9226190476190477,1.0,0.9597523219814241,620
missingness_only,inflammation_anemia,drop60,development_oof,1,0.0,0.0,0.0,52
missingness_only,inflammation_anemia,cbc_only,development_oof,0,0.9226190476190477,1.0,0.9597523219814241,620
missingness_only,inflammation_anemia,cbc_only,development_oof,1,0.0,0.0,0.0,52
missingness_only,inflammation_anemia,hb_only,development_oof,0,0.9226190476190477,1.0,0.9597523219814241,620
missingness_only,inflammation_anemia,hb_only,development_oof,1,0.0,0.0,0.0,52
missingness_only,inflammation_anemia,no_iron,development_oof,0,0.9226190476190477,1.0,0.9597523219814241,620
missingness_only,inflammation_anemia,no_iron,development_oof,1,0.0,0.0,0.0,52
missingness_only,inflammation_anemia,no_B12,development_oof,0,0.9226190476190477,1.0,0.9597523219814241,620
missingness_only,inflammation_anemia,no_B12,development_oof,1,0.0,0.0,0.0,52
missingness_only,inflammation_anemia,no_folate,development_oof,0,0.9225037257824144,0.9983870967741936,0.9589465530596437,620
missingness_only,inflammation_anemia,no_folate,development_oof,1,0.0,0.0,0.0,52
missingness_only,inflammation_anemia,no_B6,development_oof,0,0.9226190476190477,1.0,0.9597523219814241,620
missingness_only,inflammation_anemia,no_B6,development_oof,1,0.0,0.0,0.0,52
missingness_only,inflammation_anemia,no_copper,development_oof,0,0.9226190476190477,1.0,0.9597523219814241,620
missingness_only,inflammation_anemia,no_copper,development_oof,1,0.0,0.0,0.0,52
missingness_only,inflammation_anemia,no_hemoglobin,development_oof,0,0.9226190476190477,1.0,0.9597523219814241,620
missingness_only,inflammation_anemia,no_hemoglobin,development_oof,1,0.0,0.0,0.0,52
missingness_only,inflammation_anemia,no_demographics,development_oof,0,0.9226190476190477,1.0,0.9597523219814241,620
missingness_only,inflammation_anemia,no_demographics,development_oof,1,0.0,0.0,0.0,52
extra_trees,anemia_class,available,holdout,B12_deficiency_anemia,0.7647058823529411,1.0,0.8666666666666667,13
extra_trees,anemia_class,available,holdout,B12_deficiency_no_anemia,0.9090909090909091,1.0,0.9523809523809523,10
extra_trees,anemia_class,available,holdout,B6_deficiency,1.0,0.8571428571428571,0.9230769230769231,7
extra_trees,anemia_class,available,holdout,anemia_other,0.8823529411764706,1.0,0.9375,15
extra_trees,anemia_class,available,holdout,copper_deficiency,1.0,0.8571428571428571,0.9230769230769231,7
extra_trees,anemia_class,available,holdout,folate_deficiency_anemia,1.0,0.9,0.9473684210526315,10
extra_trees,anemia_class,available,holdout,folate_deficiency_no_anemia,1.0,0.625,0.7692307692307693,8
extra_trees,anemia_class,available,holdout,inflammation_anemia,1.0,1.0,1.0,13
extra_trees,anemia_class,available,holdout,iron_deficiency_anemia,0.8333333333333334,0.8695652173913043,0.851063829787234,23
extra_trees,anemia_class,available,holdout,latent_deficiency,1.0,1.0,1.0,17
extra_trees,anemia_class,available,holdout,mixed_deficiency,0.7894736842105263,0.6521739130434783,0.7142857142857143,23
extra_trees,anemia_class,available,holdout,no_anemia_no_deficiency,0.9166666666666666,1.0,0.9565217391304348,22
extra_trees,anemia_class,drop30,holdout,B12_deficiency_anemia,0.6470588235294118,0.8461538461538461,0.7333333333333333,13
extra_trees,anemia_class,drop30,holdout,B12_deficiency_no_anemia,0.7777777777777778,0.7,0.7368421052631579,10
extra_trees,anemia_class,drop30,holdout,B6_deficiency,1.0,0.42857142857142855,0.6,7
extra_trees,anemia_class,drop30,holdout,anemia_other,0.46875,1.0,0.6382978723404256,15
extra_trees,anemia_class,drop30,holdout,copper_deficiency,1.0,0.42857142857142855,0.6,7
extra_trees,anemia_class,drop30,holdout,folate_deficiency_anemia,0.6666666666666666,0.6,0.631578947368421,10
extra_trees,anemia_class,drop30,holdout,folate_deficiency_no_anemia,1.0,0.25,0.4,8
extra_trees,anemia_class,drop30,holdout,inflammation_anemia,1.0,0.9230769230769231,0.96,13
extra_trees,anemia_class,drop30,holdout,iron_deficiency_anemia,0.5625,0.782608695652174,0.6545454545454545,23
extra_trees,anemia_class,drop30,holdout,latent_deficiency,1.0,0.5294117647058824,0.6923076923076923,17
extra_trees,anemia_class,drop30,holdout,mixed_deficiency,0.6875,0.4782608695652174,0.5641025641025641,23
extra_trees,anemia_class,drop30,holdout,no_anemia_no_deficiency,0.7083333333333334,0.7727272727272727,0.7391304347826086,22
extra_trees,anemia_class,drop60,holdout,B12_deficiency_anemia,0.75,0.46153846153846156,0.5714285714285714,13
extra_trees,anemia_class,drop60,holdout,B12_deficiency_no_anemia,0.5,0.2,0.2857142857142857,10
extra_trees,anemia_class,drop60,holdout,B6_deficiency,1.0,0.42857142857142855,0.6,7
extra_trees,anemia_class,drop60,holdout,anemia_other,0.21212121212121213,0.9333333333333333,0.345679012345679,15
extra_trees,anemia_class,drop60,holdout,copper_deficiency,1.0,0.2857142857142857,0.4444444444444444,7
extra_trees,anemia_class,drop60,holdout,folate_deficiency_anemia,0.5,0.1,0.16666666666666666,10
extra_trees,anemia_class,drop60,holdout,folate_deficiency_no_anemia,1.0,0.125,0.2222222222222222,8
extra_trees,anemia_class,drop60,holdout,inflammation_anemia,1.0,0.6153846153846154,0.7619047619047619,13
extra_trees,anemia_class,drop60,holdout,iron_deficiency_anemia,0.43902439024390244,0.782608695652174,0.5625,23
extra_trees,anemia_class,drop60,holdout,latent_deficiency,1.0,0.23529411764705882,0.38095238095238093,17
extra_trees,anemia_class,drop60,holdout,mixed_deficiency,0.6666666666666666,0.2608695652173913,0.375,23
extra_trees,anemia_class,drop60,holdout,no_anemia_no_deficiency,0.55,0.5,0.5238095238095238,22
extra_trees,anemia_class,cbc_only,holdout,B12_deficiency_anemia,0.0,0.0,0.0,13
extra_trees,anemia_class,cbc_only,holdout,B12_deficiency_no_anemia,0.0,0.0,0.0,10
extra_trees,anemia_class,cbc_only,holdout,B6_deficiency,0.0,0.0,0.0,7
extra_trees,anemia_class,cbc_only,holdout,anemia_other,0.375,0.8,0.5106382978723404,15
extra_trees,anemia_class,cbc_only,holdout,copper_deficiency,0.0,0.0,0.0,7
extra_trees,anemia_class,cbc_only,holdout,folate_deficiency_anemia,0.23076923076923078,0.6,0.3333333333333333,10
extra_trees,anemia_class,cbc_only,holdout,folate_deficiency_no_anemia,0.2,0.125,0.15384615384615385,8
extra_trees,anemia_class,cbc_only,holdout,inflammation_anemia,0.0,0.0,0.0,13
extra_trees,anemia_class,cbc_only,holdout,iron_deficiency_anemia,0.43478260869565216,0.8695652173913043,0.5797101449275363,23
extra_trees,anemia_class,cbc_only,holdout,latent_deficiency,1.0,0.47058823529411764,0.64,17
extra_trees,anemia_class,cbc_only,holdout,mixed_deficiency,1.0,0.043478260869565216,0.08333333333333333,23
extra_trees,anemia_class,cbc_only,holdout,no_anemia_no_deficiency,0.44,1.0,0.6111111111111112,22
extra_trees,anemia_class,hb_only,holdout,B12_deficiency_anemia,0.0,0.0,0.0,13
extra_trees,anemia_class,hb_only,holdout,B12_deficiency_no_anemia,0.0,0.0,0.0,10
extra_trees,anemia_class,hb_only,holdout,B6_deficiency,0.0,0.0,0.0,7
extra_trees,anemia_class,hb_only,holdout,anemia_other,0.1388888888888889,1.0,0.24390243902439024,15
extra_trees,anemia_class,hb_only,holdout,copper_deficiency,0.0,0.0,0.0,7
extra_trees,anemia_class,hb_only,holdout,folate_deficiency_anemia,0.0,0.0,0.0,10
extra_trees,anemia_class,hb_only,holdout,folate_deficiency_no_anemia,0.0,0.0,0.0,8
extra_trees,anemia_class,hb_only,holdout,inflammation_anemia,0.0,0.0,0.0,13
extra_trees,anemia_class,hb_only,holdout,iron_deficiency_anemia,0.0,0.0,0.0,23
extra_trees,anemia_class,hb_only,holdout,latent_deficiency,0.0,0.0,0.0,17
extra_trees,anemia_class,hb_only,holdout,mixed_deficiency,0.0,0.0,0.0,23
extra_trees,anemia_class,hb_only,holdout,no_anemia_no_deficiency,0.36666666666666664,1.0,0.5365853658536586,22
extra_trees,anemia_class,no_iron,holdout,B12_deficiency_anemia,0.7222222222222222,1.0,0.8387096774193549,13
extra_trees,anemia_class,no_iron,holdout,B12_deficiency_no_anemia,0.9,0.9,0.9,10
extra_trees,anemia_class,no_iron,holdout,B6_deficiency,0.8571428571428571,0.8571428571428571,0.8571428571428571,7
extra_trees,anemia_class,no_iron,holdout,anemia_other,0.6363636363636364,0.9333333333333333,0.7567567567567568,15
extra_trees,anemia_class,no_iron,holdout,copper_deficiency,1.0,0.7142857142857143,0.8333333333333334,7
extra_trees,anemia_class,no_iron,holdout,folate_deficiency_anemia,0.8888888888888888,0.8,0.8421052631578947,10
extra_trees,anemia_class,no_iron,holdout,folate_deficiency_no_anemia,0.8333333333333334,0.625,0.7142857142857143,8
extra_trees,anemia_class,no_iron,holdout,inflammation_anemia,1.0,0.9230769230769231,0.96,13
extra_trees,anemia_class,no_iron,holdout,iron_deficiency_anemia,0.8,0.8695652173913043,0.8333333333333334,23
extra_trees,anemia_class,no_iron,holdout,latent_deficiency,1.0,0.29411764705882354,0.45454545454545453,17
extra_trees,anemia_class,no_iron,holdout,mixed_deficiency,0.9230769230769231,0.5217391304347826,0.6666666666666666,23
extra_trees,anemia_class,no_iron,holdout,no_anemia_no_deficiency,0.6111111111111112,1.0,0.7586206896551724,22
extra_trees,anemia_class,no_B12,holdout,B12_deficiency_anemia,0.75,0.9230769230769231,0.8275862068965517,13
extra_trees,anemia_class,no_B12,holdout,B12_deficiency_no_anemia,0.0,0.0,0.0,10
extra_trees,anemia_class,no_B12,holdout,B6_deficiency,1.0,0.8571428571428571,0.9230769230769231,7
extra_trees,anemia_class,no_B12,holdout,anemia_other,0.8333333333333334,1.0,0.9090909090909091,15
extra_trees,anemia_class,no_B12,holdout,copper_deficiency,1.0,0.8571428571428571,0.9230769230769231,7
extra_trees,anemia_class,no_B12,holdout,folate_deficiency_anemia,1.0,0.8,0.8888888888888888,10
extra_trees,anemia_class,no_B12,holdout,folate_deficiency_no_anemia,0.7142857142857143,0.625,0.6666666666666666,8
extra_trees,anemia_class,no_B12,holdout,inflammation_anemia,1.0,1.0,1.0,13
extra_trees,anemia_class,no_B12,holdout,iron_deficiency_anemia,0.7407407407407407,0.8695652173913043,0.8,23
extra_trees,anemia_class,no_B12,holdout,latent_deficiency,1.0,1.0,1.0,17
extra_trees,anemia_class,no_B12,holdout,mixed_deficiency,0.75,0.5217391304347826,0.6153846153846154,23
extra_trees,anemia_class,no_B12,holdout,no_anemia_no_deficiency,0.6470588235294118,1.0,0.7857142857142857,22
extra_trees,anemia_class,no_folate,holdout,B12_deficiency_anemia,0.6190476190476191,1.0,0.7647058823529411,13
extra_trees,anemia_class,no_folate,holdout,B12_deficiency_no_anemia,0.7142857142857143,1.0,0.8333333333333334,10
extra_trees,anemia_class,no_folate,holdout,B6_deficiency,1.0,0.8571428571428571,0.9230769230769231,7
extra_trees,anemia_class,no_folate,holdout,anemia_other,0.7894736842105263,1.0,0.8823529411764706,15
extra_trees,anemia_class,no_folate,holdout,copper_deficiency,1.0,0.8571428571428571,0.9230769230769231,7
extra_trees,anemia_class,no_folate,holdout,folate_deficiency_anemia,1.0,0.5,0.6666666666666666,10
extra_trees,anemia_class,no_folate,holdout,folate_deficiency_no_anemia,0.0,0.0,0.0,8
extra_trees,anemia_class,no_folate,holdout,inflammation_anemia,1.0,1.0,1.0,13
extra_trees,anemia_class,no_folate,holdout,iron_deficiency_anemia,0.6896551724137931,0.8695652173913043,0.7692307692307693,23
extra_trees,anemia_class,no_folate,holdout,latent_deficiency,1.0,1.0,1.0,17
extra_trees,anemia_class,no_folate,holdout,mixed_deficiency,0.7272727272727273,0.34782608695652173,0.47058823529411764,23
extra_trees,anemia_class,no_folate,holdout,no_anemia_no_deficiency,0.8148148148148148,1.0,0.8979591836734694,22
extra_trees,anemia_class,no_B6,holdout,B12_deficiency_anemia,0.7647058823529411,1.0,0.8666666666666667,13
extra_trees,anemia_class,no_B6,holdout,B12_deficiency_no_anemia,0.9090909090909091,1.0,0.9523809523809523,10
extra_trees,anemia_class,no_B6,holdout,B6_deficiency,0.0,0.0,0.0,7
extra_trees,anemia_class,no_B6,holdout,anemia_other,0.75,1.0,0.8571428571428571,15
extra_trees,anemia_class,no_B6,holdout,copper_deficiency,1.0,0.8571428571428571,0.9230769230769231,7
extra_trees,anemia_class,no_B6,holdout,folate_deficiency_anemia,1.0,0.9,0.9473684210526315,10
extra_trees,anemia_class,no_B6,holdout,folate_deficiency_no_anemia,1.0,0.625,0.7692307692307693,8
extra_trees,anemia_class,no_B6,holdout,inflammation_anemia,1.0,1.0,1.0,13
extra_trees,anemia_class,no_B6,holdout,iron_deficiency_anemia,0.7692307692307693,0.8695652173913043,0.8163265306122449,23
extra_trees,anemia_class,no_B6,holdout,latent_deficiency,1.0,1.0,1.0,17
extra_trees,anemia_class,no_B6,holdout,mixed_deficiency,0.7894736842105263,0.6521739130434783,0.7142857142857143,23
extra_trees,anemia_class,no_B6,holdout,no_anemia_no_deficiency,0.88,1.0,0.9361702127659575,22
extra_trees,anemia_class,no_copper,holdout,B12_deficiency_anemia,0.7647058823529411,1.0,0.8666666666666667,13
extra_trees,anemia_class,no_copper,holdout,B12_deficiency_no_anemia,0.9090909090909091,1.0,0.9523809523809523,10
extra_trees,anemia_class,no_copper,holdout,B6_deficiency,1.0,0.8571428571428571,0.9230769230769231,7
extra_trees,anemia_class,no_copper,holdout,anemia_other,0.75,1.0,0.8571428571428571,15
extra_trees,anemia_class,no_copper,holdout,copper_deficiency,0.0,0.0,0.0,7
extra_trees,anemia_class,no_copper,holdout,folate_deficiency_anemia,0.9,0.9,0.9,10
extra_trees,anemia_class,no_copper,holdout,folate_deficiency_no_anemia,1.0,0.625,0.7692307692307693,8
extra_trees,anemia_class,no_copper,holdout,inflammation_anemia,1.0,1.0,1.0,13
extra_trees,anemia_class,no_copper,holdout,iron_deficiency_anemia,0.7692307692307693,0.8695652173913043,0.8163265306122449,23
extra_trees,anemia_class,no_copper,holdout,latent_deficiency,1.0,1.0,1.0,17
extra_trees,anemia_class,no_copper,holdout,mixed_deficiency,0.7894736842105263,0.6521739130434783,0.7142857142857143,23
extra_trees,anemia_class,no_copper,holdout,no_anemia_no_deficiency,0.9166666666666666,1.0,0.9565217391304348,22
extra_trees,anemia_class,no_hemoglobin,holdout,B12_deficiency_anemia,0.6842105263157895,1.0,0.8125,13
extra_trees,anemia_class,no_hemoglobin,holdout,B12_deficiency_no_anemia,0.8888888888888888,0.8,0.8421052631578947,10
extra_trees,anemia_class,no_hemoglobin,holdout,B6_deficiency,1.0,0.8571428571428571,0.9230769230769231,7
extra_trees,anemia_class,no_hemoglobin,holdout,anemia_other,0.6,1.0,0.75,15
extra_trees,anemia_class,no_hemoglobin,holdout,copper_deficiency,1.0,0.8571428571428571,0.9230769230769231,7
extra_trees,anemia_class,no_hemoglobin,holdout,folate_deficiency_anemia,0.6923076923076923,0.9,0.782608695652174,10
extra_trees,anemia_class,no_hemoglobin,holdout,folate_deficiency_no_anemia,1.0,0.125,0.2222222222222222,8
extra_trees,anemia_class,no_hemoglobin,holdout,inflammation_anemia,1.0,1.0,1.0,13
extra_trees,anemia_class,no_hemoglobin,holdout,iron_deficiency_anemia,0.8,0.8695652173913043,0.8333333333333334,23
extra_trees,anemia_class,no_hemoglobin,holdout,latent_deficiency,0.9411764705882353,0.9411764705882353,0.9411764705882353,17
extra_trees,anemia_class,no_hemoglobin,holdout,mixed_deficiency,0.7894736842105263,0.6521739130434783,0.7142857142857143,23
extra_trees,anemia_class,no_hemoglobin,holdout,no_anemia_no_deficiency,0.9333333333333333,0.6363636363636364,0.7567567567567568,22
extra_trees,anemia_class,no_demographics,holdout,B12_deficiency_anemia,0.7647058823529411,1.0,0.8666666666666667,13
extra_trees,anemia_class,no_demographics,holdout,B12_deficiency_no_anemia,0.9090909090909091,1.0,0.9523809523809523,10
extra_trees,anemia_class,no_demographics,holdout,B6_deficiency,1.0,0.8571428571428571,0.9230769230769231,7
extra_trees,anemia_class,no_demographics,holdout,anemia_other,0.8823529411764706,1.0,0.9375,15
extra_trees,anemia_class,no_demographics,holdout,copper_deficiency,1.0,0.8571428571428571,0.9230769230769231,7
extra_trees,anemia_class,no_demographics,holdout,folate_deficiency_anemia,1.0,0.8,0.8888888888888888,10
extra_trees,anemia_class,no_demographics,holdout,folate_deficiency_no_anemia,0.8333333333333334,0.625,0.7142857142857143,8
extra_trees,anemia_class,no_demographics,holdout,inflammation_anemia,1.0,1.0,1.0,13
extra_trees,anemia_class,no_demographics,holdout,iron_deficiency_anemia,0.8333333333333334,0.8695652173913043,0.851063829787234,23
extra_trees,anemia_class,no_demographics,holdout,latent_deficiency,1.0,1.0,1.0,17
extra_trees,anemia_class,no_demographics,holdout,mixed_deficiency,0.7894736842105263,0.6521739130434783,0.7142857142857143,23
extra_trees,anemia_class,no_demographics,holdout,no_anemia_no_deficiency,0.9166666666666666,1.0,0.9565217391304348,22
catboost,B6_deficiency,available,holdout,0,0.9938271604938271,1.0,0.9969040247678018,161
catboost,B6_deficiency,available,holdout,1,1.0,0.8571428571428571,0.9230769230769231,7
catboost,B6_deficiency,drop30,holdout,0,0.9817073170731707,1.0,0.9907692307692307,161
catboost,B6_deficiency,drop30,holdout,1,1.0,0.5714285714285714,0.7272727272727273,7
catboost,B6_deficiency,drop60,holdout,0,0.9757575757575757,1.0,0.9877300613496932,161
catboost,B6_deficiency,drop60,holdout,1,1.0,0.42857142857142855,0.6,7
catboost,B6_deficiency,cbc_only,holdout,0,0.9583333333333334,1.0,0.9787234042553191,161
catboost,B6_deficiency,cbc_only,holdout,1,0.0,0.0,0.0,7
catboost,B6_deficiency,hb_only,holdout,0,0.9583333333333334,1.0,0.9787234042553191,161
catboost,B6_deficiency,hb_only,holdout,1,0.0,0.0,0.0,7
catboost,B6_deficiency,no_iron,holdout,0,0.9938271604938271,1.0,0.9969040247678018,161
catboost,B6_deficiency,no_iron,holdout,1,1.0,0.8571428571428571,0.9230769230769231,7
catboost,B6_deficiency,no_B12,holdout,0,0.9938271604938271,1.0,0.9969040247678018,161
catboost,B6_deficiency,no_B12,holdout,1,1.0,0.8571428571428571,0.9230769230769231,7
catboost,B6_deficiency,no_folate,holdout,0,0.9938271604938271,1.0,0.9969040247678018,161
catboost,B6_deficiency,no_folate,holdout,1,1.0,0.8571428571428571,0.9230769230769231,7
catboost,B6_deficiency,no_B6,holdout,0,0.9583333333333334,1.0,0.9787234042553191,161
catboost,B6_deficiency,no_B6,holdout,1,0.0,0.0,0.0,7
catboost,B6_deficiency,no_copper,holdout,0,0.9938271604938271,1.0,0.9969040247678018,161
catboost,B6_deficiency,no_copper,holdout,1,1.0,0.8571428571428571,0.9230769230769231,7
catboost,B6_deficiency,no_hemoglobin,holdout,0,0.9938271604938271,1.0,0.9969040247678018,161
catboost,B6_deficiency,no_hemoglobin,holdout,1,1.0,0.8571428571428571,0.9230769230769231,7
catboost,B6_deficiency,no_demographics,holdout,0,0.9938271604938271,1.0,0.9969040247678018,161
catboost,B6_deficiency,no_demographics,holdout,1,1.0,0.8571428571428571,0.9230769230769231,7
catboost,copper_deficiency,available,holdout,0,0.9877300613496932,1.0,0.9938271604938271,161
catboost,copper_deficiency,available,holdout,1,1.0,0.7142857142857143,0.8333333333333334,7
catboost,copper_deficiency,drop30,holdout,0,0.9817073170731707,1.0,0.9907692307692307,161
catboost,copper_deficiency,drop30,holdout,1,1.0,0.5714285714285714,0.7272727272727273,7
catboost,copper_deficiency,drop60,holdout,0,0.9757575757575757,1.0,0.9877300613496932,161
catboost,copper_deficiency,drop60,holdout,1,1.0,0.42857142857142855,0.6,7
catboost,copper_deficiency,cbc_only,holdout,0,0.9583333333333334,1.0,0.9787234042553191,161
catboost,copper_deficiency,cbc_only,holdout,1,0.0,0.0,0.0,7
catboost,copper_deficiency,hb_only,holdout,0,0.9583333333333334,1.0,0.9787234042553191,161
catboost,copper_deficiency,hb_only,holdout,1,0.0,0.0,0.0,7
catboost,copper_deficiency,no_iron,holdout,0,0.9877300613496932,1.0,0.9938271604938271,161
catboost,copper_deficiency,no_iron,holdout,1,1.0,0.7142857142857143,0.8333333333333334,7
catboost,copper_deficiency,no_B12,holdout,0,0.9877300613496932,1.0,0.9938271604938271,161
catboost,copper_deficiency,no_B12,holdout,1,1.0,0.7142857142857143,0.8333333333333334,7
catboost,copper_deficiency,no_folate,holdout,0,0.9877300613496932,1.0,0.9938271604938271,161
catboost,copper_deficiency,no_folate,holdout,1,1.0,0.7142857142857143,0.8333333333333334,7
catboost,copper_deficiency,no_B6,holdout,0,0.9877300613496932,1.0,0.9938271604938271,161
catboost,copper_deficiency,no_B6,holdout,1,1.0,0.7142857142857143,0.8333333333333334,7
catboost,copper_deficiency,no_copper,holdout,0,0.9583333333333334,1.0,0.9787234042553191,161
catboost,copper_deficiency,no_copper,holdout,1,0.0,0.0,0.0,7
catboost,copper_deficiency,no_hemoglobin,holdout,0,0.9877300613496932,1.0,0.9938271604938271,161
catboost,copper_deficiency,no_hemoglobin,holdout,1,1.0,0.7142857142857143,0.8333333333333334,7
catboost,copper_deficiency,no_demographics,holdout,0,0.9877300613496932,1.0,0.9938271604938271,161
catboost,copper_deficiency,no_demographics,holdout,1,1.0,0.7142857142857143,0.8333333333333334,7
catboost_dropout,iron_deficiency,available,holdout,0,0.990909090909091,0.9819819819819819,0.9864253393665159,111
catboost_dropout,iron_deficiency,available,holdout,1,0.9655172413793104,0.9824561403508771,0.9739130434782609,57
catboost_dropout,iron_deficiency,drop30,holdout,0,0.9736842105263158,1.0,0.9866666666666667,111
catboost_dropout,iron_deficiency,drop30,holdout,1,1.0,0.9473684210526315,0.972972972972973,57
catboost_dropout,iron_deficiency,drop60,holdout,0,0.9166666666666666,0.990990990990991,0.9523809523809523,111
catboost_dropout,iron_deficiency,drop60,holdout,1,0.9791666666666666,0.8245614035087719,0.8952380952380953,57
catboost_dropout,iron_deficiency,cbc_only,holdout,0,0.8695652173913043,0.9009009009009009,0.8849557522123894,111
catboost_dropout,iron_deficiency,cbc_only,holdout,1,0.7924528301886793,0.7368421052631579,0.7636363636363637,57
catboost_dropout,iron_deficiency,hb_only,holdout,0,0.6607142857142857,1.0,0.7956989247311828,111
catboost_dropout,iron_deficiency,hb_only,holdout,1,0.0,0.0,0.0,57
catboost_dropout,iron_deficiency,no_iron,holdout,0,0.8559322033898306,0.9099099099099099,0.8820960698689956,111
catboost_dropout,iron_deficiency,no_iron,holdout,1,0.8,0.7017543859649122,0.7476635514018691,57
catboost_dropout,iron_deficiency,no_B12,holdout,0,0.990909090909091,0.9819819819819819,0.9864253393665159,111
catboost_dropout,iron_deficiency,no_B12,holdout,1,0.9655172413793104,0.9824561403508771,0.9739130434782609,57
catboost_dropout,iron_deficiency,no_folate,holdout,0,0.990909090909091,0.9819819819819819,0.9864253393665159,111
catboost_dropout,iron_deficiency,no_folate,holdout,1,0.9655172413793104,0.9824561403508771,0.9739130434782609,57
catboost_dropout,iron_deficiency,no_B6,holdout,0,0.990909090909091,0.9819819819819819,0.9864253393665159,111
catboost_dropout,iron_deficiency,no_B6,holdout,1,0.9655172413793104,0.9824561403508771,0.9739130434782609,57
catboost_dropout,iron_deficiency,no_copper,holdout,0,0.990909090909091,0.9819819819819819,0.9864253393665159,111
catboost_dropout,iron_deficiency,no_copper,holdout,1,0.9655172413793104,0.9824561403508771,0.9739130434782609,57
catboost_dropout,iron_deficiency,no_hemoglobin,holdout,0,0.990909090909091,0.9819819819819819,0.9864253393665159,111
catboost_dropout,iron_deficiency,no_hemoglobin,holdout,1,0.9655172413793104,0.9824561403508771,0.9739130434782609,57
catboost_dropout,iron_deficiency,no_demographics,holdout,0,0.990909090909091,0.9819819819819819,0.9864253393665159,111
catboost_dropout,iron_deficiency,no_demographics,holdout,1,0.9655172413793104,0.9824561403508771,0.9739130434782609,57
catboost_dropout,B12_deficiency,available,holdout,0,0.9925373134328358,1.0,0.9962546816479401,133
catboost_dropout,B12_deficiency,available,holdout,1,1.0,0.9714285714285714,0.9855072463768116,35
catboost_dropout,B12_deficiency,drop30,holdout,0,0.9705882352941176,0.9924812030075187,0.9814126394052045,133
catboost_dropout,B12_deficiency,drop30,holdout,1,0.96875,0.8857142857142857,0.9253731343283582,35
catboost_dropout,B12_deficiency,drop60,holdout,0,0.9285714285714286,0.9774436090225563,0.9523809523809523,133
catboost_dropout,B12_deficiency,drop60,holdout,1,0.8928571428571429,0.7142857142857143,0.7936507936507936,35
catboost_dropout,B12_deficiency,cbc_only,holdout,0,0.8723404255319149,0.924812030075188,0.8978102189781022,133
catboost_dropout,B12_deficiency,cbc_only,holdout,1,0.6296296296296297,0.4857142857142857,0.5483870967741935,35
catboost_dropout,B12_deficiency,hb_only,holdout,0,0.7916666666666666,1.0,0.8837209302325582,133
catboost_dropout,B12_deficiency,hb_only,holdout,1,0.0,0.0,0.0,35
catboost_dropout,B12_deficiency,no_iron,holdout,0,1.0,0.9924812030075187,0.9962264150943396,133
catboost_dropout,B12_deficiency,no_iron,holdout,1,0.9722222222222222,1.0,0.9859154929577465,35
catboost_dropout,B12_deficiency,no_B12,holdout,0,0.9103448275862069,0.9924812030075187,0.9496402877697842,133
catboost_dropout,B12_deficiency,no_B12,holdout,1,0.9565217391304348,0.6285714285714286,0.7586206896551724,35
catboost_dropout,B12_deficiency,no_folate,holdout,0,0.9924812030075187,0.9924812030075187,0.9924812030075187,133
catboost_dropout,B12_deficiency,no_folate,holdout,1,0.9714285714285714,0.9714285714285714,0.9714285714285714,35
catboost_dropout,B12_deficiency,no_B6,holdout,0,0.9925373134328358,1.0,0.9962546816479401,133
catboost_dropout,B12_deficiency,no_B6,holdout,1,1.0,0.9714285714285714,0.9855072463768116,35
catboost_dropout,B12_deficiency,no_copper,holdout,0,0.9925373134328358,1.0,0.9962546816479401,133
catboost_dropout,B12_deficiency,no_copper,holdout,1,1.0,0.9714285714285714,0.9855072463768116,35
catboost_dropout,B12_deficiency,no_hemoglobin,holdout,0,1.0,0.9924812030075187,0.9962264150943396,133
catboost_dropout,B12_deficiency,no_hemoglobin,holdout,1,0.9722222222222222,1.0,0.9859154929577465,35
catboost_dropout,B12_deficiency,no_demographics,holdout,0,0.9925373134328358,1.0,0.9962546816479401,133
catboost_dropout,B12_deficiency,no_demographics,holdout,1,1.0,0.9714285714285714,0.9855072463768116,35
catboost_dropout,folate_deficiency,available,holdout,0,0.8986486486486487,1.0,0.9466192170818505,133
catboost_dropout,folate_deficiency,available,holdout,1,1.0,0.5714285714285714,0.7272727272727273,35
catboost_dropout,folate_deficiency,drop30,holdout,0,0.869281045751634,1.0,0.9300699300699301,133
catboost_dropout,folate_deficiency,drop30,holdout,1,1.0,0.42857142857142855,0.6,35
catboost_dropout,folate_deficiency,drop60,holdout,0,0.8098159509202454,0.9924812030075187,0.8918918918918919,133
catboost_dropout,folate_deficiency,drop60,holdout,1,0.8,0.11428571428571428,0.2,35
catboost_dropout,folate_deficiency,cbc_only,holdout,0,0.8145695364238411,0.924812030075188,0.8661971830985915,133
catboost_dropout,folate_deficiency,cbc_only,holdout,1,0.4117647058823529,0.2,0.2692307692307692,35
catboost_dropout,folate_deficiency,hb_only,holdout,0,0.7916666666666666,1.0,0.8837209302325582,133
catboost_dropout,folate_deficiency,hb_only,holdout,1,0.0,0.0,0.0,35
catboost_dropout,folate_deficiency,no_iron,holdout,0,0.8986486486486487,1.0,0.9466192170818505,133
catboost_dropout,folate_deficiency,no_iron,holdout,1,1.0,0.5714285714285714,0.7272727272727273,35
catboost_dropout,folate_deficiency,no_B12,holdout,0,0.903448275862069,0.9849624060150376,0.9424460431654677,133
catboost_dropout,folate_deficiency,no_B12,holdout,1,0.9130434782608695,0.6,0.7241379310344828,35
catboost_dropout,folate_deficiency,no_folate,holdout,0,0.7951807228915663,0.9924812030075187,0.882943143812709,133
catboost_dropout,folate_deficiency,no_folate,holdout,1,0.5,0.02857142857142857,0.05405405405405406,35
catboost_dropout,folate_deficiency,no_B6,holdout,0,0.9047619047619048,1.0,0.95,133
catboost_dropout,folate_deficiency,no_B6,holdout,1,1.0,0.6,0.75,35
catboost_dropout,folate_deficiency,no_copper,holdout,0,0.8986486486486487,1.0,0.9466192170818505,133
catboost_dropout,folate_deficiency,no_copper,holdout,1,1.0,0.5714285714285714,0.7272727272727273,35
catboost_dropout,folate_deficiency,no_hemoglobin,holdout,0,0.8986486486486487,1.0,0.9466192170818505,133
catboost_dropout,folate_deficiency,no_hemoglobin,holdout,1,1.0,0.5714285714285714,0.7272727272727273,35
catboost_dropout,folate_deficiency,no_demographics,holdout,0,0.8866666666666667,1.0,0.9399293286219081,133
catboost_dropout,folate_deficiency,no_demographics,holdout,1,1.0,0.5142857142857142,0.6792452830188679,35
catboost_dropout,inflammation_anemia,available,holdout,0,1.0,1.0,1.0,155
catboost_dropout,inflammation_anemia,available,holdout,1,1.0,1.0,1.0,13
catboost_dropout,inflammation_anemia,drop30,holdout,0,0.9935897435897436,1.0,0.9967845659163987,155
catboost_dropout,inflammation_anemia,drop30,holdout,1,1.0,0.9230769230769231,0.96,13
catboost_dropout,inflammation_anemia,drop60,holdout,0,0.96875,1.0,0.9841269841269841,155
catboost_dropout,inflammation_anemia,drop60,holdout,1,1.0,0.6153846153846154,0.7619047619047619,13
catboost_dropout,inflammation_anemia,cbc_only,holdout,0,0.9503105590062112,0.9870967741935484,0.9683544303797469,155
catboost_dropout,inflammation_anemia,cbc_only,holdout,1,0.7142857142857143,0.38461538461538464,0.5,13
catboost_dropout,inflammation_anemia,hb_only,holdout,0,0.9226190476190477,1.0,0.9597523219814241,155
catboost_dropout,inflammation_anemia,hb_only,holdout,1,0.0,0.0,0.0,13
catboost_dropout,inflammation_anemia,no_iron,holdout,0,1.0,1.0,1.0,155
catboost_dropout,inflammation_anemia,no_iron,holdout,1,1.0,1.0,1.0,13
catboost_dropout,inflammation_anemia,no_B12,holdout,0,1.0,1.0,1.0,155
catboost_dropout,inflammation_anemia,no_B12,holdout,1,1.0,1.0,1.0,13
catboost_dropout,inflammation_anemia,no_folate,holdout,0,1.0,1.0,1.0,155
catboost_dropout,inflammation_anemia,no_folate,holdout,1,1.0,1.0,1.0,13
catboost_dropout,inflammation_anemia,no_B6,holdout,0,1.0,1.0,1.0,155
catboost_dropout,inflammation_anemia,no_B6,holdout,1,1.0,1.0,1.0,13
catboost_dropout,inflammation_anemia,no_copper,holdout,0,1.0,1.0,1.0,155
catboost_dropout,inflammation_anemia,no_copper,holdout,1,1.0,1.0,1.0,13
catboost_dropout,inflammation_anemia,no_hemoglobin,holdout,0,1.0,1.0,1.0,155
catboost_dropout,inflammation_anemia,no_hemoglobin,holdout,1,1.0,1.0,1.0,13
catboost_dropout,inflammation_anemia,no_demographics,holdout,0,1.0,1.0,1.0,155
catboost_dropout,inflammation_anemia,no_demographics,holdout,1,1.0,1.0,1.0,13
logistic_cbc,B12_deficiency,available,holdout,0,0.8913043478260869,0.924812030075188,0.9077490774907749,133
logistic_cbc,B12_deficiency,available,holdout,1,0.6666666666666666,0.5714285714285714,0.6153846153846154,35
logistic_cbc,B12_deficiency,drop30,holdout,0,0.8561643835616438,0.9398496240601504,0.8960573476702509,133
logistic_cbc,B12_deficiency,drop30,holdout,1,0.6363636363636364,0.4,0.49122807017543857,35
logistic_cbc,B12_deficiency,drop60,holdout,0,0.7901234567901234,0.9624060150375939,0.8677966101694915,133
logistic_cbc,B12_deficiency,drop60,holdout,1,0.16666666666666666,0.02857142857142857,0.04878048780487805,35
logistic_cbc,B12_deficiency,cbc_only,holdout,0,0.8913043478260869,0.924812030075188,0.9077490774907749,133
logistic_cbc,B12_deficiency,cbc_only,holdout,1,0.6666666666666666,0.5714285714285714,0.6153846153846154,35
logistic_cbc,B12_deficiency,hb_only,holdout,0,0.7916666666666666,1.0,0.8837209302325582,133
logistic_cbc,B12_deficiency,hb_only,holdout,1,0.0,0.0,0.0,35
logistic_cbc,B12_deficiency,no_iron,holdout,0,0.8913043478260869,0.924812030075188,0.9077490774907749,133
logistic_cbc,B12_deficiency,no_iron,holdout,1,0.6666666666666666,0.5714285714285714,0.6153846153846154,35
logistic_cbc,B12_deficiency,no_B12,holdout,0,0.8913043478260869,0.924812030075188,0.9077490774907749,133
logistic_cbc,B12_deficiency,no_B12,holdout,1,0.6666666666666666,0.5714285714285714,0.6153846153846154,35
logistic_cbc,B12_deficiency,no_folate,holdout,0,0.8913043478260869,0.924812030075188,0.9077490774907749,133
logistic_cbc,B12_deficiency,no_folate,holdout,1,0.6666666666666666,0.5714285714285714,0.6153846153846154,35
logistic_cbc,B12_deficiency,no_B6,holdout,0,0.8913043478260869,0.924812030075188,0.9077490774907749,133
logistic_cbc,B12_deficiency,no_B6,holdout,1,0.6666666666666666,0.5714285714285714,0.6153846153846154,35
logistic_cbc,B12_deficiency,no_copper,holdout,0,0.8913043478260869,0.924812030075188,0.9077490774907749,133
logistic_cbc,B12_deficiency,no_copper,holdout,1,0.6666666666666666,0.5714285714285714,0.6153846153846154,35
logistic_cbc,B12_deficiency,no_hemoglobin,holdout,0,0.8880597014925373,0.8947368421052632,0.8913857677902621,133
logistic_cbc,B12_deficiency,no_hemoglobin,holdout,1,0.5882352941176471,0.5714285714285714,0.5797101449275363,35
logistic_cbc,B12_deficiency,no_demographics,holdout,0,0.8865248226950354,0.9398496240601504,0.9124087591240876,133
logistic_cbc,B12_deficiency,no_demographics,holdout,1,0.7037037037037037,0.5428571428571428,0.6129032258064516,35
logistic_cbc,inflammation_anemia,available,holdout,0,0.9556962025316456,0.9741935483870968,0.9648562300319489,155
logistic_cbc,inflammation_anemia,available,holdout,1,0.6,0.46153846153846156,0.5217391304347826,13
logistic_cbc,inflammation_anemia,drop30,holdout,0,0.9386503067484663,0.9870967741935484,0.9622641509433962,155
logistic_cbc,inflammation_anemia,drop30,holdout,1,0.6,0.23076923076923078,0.3333333333333333,13
logistic_cbc,inflammation_anemia,drop60,holdout,0,0.9281437125748503,1.0,0.9627329192546584,155
logistic_cbc,inflammation_anemia,drop60,holdout,1,1.0,0.07692307692307693,0.14285714285714285,13
logistic_cbc,inflammation_anemia,cbc_only,holdout,0,0.9556962025316456,0.9741935483870968,0.9648562300319489,155
logistic_cbc,inflammation_anemia,cbc_only,holdout,1,0.6,0.46153846153846156,0.5217391304347826,13
logistic_cbc,inflammation_anemia,hb_only,holdout,0,0.9226190476190477,1.0,0.9597523219814241,155
logistic_cbc,inflammation_anemia,hb_only,holdout,1,0.0,0.0,0.0,13
logistic_cbc,inflammation_anemia,no_iron,holdout,0,0.9556962025316456,0.9741935483870968,0.9648562300319489,155
logistic_cbc,inflammation_anemia,no_iron,holdout,1,0.6,0.46153846153846156,0.5217391304347826,13
logistic_cbc,inflammation_anemia,no_B12,holdout,0,0.9556962025316456,0.9741935483870968,0.9648562300319489,155
logistic_cbc,inflammation_anemia,no_B12,holdout,1,0.6,0.46153846153846156,0.5217391304347826,13
logistic_cbc,inflammation_anemia,no_folate,holdout,0,0.9556962025316456,0.9741935483870968,0.9648562300319489,155
logistic_cbc,inflammation_anemia,no_folate,holdout,1,0.6,0.46153846153846156,0.5217391304347826,13
logistic_cbc,inflammation_anemia,no_B6,holdout,0,0.9556962025316456,0.9741935483870968,0.9648562300319489,155
logistic_cbc,inflammation_anemia,no_B6,holdout,1,0.6,0.46153846153846156,0.5217391304347826,13
logistic_cbc,inflammation_anemia,no_copper,holdout,0,0.9556962025316456,0.9741935483870968,0.9648562300319489,155
logistic_cbc,inflammation_anemia,no_copper,holdout,1,0.6,0.46153846153846156,0.5217391304347826,13
logistic_cbc,inflammation_anemia,no_hemoglobin,holdout,0,0.9559748427672956,0.9806451612903225,0.9681528662420382,155
logistic_cbc,inflammation_anemia,no_hemoglobin,holdout,1,0.6666666666666666,0.46153846153846156,0.5454545454545454,13
logistic_cbc,inflammation_anemia,no_demographics,holdout,0,0.9556962025316456,0.9741935483870968,0.9648562300319489,155
logistic_cbc,inflammation_anemia,no_demographics,holdout,1,0.6,0.46153846153846156,0.5217391304347826,13
extra_trees_cbc,iron_deficiency,available,holdout,0,0.8869565217391304,0.918918918918919,0.9026548672566371,111
extra_trees_cbc,iron_deficiency,available,holdout,1,0.8301886792452831,0.7719298245614035,0.8,57
extra_trees_cbc,iron_deficiency,drop30,holdout,0,0.8387096774193549,0.9369369369369369,0.8851063829787233,111
extra_trees_cbc,iron_deficiency,drop30,holdout,1,0.8409090909090909,0.6491228070175439,0.7326732673267327,57
extra_trees_cbc,iron_deficiency,drop60,holdout,0,0.7210884353741497,0.954954954954955,0.8217054263565892,111
extra_trees_cbc,iron_deficiency,drop60,holdout,1,0.7619047619047619,0.2807017543859649,0.41025641025641024,57
extra_trees_cbc,iron_deficiency,cbc_only,holdout,0,0.8869565217391304,0.918918918918919,0.9026548672566371,111
extra_trees_cbc,iron_deficiency,cbc_only,holdout,1,0.8301886792452831,0.7719298245614035,0.8,57
extra_trees_cbc,iron_deficiency,hb_only,holdout,0,0.6607142857142857,1.0,0.7956989247311828,111
extra_trees_cbc,iron_deficiency,hb_only,holdout,1,0.0,0.0,0.0,57
extra_trees_cbc,iron_deficiency,no_iron,holdout,0,0.8869565217391304,0.918918918918919,0.9026548672566371,111
extra_trees_cbc,iron_deficiency,no_iron,holdout,1,0.8301886792452831,0.7719298245614035,0.8,57
extra_trees_cbc,iron_deficiency,no_B12,holdout,0,0.8869565217391304,0.918918918918919,0.9026548672566371,111
extra_trees_cbc,iron_deficiency,no_B12,holdout,1,0.8301886792452831,0.7719298245614035,0.8,57
extra_trees_cbc,iron_deficiency,no_folate,holdout,0,0.8869565217391304,0.918918918918919,0.9026548672566371,111
extra_trees_cbc,iron_deficiency,no_folate,holdout,1,0.8301886792452831,0.7719298245614035,0.8,57
extra_trees_cbc,iron_deficiency,no_B6,holdout,0,0.8869565217391304,0.918918918918919,0.9026548672566371,111
extra_trees_cbc,iron_deficiency,no_B6,holdout,1,0.8301886792452831,0.7719298245614035,0.8,57
extra_trees_cbc,iron_deficiency,no_copper,holdout,0,0.8869565217391304,0.918918918918919,0.9026548672566371,111
extra_trees_cbc,iron_deficiency,no_copper,holdout,1,0.8301886792452831,0.7719298245614035,0.8,57
extra_trees_cbc,iron_deficiency,no_hemoglobin,holdout,0,0.8728813559322034,0.9279279279279279,0.8995633187772926,111
extra_trees_cbc,iron_deficiency,no_hemoglobin,holdout,1,0.84,0.7368421052631579,0.7850467289719626,57
extra_trees_cbc,iron_deficiency,no_demographics,holdout,0,0.8938053097345132,0.9099099099099099,0.9017857142857143,111
extra_trees_cbc,iron_deficiency,no_demographics,holdout,1,0.8181818181818182,0.7894736842105263,0.8035714285714286,57
catboost_cbc,anemia_class,available,holdout,B12_deficiency_anemia,0.4117647058823529,0.5384615384615384,0.4666666666666667,13
catboost_cbc,anemia_class,available,holdout,B12_deficiency_no_anemia,0.5454545454545454,0.6,0.5714285714285714,10
catboost_cbc,anemia_class,available,holdout,B6_deficiency,0.0,0.0,0.0,7
catboost_cbc,anemia_class,available,holdout,anemia_other,0.5,0.8666666666666667,0.6341463414634146,15
catboost_cbc,anemia_class,available,holdout,copper_deficiency,0.0,0.0,0.0,7
catboost_cbc,anemia_class,available,holdout,folate_deficiency_anemia,0.4444444444444444,0.4,0.42105263157894735,10
catboost_cbc,anemia_class,available,holdout,folate_deficiency_no_anemia,0.6666666666666666,0.25,0.36363636363636365,8
catboost_cbc,anemia_class,available,holdout,inflammation_anemia,0.7,0.5384615384615384,0.6086956521739131,13
catboost_cbc,anemia_class,available,holdout,iron_deficiency_anemia,0.64,0.6956521739130435,0.6666666666666666,23
catboost_cbc,anemia_class,available,holdout,latent_deficiency,0.5384615384615384,0.8235294117647058,0.6511627906976745,17
catboost_cbc,anemia_class,available,holdout,mixed_deficiency,0.5263157894736842,0.43478260869565216,0.47619047619047616,23
catboost_cbc,anemia_class,available,holdout,no_anemia_no_deficiency,0.7619047619047619,0.7272727272727273,0.7441860465116279,22
catboost_cbc,anemia_class,drop30,holdout,B12_deficiency_anemia,0.4166666666666667,0.38461538461538464,0.4,13
catboost_cbc,anemia_class,drop30,holdout,B12_deficiency_no_anemia,0.8333333333333334,0.5,0.625,10
catboost_cbc,anemia_class,drop30,holdout,B6_deficiency,0.14285714285714285,0.14285714285714285,0.14285714285714285,7
catboost_cbc,anemia_class,drop30,holdout,anemia_other,0.34285714285714286,0.8,0.48,15
catboost_cbc,anemia_class,drop30,holdout,copper_deficiency,0.0,0.0,0.0,7
catboost_cbc,anemia_class,drop30,holdout,folate_deficiency_anemia,0.0,0.0,0.0,10
catboost_cbc,anemia_class,drop30,holdout,folate_deficiency_no_anemia,0.0,0.0,0.0,8
catboost_cbc,anemia_class,drop30,holdout,inflammation_anemia,0.5384615384615384,0.5384615384615384,0.5384615384615384,13
catboost_cbc,anemia_class,drop30,holdout,iron_deficiency_anemia,0.4473684210526316,0.7391304347826086,0.5573770491803278,23
catboost_cbc,anemia_class,drop30,holdout,latent_deficiency,0.6666666666666666,0.35294117647058826,0.46153846153846156,17
catboost_cbc,anemia_class,drop30,holdout,mixed_deficiency,0.4375,0.30434782608695654,0.358974358974359,23
catboost_cbc,anemia_class,drop30,holdout,no_anemia_no_deficiency,0.6428571428571429,0.4090909090909091,0.5,22
catboost_cbc,anemia_class,drop60,holdout,B12_deficiency_anemia,1.0,0.15384615384615385,0.26666666666666666,13
catboost_cbc,anemia_class,drop60,holdout,B12_deficiency_no_anemia,0.0,0.0,0.0,10
catboost_cbc,anemia_class,drop60,holdout,B6_deficiency,0.0,0.0,0.0,7
catboost_cbc,anemia_class,drop60,holdout,anemia_other,0.12195121951219512,0.3333333333333333,0.17857142857142858,15
catboost_cbc,anemia_class,drop60,holdout,copper_deficiency,0.0,0.0,0.0,7
catboost_cbc,anemia_class,drop60,holdout,folate_deficiency_anemia,0.0,0.0,0.0,10
catboost_cbc,anemia_class,drop60,holdout,folate_deficiency_no_anemia,0.0,0.0,0.0,8
catboost_cbc,anemia_class,drop60,holdout,inflammation_anemia,0.16666666666666666,0.07692307692307693,0.10526315789473684,13
catboost_cbc,anemia_class,drop60,holdout,iron_deficiency_anemia,0.21875,0.6086956521739131,0.3218390804597701,23
catboost_cbc,anemia_class,drop60,holdout,latent_deficiency,1.0,0.058823529411764705,0.1111111111111111,17
catboost_cbc,anemia_class,drop60,holdout,mixed_deficiency,0.2,0.043478260869565216,0.07142857142857142,23
catboost_cbc,anemia_class,drop60,holdout,no_anemia_no_deficiency,0.6,0.13636363636363635,0.2222222222222222,22
catboost_cbc,anemia_class,cbc_only,holdout,B12_deficiency_anemia,0.4117647058823529,0.5384615384615384,0.4666666666666667,13
catboost_cbc,anemia_class,cbc_only,holdout,B12_deficiency_no_anemia,0.5454545454545454,0.6,0.5714285714285714,10
catboost_cbc,anemia_class,cbc_only,holdout,B6_deficiency,0.0,0.0,0.0,7
catboost_cbc,anemia_class,cbc_only,holdout,anemia_other,0.5,0.8666666666666667,0.6341463414634146,15
catboost_cbc,anemia_class,cbc_only,holdout,copper_deficiency,0.0,0.0,0.0,7
catboost_cbc,anemia_class,cbc_only,holdout,folate_deficiency_anemia,0.4444444444444444,0.4,0.42105263157894735,10
catboost_cbc,anemia_class,cbc_only,holdout,folate_deficiency_no_anemia,0.6666666666666666,0.25,0.36363636363636365,8
catboost_cbc,anemia_class,cbc_only,holdout,inflammation_anemia,0.7,0.5384615384615384,0.6086956521739131,13
catboost_cbc,anemia_class,cbc_only,holdout,iron_deficiency_anemia,0.64,0.6956521739130435,0.6666666666666666,23
catboost_cbc,anemia_class,cbc_only,holdout,latent_deficiency,0.5384615384615384,0.8235294117647058,0.6511627906976745,17
catboost_cbc,anemia_class,cbc_only,holdout,mixed_deficiency,0.5263157894736842,0.43478260869565216,0.47619047619047616,23
catboost_cbc,anemia_class,cbc_only,holdout,no_anemia_no_deficiency,0.7619047619047619,0.7272727272727273,0.7441860465116279,22
catboost_cbc,anemia_class,hb_only,holdout,B12_deficiency_anemia,0.0,0.0,0.0,13
catboost_cbc,anemia_class,hb_only,holdout,B12_deficiency_no_anemia,0.0,0.0,0.0,10
catboost_cbc,anemia_class,hb_only,holdout,B6_deficiency,0.022727272727272728,0.14285714285714285,0.0392156862745098,7
catboost_cbc,anemia_class,hb_only,holdout,anemia_other,0.125,0.13333333333333333,0.12903225806451613,15
catboost_cbc,anemia_class,hb_only,holdout,copper_deficiency,0.0,0.0,0.0,7
catboost_cbc,anemia_class,hb_only,holdout,folate_deficiency_anemia,0.0,0.0,0.0,10
catboost_cbc,anemia_class,hb_only,holdout,folate_deficiency_no_anemia,0.0,0.0,0.0,8
catboost_cbc,anemia_class,hb_only,holdout,inflammation_anemia,0.0,0.0,0.0,13
catboost_cbc,anemia_class,hb_only,holdout,iron_deficiency_anemia,0.20689655172413793,0.782608695652174,0.32727272727272727,23
catboost_cbc,anemia_class,hb_only,holdout,latent_deficiency,0.0,0.0,0.0,17
catboost_cbc,anemia_class,hb_only,holdout,mixed_deficiency,0.0,0.0,0.0,23
catboost_cbc,anemia_class,hb_only,holdout,no_anemia_no_deficiency,0.0,0.0,0.0,22
catboost_cbc,anemia_class,no_iron,holdout,B12_deficiency_anemia,0.4117647058823529,0.5384615384615384,0.4666666666666667,13
catboost_cbc,anemia_class,no_iron,holdout,B12_deficiency_no_anemia,0.5454545454545454,0.6,0.5714285714285714,10
catboost_cbc,anemia_class,no_iron,holdout,B6_deficiency,0.0,0.0,0.0,7
catboost_cbc,anemia_class,no_iron,holdout,anemia_other,0.5,0.8666666666666667,0.6341463414634146,15
catboost_cbc,anemia_class,no_iron,holdout,copper_deficiency,0.0,0.0,0.0,7
catboost_cbc,anemia_class,no_iron,holdout,folate_deficiency_anemia,0.4444444444444444,0.4,0.42105263157894735,10
catboost_cbc,anemia_class,no_iron,holdout,folate_deficiency_no_anemia,0.6666666666666666,0.25,0.36363636363636365,8
catboost_cbc,anemia_class,no_iron,holdout,inflammation_anemia,0.7,0.5384615384615384,0.6086956521739131,13
catboost_cbc,anemia_class,no_iron,holdout,iron_deficiency_anemia,0.64,0.6956521739130435,0.6666666666666666,23
catboost_cbc,anemia_class,no_iron,holdout,latent_deficiency,0.5384615384615384,0.8235294117647058,0.6511627906976745,17
catboost_cbc,anemia_class,no_iron,holdout,mixed_deficiency,0.5263157894736842,0.43478260869565216,0.47619047619047616,23
catboost_cbc,anemia_class,no_iron,holdout,no_anemia_no_deficiency,0.7619047619047619,0.7272727272727273,0.7441860465116279,22
catboost_cbc,anemia_class,no_B12,holdout,B12_deficiency_anemia,0.4117647058823529,0.5384615384615384,0.4666666666666667,13
catboost_cbc,anemia_class,no_B12,holdout,B12_deficiency_no_anemia,0.5454545454545454,0.6,0.5714285714285714,10
catboost_cbc,anemia_class,no_B12,holdout,B6_deficiency,0.0,0.0,0.0,7
catboost_cbc,anemia_class,no_B12,holdout,anemia_other,0.5,0.8666666666666667,0.6341463414634146,15
catboost_cbc,anemia_class,no_B12,holdout,copper_deficiency,0.0,0.0,0.0,7
catboost_cbc,anemia_class,no_B12,holdout,folate_deficiency_anemia,0.4444444444444444,0.4,0.42105263157894735,10
catboost_cbc,anemia_class,no_B12,holdout,folate_deficiency_no_anemia,0.6666666666666666,0.25,0.36363636363636365,8
catboost_cbc,anemia_class,no_B12,holdout,inflammation_anemia,0.7,0.5384615384615384,0.6086956521739131,13
catboost_cbc,anemia_class,no_B12,holdout,iron_deficiency_anemia,0.64,0.6956521739130435,0.6666666666666666,23
catboost_cbc,anemia_class,no_B12,holdout,latent_deficiency,0.5384615384615384,0.8235294117647058,0.6511627906976745,17
catboost_cbc,anemia_class,no_B12,holdout,mixed_deficiency,0.5263157894736842,0.43478260869565216,0.47619047619047616,23
catboost_cbc,anemia_class,no_B12,holdout,no_anemia_no_deficiency,0.7619047619047619,0.7272727272727273,0.7441860465116279,22
catboost_cbc,anemia_class,no_folate,holdout,B12_deficiency_anemia,0.4117647058823529,0.5384615384615384,0.4666666666666667,13
catboost_cbc,anemia_class,no_folate,holdout,B12_deficiency_no_anemia,0.5454545454545454,0.6,0.5714285714285714,10
catboost_cbc,anemia_class,no_folate,holdout,B6_deficiency,0.0,0.0,0.0,7
catboost_cbc,anemia_class,no_folate,holdout,anemia_other,0.5,0.8666666666666667,0.6341463414634146,15
catboost_cbc,anemia_class,no_folate,holdout,copper_deficiency,0.0,0.0,0.0,7
catboost_cbc,anemia_class,no_folate,holdout,folate_deficiency_anemia,0.4444444444444444,0.4,0.42105263157894735,10
catboost_cbc,anemia_class,no_folate,holdout,folate_deficiency_no_anemia,0.6666666666666666,0.25,0.36363636363636365,8
catboost_cbc,anemia_class,no_folate,holdout,inflammation_anemia,0.7,0.5384615384615384,0.6086956521739131,13
catboost_cbc,anemia_class,no_folate,holdout,iron_deficiency_anemia,0.64,0.6956521739130435,0.6666666666666666,23
catboost_cbc,anemia_class,no_folate,holdout,latent_deficiency,0.5384615384615384,0.8235294117647058,0.6511627906976745,17
catboost_cbc,anemia_class,no_folate,holdout,mixed_deficiency,0.5263157894736842,0.43478260869565216,0.47619047619047616,23
catboost_cbc,anemia_class,no_folate,holdout,no_anemia_no_deficiency,0.7619047619047619,0.7272727272727273,0.7441860465116279,22
catboost_cbc,anemia_class,no_B6,holdout,B12_deficiency_anemia,0.4117647058823529,0.5384615384615384,0.4666666666666667,13
catboost_cbc,anemia_class,no_B6,holdout,B12_deficiency_no_anemia,0.5454545454545454,0.6,0.5714285714285714,10
catboost_cbc,anemia_class,no_B6,holdout,B6_deficiency,0.0,0.0,0.0,7
catboost_cbc,anemia_class,no_B6,holdout,anemia_other,0.5,0.8666666666666667,0.6341463414634146,15
catboost_cbc,anemia_class,no_B6,holdout,copper_deficiency,0.0,0.0,0.0,7
catboost_cbc,anemia_class,no_B6,holdout,folate_deficiency_anemia,0.4444444444444444,0.4,0.42105263157894735,10
catboost_cbc,anemia_class,no_B6,holdout,folate_deficiency_no_anemia,0.6666666666666666,0.25,0.36363636363636365,8
catboost_cbc,anemia_class,no_B6,holdout,inflammation_anemia,0.7,0.5384615384615384,0.6086956521739131,13
catboost_cbc,anemia_class,no_B6,holdout,iron_deficiency_anemia,0.64,0.6956521739130435,0.6666666666666666,23
catboost_cbc,anemia_class,no_B6,holdout,latent_deficiency,0.5384615384615384,0.8235294117647058,0.6511627906976745,17
catboost_cbc,anemia_class,no_B6,holdout,mixed_deficiency,0.5263157894736842,0.43478260869565216,0.47619047619047616,23
catboost_cbc,anemia_class,no_B6,holdout,no_anemia_no_deficiency,0.7619047619047619,0.7272727272727273,0.7441860465116279,22
catboost_cbc,anemia_class,no_copper,holdout,B12_deficiency_anemia,0.4117647058823529,0.5384615384615384,0.4666666666666667,13
catboost_cbc,anemia_class,no_copper,holdout,B12_deficiency_no_anemia,0.5454545454545454,0.6,0.5714285714285714,10
catboost_cbc,anemia_class,no_copper,holdout,B6_deficiency,0.0,0.0,0.0,7
catboost_cbc,anemia_class,no_copper,holdout,anemia_other,0.5,0.8666666666666667,0.6341463414634146,15
catboost_cbc,anemia_class,no_copper,holdout,copper_deficiency,0.0,0.0,0.0,7
catboost_cbc,anemia_class,no_copper,holdout,folate_deficiency_anemia,0.4444444444444444,0.4,0.42105263157894735,10
catboost_cbc,anemia_class,no_copper,holdout,folate_deficiency_no_anemia,0.6666666666666666,0.25,0.36363636363636365,8
catboost_cbc,anemia_class,no_copper,holdout,inflammation_anemia,0.7,0.5384615384615384,0.6086956521739131,13
catboost_cbc,anemia_class,no_copper,holdout,iron_deficiency_anemia,0.64,0.6956521739130435,0.6666666666666666,23
catboost_cbc,anemia_class,no_copper,holdout,latent_deficiency,0.5384615384615384,0.8235294117647058,0.6511627906976745,17
catboost_cbc,anemia_class,no_copper,holdout,mixed_deficiency,0.5263157894736842,0.43478260869565216,0.47619047619047616,23
catboost_cbc,anemia_class,no_copper,holdout,no_anemia_no_deficiency,0.7619047619047619,0.7272727272727273,0.7441860465116279,22
catboost_cbc,anemia_class,no_hemoglobin,holdout,B12_deficiency_anemia,0.36363636363636365,0.6153846153846154,0.45714285714285713,13
catboost_cbc,anemia_class,no_hemoglobin,holdout,B12_deficiency_no_anemia,0.0,0.0,0.0,10
catboost_cbc,anemia_class,no_hemoglobin,holdout,B6_deficiency,0.2,0.14285714285714285,0.16666666666666666,7
catboost_cbc,anemia_class,no_hemoglobin,holdout,anemia_other,0.27450980392156865,0.9333333333333333,0.42424242424242425,15
catboost_cbc,anemia_class,no_hemoglobin,holdout,copper_deficiency,0.0,0.0,0.0,7
catboost_cbc,anemia_class,no_hemoglobin,holdout,folate_deficiency_anemia,0.21428571428571427,0.3,0.25,10
catboost_cbc,anemia_class,no_hemoglobin,holdout,folate_deficiency_no_anemia,1.0,0.125,0.2222222222222222,8
catboost_cbc,anemia_class,no_hemoglobin,holdout,inflammation_anemia,0.3888888888888889,0.5384615384615384,0.45161290322580644,13
catboost_cbc,anemia_class,no_hemoglobin,holdout,iron_deficiency_anemia,0.4857142857142857,0.7391304347826086,0.5862068965517241,23
catboost_cbc,anemia_class,no_hemoglobin,holdout,latent_deficiency,0.0,0.0,0.0,17
catboost_cbc,anemia_class,no_hemoglobin,holdout,mixed_deficiency,0.5263157894736842,0.43478260869565216,0.47619047619047616,23
catboost_cbc,anemia_class,no_hemoglobin,holdout,no_anemia_no_deficiency,0.0,0.0,0.0,22
catboost_cbc,anemia_class,no_demographics,holdout,B12_deficiency_anemia,0.5294117647058824,0.6923076923076923,0.6,13
catboost_cbc,anemia_class,no_demographics,holdout,B12_deficiency_no_anemia,0.5,0.5,0.5,10
catboost_cbc,anemia_class,no_demographics,holdout,B6_deficiency,0.0,0.0,0.0,7
catboost_cbc,anemia_class,no_demographics,holdout,anemia_other,0.5416666666666666,0.8666666666666667,0.6666666666666666,15
catboost_cbc,anemia_class,no_demographics,holdout,copper_deficiency,0.0,0.0,0.0,7
catboost_cbc,anemia_class,no_demographics,holdout,folate_deficiency_anemia,0.5,0.3,0.375,10
catboost_cbc,anemia_class,no_demographics,holdout,folate_deficiency_no_anemia,0.5,0.25,0.3333333333333333,8
catboost_cbc,anemia_class,no_demographics,holdout,inflammation_anemia,0.6666666666666666,0.6153846153846154,0.64,13
catboost_cbc,anemia_class,no_demographics,holdout,iron_deficiency_anemia,0.6428571428571429,0.782608695652174,0.7058823529411765,23
catboost_cbc,anemia_class,no_demographics,holdout,latent_deficiency,0.56,0.8235294117647058,0.6666666666666666,17
catboost_cbc,anemia_class,no_demographics,holdout,mixed_deficiency,0.5263157894736842,0.43478260869565216,0.47619047619047616,23
catboost_cbc,anemia_class,no_demographics,holdout,no_anemia_no_deficiency,0.7391304347826086,0.7727272727272727,0.7555555555555555,22
catboost_cbc,folate_deficiency,available,holdout,0,0.8089171974522293,0.9548872180451128,0.8758620689655172,133
catboost_cbc,folate_deficiency,available,holdout,1,0.45454545454545453,0.14285714285714285,0.21739130434782608,35
catboost_cbc,folate_deficiency,drop30,holdout,0,0.7914110429447853,0.9699248120300752,0.8716216216216216,133
catboost_cbc,folate_deficiency,drop30,holdout,1,0.2,0.02857142857142857,0.05,35
catboost_cbc,folate_deficiency,drop60,holdout,0,0.7916666666666666,1.0,0.8837209302325582,133
catboost_cbc,folate_deficiency,drop60,holdout,1,0.0,0.0,0.0,35
catboost_cbc,folate_deficiency,cbc_only,holdout,0,0.8089171974522293,0.9548872180451128,0.8758620689655172,133
catboost_cbc,folate_deficiency,cbc_only,holdout,1,0.45454545454545453,0.14285714285714285,0.21739130434782608,35
catboost_cbc,folate_deficiency,hb_only,holdout,0,0.7916666666666666,1.0,0.8837209302325582,133
catboost_cbc,folate_deficiency,hb_only,holdout,1,0.0,0.0,0.0,35
catboost_cbc,folate_deficiency,no_iron,holdout,0,0.8089171974522293,0.9548872180451128,0.8758620689655172,133
catboost_cbc,folate_deficiency,no_iron,holdout,1,0.45454545454545453,0.14285714285714285,0.21739130434782608,35
catboost_cbc,folate_deficiency,no_B12,holdout,0,0.8089171974522293,0.9548872180451128,0.8758620689655172,133
catboost_cbc,folate_deficiency,no_B12,holdout,1,0.45454545454545453,0.14285714285714285,0.21739130434782608,35
catboost_cbc,folate_deficiency,no_folate,holdout,0,0.8089171974522293,0.9548872180451128,0.8758620689655172,133
catboost_cbc,folate_deficiency,no_folate,holdout,1,0.45454545454545453,0.14285714285714285,0.21739130434782608,35
catboost_cbc,folate_deficiency,no_B6,holdout,0,0.8089171974522293,0.9548872180451128,0.8758620689655172,133
catboost_cbc,folate_deficiency,no_B6,holdout,1,0.45454545454545453,0.14285714285714285,0.21739130434782608,35
catboost_cbc,folate_deficiency,no_copper,holdout,0,0.8089171974522293,0.9548872180451128,0.8758620689655172,133
catboost_cbc,folate_deficiency,no_copper,holdout,1,0.45454545454545453,0.14285714285714285,0.21739130434782608,35
catboost_cbc,folate_deficiency,no_hemoglobin,holdout,0,0.80625,0.9699248120300752,0.8805460750853242,133
catboost_cbc,folate_deficiency,no_hemoglobin,holdout,1,0.5,0.11428571428571428,0.18604651162790697,35
catboost_cbc,folate_deficiency,no_demographics,holdout,0,0.8012422360248447,0.9699248120300752,0.8775510204081632,133
catboost_cbc,folate_deficiency,no_demographics,holdout,1,0.42857142857142855,0.08571428571428572,0.14285714285714285,35
catboost_cbc,B6_deficiency,available,holdout,0,0.9640718562874252,1.0,0.9817073170731707,161
catboost_cbc,B6_deficiency,available,holdout,1,1.0,0.14285714285714285,0.25,7
catboost_cbc,B6_deficiency,drop30,holdout,0,0.9583333333333334,1.0,0.9787234042553191,161
catboost_cbc,B6_deficiency,drop30,holdout,1,0.0,0.0,0.0,7
catboost_cbc,B6_deficiency,drop60,holdout,0,0.9583333333333334,1.0,0.9787234042553191,161
catboost_cbc,B6_deficiency,drop60,holdout,1,0.0,0.0,0.0,7
catboost_cbc,B6_deficiency,cbc_only,holdout,0,0.9640718562874252,1.0,0.9817073170731707,161
catboost_cbc,B6_deficiency,cbc_only,holdout,1,1.0,0.14285714285714285,0.25,7
catboost_cbc,B6_deficiency,hb_only,holdout,0,0.9583333333333334,1.0,0.9787234042553191,161
catboost_cbc,B6_deficiency,hb_only,holdout,1,0.0,0.0,0.0,7
catboost_cbc,B6_deficiency,no_iron,holdout,0,0.9640718562874252,1.0,0.9817073170731707,161
catboost_cbc,B6_deficiency,no_iron,holdout,1,1.0,0.14285714285714285,0.25,7
catboost_cbc,B6_deficiency,no_B12,holdout,0,0.9640718562874252,1.0,0.9817073170731707,161
catboost_cbc,B6_deficiency,no_B12,holdout,1,1.0,0.14285714285714285,0.25,7
catboost_cbc,B6_deficiency,no_folate,holdout,0,0.9640718562874252,1.0,0.9817073170731707,161
catboost_cbc,B6_deficiency,no_folate,holdout,1,1.0,0.14285714285714285,0.25,7
catboost_cbc,B6_deficiency,no_B6,holdout,0,0.9640718562874252,1.0,0.9817073170731707,161
catboost_cbc,B6_deficiency,no_B6,holdout,1,1.0,0.14285714285714285,0.25,7
catboost_cbc,B6_deficiency,no_copper,holdout,0,0.9640718562874252,1.0,0.9817073170731707,161
catboost_cbc,B6_deficiency,no_copper,holdout,1,1.0,0.14285714285714285,0.25,7
catboost_cbc,B6_deficiency,no_hemoglobin,holdout,0,0.9583333333333334,1.0,0.9787234042553191,161
catboost_cbc,B6_deficiency,no_hemoglobin,holdout,1,0.0,0.0,0.0,7
catboost_cbc,B6_deficiency,no_demographics,holdout,0,0.9640718562874252,1.0,0.9817073170731707,161
catboost_cbc,B6_deficiency,no_demographics,holdout,1,1.0,0.14285714285714285,0.25,7
catboost_cbc,copper_deficiency,available,holdout,0,0.9583333333333334,1.0,0.9787234042553191,161
catboost_cbc,copper_deficiency,available,holdout,1,0.0,0.0,0.0,7
catboost_cbc,copper_deficiency,drop30,holdout,0,0.9583333333333334,0.8571428571428571,0.9049180327868852,161
catboost_cbc,copper_deficiency,drop30,holdout,1,0.041666666666666664,0.14285714285714285,0.06451612903225806,7
catboost_cbc,copper_deficiency,drop60,holdout,0,0.9421487603305785,0.7080745341614907,0.8085106382978723,161
catboost_cbc,copper_deficiency,drop60,holdout,1,0.0,0.0,0.0,7
catboost_cbc,copper_deficiency,cbc_only,holdout,0,0.9583333333333334,1.0,0.9787234042553191,161
catboost_cbc,copper_deficiency,cbc_only,holdout,1,0.0,0.0,0.0,7
catboost_cbc,copper_deficiency,hb_only,holdout,0,0.9846153846153847,0.39751552795031053,0.5663716814159292,161
catboost_cbc,copper_deficiency,hb_only,holdout,1,0.05825242718446602,0.8571428571428571,0.10909090909090909,7
catboost_cbc,copper_deficiency,no_iron,holdout,0,0.9583333333333334,1.0,0.9787234042553191,161
catboost_cbc,copper_deficiency,no_iron,holdout,1,0.0,0.0,0.0,7
catboost_cbc,copper_deficiency,no_B12,holdout,0,0.9583333333333334,1.0,0.9787234042553191,161
catboost_cbc,copper_deficiency,no_B12,holdout,1,0.0,0.0,0.0,7
catboost_cbc,copper_deficiency,no_folate,holdout,0,0.9583333333333334,1.0,0.9787234042553191,161
catboost_cbc,copper_deficiency,no_folate,holdout,1,0.0,0.0,0.0,7
catboost_cbc,copper_deficiency,no_B6,holdout,0,0.9583333333333334,1.0,0.9787234042553191,161
catboost_cbc,copper_deficiency,no_B6,holdout,1,0.0,0.0,0.0,7
catboost_cbc,copper_deficiency,no_copper,holdout,0,0.9583333333333334,1.0,0.9787234042553191,161
catboost_cbc,copper_deficiency,no_copper,holdout,1,0.0,0.0,0.0,7
catboost_cbc,copper_deficiency,no_hemoglobin,holdout,0,0.9583333333333334,1.0,0.9787234042553191,161
catboost_cbc,copper_deficiency,no_hemoglobin,holdout,1,0.0,0.0,0.0,7
catboost_cbc,copper_deficiency,no_demographics,holdout,0,0.9583333333333334,1.0,0.9787234042553191,161
catboost_cbc,copper_deficiency,no_demographics,holdout,1,0.0,0.0,0.0,7
