fold,target,route,scenario,version,n,positives,log_loss,brier,ece_10,f1
0,anemia_class,primary,available,raw,135,,0.6054756281720698,0.26492817573717453,0.3061211980199898,0.892209050566296
0,anemia_class,primary,available,selected,135,,0.3206880235336735,0.14645981368494587,0.10729638093590638,0.892209050566296
1,anemia_class,primary,available,raw,135,,0.7226304702313096,0.32254164808645575,0.24760928626032744,0.8303260363139366
1,anemia_class,primary,available,selected,135,,0.5273697908018755,0.24321107233713005,0.07098493888758103,0.8303260363139366
2,anemia_class,primary,available,raw,134,,0.7024696125962023,0.3129430221920171,0.30096470412567783,0.8701781938007574
2,anemia_class,primary,available,selected,134,,0.4304541739867845,0.20245440657758246,0.08076826452344907,0.8701781938007574
3,anemia_class,primary,available,raw,134,,0.6190554543356198,0.28450322659191435,0.27156211520540374,0.8706039467068879
3,anemia_class,primary,available,selected,134,,0.365747665703526,0.18899042015911918,0.08566575193534397,0.8706039467068879
4,anemia_class,primary,available,raw,134,,0.6590527571540991,0.2971835982871288,0.27259487819322775,0.8741566304066305
4,anemia_class,primary,available,selected,134,,0.4081351850269674,0.20460616035893678,0.07866117971065859,0.8741566304066305
0,anemia_class,primary,drop30,raw,135,,1.1077906718469728,0.4934221684168565,0.3147963168325448,0.748291856842967
0,anemia_class,primary,drop30,selected,135,,0.8589873652849991,0.39460857396447,0.10865200869552856,0.748291856842967
1,anemia_class,primary,drop30,raw,135,,1.0876130004266862,0.4804790712761604,0.28193942136564054,0.7165554976566769
1,anemia_class,primary,drop30,selected,135,,0.8521046898528434,0.38139210378730537,0.07528707375393864,0.7165554976566769
2,anemia_class,primary,drop30,raw,134,,1.189204317726044,0.5228635180544892,0.28836717274819795,0.6796253133529349
2,anemia_class,primary,drop30,selected,134,,0.9402095879732519,0.4122635497512403,0.10941471239071389,0.6796253133529349
3,anemia_class,primary,drop30,raw,134,,1.14286202135241,0.5140005934592927,0.267046513457809,0.6786166339453721
3,anemia_class,primary,drop30,selected,134,,0.9346582218044597,0.42296161995622455,0.09205788686444258,0.6786166339453721
4,anemia_class,primary,drop30,raw,134,,1.0924029572484883,0.4830044583396466,0.28793190010440467,0.7209315470403773
4,anemia_class,primary,drop30,selected,134,,0.8642455386020893,0.39289600899456717,0.07951846158989599,0.7209315470403773
0,anemia_class,primary,drop60,raw,135,,1.5517029890440905,0.6619874166126676,0.20429502335087854,0.5805029102890252
0,anemia_class,primary,drop60,selected,135,,1.4706628378853372,0.625716173063671,0.07592201318075831,0.5805029102890252
1,anemia_class,primary,drop60,raw,135,,1.7450231519830133,0.7249362655983415,0.13388304855588093,0.3639185614185614
1,anemia_class,primary,drop60,selected,135,,1.726746395240959,0.7198530199062179,0.13877773115899178,0.3639185614185614
2,anemia_class,primary,drop60,raw,134,,1.649502920311834,0.6903219537332028,0.2075132964582568,0.4834071615615077
2,anemia_class,primary,drop60,selected,134,,1.533050936868565,0.6275549267972219,0.04684927955313904,0.4834071615615077
3,anemia_class,primary,drop60,raw,134,,1.7741259977395942,0.7221809533505459,0.1113798119671299,0.4130906264381911
3,anemia_class,primary,drop60,selected,134,,1.8611723221755772,0.7343720713591606,0.11764708202213647,0.4130906264381911
4,anemia_class,primary,drop60,raw,134,,1.6450522715400524,0.6799259457909616,0.1231639277822846,0.4678326833644395
4,anemia_class,primary,drop60,selected,134,,1.6215088502376083,0.6635499945573494,0.10886229676595383,0.4678326833644395
0,anemia_class,primary,cbc_only,raw,135,,1.571511199930087,0.6882901887591362,0.13090813263663645,0.25968675762586807
0,anemia_class,primary,cbc_only,selected,135,,1.6325604041822646,0.7389701527451955,0.21828115653012858,0.25968675762586807
1,anemia_class,primary,cbc_only,raw,135,,1.708336283774472,0.766239494385979,0.09763416322376543,0.18562590373735885
1,anemia_class,primary,cbc_only,selected,135,,1.905070305426372,0.8569961247097878,0.25809325240739034,0.18562590373735885
2,anemia_class,primary,cbc_only,raw,134,,1.712466395409558,0.7552582158493006,0.11467294124051787,0.25620758209584965
2,anemia_class,primary,cbc_only,selected,134,,1.911403858578602,0.8119525173616483,0.20455594261452775,0.25620758209584965
3,anemia_class,primary,cbc_only,raw,134,,1.6280641288710287,0.7234877374730306,0.07130148012519202,0.2046699845370822
3,anemia_class,primary,cbc_only,selected,134,,1.814633229281103,0.8227583904146923,0.27712918103517437,0.2046699845370822
4,anemia_class,primary,cbc_only,raw,134,,1.652030831926803,0.7274877014274244,0.07018860425516024,0.22893939393939391
4,anemia_class,primary,cbc_only,selected,134,,1.7810616290393695,0.7918146675293688,0.22410865839349903,0.22893939393939391
0,anemia_class,primary,hb_only,raw,135,,2.154661803313305,0.855992107931411,0.06810190641979261,0.1083905415713196
0,anemia_class,primary,hb_only,selected,135,,2.3910694284804346,0.9204984735194248,0.19060832807103442,0.1083905415713196
1,anemia_class,primary,hb_only,raw,135,,2.2268583959373576,0.8809205876339112,0.08942174329581003,0.06146864686468647
1,anemia_class,primary,hb_only,selected,135,,2.4929845360116816,0.9845425484084225,0.3020711237516159,0.06146864686468647
2,anemia_class,primary,hb_only,raw,134,,2.146442979597858,0.8561808138118217,0.06592912532583173,0.07790704665704666
2,anemia_class,primary,hb_only,selected,134,,2.409550887047589,0.9658969213287883,0.27087120022429806,0.07790704665704666
3,anemia_class,primary,hb_only,raw,134,,2.231673060559598,0.8714304194870567,0.13630850113041945,0.06354784963032385
3,anemia_class,primary,hb_only,selected,134,,2.551125676649807,0.9628041561582037,0.29926552874131457,0.06354784963032385
4,anemia_class,primary,hb_only,raw,134,,2.250423619658898,0.8831356055219479,0.10318015119111215,0.0637917637917638
4,anemia_class,primary,hb_only,selected,134,,2.5611925901645516,1.008477472937775,0.3489464882407729,0.0637917637917638
0,anemia_class,primary,no_iron,raw,135,,0.9579101056456428,0.43728018658253537,0.28326988055398356,0.7623727227931071
0,anemia_class,primary,no_iron,selected,135,,0.6998301536647505,0.3356614969442841,0.07618302368033662,0.7623727227931071
1,anemia_class,primary,no_iron,raw,135,,1.0918502960867027,0.4973778364857643,0.2172657021600417,0.7120188341357072
1,anemia_class,primary,no_iron,selected,135,,0.9960484444088858,0.4552946356768745,0.09607410513293121,0.7120188341357072
2,anemia_class,primary,no_iron,raw,134,,1.072936776762493,0.4988721071555702,0.2705735684467158,0.7312364065081457
2,anemia_class,primary,no_iron,selected,134,,0.8553774067281967,0.40703234901190966,0.12152914995820564,0.7312364065081457
3,anemia_class,primary,no_iron,raw,134,,0.9447863974595287,0.43172781282364314,0.27865036739489757,0.768662554765496
3,anemia_class,primary,no_iron,selected,134,,0.7271438765543116,0.3516127939110077,0.10746074588428592,0.768662554765496
4,anemia_class,primary,no_iron,raw,134,,1.000371933435535,0.45487737623861424,0.17953462300926654,0.708779788036754
4,anemia_class,primary,no_iron,selected,134,,0.8272082394257747,0.39751492014181156,0.07030001937519251,0.708779788036754
0,anemia_class,primary,no_B12,raw,135,,0.7522785458272202,0.349718410926669,0.23391053472248116,0.7560383254606252
0,anemia_class,primary,no_B12,selected,135,,0.5339927064520279,0.27422587489413314,0.05254204881337459,0.7560383254606252
1,anemia_class,primary,no_B12,raw,135,,0.867534025796974,0.40257648644270105,0.15811046198400358,0.6981112021274929
1,anemia_class,primary,no_B12,selected,135,,0.7490558095619075,0.3681342755337125,0.049998889700675286,0.6981112021274929
2,anemia_class,primary,no_B12,raw,134,,0.8726053807943485,0.3989450060392649,0.20979709252874704,0.7301378637604277
2,anemia_class,primary,no_B12,selected,134,,0.7295841449204148,0.335535970008387,0.04233475964684186,0.7301378637604277
3,anemia_class,primary,no_B12,raw,134,,0.7997633419416095,0.38079901468419974,0.19016674121160973,0.7424932594781882
3,anemia_class,primary,no_B12,selected,134,,0.6628515846853478,0.3431085258264171,0.07204528964462238,0.7424932594781882
4,anemia_class,primary,no_B12,raw,134,,0.8133931627747543,0.37316345039583804,0.1979447460248185,0.7353124995623855
4,anemia_class,primary,no_B12,selected,134,,0.6400588047414176,0.3177731526058801,0.04075085764611518,0.7353124995623855
0,anemia_class,primary,no_folate,raw,135,,0.6975625913617645,0.3162185045643902,0.24657807409314839,0.796457830362535
0,anemia_class,primary,no_folate,selected,135,,0.45407592586264034,0.22843754562387453,0.07295383535449584,0.796457830362535
1,anemia_class,primary,no_folate,raw,135,,0.8462972527486018,0.3943372651385392,0.1699294631895172,0.7202519998268541
1,anemia_class,primary,no_folate,selected,135,,0.7494189115631412,0.3571792021516671,0.09698030042241879,0.7202519998268541
2,anemia_class,primary,no_folate,raw,134,,0.837890744513974,0.3884972359503227,0.20240563677254123,0.7463966050191688
2,anemia_class,primary,no_folate,selected,134,,0.6817775703499538,0.331784967105375,0.05227856824937856,0.7463966050191688
3,anemia_class,primary,no_folate,raw,134,,0.7552153168197465,0.35595728655230585,0.18544231788485943,0.7486697418533828
3,anemia_class,primary,no_folate,selected,134,,0.6157140049373262,0.31177012985182767,0.06047668783496074,0.7486697418533828
4,anemia_class,primary,no_folate,raw,134,,0.8099197152149208,0.3772283559876884,0.20112867462718095,0.7650043549468837
4,anemia_class,primary,no_folate,selected,134,,0.681890897016004,0.3333055968404774,0.09115431577544764,0.7650043549468837
0,anemia_class,primary,no_B6,raw,135,,0.6607349511242946,0.2879563744649378,0.2743279210481031,0.8030916864489318
0,anemia_class,primary,no_B6,selected,135,,0.40843136928763113,0.18667140879871466,0.07981754767105172,0.8030916864489318
1,anemia_class,primary,no_B6,raw,135,,0.7717895072190544,0.3382151327704275,0.23026937084256305,0.7673968789080351
1,anemia_class,primary,no_B6,selected,135,,0.6123770100061828,0.26978187183156005,0.06390716747513056,0.7673968789080351
2,anemia_class,primary,no_B6,raw,134,,0.7567074450305827,0.33479041429092105,0.28192795673643617,0.8174533260758898
2,anemia_class,primary,no_B6,selected,134,,0.5282460652345513,0.23787691563111812,0.07185844072037713,0.8174533260758898
3,anemia_class,primary,no_B6,raw,134,,0.6784427278488423,0.30714085064985985,0.23293300701228134,0.7670169069086227
3,anemia_class,primary,no_B6,selected,134,,0.4751885567218999,0.2335521597076402,0.054856594789236414,0.7670169069086227
4,anemia_class,primary,no_B6,raw,134,,0.716315625025684,0.3177807950880182,0.23965887244734307,0.7872393020258874
4,anemia_class,primary,no_B6,selected,134,,0.5015841761651051,0.23827830156445814,0.04917537846595491,0.7872393020258874
0,anemia_class,primary,no_copper,raw,135,,0.6859247945881201,0.2850776831786796,0.288473784726247,0.8186055044027181
0,anemia_class,primary,no_copper,selected,135,,0.4668330603342821,0.17996796154450687,0.0917694586349804,0.8186055044027181
1,anemia_class,primary,no_copper,raw,135,,0.8147907066555907,0.35253150962396607,0.21518940710341128,0.7401100703626765
1,anemia_class,primary,no_copper,selected,135,,0.6845110054597658,0.29215233871659,0.059068036492997585,0.7401100703626765
2,anemia_class,primary,no_copper,raw,134,,0.7968196685236749,0.3428655363741828,0.27148137342691,0.783641527852327
2,anemia_class,primary,no_copper,selected,134,,0.6063329558742213,0.253410964954795,0.08224007521930798,0.783641527852327
3,anemia_class,primary,no_copper,raw,134,,0.7055079684835057,0.3055558050655175,0.2498074208980242,0.8065867195684641
3,anemia_class,primary,no_copper,selected,134,,0.5219824031711126,0.2222362943841161,0.09049481176164516,0.8065867195684641
4,anemia_class,primary,no_copper,raw,134,,0.7252990701515513,0.32047920644899097,0.23777079519738695,0.7761509324009324
4,anemia_class,primary,no_copper,selected,134,,0.5210782422519521,0.246003945983015,0.07351815908130233,0.7761509324009324
0,anemia_class,primary,no_hemoglobin,raw,135,,0.9066243288621784,0.4109255136232581,0.3148012064526019,0.793155133875215
0,anemia_class,primary,no_hemoglobin,selected,135,,0.6116946626848786,0.2974709988301675,0.1258627597547698,0.793155133875215
1,anemia_class,primary,no_hemoglobin,raw,135,,0.9862126490636698,0.43987066879056375,0.3020588520218621,0.7781417881162126
1,anemia_class,primary,no_hemoglobin,selected,135,,0.7490458730017497,0.3451854506943771,0.12359219011512752,0.7781417881162126
2,anemia_class,primary,no_hemoglobin,raw,134,,0.9724441357421628,0.4369913307312463,0.34321025587649057,0.7873599089274146
2,anemia_class,primary,no_hemoglobin,selected,134,,0.6294235902495219,0.30091174756488304,0.13138642459463154,0.7873599089274146
3,anemia_class,primary,no_hemoglobin,raw,134,,0.8968273368964278,0.41802773029706336,0.2786079843775552,0.766674245001258
3,anemia_class,primary,no_hemoglobin,selected,134,,0.6269535734717449,0.3208673441399129,0.10557423257484788,0.766674245001258
4,anemia_class,primary,no_hemoglobin,raw,134,,0.922241063252227,0.42371756358221513,0.3028034754047231,0.7987733421287736
4,anemia_class,primary,no_hemoglobin,selected,134,,0.6500207582381311,0.32636541490711396,0.12171071332261048,0.7987733421287736
0,anemia_class,primary,no_demographics,raw,135,,0.6035264932049769,0.26424650008649764,0.30315913556973245,0.892209050566296
0,anemia_class,primary,no_demographics,selected,135,,0.3235835197468329,0.14881058215402143,0.10560305920253914,0.892209050566296
1,anemia_class,primary,no_demographics,raw,135,,0.7196607196999291,0.3221230539433857,0.24259607294555732,0.8312915570268512
1,anemia_class,primary,no_demographics,selected,135,,0.5322321732613107,0.2465369187376429,0.07271463877556342,0.8312915570268512
2,anemia_class,primary,no_demographics,raw,134,,0.7074011500900764,0.31430451992240205,0.2838021711156204,0.8555129114561092
2,anemia_class,primary,no_demographics,selected,134,,0.4477450022875093,0.20913037341277013,0.07431074338121206,0.8555129114561092
3,anemia_class,primary,no_demographics,raw,134,,0.6184192501241164,0.2841972127995181,0.2704318699340792,0.8706039467068879
3,anemia_class,primary,no_demographics,selected,134,,0.36632801196089065,0.18853007311756487,0.09156753505766677,0.8706039467068879
4,anemia_class,primary,no_demographics,raw,134,,0.663508909309986,0.2997595035815596,0.2631712965694571,0.8675729363229362
4,anemia_class,primary,no_demographics,selected,134,,0.42044336308313285,0.21108868321445026,0.07092053864871974,0.8675729363229362
0,anemia_class,cbc,available,raw,135,,1.0792016138165514,0.524086884504723,0.08503872866153053,0.5096522011094404
0,anemia_class,cbc,available,selected,135,,1.0792016138165514,0.524086884504723,0.08503872866153053,0.5096522011094404
1,anemia_class,cbc,available,raw,135,,1.2009592572637062,0.5839983755162244,0.08447541220503996,0.44485479268087963
1,anemia_class,cbc,available,selected,135,,1.2009592572637062,0.5839983755162244,0.08447541220503996,0.44485479268087963
2,anemia_class,cbc,available,raw,134,,1.2575848240570924,0.6071874441650544,0.057808974898036734,0.38629160647181243
2,anemia_class,cbc,available,selected,134,,1.2575848240570924,0.6071874441650544,0.057808974898036734,0.38629160647181243
3,anemia_class,cbc,available,raw,134,,1.1935337922041505,0.549218068189969,0.07254505126052847,0.4788587144606991
3,anemia_class,cbc,available,selected,134,,1.1935337922041505,0.549218068189969,0.07254505126052847,0.4788587144606991
4,anemia_class,cbc,available,raw,134,,1.2421655517752639,0.5899660746064052,0.09119410912830163,0.5067169344644964
4,anemia_class,cbc,available,selected,134,,1.2421655517752639,0.5899660746064052,0.09119410912830163,0.5067169344644964
0,anemia_class,cbc,drop30,raw,135,,1.8516551136592576,0.7714991931708389,0.09722248109853457,0.2845151479590839
0,anemia_class,cbc,drop30,selected,135,,1.8516551136592576,0.7714991931708389,0.09722248109853457,0.2845151479590839
1,anemia_class,cbc,drop30,raw,135,,1.761246796790913,0.7542826664597759,0.09370237571802088,0.389162605305066
1,anemia_class,cbc,drop30,selected,135,,1.761246796790913,0.7542826664597759,0.09370237571802088,0.389162605305066
2,anemia_class,cbc,drop30,raw,134,,1.964221650041116,0.8103145642278424,0.11697239193998131,0.2661354668295917
2,anemia_class,cbc,drop30,selected,134,,1.964221650041116,0.8103145642278424,0.11697239193998131,0.2661354668295917
3,anemia_class,cbc,drop30,raw,134,,1.8997221632363086,0.771401313045943,0.07595519313814661,0.2967643698893699
3,anemia_class,cbc,drop30,selected,134,,1.8997221632363086,0.771401313045943,0.07595519313814661,0.2967643698893699
4,anemia_class,cbc,drop30,raw,134,,1.9608363682652852,0.8273541741916947,0.11840396615504974,0.25896252534183567
4,anemia_class,cbc,drop30,selected,134,,1.9608363682652852,0.8273541741916947,0.11840396615504974,0.25896252534183567
0,anemia_class,cbc,drop60,raw,135,,2.317036778969936,0.8912317816094149,0.10045839095048317,0.19748538045106676
0,anemia_class,cbc,drop60,selected,135,,2.317036778969936,0.8912317816094149,0.10045839095048317,0.19748538045106676
1,anemia_class,cbc,drop60,raw,135,,2.526290096687043,0.9284790189020653,0.19459847675225703,0.10471947140787223
1,anemia_class,cbc,drop60,selected,135,,2.526290096687043,0.9284790189020653,0.19459847675225703,0.10471947140787223
2,anemia_class,cbc,drop60,raw,134,,2.499973172898799,0.9518701410959863,0.19880444100460787,0.1454001064295182
2,anemia_class,cbc,drop60,selected,134,,2.499973172898799,0.9518701410959863,0.19880444100460787,0.1454001064295182
3,anemia_class,cbc,drop60,raw,134,,2.525452878430744,0.9379434140309671,0.1651890071336576,0.10682055015117066
3,anemia_class,cbc,drop60,selected,134,,2.525452878430744,0.9379434140309671,0.1651890071336576,0.10682055015117066
4,anemia_class,cbc,drop60,raw,134,,2.453182942423797,0.928548771537999,0.15318271904176728,0.14743931993931994
4,anemia_class,cbc,drop60,selected,134,,2.453182942423797,0.928548771537999,0.15318271904176728,0.14743931993931994
0,anemia_class,cbc,cbc_only,raw,135,,1.0792016138165514,0.524086884504723,0.08503872866153053,0.5096522011094404
0,anemia_class,cbc,cbc_only,selected,135,,1.0792016138165514,0.524086884504723,0.08503872866153053,0.5096522011094404
1,anemia_class,cbc,cbc_only,raw,135,,1.2009592572637062,0.5839983755162244,0.08447541220503996,0.44485479268087963
1,anemia_class,cbc,cbc_only,selected,135,,1.2009592572637062,0.5839983755162244,0.08447541220503996,0.44485479268087963
2,anemia_class,cbc,cbc_only,raw,134,,1.2575848240570924,0.6071874441650544,0.057808974898036734,0.38629160647181243
2,anemia_class,cbc,cbc_only,selected,134,,1.2575848240570924,0.6071874441650544,0.057808974898036734,0.38629160647181243
3,anemia_class,cbc,cbc_only,raw,134,,1.1935337922041505,0.549218068189969,0.07254505126052847,0.4788587144606991
3,anemia_class,cbc,cbc_only,selected,134,,1.1935337922041505,0.549218068189969,0.07254505126052847,0.4788587144606991
4,anemia_class,cbc,cbc_only,raw,134,,1.2421655517752639,0.5899660746064052,0.09119410912830163,0.5067169344644964
4,anemia_class,cbc,cbc_only,selected,134,,1.2421655517752639,0.5899660746064052,0.09119410912830163,0.5067169344644964
0,anemia_class,cbc,hb_only,raw,135,,2.531051817576704,0.9355013192001089,0.10662587552966288,0.046014959058437326
0,anemia_class,cbc,hb_only,selected,135,,2.531051817576704,0.9355013192001089,0.10662587552966288,0.046014959058437326
1,anemia_class,cbc,hb_only,raw,135,,2.567019726245292,0.952186265710163,0.15496257875508904,0.03391626921038686
1,anemia_class,cbc,hb_only,selected,135,,2.567019726245292,0.952186265710163,0.15496257875508904,0.03391626921038686
2,anemia_class,cbc,hb_only,raw,134,,2.5478471544053427,0.9481879922857291,0.16832556836520315,0.03288084464555053
2,anemia_class,cbc,hb_only,selected,134,,2.5478471544053427,0.9481879922857291,0.16832556836520315,0.03288084464555053
3,anemia_class,cbc,hb_only,raw,134,,2.6029358583327005,0.9419227504640703,0.11029037594054367,0.03992248062015504
3,anemia_class,cbc,hb_only,selected,134,,2.6029358583327005,0.9419227504640703,0.11029037594054367,0.03992248062015504
4,anemia_class,cbc,hb_only,raw,134,,2.589279709393009,0.9503719923703754,0.16753201037032706,0.027853595175152495
4,anemia_class,cbc,hb_only,selected,134,,2.589279709393009,0.9503719923703754,0.16753201037032706,0.027853595175152495
0,anemia_class,cbc,no_iron,raw,135,,1.0792016138165514,0.524086884504723,0.08503872866153053,0.5096522011094404
0,anemia_class,cbc,no_iron,selected,135,,1.0792016138165514,0.524086884504723,0.08503872866153053,0.5096522011094404
1,anemia_class,cbc,no_iron,raw,135,,1.2009592572637062,0.5839983755162244,0.08447541220503996,0.44485479268087963
1,anemia_class,cbc,no_iron,selected,135,,1.2009592572637062,0.5839983755162244,0.08447541220503996,0.44485479268087963
2,anemia_class,cbc,no_iron,raw,134,,1.2575848240570924,0.6071874441650544,0.057808974898036734,0.38629160647181243
2,anemia_class,cbc,no_iron,selected,134,,1.2575848240570924,0.6071874441650544,0.057808974898036734,0.38629160647181243
3,anemia_class,cbc,no_iron,raw,134,,1.1935337922041505,0.549218068189969,0.07254505126052847,0.4788587144606991
3,anemia_class,cbc,no_iron,selected,134,,1.1935337922041505,0.549218068189969,0.07254505126052847,0.4788587144606991
4,anemia_class,cbc,no_iron,raw,134,,1.2421655517752639,0.5899660746064052,0.09119410912830163,0.5067169344644964
4,anemia_class,cbc,no_iron,selected,134,,1.2421655517752639,0.5899660746064052,0.09119410912830163,0.5067169344644964
0,anemia_class,cbc,no_B12,raw,135,,1.0792016138165514,0.524086884504723,0.08503872866153053,0.5096522011094404
0,anemia_class,cbc,no_B12,selected,135,,1.0792016138165514,0.524086884504723,0.08503872866153053,0.5096522011094404
1,anemia_class,cbc,no_B12,raw,135,,1.2009592572637062,0.5839983755162244,0.08447541220503996,0.44485479268087963
1,anemia_class,cbc,no_B12,selected,135,,1.2009592572637062,0.5839983755162244,0.08447541220503996,0.44485479268087963
2,anemia_class,cbc,no_B12,raw,134,,1.2575848240570924,0.6071874441650544,0.057808974898036734,0.38629160647181243
2,anemia_class,cbc,no_B12,selected,134,,1.2575848240570924,0.6071874441650544,0.057808974898036734,0.38629160647181243
3,anemia_class,cbc,no_B12,raw,134,,1.1935337922041505,0.549218068189969,0.07254505126052847,0.4788587144606991
3,anemia_class,cbc,no_B12,selected,134,,1.1935337922041505,0.549218068189969,0.07254505126052847,0.4788587144606991
4,anemia_class,cbc,no_B12,raw,134,,1.2421655517752639,0.5899660746064052,0.09119410912830163,0.5067169344644964
4,anemia_class,cbc,no_B12,selected,134,,1.2421655517752639,0.5899660746064052,0.09119410912830163,0.5067169344644964
0,anemia_class,cbc,no_folate,raw,135,,1.0792016138165514,0.524086884504723,0.08503872866153053,0.5096522011094404
0,anemia_class,cbc,no_folate,selected,135,,1.0792016138165514,0.524086884504723,0.08503872866153053,0.5096522011094404
1,anemia_class,cbc,no_folate,raw,135,,1.2009592572637062,0.5839983755162244,0.08447541220503996,0.44485479268087963
1,anemia_class,cbc,no_folate,selected,135,,1.2009592572637062,0.5839983755162244,0.08447541220503996,0.44485479268087963
2,anemia_class,cbc,no_folate,raw,134,,1.2575848240570924,0.6071874441650544,0.057808974898036734,0.38629160647181243
2,anemia_class,cbc,no_folate,selected,134,,1.2575848240570924,0.6071874441650544,0.057808974898036734,0.38629160647181243
3,anemia_class,cbc,no_folate,raw,134,,1.1935337922041505,0.549218068189969,0.07254505126052847,0.4788587144606991
3,anemia_class,cbc,no_folate,selected,134,,1.1935337922041505,0.549218068189969,0.07254505126052847,0.4788587144606991
4,anemia_class,cbc,no_folate,raw,134,,1.2421655517752639,0.5899660746064052,0.09119410912830163,0.5067169344644964
4,anemia_class,cbc,no_folate,selected,134,,1.2421655517752639,0.5899660746064052,0.09119410912830163,0.5067169344644964
0,anemia_class,cbc,no_B6,raw,135,,1.0792016138165514,0.524086884504723,0.08503872866153053,0.5096522011094404
0,anemia_class,cbc,no_B6,selected,135,,1.0792016138165514,0.524086884504723,0.08503872866153053,0.5096522011094404
1,anemia_class,cbc,no_B6,raw,135,,1.2009592572637062,0.5839983755162244,0.08447541220503996,0.44485479268087963
1,anemia_class,cbc,no_B6,selected,135,,1.2009592572637062,0.5839983755162244,0.08447541220503996,0.44485479268087963
2,anemia_class,cbc,no_B6,raw,134,,1.2575848240570924,0.6071874441650544,0.057808974898036734,0.38629160647181243
2,anemia_class,cbc,no_B6,selected,134,,1.2575848240570924,0.6071874441650544,0.057808974898036734,0.38629160647181243
3,anemia_class,cbc,no_B6,raw,134,,1.1935337922041505,0.549218068189969,0.07254505126052847,0.4788587144606991
3,anemia_class,cbc,no_B6,selected,134,,1.1935337922041505,0.549218068189969,0.07254505126052847,0.4788587144606991
4,anemia_class,cbc,no_B6,raw,134,,1.2421655517752639,0.5899660746064052,0.09119410912830163,0.5067169344644964
4,anemia_class,cbc,no_B6,selected,134,,1.2421655517752639,0.5899660746064052,0.09119410912830163,0.5067169344644964
0,anemia_class,cbc,no_copper,raw,135,,1.0792016138165514,0.524086884504723,0.08503872866153053,0.5096522011094404
0,anemia_class,cbc,no_copper,selected,135,,1.0792016138165514,0.524086884504723,0.08503872866153053,0.5096522011094404
1,anemia_class,cbc,no_copper,raw,135,,1.2009592572637062,0.5839983755162244,0.08447541220503996,0.44485479268087963
1,anemia_class,cbc,no_copper,selected,135,,1.2009592572637062,0.5839983755162244,0.08447541220503996,0.44485479268087963
2,anemia_class,cbc,no_copper,raw,134,,1.2575848240570924,0.6071874441650544,0.057808974898036734,0.38629160647181243
2,anemia_class,cbc,no_copper,selected,134,,1.2575848240570924,0.6071874441650544,0.057808974898036734,0.38629160647181243
3,anemia_class,cbc,no_copper,raw,134,,1.1935337922041505,0.549218068189969,0.07254505126052847,0.4788587144606991
3,anemia_class,cbc,no_copper,selected,134,,1.1935337922041505,0.549218068189969,0.07254505126052847,0.4788587144606991
4,anemia_class,cbc,no_copper,raw,134,,1.2421655517752639,0.5899660746064052,0.09119410912830163,0.5067169344644964
4,anemia_class,cbc,no_copper,selected,134,,1.2421655517752639,0.5899660746064052,0.09119410912830163,0.5067169344644964
0,anemia_class,cbc,no_hemoglobin,raw,135,,1.572951511298781,0.676292800836748,0.1181458906517162,0.2736736250898328
0,anemia_class,cbc,no_hemoglobin,selected,135,,1.572951511298781,0.676292800836748,0.1181458906517162,0.2736736250898328
1,anemia_class,cbc,no_hemoglobin,raw,135,,1.615097886221734,0.7225856618993494,0.07307011161186093,0.35314027046225194
1,anemia_class,cbc,no_hemoglobin,selected,135,,1.615097886221734,0.7225856618993494,0.07307011161186093,0.35314027046225194
2,anemia_class,cbc,no_hemoglobin,raw,134,,1.5940500880564628,0.7174240053336454,0.13218302468464496,0.2360910059494488
2,anemia_class,cbc,no_hemoglobin,selected,134,,1.5940500880564628,0.7174240053336454,0.13218302468464496,0.2360910059494488
3,anemia_class,cbc,no_hemoglobin,raw,134,,1.502957313841405,0.6585539463044321,0.07066126265685017,0.3701367381787863
3,anemia_class,cbc,no_hemoglobin,selected,134,,1.502957313841405,0.6585539463044321,0.07066126265685017,0.3701367381787863
4,anemia_class,cbc,no_hemoglobin,raw,134,,1.6254855015281995,0.7292598379433998,0.09262606191714311,0.3599526608105039
4,anemia_class,cbc,no_hemoglobin,selected,134,,1.6254855015281995,0.7292598379433998,0.09262606191714311,0.3599526608105039
0,anemia_class,cbc,no_demographics,raw,135,,1.0830541089307508,0.5239665396436609,0.09618264784099258,0.4984531211269933
0,anemia_class,cbc,no_demographics,selected,135,,1.0830541089307508,0.5239665396436609,0.09618264784099258,0.4984531211269933
1,anemia_class,cbc,no_demographics,raw,135,,1.2018492169778576,0.5787789606146196,0.08826893112784427,0.45469302988682836
1,anemia_class,cbc,no_demographics,selected,135,,1.2018492169778576,0.5787789606146196,0.08826893112784427,0.45469302988682836
2,anemia_class,cbc,no_demographics,raw,134,,1.2759375801176982,0.6111041600717965,0.06975906564644373,0.3759651481924052
2,anemia_class,cbc,no_demographics,selected,134,,1.2759375801176982,0.6111041600717965,0.06975906564644373,0.3759651481924052
3,anemia_class,cbc,no_demographics,raw,134,,1.221947938196736,0.5626569205906418,0.03964145618826465,0.4356844037851548
3,anemia_class,cbc,no_demographics,selected,134,,1.221947938196736,0.5626569205906418,0.03964145618826465,0.4356844037851548
4,anemia_class,cbc,no_demographics,raw,134,,1.2717382035841878,0.605851729624362,0.11077892335819252,0.4436336102909066
4,anemia_class,cbc,no_demographics,selected,134,,1.2717382035841878,0.605851729624362,0.11077892335819252,0.4436336102909066
0,iron_deficiency,primary,available,raw,135,48.0,0.09876336268276807,0.02415251594163057,0.01494596203604792,0.9583333333333334
0,iron_deficiency,primary,available,selected,135,48.0,0.11065335364783832,0.024921222573731354,0.018087247227065357,0.9583333333333334
1,iron_deficiency,primary,available,raw,135,45.0,0.06529004372065536,0.015476377451086508,0.023310401181201798,0.9777777777777777
1,iron_deficiency,primary,available,selected,135,45.0,0.057623353301515974,0.013600318305712565,0.010387582485722004,0.9777777777777777
2,iron_deficiency,primary,available,raw,134,48.0,0.030245871774118645,0.0035741210229683026,0.028163409523655994,1.0
2,iron_deficiency,primary,available,selected,134,48.0,0.014125450043607667,0.0013448897934660268,0.013372390152625471,1.0
3,iron_deficiency,primary,available,raw,134,47.0,0.03176986152049147,0.0058750240568322945,0.021069735297416906,0.9894736842105263
3,iron_deficiency,primary,available,selected,134,47.0,0.01949795466463252,0.00427487554846515,0.01634913203874301,0.9894736842105263
4,iron_deficiency,primary,available,raw,134,45.0,0.04842749021988901,0.01131347974302105,0.028496885089992194,0.9777777777777777
4,iron_deficiency,primary,available,selected,134,45.0,0.04027808450112888,0.010579774853217256,0.02018687848711011,0.9777777777777777
0,iron_deficiency,primary,drop30,raw,135,48.0,0.12523817317693117,0.03338105339936464,0.04132819666576202,0.9375
0,iron_deficiency,primary,drop30,selected,135,48.0,0.11827275610892271,0.03310042928425508,0.03870723821374216,0.9375
1,iron_deficiency,primary,drop30,raw,135,45.0,0.12368409250825543,0.03370572606476953,0.04786114992724086,0.9438202247191011
1,iron_deficiency,primary,drop30,selected,135,45.0,0.12204569138396229,0.03291462786261984,0.027998325801273146,0.9438202247191011
2,iron_deficiency,primary,drop30,raw,134,48.0,0.08246329533286816,0.017693305993623575,0.04746311259988161,0.9787234042553191
2,iron_deficiency,primary,drop30,selected,134,48.0,0.05724751805535785,0.013862188739336478,0.02442234246017152,0.9787234042553191
3,iron_deficiency,primary,drop30,raw,134,47.0,0.06888633977821089,0.014472226562370247,0.05297428046929631,0.967032967032967
3,iron_deficiency,primary,drop30,selected,134,47.0,0.044980836154540065,0.011030295945332539,0.025046420610124142,0.967032967032967
4,iron_deficiency,primary,drop30,raw,134,45.0,0.125837555270553,0.0319040441562009,0.0471182985194365,0.9555555555555556
4,iron_deficiency,primary,drop30,selected,134,45.0,0.11306516839193936,0.028676440406418993,0.045573820630614506,0.967032967032967
0,iron_deficiency,primary,drop60,raw,135,48.0,0.20394097582233986,0.059229846665640275,0.05198455159494486,0.8913043478260869
0,iron_deficiency,primary,drop60,selected,135,48.0,0.19864422553399985,0.059271932567656234,0.04040531962287426,0.8913043478260869
1,iron_deficiency,primary,drop60,raw,135,45.0,0.26495007320588404,0.08073973862321164,0.0594038774376812,0.8333333333333334
1,iron_deficiency,primary,drop60,selected,135,45.0,0.26898400091072394,0.08228631263349713,0.06855821914512075,0.8333333333333334
2,iron_deficiency,primary,drop60,raw,134,48.0,0.21521976736652418,0.06141688784520184,0.0790602028350579,0.8666666666666667
2,iron_deficiency,primary,drop60,selected,134,48.0,0.192273461217776,0.05845324867691537,0.06287469665299535,0.8791208791208791
3,iron_deficiency,primary,drop60,raw,134,47.0,0.24420545477215078,0.06793055744549589,0.07682261462476503,0.896551724137931
3,iron_deficiency,primary,drop60,selected,134,47.0,0.2251140472165074,0.06177852296887498,0.05920091199884046,0.896551724137931
4,iron_deficiency,primary,drop60,raw,134,45.0,0.2342937467163913,0.06917179759257618,0.07890743716107301,0.8235294117647058
4,iron_deficiency,primary,drop60,selected,134,45.0,0.208571548707378,0.06440601704504409,0.06272219272513267,0.8235294117647058
0,iron_deficiency,primary,cbc_only,raw,135,48.0,0.35944933501939724,0.10649178593374439,0.09336941471907462,0.8247422680412371
0,iron_deficiency,primary,cbc_only,selected,135,48.0,0.3885103731641251,0.10763363692393411,0.09271190922579883,0.8282828282828283
1,iron_deficiency,primary,cbc_only,raw,135,45.0,0.4180369287971053,0.13152757115386882,0.05205510083724895,0.7160493827160493
1,iron_deficiency,primary,cbc_only,selected,135,45.0,0.46410301715507113,0.13467746611893205,0.08694628170752919,0.7160493827160493
2,iron_deficiency,primary,cbc_only,raw,134,48.0,0.3773832139620846,0.11779685006969003,0.057572147019718425,0.7272727272727273
2,iron_deficiency,primary,cbc_only,selected,134,48.0,0.3829742522902042,0.1170390599121421,0.04877058387261845,0.7472527472527473
3,iron_deficiency,primary,cbc_only,raw,134,47.0,0.3552149484114363,0.11150901336962468,0.053490607930298126,0.7560975609756098
3,iron_deficiency,primary,cbc_only,selected,134,47.0,0.371164918527491,0.11332714522213057,0.05741146852109344,0.7619047619047619
4,iron_deficiency,primary,cbc_only,raw,134,45.0,0.4069047886327101,0.12915428982956892,0.08248750656715993,0.7012987012987013
4,iron_deficiency,primary,cbc_only,selected,134,45.0,0.4426144627075986,0.13373402124082573,0.09975425231055783,0.717948717948718
0,iron_deficiency,primary,hb_only,raw,135,48.0,0.6782460719864208,0.23992522926038676,0.14025175950418253,0.0
0,iron_deficiency,primary,hb_only,selected,135,48.0,0.7337800131871708,0.2572520031459058,0.19577172953254887,0.0
1,iron_deficiency,primary,hb_only,raw,135,45.0,0.6924353648601526,0.2402873893311418,0.1266373235102484,0.0
1,iron_deficiency,primary,hb_only,selected,135,45.0,0.7681178904975965,0.2572891058833655,0.18143576808140757,0.0
2,iron_deficiency,primary,hb_only,raw,134,48.0,0.7183243049912456,0.2529222218519395,0.1487516574001999,0.0
2,iron_deficiency,primary,hb_only,selected,134,48.0,0.7738932504462225,0.26726545155801057,0.194987718121724,0.0
3,iron_deficiency,primary,hb_only,raw,134,47.0,0.7397228253822558,0.2592079431321101,0.17445090704593527,0.0
3,iron_deficiency,primary,hb_only,selected,134,47.0,0.838856445887135,0.2821604501404983,0.2292570008258566,0.0
4,iron_deficiency,primary,hb_only,raw,134,45.0,0.638692072107597,0.22317019044500713,0.07053661905854869,0.0
4,iron_deficiency,primary,hb_only,selected,134,45.0,0.6566024725727944,0.22952675609359985,0.10814809139586241,0.0
0,iron_deficiency,primary,no_iron,raw,135,48.0,0.3518521996783565,0.10399592721554797,0.05925453305470844,0.7777777777777778
0,iron_deficiency,primary,no_iron,selected,135,48.0,0.37618538948617186,0.1033829980368775,0.06298133724274987,0.8210526315789474
1,iron_deficiency,primary,no_iron,raw,135,45.0,0.4102966690412425,0.12945961776852236,0.09684399482702835,0.6575342465753424
1,iron_deficiency,primary,no_iron,selected,135,45.0,0.46032863652693023,0.1316300661927597,0.12058485821662489,0.7012987012987013
2,iron_deficiency,primary,no_iron,raw,134,48.0,0.382872879884596,0.12138087933681943,0.07980680057448865,0.7160493827160493
2,iron_deficiency,primary,no_iron,selected,134,48.0,0.3932519385139468,0.12062227606447601,0.08136869063135178,0.7142857142857143
3,iron_deficiency,primary,no_iron,raw,134,47.0,0.34794144278959027,0.1105186028404536,0.08967307486876472,0.7272727272727273
3,iron_deficiency,primary,no_iron,selected,134,47.0,0.36802279331999815,0.11214008318934864,0.10008477341708377,0.7407407407407407
4,iron_deficiency,primary,no_iron,raw,134,45.0,0.4037481235774868,0.12770156638003644,0.09843006715402412,0.6666666666666666
4,iron_deficiency,primary,no_iron,selected,134,45.0,0.4459527179193578,0.13231127094759842,0.12384029961082382,0.684931506849315
0,iron_deficiency,primary,no_B12,raw,135,48.0,0.10052832267999309,0.02460490943227899,0.016600142557822172,0.9583333333333334
0,iron_deficiency,primary,no_B12,selected,135,48.0,0.11313297567183703,0.025584569388268884,0.018456854987408212,0.9583333333333334
1,iron_deficiency,primary,no_B12,raw,135,45.0,0.06739517228478943,0.01605086268635745,0.024727045780378192,0.9777777777777777
1,iron_deficiency,primary,no_B12,selected,135,45.0,0.05964539140577209,0.01412761802153179,0.014674061440078556,0.9777777777777777
2,iron_deficiency,primary,no_B12,raw,134,48.0,0.028356453830187436,0.0030113471920635193,0.026638096243792174,1.0
2,iron_deficiency,primary,no_B12,selected,134,48.0,0.012816635747761,0.0011057377521500981,0.01220503953695756,1.0
3,iron_deficiency,primary,no_B12,raw,134,47.0,0.033383092260878724,0.006404130346457946,0.02198488329892168,0.9894736842105263
3,iron_deficiency,primary,no_B12,selected,134,47.0,0.02128873003640147,0.004982274888034953,0.011393140857937138,0.9894736842105263
4,iron_deficiency,primary,no_B12,raw,134,45.0,0.05212819136698396,0.011903638073354034,0.025198923286241296,0.9777777777777777
4,iron_deficiency,primary,no_B12,selected,134,45.0,0.045809841824481445,0.011043741311433845,0.018570952502971805,0.9777777777777777
0,iron_deficiency,primary,no_folate,raw,135,48.0,0.10009290758207467,0.024512498120212372,0.015945841804579305,0.9583333333333334
0,iron_deficiency,primary,no_folate,selected,135,48.0,0.112080958774484,0.025172854311384666,0.017429205900620966,0.9583333333333334
1,iron_deficiency,primary,no_folate,raw,135,45.0,0.06582411207221468,0.01569389615305847,0.024720379201341708,0.9777777777777777
1,iron_deficiency,primary,no_folate,selected,135,45.0,0.057262015598072966,0.013685943411217748,0.014044616067682307,0.9777777777777777
2,iron_deficiency,primary,no_folate,raw,134,48.0,0.030975005228892852,0.003821637604567732,0.028730373283686394,1.0
2,iron_deficiency,primary,no_folate,selected,134,48.0,0.014898379727417371,0.0015466679816015499,0.014024956378617765,1.0
3,iron_deficiency,primary,no_folate,raw,134,47.0,0.032969847244727214,0.006229712202322982,0.022109119436530145,0.9894736842105263
3,iron_deficiency,primary,no_folate,selected,134,47.0,0.02081104737451224,0.004735399680585746,0.011659612245489982,0.9894736842105263
4,iron_deficiency,primary,no_folate,raw,134,45.0,0.05078172223707818,0.011861264018873994,0.019136686586706447,0.9777777777777777
4,iron_deficiency,primary,no_folate,selected,134,45.0,0.04458010643114802,0.01124857915091902,0.013001694621970115,0.9777777777777777
0,iron_deficiency,primary,no_B6,raw,135,48.0,0.1002940931952999,0.024521695713132077,0.015561052391252998,0.9583333333333334
0,iron_deficiency,primary,no_B6,selected,135,48.0,0.1128867076997229,0.025391426036410102,0.018054396184545938,0.9583333333333334
1,iron_deficiency,primary,no_B6,raw,135,45.0,0.06592123173344312,0.015592895736168177,0.024737897899082716,0.9777777777777777
1,iron_deficiency,primary,no_B6,selected,135,45.0,0.0580590004413552,0.013642577794448555,0.010053830008330692,0.9777777777777777
2,iron_deficiency,primary,no_B6,raw,134,48.0,0.03044178399477772,0.003606494281520563,0.02834552482267279,1.0
2,iron_deficiency,primary,no_B6,selected,134,48.0,0.01432192374429155,0.001368147296906782,0.013557502912839596,1.0
3,iron_deficiency,primary,no_B6,raw,134,47.0,0.032360069180347124,0.006169480103220851,0.021361618677781465,0.9894736842105263
3,iron_deficiency,primary,no_B6,selected,134,47.0,0.02043864737873629,0.004710901339543079,0.011102357600478584,0.9894736842105263
4,iron_deficiency,primary,no_B6,raw,134,45.0,0.04898638091928848,0.011455434323775646,0.02849793178622929,0.9777777777777777
4,iron_deficiency,primary,no_B6,selected,134,45.0,0.04120124509635737,0.01069439780136193,0.02033759242873182,0.9777777777777777
0,iron_deficiency,primary,no_copper,raw,135,48.0,0.09876336268276807,0.02415251594163057,0.01494596203604792,0.9583333333333334
0,iron_deficiency,primary,no_copper,selected,135,48.0,0.11065335364783832,0.024921222573731354,0.018087247227065357,0.9583333333333334
1,iron_deficiency,primary,no_copper,raw,135,45.0,0.06526193248708509,0.015476948216193408,0.02328193835246344,0.9777777777777777
1,iron_deficiency,primary,no_copper,selected,135,45.0,0.05762218427279209,0.013600745991643052,0.010384412995934622,0.9777777777777777
2,iron_deficiency,primary,no_copper,raw,134,48.0,0.029863251375697748,0.0035056732265777305,0.027819727516534887,1.0
2,iron_deficiency,primary,no_copper,selected,134,48.0,0.013847491345313831,0.0013107761653785028,0.01311286700060203,1.0
3,iron_deficiency,primary,no_copper,raw,134,47.0,0.03140330775346759,0.005818232511592366,0.020734421790186718,0.9894736842105263
3,iron_deficiency,primary,no_copper,selected,134,47.0,0.019269615430371048,0.0042534377552901625,0.016132215620741835,0.9894736842105263
4,iron_deficiency,primary,no_copper,raw,134,45.0,0.04829905383049643,0.011258548067248837,0.028404581801687954,0.9777777777777777
4,iron_deficiency,primary,no_copper,selected,134,45.0,0.040093783557867115,0.010523982987711577,0.019809228199656213,0.9777777777777777
0,iron_deficiency,primary,no_hemoglobin,raw,135,48.0,0.09816067840672037,0.024260214827504383,0.01956043797983006,0.9583333333333334
0,iron_deficiency,primary,no_hemoglobin,selected,135,48.0,0.11010689623879873,0.025061242742036565,0.021242114863043716,0.9583333333333334
1,iron_deficiency,primary,no_hemoglobin,raw,135,45.0,0.06703223423940614,0.015967426340831144,0.023367756032779314,0.9777777777777777
1,iron_deficiency,primary,no_hemoglobin,selected,135,45.0,0.06096987061190258,0.01446971333717255,0.013557815894267343,0.9777777777777777
2,iron_deficiency,primary,no_hemoglobin,raw,134,48.0,0.030406503707555915,0.003444943929645398,0.02842432245208897,1.0
2,iron_deficiency,primary,no_hemoglobin,selected,134,48.0,0.01407413436719087,0.001250078251810701,0.01338371500966818,1.0
3,iron_deficiency,primary,no_hemoglobin,raw,134,47.0,0.03307436184002992,0.006564355671683584,0.020983679125807994,0.9894736842105263
3,iron_deficiency,primary,no_hemoglobin,selected,134,47.0,0.02096703894097962,0.004864762338451258,0.017438832451624794,0.9894736842105263
4,iron_deficiency,primary,no_hemoglobin,raw,134,45.0,0.04292075768620809,0.00965900629554679,0.03127597216624502,0.9777777777777777
4,iron_deficiency,primary,no_hemoglobin,selected,134,45.0,0.03224129109221675,0.00889418697594855,0.020669600013016865,0.9777777777777777
0,iron_deficiency,primary,no_demographics,raw,135,48.0,0.10601315094888053,0.02685668924628372,0.03856742755491133,0.9484536082474226
0,iron_deficiency,primary,no_demographics,selected,135,48.0,0.11923279808715616,0.027550865849880875,0.03094373731618742,0.9484536082474226
1,iron_deficiency,primary,no_demographics,raw,135,45.0,0.07194183371913591,0.01761868875075045,0.039064536435541905,0.9777777777777777
1,iron_deficiency,primary,no_demographics,selected,135,45.0,0.06360303752044946,0.016953806709094285,0.019130612860321597,0.9777777777777777
2,iron_deficiency,primary,no_demographics,raw,134,48.0,0.033479970249535675,0.0044351286439199954,0.030789988569626572,1.0
2,iron_deficiency,primary,no_demographics,selected,134,48.0,0.01780846455770242,0.002520867385702261,0.016192873187494905,1.0
3,iron_deficiency,primary,no_demographics,raw,134,47.0,0.03322043511529081,0.006439602932363289,0.022332048305587895,0.9894736842105263
3,iron_deficiency,primary,no_demographics,selected,134,47.0,0.021966171079528498,0.005224492254985267,0.012512718232795674,0.9894736842105263
4,iron_deficiency,primary,no_demographics,raw,134,45.0,0.049335010386298825,0.012465776890978664,0.02980611549494308,0.9777777777777777
4,iron_deficiency,primary,no_demographics,selected,134,45.0,0.04108331847121643,0.012135944659222204,0.020346545753944484,0.9777777777777777
0,iron_deficiency,cbc,available,raw,135,48.0,0.3423398609977695,0.10527620089826283,0.08409821650402922,0.8125
0,iron_deficiency,cbc,available,selected,135,48.0,0.3423398609977695,0.10527620089826283,0.08409821650402922,0.8125
1,iron_deficiency,cbc,available,raw,135,45.0,0.3864171952951128,0.12110441461068586,0.07342708579067266,0.7294117647058823
1,iron_deficiency,cbc,available,selected,135,45.0,0.3864171952951128,0.12110441461068586,0.07342708579067266,0.7294117647058823
2,iron_deficiency,cbc,available,raw,134,48.0,0.32547311284417535,0.098202363255364,0.08021337478280494,0.8351648351648352
2,iron_deficiency,cbc,available,selected,134,48.0,0.32547311284417535,0.098202363255364,0.08021337478280494,0.8351648351648352
3,iron_deficiency,cbc,available,raw,134,47.0,0.34180717240446956,0.10392779014592507,0.08175755884774455,0.7816091954022989
3,iron_deficiency,cbc,available,selected,134,47.0,0.34180717240446956,0.10392779014592507,0.08175755884774455,0.7816091954022989
4,iron_deficiency,cbc,available,raw,134,45.0,0.36940135539535557,0.11650506426518194,0.06831382269521963,0.725
4,iron_deficiency,cbc,available,selected,134,45.0,0.36940135539535557,0.11650506426518194,0.06831382269521963,0.725
0,iron_deficiency,cbc,drop30,raw,135,48.0,0.44398230650137194,0.1456233714715438,0.09602517000426339,0.6966292134831461
0,iron_deficiency,cbc,drop30,selected,135,48.0,0.44398230650137194,0.1456233714715438,0.09602517000426339,0.6966292134831461
1,iron_deficiency,cbc,drop30,raw,135,45.0,0.4521233242215787,0.15124059188620984,0.06681623228994632,0.5925925925925926
1,iron_deficiency,cbc,drop30,selected,135,45.0,0.4521233242215787,0.15124059188620984,0.06681623228994632,0.5925925925925926
2,iron_deficiency,cbc,drop30,raw,134,48.0,0.439387113668723,0.14383231440418562,0.08987737435848728,0.5974025974025974
2,iron_deficiency,cbc,drop30,selected,134,48.0,0.439387113668723,0.14383231440418562,0.08987737435848728,0.5974025974025974
3,iron_deficiency,cbc,drop30,raw,134,47.0,0.41650906004135485,0.13126382168456688,0.1120460879824615,0.7
3,iron_deficiency,cbc,drop30,selected,134,47.0,0.41650906004135485,0.13126382168456688,0.1120460879824615,0.7
4,iron_deficiency,cbc,drop30,raw,134,45.0,0.4912214162195615,0.1634845294840009,0.11612897805237124,0.4
4,iron_deficiency,cbc,drop30,selected,134,45.0,0.4912214162195615,0.1634845294840009,0.11612897805237124,0.4
0,iron_deficiency,cbc,drop60,raw,135,48.0,0.564048042612392,0.19210228175263624,0.0911678799493195,0.5205479452054794
0,iron_deficiency,cbc,drop60,selected,135,48.0,0.564048042612392,0.19210228175263624,0.0911678799493195,0.5205479452054794
1,iron_deficiency,cbc,drop60,raw,135,45.0,0.5274253496123606,0.17845555195105675,0.10145276740131275,0.3389830508474576
1,iron_deficiency,cbc,drop60,selected,135,45.0,0.5274253496123606,0.17845555195105675,0.10145276740131275,0.3389830508474576
2,iron_deficiency,cbc,drop60,raw,134,48.0,0.5106423504269705,0.1708537786709268,0.07846498265882841,0.5352112676056338
2,iron_deficiency,cbc,drop60,selected,134,48.0,0.5106423504269705,0.1708537786709268,0.07846498265882841,0.5352112676056338
3,iron_deficiency,cbc,drop60,raw,134,47.0,0.5488662386184521,0.1868252962637671,0.08759921765411034,0.3389830508474576
3,iron_deficiency,cbc,drop60,selected,134,47.0,0.5488662386184521,0.1868252962637671,0.08759921765411034,0.3389830508474576
4,iron_deficiency,cbc,drop60,raw,134,45.0,0.54249657908205,0.18553286634814656,0.08014120215832879,0.38095238095238093
4,iron_deficiency,cbc,drop60,selected,134,45.0,0.54249657908205,0.18553286634814656,0.08014120215832879,0.38095238095238093
0,iron_deficiency,cbc,cbc_only,raw,135,48.0,0.3423398609977695,0.10527620089826283,0.08409821650402922,0.8125
0,iron_deficiency,cbc,cbc_only,selected,135,48.0,0.3423398609977695,0.10527620089826283,0.08409821650402922,0.8125
1,iron_deficiency,cbc,cbc_only,raw,135,45.0,0.3864171952951128,0.12110441461068588,0.07342708579067267,0.7294117647058823
1,iron_deficiency,cbc,cbc_only,selected,135,45.0,0.3864171952951128,0.12110441461068588,0.07342708579067267,0.7294117647058823
2,iron_deficiency,cbc,cbc_only,raw,134,48.0,0.3254731128441753,0.098202363255364,0.08021337478280494,0.8351648351648352
2,iron_deficiency,cbc,cbc_only,selected,134,48.0,0.3254731128441753,0.098202363255364,0.08021337478280494,0.8351648351648352
3,iron_deficiency,cbc,cbc_only,raw,134,47.0,0.34180717240446956,0.10392779014592507,0.08175755884774458,0.7816091954022989
3,iron_deficiency,cbc,cbc_only,selected,134,47.0,0.34180717240446956,0.10392779014592507,0.08175755884774458,0.7816091954022989
4,iron_deficiency,cbc,cbc_only,raw,134,45.0,0.3694013553953555,0.11650506426518194,0.06831382269521963,0.725
4,iron_deficiency,cbc,cbc_only,selected,134,45.0,0.3694013553953555,0.11650506426518194,0.06831382269521963,0.725
0,iron_deficiency,cbc,hb_only,raw,135,48.0,0.6557015772342731,0.23145856810327872,0.0730358426189033,0.0
0,iron_deficiency,cbc,hb_only,selected,135,48.0,0.6557015772342731,0.23145856810327872,0.0730358426189033,0.0
1,iron_deficiency,cbc,hb_only,raw,135,45.0,0.6424269310093583,0.2245535376811612,0.06326329434728435,0.0
1,iron_deficiency,cbc,hb_only,selected,135,45.0,0.6424269310093583,0.2245535376811612,0.06326329434728435,0.0
2,iron_deficiency,cbc,hb_only,raw,134,48.0,0.6601848750831866,0.23323884894428182,0.03940291171709361,0.0
2,iron_deficiency,cbc,hb_only,selected,134,48.0,0.6601848750831866,0.23323884894428182,0.03940291171709361,0.0
3,iron_deficiency,cbc,hb_only,raw,134,47.0,0.6688392845691931,0.2362494732694776,0.08687610281270654,0.0
3,iron_deficiency,cbc,hb_only,selected,134,47.0,0.6688392845691931,0.2362494732694776,0.08687610281270654,0.0
4,iron_deficiency,cbc,hb_only,raw,134,45.0,0.6747979531596858,0.2367003856821747,0.11638322058355814,0.0
4,iron_deficiency,cbc,hb_only,selected,134,45.0,0.6747979531596858,0.2367003856821747,0.11638322058355814,0.0
0,iron_deficiency,cbc,no_iron,raw,135,48.0,0.3423398609977695,0.10527620089826283,0.08409821650402922,0.8125
0,iron_deficiency,cbc,no_iron,selected,135,48.0,0.3423398609977695,0.10527620089826283,0.08409821650402922,0.8125
1,iron_deficiency,cbc,no_iron,raw,135,45.0,0.3864171952951127,0.12110441461068586,0.07342708579067266,0.7294117647058823
1,iron_deficiency,cbc,no_iron,selected,135,45.0,0.3864171952951127,0.12110441461068586,0.07342708579067266,0.7294117647058823
2,iron_deficiency,cbc,no_iron,raw,134,48.0,0.3254731128441753,0.098202363255364,0.08021337478280492,0.8351648351648352
2,iron_deficiency,cbc,no_iron,selected,134,48.0,0.3254731128441753,0.098202363255364,0.08021337478280492,0.8351648351648352
3,iron_deficiency,cbc,no_iron,raw,134,47.0,0.34180717240446956,0.10392779014592507,0.08175755884774454,0.7816091954022989
3,iron_deficiency,cbc,no_iron,selected,134,47.0,0.34180717240446956,0.10392779014592507,0.08175755884774454,0.7816091954022989
4,iron_deficiency,cbc,no_iron,raw,134,45.0,0.3694013553953555,0.11650506426518194,0.06831382269521963,0.725
4,iron_deficiency,cbc,no_iron,selected,134,45.0,0.3694013553953555,0.11650506426518194,0.06831382269521963,0.725
0,iron_deficiency,cbc,no_B12,raw,135,48.0,0.3423398609977695,0.10527620089826283,0.08409821650402922,0.8125
0,iron_deficiency,cbc,no_B12,selected,135,48.0,0.3423398609977695,0.10527620089826283,0.08409821650402922,0.8125
1,iron_deficiency,cbc,no_B12,raw,135,45.0,0.3864171952951127,0.12110441461068586,0.07342708579067266,0.7294117647058823
1,iron_deficiency,cbc,no_B12,selected,135,45.0,0.3864171952951127,0.12110441461068586,0.07342708579067266,0.7294117647058823
2,iron_deficiency,cbc,no_B12,raw,134,48.0,0.32547311284417535,0.098202363255364,0.08021337478280494,0.8351648351648352
2,iron_deficiency,cbc,no_B12,selected,134,48.0,0.32547311284417535,0.098202363255364,0.08021337478280494,0.8351648351648352
3,iron_deficiency,cbc,no_B12,raw,134,47.0,0.34180717240446956,0.10392779014592507,0.08175755884774454,0.7816091954022989
3,iron_deficiency,cbc,no_B12,selected,134,47.0,0.34180717240446956,0.10392779014592507,0.08175755884774454,0.7816091954022989
4,iron_deficiency,cbc,no_B12,raw,134,45.0,0.36940135539535557,0.11650506426518194,0.06831382269521961,0.725
4,iron_deficiency,cbc,no_B12,selected,134,45.0,0.36940135539535557,0.11650506426518194,0.06831382269521961,0.725
0,iron_deficiency,cbc,no_folate,raw,135,48.0,0.34233986099776953,0.10527620089826281,0.08409821650402922,0.8125
0,iron_deficiency,cbc,no_folate,selected,135,48.0,0.34233986099776953,0.10527620089826281,0.08409821650402922,0.8125
1,iron_deficiency,cbc,no_folate,raw,135,45.0,0.3864171952951128,0.12110441461068586,0.07342708579067266,0.7294117647058823
1,iron_deficiency,cbc,no_folate,selected,135,45.0,0.3864171952951128,0.12110441461068586,0.07342708579067266,0.7294117647058823
2,iron_deficiency,cbc,no_folate,raw,134,48.0,0.3254731128441753,0.098202363255364,0.08021337478280494,0.8351648351648352
2,iron_deficiency,cbc,no_folate,selected,134,48.0,0.3254731128441753,0.098202363255364,0.08021337478280494,0.8351648351648352
3,iron_deficiency,cbc,no_folate,raw,134,47.0,0.34180717240446956,0.10392779014592507,0.08175755884774458,0.7816091954022989
3,iron_deficiency,cbc,no_folate,selected,134,47.0,0.34180717240446956,0.10392779014592507,0.08175755884774458,0.7816091954022989
4,iron_deficiency,cbc,no_folate,raw,134,45.0,0.36940135539535557,0.11650506426518194,0.06831382269521963,0.725
4,iron_deficiency,cbc,no_folate,selected,134,45.0,0.36940135539535557,0.11650506426518194,0.06831382269521963,0.725
0,iron_deficiency,cbc,no_B6,raw,135,48.0,0.3423398609977695,0.10527620089826283,0.08409821650402924,0.8125
0,iron_deficiency,cbc,no_B6,selected,135,48.0,0.3423398609977695,0.10527620089826283,0.08409821650402924,0.8125
1,iron_deficiency,cbc,no_B6,raw,135,45.0,0.3864171952951127,0.12110441461068586,0.07342708579067266,0.7294117647058823
1,iron_deficiency,cbc,no_B6,selected,135,45.0,0.3864171952951127,0.12110441461068586,0.07342708579067266,0.7294117647058823
2,iron_deficiency,cbc,no_B6,raw,134,48.0,0.32547311284417535,0.098202363255364,0.08021337478280494,0.8351648351648352
2,iron_deficiency,cbc,no_B6,selected,134,48.0,0.32547311284417535,0.098202363255364,0.08021337478280494,0.8351648351648352
3,iron_deficiency,cbc,no_B6,raw,134,47.0,0.34180717240446956,0.10392779014592507,0.08175755884774454,0.7816091954022989
3,iron_deficiency,cbc,no_B6,selected,134,47.0,0.34180717240446956,0.10392779014592507,0.08175755884774454,0.7816091954022989
4,iron_deficiency,cbc,no_B6,raw,134,45.0,0.3694013553953555,0.11650506426518194,0.06831382269521963,0.725
4,iron_deficiency,cbc,no_B6,selected,134,45.0,0.3694013553953555,0.11650506426518194,0.06831382269521963,0.725
0,iron_deficiency,cbc,no_copper,raw,135,48.0,0.3423398609977695,0.10527620089826284,0.08409821650402922,0.8125
0,iron_deficiency,cbc,no_copper,selected,135,48.0,0.3423398609977695,0.10527620089826284,0.08409821650402922,0.8125
1,iron_deficiency,cbc,no_copper,raw,135,45.0,0.3864171952951128,0.12110441461068588,0.07342708579067267,0.7294117647058823
1,iron_deficiency,cbc,no_copper,selected,135,45.0,0.3864171952951128,0.12110441461068588,0.07342708579067267,0.7294117647058823
2,iron_deficiency,cbc,no_copper,raw,134,48.0,0.32547311284417535,0.098202363255364,0.08021337478280494,0.8351648351648352
2,iron_deficiency,cbc,no_copper,selected,134,48.0,0.32547311284417535,0.098202363255364,0.08021337478280494,0.8351648351648352
3,iron_deficiency,cbc,no_copper,raw,134,47.0,0.34180717240446956,0.10392779014592507,0.08175755884774454,0.7816091954022989
3,iron_deficiency,cbc,no_copper,selected,134,47.0,0.34180717240446956,0.10392779014592507,0.08175755884774454,0.7816091954022989
4,iron_deficiency,cbc,no_copper,raw,134,45.0,0.36940135539535557,0.11650506426518194,0.06831382269521963,0.725
4,iron_deficiency,cbc,no_copper,selected,134,45.0,0.36940135539535557,0.11650506426518194,0.06831382269521963,0.725
0,iron_deficiency,cbc,no_hemoglobin,raw,135,48.0,0.34728281778795667,0.10634766870414425,0.07654691601052845,0.8172043010752689
0,iron_deficiency,cbc,no_hemoglobin,selected,135,48.0,0.34728281778795667,0.10634766870414425,0.07654691601052845,0.8172043010752689
1,iron_deficiency,cbc,no_hemoglobin,raw,135,45.0,0.38624458574672604,0.12229750175209607,0.11616153513600104,0.7407407407407407
1,iron_deficiency,cbc,no_hemoglobin,selected,135,45.0,0.38624458574672604,0.12229750175209607,0.11616153513600104,0.7407407407407407
2,iron_deficiency,cbc,no_hemoglobin,raw,134,48.0,0.3349834725620499,0.10192749149565684,0.08631400113261363,0.8314606741573034
2,iron_deficiency,cbc,no_hemoglobin,selected,134,48.0,0.3349834725620499,0.10192749149565684,0.08631400113261363,0.8314606741573034
3,iron_deficiency,cbc,no_hemoglobin,raw,134,47.0,0.35209566742189025,0.10849257588954908,0.07900413020191673,0.7674418604651163
3,iron_deficiency,cbc,no_hemoglobin,selected,134,47.0,0.35209566742189025,0.10849257588954908,0.07900413020191673,0.7674418604651163
4,iron_deficiency,cbc,no_hemoglobin,raw,134,45.0,0.3746956063737513,0.11771144390468856,0.0838104152729916,0.725
4,iron_deficiency,cbc,no_hemoglobin,selected,134,45.0,0.3746956063737513,0.11771144390468856,0.0838104152729916,0.725
0,iron_deficiency,cbc,no_demographics,raw,135,48.0,0.34274964363574223,0.10673911757994133,0.10620377982790849,0.8041237113402062
0,iron_deficiency,cbc,no_demographics,selected,135,48.0,0.34274964363574223,0.10673911757994133,0.10620377982790849,0.8041237113402062
1,iron_deficiency,cbc,no_demographics,raw,135,45.0,0.37553531404671275,0.11524963514933745,0.09048926816730182,0.7777777777777778
1,iron_deficiency,cbc,no_demographics,selected,135,45.0,0.37553531404671275,0.11524963514933745,0.09048926816730182,0.7777777777777778
2,iron_deficiency,cbc,no_demographics,raw,134,48.0,0.3299795613242618,0.10083579515593184,0.08266391539028864,0.8089887640449438
2,iron_deficiency,cbc,no_demographics,selected,134,48.0,0.3299795613242618,0.10083579515593184,0.08266391539028864,0.8089887640449438
3,iron_deficiency,cbc,no_demographics,raw,134,47.0,0.3363917963980024,0.10230973934997835,0.07980996086826314,0.7727272727272727
3,iron_deficiency,cbc,no_demographics,selected,134,47.0,0.3363917963980024,0.10230973934997835,0.07980996086826314,0.7727272727272727
4,iron_deficiency,cbc,no_demographics,raw,134,45.0,0.36950245227440814,0.11608995943408103,0.019980016191647867,0.7407407407407407
4,iron_deficiency,cbc,no_demographics,selected,134,45.0,0.36950245227440814,0.11608995943408103,0.019980016191647867,0.7407407407407407
0,B12_deficiency,primary,available,raw,135,31.0,0.07506259580794021,0.018846778272044496,0.04190817785829,0.9666666666666667
0,B12_deficiency,primary,available,selected,135,31.0,0.06795629104970613,0.018126732658921448,0.036544827080799654,0.967741935483871
1,B12_deficiency,primary,available,raw,135,31.0,0.0564606351599322,0.012474798185419151,0.03869059256445689,0.9841269841269841
1,B12_deficiency,primary,available,selected,135,31.0,0.05474725649389234,0.014623916010056404,0.03895549658820918,0.9538461538461539
2,B12_deficiency,primary,available,raw,134,31.0,0.12202956164931492,0.031214229006240934,0.03060034007620395,0.9354838709677419
2,B12_deficiency,primary,available,selected,134,31.0,0.12968986120346934,0.031144337820915698,0.030390621360697808,0.9354838709677419
3,B12_deficiency,primary,available,raw,134,32.0,0.07505718717438598,0.017325303101795354,0.0412867980038832,0.9696969696969697
3,B12_deficiency,primary,available,selected,134,32.0,0.06998842309347823,0.01602017118160315,0.030931365807114693,0.9696969696969697
4,B12_deficiency,primary,available,raw,134,30.0,0.05795522711473344,0.013255215835640795,0.03512808640719361,0.9491525423728814
4,B12_deficiency,primary,available,selected,134,30.0,0.04883990064021008,0.011910201621039692,0.0325740083965307,0.9508196721311475
0,B12_deficiency,primary,drop30,raw,135,31.0,0.1520269513740157,0.042462330753460446,0.033338204775046926,0.8771929824561403
0,B12_deficiency,primary,drop30,selected,135,31.0,0.14383078844527475,0.04115769444135697,0.01619593773874807,0.8813559322033898
1,B12_deficiency,primary,drop30,raw,135,31.0,0.1147449169847269,0.02999775146867937,0.04672544537131978,0.9032258064516129
1,B12_deficiency,primary,drop30,selected,135,31.0,0.10672886058053166,0.03030847765433373,0.053311422599560135,0.90625
2,B12_deficiency,primary,drop30,raw,134,31.0,0.21822354628425847,0.06457899587228057,0.05469546596075525,0.7307692307692307
2,B12_deficiency,primary,drop30,selected,134,31.0,0.2195252093141883,0.06236417793704293,0.042513211288496805,0.819672131147541
3,B12_deficiency,primary,drop30,raw,134,32.0,0.16915170439761376,0.04716780947391967,0.04454775066648989,0.9
3,B12_deficiency,primary,drop30,selected,134,32.0,0.1639922307736789,0.04724297217676843,0.043572783414007984,0.8852459016393442
4,B12_deficiency,primary,drop30,raw,134,30.0,0.1165760017028079,0.029619748495307557,0.042650560829825074,0.9090909090909091
4,B12_deficiency,primary,drop30,selected,134,30.0,0.10714253952605413,0.027756631294733016,0.028844060421626815,0.9285714285714286
0,B12_deficiency,primary,drop60,raw,135,31.0,0.30478218638939997,0.0942285042386056,0.06226922892778902,0.6274509803921569
0,B12_deficiency,primary,drop60,selected,135,31.0,0.303893260786728,0.09362419236398503,0.04370444880117242,0.6274509803921569
1,B12_deficiency,primary,drop60,raw,135,31.0,0.2144895070624854,0.06021106635979713,0.07227096917844208,0.7843137254901961
1,B12_deficiency,primary,drop60,selected,135,31.0,0.19406786482485133,0.05449618506318876,0.05181464313281326,0.8301886792452831
2,B12_deficiency,primary,drop60,raw,134,31.0,0.27135166730248955,0.08227649821620825,0.06134950886664832,0.7407407407407407
2,B12_deficiency,primary,drop60,selected,134,31.0,0.2632657259289261,0.0808497669517468,0.047446689434413616,0.7368421052631579
3,B12_deficiency,primary,drop60,raw,134,32.0,0.21613494075080303,0.06077197860703339,0.07043685657615986,0.8421052631578947
3,B12_deficiency,primary,drop60,selected,134,32.0,0.19902865945845796,0.05428911478205899,0.06613368202226694,0.8620689655172413
4,B12_deficiency,primary,drop60,raw,134,30.0,0.21140328884444293,0.061241979462123265,0.057879057693944934,0.7692307692307693
4,B12_deficiency,primary,drop60,selected,134,30.0,0.2001638406756235,0.059005501489507874,0.04972654988200955,0.7777777777777778
0,B12_deficiency,primary,cbc_only,raw,135,31.0,0.4281754639099102,0.1468319600414578,0.09263708587277165,0.45614035087719296
0,B12_deficiency,primary,cbc_only,selected,135,31.0,0.45791224006196884,0.15761430417511335,0.1049414511951025,0.49230769230769234
1,B12_deficiency,primary,cbc_only,raw,135,31.0,0.3483476063112498,0.11061708010597632,0.050849006550548366,0.6153846153846154
1,B12_deficiency,primary,cbc_only,selected,135,31.0,0.34693854173670075,0.11089605042421814,0.06434051042220913,0.6666666666666666
2,B12_deficiency,primary,cbc_only,raw,134,31.0,0.4343373178017044,0.13602618511085093,0.09071209015322482,0.48
2,B12_deficiency,primary,cbc_only,selected,134,31.0,0.4683852840078536,0.14015933495365432,0.09251100873309036,0.47058823529411764
3,B12_deficiency,primary,cbc_only,raw,134,32.0,0.40958204699634077,0.1352327671371067,0.07043234959081002,0.5098039215686274
3,B12_deficiency,primary,cbc_only,selected,134,32.0,0.41330291038332173,0.13538496062780686,0.0946065036900418,0.5
4,B12_deficiency,primary,cbc_only,raw,134,30.0,0.3355002180813361,0.108020475547167,0.07609310062451151,0.5882352941176471
4,B12_deficiency,primary,cbc_only,selected,134,30.0,0.3370764353940091,0.1076831089240233,0.08863505705680312,0.6428571428571429
0,B12_deficiency,primary,hb_only,raw,135,31.0,0.5819764397742658,0.1874176442913052,0.1051984951200753,0.0
0,B12_deficiency,primary,hb_only,selected,135,31.0,0.5823171021340998,0.1870626789114791,0.10194989425226067,0.0
1,B12_deficiency,primary,hb_only,raw,135,31.0,0.5635813706757237,0.18403934671370664,0.11260107519724245,0.0
1,B12_deficiency,primary,hb_only,selected,135,31.0,0.5625201908458335,0.18380364529926912,0.09859388617149427,0.0
2,B12_deficiency,primary,hb_only,raw,134,31.0,0.5478489234978071,0.1795728548606759,0.0775640219371351,0.0
2,B12_deficiency,primary,hb_only,selected,134,31.0,0.5551903992846573,0.1814313333578368,0.1089363732622516,0.06060606060606061
3,B12_deficiency,primary,hb_only,raw,134,32.0,0.5643800117005744,0.18658028145009622,0.09108116172160774,0.0
3,B12_deficiency,primary,hb_only,selected,134,32.0,0.5609293380873336,0.18563758117018228,0.08822926300321977,0.0
4,B12_deficiency,primary,hb_only,raw,134,30.0,0.5335210553658991,0.17519643684530026,0.0953823031351913,0.0
4,B12_deficiency,primary,hb_only,selected,134,30.0,0.5311892630274704,0.17466735568964062,0.11343596477917207,0.0
0,B12_deficiency,primary,no_iron,raw,135,31.0,0.0822608266074374,0.02060107220242343,0.055252341590650726,0.9836065573770492
0,B12_deficiency,primary,no_iron,selected,135,31.0,0.0805116567212477,0.02255863373939189,0.05328578094389368,0.9375
1,B12_deficiency,primary,no_iron,raw,135,31.0,0.07253182811604782,0.018193160621655886,0.05283656201101179,0.9538461538461539
1,B12_deficiency,primary,no_iron,selected,135,31.0,0.07999496871532175,0.024266204760028668,0.05332140338585381,0.9117647058823529
2,B12_deficiency,primary,no_iron,raw,134,31.0,0.12249403226879989,0.03055599993488586,0.025475755092474257,0.9354838709677419
2,B12_deficiency,primary,no_iron,selected,134,31.0,0.13364411514927477,0.03158821740518669,0.02761703174613968,0.9354838709677419
3,B12_deficiency,primary,no_iron,raw,134,32.0,0.07918011731153697,0.017755452004292717,0.04986869591658679,0.9696969696969697
3,B12_deficiency,primary,no_iron,selected,134,32.0,0.07913200786931915,0.017886354886365266,0.03922621708668568,0.9696969696969697
4,B12_deficiency,primary,no_iron,raw,134,30.0,0.06436820263236111,0.014595591562684371,0.04456976315153613,0.967741935483871
4,B12_deficiency,primary,no_iron,selected,134,30.0,0.059783969397240705,0.014897132090664136,0.03691375653069931,0.967741935483871
0,B12_deficiency,primary,no_B12,raw,135,31.0,0.3639159053628643,0.11468759603814511,0.0744383432260787,0.5116279069767442
0,B12_deficiency,primary,no_B12,selected,135,31.0,0.363253897190063,0.11419108766068309,0.08297804227588174,0.5217391304347826
1,B12_deficiency,primary,no_B12,raw,135,31.0,0.23550519169699213,0.07269026432725498,0.05352459986500821,0.7450980392156863
1,B12_deficiency,primary,no_B12,selected,135,31.0,0.22169492982505182,0.06917465627251504,0.04595376700382747,0.7636363636363637
2,B12_deficiency,primary,no_B12,raw,134,31.0,0.36003572320184424,0.09855880165729847,0.0774458889667664,0.68
2,B12_deficiency,primary,no_B12,selected,134,31.0,0.3934109078937487,0.09708721762100332,0.07917973669778362,0.7407407407407407
3,B12_deficiency,primary,no_B12,raw,134,32.0,0.3224662144427987,0.10161229939942884,0.08166120376642626,0.64
3,B12_deficiency,primary,no_B12,selected,134,32.0,0.3187212791051657,0.0983979840500969,0.0854256922629972,0.6666666666666666
4,B12_deficiency,primary,no_B12,raw,134,30.0,0.280371154362055,0.08981443166558821,0.06940136256042546,0.6382978723404256
4,B12_deficiency,primary,no_B12,selected,134,30.0,0.2777607200222715,0.0887844172435264,0.06664157704587677,0.68
0,B12_deficiency,primary,no_folate,raw,135,31.0,0.09473082006091182,0.026333356861994024,0.046517455430145536,0.9310344827586207
0,B12_deficiency,primary,no_folate,selected,135,31.0,0.08534630010692891,0.024463109265908212,0.04083867294231351,0.9354838709677419
1,B12_deficiency,primary,no_folate,raw,135,31.0,0.05255428496751992,0.010954746191946965,0.0357608564022681,0.9841269841269841
1,B12_deficiency,primary,no_folate,selected,135,31.0,0.048050427245225104,0.012210601852168998,0.03365373978535802,0.9538461538461539
2,B12_deficiency,primary,no_folate,raw,134,31.0,0.14282565785329265,0.038015190858583604,0.03031500936624943,0.9
2,B12_deficiency,primary,no_folate,selected,134,31.0,0.151811740864557,0.03704457039229232,0.02786806164067508,0.9
3,B12_deficiency,primary,no_folate,raw,134,32.0,0.08772183610252703,0.023171183301484537,0.039238650438453815,0.9375
3,B12_deficiency,primary,no_folate,selected,134,32.0,0.07821968602560787,0.02188705625883673,0.035379651052653206,0.9538461538461539
4,B12_deficiency,primary,no_folate,raw,134,30.0,0.07592314749905754,0.019446653895517377,0.03379014657658229,0.9491525423728814
4,B12_deficiency,primary,no_folate,selected,134,30.0,0.06757162200833133,0.01815507146612473,0.031272422821523656,0.9508196721311475
0,B12_deficiency,primary,no_B6,raw,135,31.0,0.07516149702920218,0.018757007330193254,0.04225211873051106,0.9666666666666667
0,B12_deficiency,primary,no_B6,selected,135,31.0,0.06850992896642187,0.018254057192737972,0.04400911135285473,0.967741935483871
1,B12_deficiency,primary,no_B6,raw,135,31.0,0.056076844208541386,0.01218987692113322,0.041842183229674666,0.9841269841269841
1,B12_deficiency,primary,no_B6,selected,135,31.0,0.054601635244007955,0.014519960421375187,0.0388718187258199,0.9538461538461539
2,B12_deficiency,primary,no_B6,raw,134,31.0,0.12240794456088862,0.03136960095606475,0.03085602352147939,0.9354838709677419
2,B12_deficiency,primary,no_B6,selected,134,31.0,0.13023443567264947,0.031388681909694655,0.030573781411480386,0.9354838709677419
3,B12_deficiency,primary,no_B6,raw,134,32.0,0.07520030433061047,0.017356560689108815,0.041411158804008634,0.9696969696969697
3,B12_deficiency,primary,no_B6,selected,134,32.0,0.0701712959779774,0.01605339918811199,0.03109569414307585,0.9696969696969697
4,B12_deficiency,primary,no_B6,raw,134,30.0,0.05795522711473344,0.013255215835640795,0.03512808640719361,0.9491525423728814
4,B12_deficiency,primary,no_B6,selected,134,30.0,0.04883990064021008,0.011910201621039692,0.0325740083965307,0.9508196721311475
0,B12_deficiency,primary,no_copper,raw,135,31.0,0.07590304776781662,0.01918075655753078,0.04189615373172947,0.9508196721311475
0,B12_deficiency,primary,no_copper,selected,135,31.0,0.06958154515414186,0.018816531093396014,0.03491980416576785,0.967741935483871
1,B12_deficiency,primary,no_copper,raw,135,31.0,0.05678884865154148,0.0125314111907052,0.0389836291888138,0.9841269841269841
1,B12_deficiency,primary,no_copper,selected,135,31.0,0.05513129931942153,0.014699751197304056,0.03928809239016752,0.9538461538461539
2,B12_deficiency,primary,no_copper,raw,134,31.0,0.12187704969781722,0.03126578059943181,0.030053593968611292,0.9354838709677419
2,B12_deficiency,primary,no_copper,selected,134,31.0,0.12913896938186614,0.031149885538048143,0.0299309773508222,0.9354838709677419
3,B12_deficiency,primary,no_copper,raw,134,32.0,0.07508291750887258,0.017281839725956573,0.04141009036111271,0.9696969696969697
3,B12_deficiency,primary,no_copper,selected,134,32.0,0.07018064505399585,0.016067367129251678,0.031110191363714578,0.9696969696969697
4,B12_deficiency,primary,no_copper,raw,134,30.0,0.057873012135382394,0.013189760344239708,0.03513033001726563,0.9491525423728814
4,B12_deficiency,primary,no_copper,selected,134,30.0,0.04896126634605316,0.011920470478765469,0.028410504803559253,0.9508196721311475
0,B12_deficiency,primary,no_hemoglobin,raw,135,31.0,0.06885748577604002,0.016125503401565777,0.04645972750298076,0.9666666666666667
0,B12_deficiency,primary,no_hemoglobin,selected,135,31.0,0.06001114078320513,0.014621273625349233,0.04030043300681367,0.9836065573770492
1,B12_deficiency,primary,no_hemoglobin,raw,135,31.0,0.0542276425866936,0.011617582807551595,0.03649425910915307,0.9841269841269841
1,B12_deficiency,primary,no_hemoglobin,selected,135,31.0,0.048837123879906075,0.0118639424862493,0.03523197727614341,0.96875
2,B12_deficiency,primary,no_hemoglobin,raw,134,31.0,0.13027778369231163,0.0331307748433761,0.026062922943080147,0.9180327868852459
2,B12_deficiency,primary,no_hemoglobin,selected,134,31.0,0.1389718314171071,0.03271385720374504,0.024380901382460185,0.9180327868852459
3,B12_deficiency,primary,no_hemoglobin,raw,134,32.0,0.0753960335224353,0.017746167054463406,0.03904629719373822,0.9696969696969697
3,B12_deficiency,primary,no_hemoglobin,selected,134,32.0,0.06894097073848847,0.016102368978949004,0.03283627736828189,0.9696969696969697
4,B12_deficiency,primary,no_hemoglobin,raw,134,30.0,0.05836729659748164,0.013510446429222996,0.03598463568617592,0.9655172413793104
4,B12_deficiency,primary,no_hemoglobin,selected,134,30.0,0.04839153950427309,0.011734779383117656,0.02709469226697177,0.9666666666666667
0,B12_deficiency,primary,no_demographics,raw,135,31.0,0.07429686881035459,0.018621638583621123,0.04177560206721869,0.9666666666666667
0,B12_deficiency,primary,no_demographics,selected,135,31.0,0.06347054006053084,0.01606209162502339,0.04244674187581168,0.9666666666666667
1,B12_deficiency,primary,no_demographics,raw,135,31.0,0.048840752933970596,0.00994114009992126,0.036284113638747575,0.9841269841269841
1,B12_deficiency,primary,no_demographics,selected,135,31.0,0.04373461240329014,0.010460557757878486,0.03593271234778678,0.96875
2,B12_deficiency,primary,no_demographics,raw,134,31.0,0.1253471152149541,0.03370773651187952,0.028037065376119497,0.9180327868852459
2,B12_deficiency,primary,no_demographics,selected,134,31.0,0.12941462975337778,0.03309354069087211,0.028474653761084472,0.9180327868852459
3,B12_deficiency,primary,no_demographics,raw,134,32.0,0.0746439281082456,0.01980005795842547,0.044430219648106964,0.9375
3,B12_deficiency,primary,no_demographics,selected,134,32.0,0.06484084767203466,0.017599166089038238,0.037363841582870164,0.9538461538461539
4,B12_deficiency,primary,no_demographics,raw,134,30.0,0.06265161233251688,0.016127629617216893,0.03702186799779698,0.9473684210526315
4,B12_deficiency,primary,no_demographics,selected,134,30.0,0.05209683770662864,0.01418918489052365,0.027018305304684152,0.9655172413793104
0,B12_deficiency,cbc,available,raw,135,31.0,0.43209777895484314,0.14482278321421738,0.08935843395372797,0.4482758620689655
0,B12_deficiency,cbc,available,selected,135,31.0,0.43209777895484314,0.14482278321421738,0.08935843395372797,0.4482758620689655
1,B12_deficiency,cbc,available,raw,135,31.0,0.3462316006264766,0.10636906608397297,0.04692309171615129,0.6181818181818182
1,B12_deficiency,cbc,available,selected,135,31.0,0.3462316006264766,0.10636906608397297,0.04692309171615129,0.6181818181818182
2,B12_deficiency,cbc,available,raw,134,31.0,0.38108293711849417,0.12283321251271519,0.06920688125369924,0.5384615384615384
2,B12_deficiency,cbc,available,selected,134,31.0,0.38108293711849417,0.12283321251271519,0.06920688125369924,0.5384615384615384
3,B12_deficiency,cbc,available,raw,134,32.0,0.38426267749881365,0.12519548181631845,0.06960089620800963,0.52
3,B12_deficiency,cbc,available,selected,134,32.0,0.38426267749881365,0.12519548181631845,0.06960089620800963,0.52
4,B12_deficiency,cbc,available,raw,134,30.0,0.35411217610736306,0.11383610464877833,0.0494338492573602,0.5769230769230769
4,B12_deficiency,cbc,available,selected,134,30.0,0.35411217610736306,0.11383610464877833,0.0494338492573602,0.5769230769230769
0,B12_deficiency,cbc,drop30,raw,135,31.0,0.4522242707689943,0.14987850239773412,0.0872648476675497,0.4
0,B12_deficiency,cbc,drop30,selected,135,31.0,0.4522242707689943,0.14987850239773412,0.0872648476675497,0.4
1,B12_deficiency,cbc,drop30,raw,135,31.0,0.4071563455293462,0.1331554794882788,0.07004731975648644,0.3404255319148936
1,B12_deficiency,cbc,drop30,selected,135,31.0,0.4071563455293462,0.1331554794882788,0.07004731975648644,0.3404255319148936
2,B12_deficiency,cbc,drop30,raw,134,31.0,0.47168548279854483,0.1478358878498923,0.09961799010398073,0.37209302325581395
2,B12_deficiency,cbc,drop30,selected,134,31.0,0.47168548279854483,0.1478358878498923,0.09961799010398073,0.37209302325581395
3,B12_deficiency,cbc,drop30,raw,134,32.0,0.4493758052536211,0.14625156699733258,0.09717989263701628,0.4186046511627907
3,B12_deficiency,cbc,drop30,selected,134,32.0,0.4493758052536211,0.14625156699733258,0.09717989263701628,0.4186046511627907
4,B12_deficiency,cbc,drop30,raw,134,30.0,0.49470998104676,0.1544193617803558,0.1233023121417969,0.2926829268292683
4,B12_deficiency,cbc,drop30,selected,134,30.0,0.49470998104676,0.1544193617803558,0.1233023121417969,0.2926829268292683
0,B12_deficiency,cbc,drop60,raw,135,31.0,0.48269572348438256,0.15560612056252593,0.08580926751147543,0.3
0,B12_deficiency,cbc,drop60,selected,135,31.0,0.48269572348438256,0.15560612056252593,0.08580926751147543,0.3
1,B12_deficiency,cbc,drop60,raw,135,31.0,0.5951436900429214,0.18458587500525137,0.14001941219908198,0.058823529411764705
1,B12_deficiency,cbc,drop60,selected,135,31.0,0.5951436900429214,0.18458587500525137,0.14001941219908198,0.058823529411764705
2,B12_deficiency,cbc,drop60,raw,134,31.0,0.47974775167553846,0.1527465979448257,0.10265934143030743,0.12121212121212122
2,B12_deficiency,cbc,drop60,selected,134,31.0,0.47974775167553846,0.1527465979448257,0.10265934143030743,0.12121212121212122
3,B12_deficiency,cbc,drop60,raw,134,32.0,0.5395101603752932,0.1732658702299358,0.11063024248997967,0.10810810810810811
3,B12_deficiency,cbc,drop60,selected,134,32.0,0.5395101603752932,0.1732658702299358,0.11063024248997967,0.10810810810810811
4,B12_deficiency,cbc,drop60,raw,134,30.0,0.6142272200875247,0.1763386066629189,0.1481882726859856,0.2564102564102564
4,B12_deficiency,cbc,drop60,selected,134,30.0,0.6142272200875247,0.1763386066629189,0.1481882726859856,0.2564102564102564
0,B12_deficiency,cbc,cbc_only,raw,135,31.0,0.43209777895484314,0.14482278321421738,0.08935843395372797,0.4482758620689655
0,B12_deficiency,cbc,cbc_only,selected,135,31.0,0.43209777895484314,0.14482278321421738,0.08935843395372797,0.4482758620689655
1,B12_deficiency,cbc,cbc_only,raw,135,31.0,0.3462316006264766,0.10636906608397297,0.04692309171615129,0.6181818181818182
1,B12_deficiency,cbc,cbc_only,selected,135,31.0,0.3462316006264766,0.10636906608397297,0.04692309171615129,0.6181818181818182
2,B12_deficiency,cbc,cbc_only,raw,134,31.0,0.38108293711849417,0.12283321251271519,0.06920688125369924,0.5384615384615384
2,B12_deficiency,cbc,cbc_only,selected,134,31.0,0.38108293711849417,0.12283321251271519,0.06920688125369924,0.5384615384615384
3,B12_deficiency,cbc,cbc_only,raw,134,32.0,0.38426267749881365,0.12519548181631845,0.06960089620800963,0.52
3,B12_deficiency,cbc,cbc_only,selected,134,32.0,0.38426267749881365,0.12519548181631845,0.06960089620800963,0.52
4,B12_deficiency,cbc,cbc_only,raw,134,30.0,0.35411217610736306,0.11383610464877833,0.0494338492573602,0.5769230769230769
4,B12_deficiency,cbc,cbc_only,selected,134,30.0,0.35411217610736306,0.11383610464877833,0.0494338492573602,0.5769230769230769
0,B12_deficiency,cbc,hb_only,raw,135,31.0,0.6371215383859833,0.19805593451709097,0.13758523071214912,0.0
0,B12_deficiency,cbc,hb_only,selected,135,31.0,0.6371215383859833,0.19805593451709097,0.13758523071214912,0.0
1,B12_deficiency,cbc,hb_only,raw,135,31.0,0.6891676579156754,0.20567645961524378,0.16847960392064254,0.0
1,B12_deficiency,cbc,hb_only,selected,135,31.0,0.6891676579156754,0.20567645961524378,0.16847960392064254,0.0
2,B12_deficiency,cbc,hb_only,raw,134,31.0,0.6759950271793675,0.20366940149176732,0.1514883293038675,0.0
2,B12_deficiency,cbc,hb_only,selected,134,31.0,0.6759950271793675,0.20366940149176732,0.1514883293038675,0.0
3,B12_deficiency,cbc,hb_only,raw,134,32.0,0.6239724932115824,0.19900914694536087,0.12290678629705538,0.0
3,B12_deficiency,cbc,hb_only,selected,134,32.0,0.6239724932115824,0.19900914694536087,0.12290678629705538,0.0
4,B12_deficiency,cbc,hb_only,raw,134,30.0,0.8005894230250139,0.21039383097047945,0.19139243025122518,0.0
4,B12_deficiency,cbc,hb_only,selected,134,30.0,0.8005894230250139,0.21039383097047945,0.19139243025122518,0.0
0,B12_deficiency,cbc,no_iron,raw,135,31.0,0.43209777895484314,0.14482278321421738,0.08935843395372797,0.4482758620689655
0,B12_deficiency,cbc,no_iron,selected,135,31.0,0.43209777895484314,0.14482278321421738,0.08935843395372797,0.4482758620689655
1,B12_deficiency,cbc,no_iron,raw,135,31.0,0.3462316006264766,0.10636906608397297,0.04692309171615129,0.6181818181818182
1,B12_deficiency,cbc,no_iron,selected,135,31.0,0.3462316006264766,0.10636906608397297,0.04692309171615129,0.6181818181818182
2,B12_deficiency,cbc,no_iron,raw,134,31.0,0.38108293711849417,0.12283321251271519,0.06920688125369924,0.5384615384615384
2,B12_deficiency,cbc,no_iron,selected,134,31.0,0.38108293711849417,0.12283321251271519,0.06920688125369924,0.5384615384615384
3,B12_deficiency,cbc,no_iron,raw,134,32.0,0.38426267749881365,0.12519548181631845,0.06960089620800963,0.52
3,B12_deficiency,cbc,no_iron,selected,134,32.0,0.38426267749881365,0.12519548181631845,0.06960089620800963,0.52
4,B12_deficiency,cbc,no_iron,raw,134,30.0,0.35411217610736306,0.11383610464877833,0.0494338492573602,0.5769230769230769
4,B12_deficiency,cbc,no_iron,selected,134,30.0,0.35411217610736306,0.11383610464877833,0.0494338492573602,0.5769230769230769
0,B12_deficiency,cbc,no_B12,raw,135,31.0,0.43209777895484314,0.14482278321421738,0.08935843395372797,0.4482758620689655
0,B12_deficiency,cbc,no_B12,selected,135,31.0,0.43209777895484314,0.14482278321421738,0.08935843395372797,0.4482758620689655
1,B12_deficiency,cbc,no_B12,raw,135,31.0,0.3462316006264766,0.10636906608397297,0.04692309171615129,0.6181818181818182
1,B12_deficiency,cbc,no_B12,selected,135,31.0,0.3462316006264766,0.10636906608397297,0.04692309171615129,0.6181818181818182
2,B12_deficiency,cbc,no_B12,raw,134,31.0,0.38108293711849417,0.12283321251271519,0.06920688125369924,0.5384615384615384
2,B12_deficiency,cbc,no_B12,selected,134,31.0,0.38108293711849417,0.12283321251271519,0.06920688125369924,0.5384615384615384
3,B12_deficiency,cbc,no_B12,raw,134,32.0,0.38426267749881365,0.12519548181631845,0.06960089620800963,0.52
3,B12_deficiency,cbc,no_B12,selected,134,32.0,0.38426267749881365,0.12519548181631845,0.06960089620800963,0.52
4,B12_deficiency,cbc,no_B12,raw,134,30.0,0.35411217610736306,0.11383610464877833,0.0494338492573602,0.5769230769230769
4,B12_deficiency,cbc,no_B12,selected,134,30.0,0.35411217610736306,0.11383610464877833,0.0494338492573602,0.5769230769230769
0,B12_deficiency,cbc,no_folate,raw,135,31.0,0.43209777895484314,0.14482278321421738,0.08935843395372797,0.4482758620689655
0,B12_deficiency,cbc,no_folate,selected,135,31.0,0.43209777895484314,0.14482278321421738,0.08935843395372797,0.4482758620689655
1,B12_deficiency,cbc,no_folate,raw,135,31.0,0.3462316006264766,0.10636906608397297,0.04692309171615129,0.6181818181818182
1,B12_deficiency,cbc,no_folate,selected,135,31.0,0.3462316006264766,0.10636906608397297,0.04692309171615129,0.6181818181818182
2,B12_deficiency,cbc,no_folate,raw,134,31.0,0.38108293711849417,0.12283321251271519,0.06920688125369924,0.5384615384615384
2,B12_deficiency,cbc,no_folate,selected,134,31.0,0.38108293711849417,0.12283321251271519,0.06920688125369924,0.5384615384615384
3,B12_deficiency,cbc,no_folate,raw,134,32.0,0.38426267749881365,0.12519548181631845,0.06960089620800963,0.52
3,B12_deficiency,cbc,no_folate,selected,134,32.0,0.38426267749881365,0.12519548181631845,0.06960089620800963,0.52
4,B12_deficiency,cbc,no_folate,raw,134,30.0,0.35411217610736306,0.11383610464877833,0.0494338492573602,0.5769230769230769
4,B12_deficiency,cbc,no_folate,selected,134,30.0,0.35411217610736306,0.11383610464877833,0.0494338492573602,0.5769230769230769
0,B12_deficiency,cbc,no_B6,raw,135,31.0,0.43209777895484314,0.14482278321421738,0.08935843395372797,0.4482758620689655
0,B12_deficiency,cbc,no_B6,selected,135,31.0,0.43209777895484314,0.14482278321421738,0.08935843395372797,0.4482758620689655
1,B12_deficiency,cbc,no_B6,raw,135,31.0,0.3462316006264766,0.10636906608397297,0.04692309171615129,0.6181818181818182
1,B12_deficiency,cbc,no_B6,selected,135,31.0,0.3462316006264766,0.10636906608397297,0.04692309171615129,0.6181818181818182
2,B12_deficiency,cbc,no_B6,raw,134,31.0,0.38108293711849417,0.12283321251271519,0.06920688125369924,0.5384615384615384
2,B12_deficiency,cbc,no_B6,selected,134,31.0,0.38108293711849417,0.12283321251271519,0.06920688125369924,0.5384615384615384
3,B12_deficiency,cbc,no_B6,raw,134,32.0,0.38426267749881365,0.12519548181631845,0.06960089620800963,0.52
3,B12_deficiency,cbc,no_B6,selected,134,32.0,0.38426267749881365,0.12519548181631845,0.06960089620800963,0.52
4,B12_deficiency,cbc,no_B6,raw,134,30.0,0.35411217610736306,0.11383610464877833,0.0494338492573602,0.5769230769230769
4,B12_deficiency,cbc,no_B6,selected,134,30.0,0.35411217610736306,0.11383610464877833,0.0494338492573602,0.5769230769230769
0,B12_deficiency,cbc,no_copper,raw,135,31.0,0.43209777895484314,0.14482278321421738,0.08935843395372797,0.4482758620689655
0,B12_deficiency,cbc,no_copper,selected,135,31.0,0.43209777895484314,0.14482278321421738,0.08935843395372797,0.4482758620689655
1,B12_deficiency,cbc,no_copper,raw,135,31.0,0.3462316006264766,0.10636906608397297,0.04692309171615129,0.6181818181818182
1,B12_deficiency,cbc,no_copper,selected,135,31.0,0.3462316006264766,0.10636906608397297,0.04692309171615129,0.6181818181818182
2,B12_deficiency,cbc,no_copper,raw,134,31.0,0.38108293711849417,0.12283321251271519,0.06920688125369924,0.5384615384615384
2,B12_deficiency,cbc,no_copper,selected,134,31.0,0.38108293711849417,0.12283321251271519,0.06920688125369924,0.5384615384615384
3,B12_deficiency,cbc,no_copper,raw,134,32.0,0.38426267749881365,0.12519548181631845,0.06960089620800963,0.52
3,B12_deficiency,cbc,no_copper,selected,134,32.0,0.38426267749881365,0.12519548181631845,0.06960089620800963,0.52
4,B12_deficiency,cbc,no_copper,raw,134,30.0,0.35411217610736306,0.11383610464877833,0.0494338492573602,0.5769230769230769
4,B12_deficiency,cbc,no_copper,selected,134,30.0,0.35411217610736306,0.11383610464877833,0.0494338492573602,0.5769230769230769
0,B12_deficiency,cbc,no_hemoglobin,raw,135,31.0,0.4513954063122913,0.15236813387626738,0.1363457278149282,0.45901639344262296
0,B12_deficiency,cbc,no_hemoglobin,selected,135,31.0,0.4513954063122913,0.15236813387626738,0.1363457278149282,0.45901639344262296
1,B12_deficiency,cbc,no_hemoglobin,raw,135,31.0,0.33858193152304394,0.1040253539224193,0.057247969683343496,0.6181818181818182
1,B12_deficiency,cbc,no_hemoglobin,selected,135,31.0,0.33858193152304394,0.1040253539224193,0.057247969683343496,0.6181818181818182
2,B12_deficiency,cbc,no_hemoglobin,raw,134,31.0,0.3814004942052278,0.1227125608300967,0.058880355007718724,0.5454545454545454
2,B12_deficiency,cbc,no_hemoglobin,selected,134,31.0,0.3814004942052278,0.1227125608300967,0.058880355007718724,0.5454545454545454
3,B12_deficiency,cbc,no_hemoglobin,raw,134,32.0,0.38823689702644154,0.12602361438307963,0.053061286338481055,0.5490196078431373
3,B12_deficiency,cbc,no_hemoglobin,selected,134,32.0,0.38823689702644154,0.12602361438307963,0.053061286338481055,0.5490196078431373
4,B12_deficiency,cbc,no_hemoglobin,raw,134,30.0,0.36149612049915214,0.11713907380623723,0.05864557477593099,0.5769230769230769
4,B12_deficiency,cbc,no_hemoglobin,selected,134,30.0,0.36149612049915214,0.11713907380623723,0.05864557477593099,0.5769230769230769
0,B12_deficiency,cbc,no_demographics,raw,135,31.0,0.42163564987653634,0.14165965512214085,0.087437283579357,0.4827586206896552
0,B12_deficiency,cbc,no_demographics,selected,135,31.0,0.42163564987653634,0.14165965512214085,0.087437283579357,0.4827586206896552
1,B12_deficiency,cbc,no_demographics,raw,135,31.0,0.35124327580856013,0.10776494722020082,0.0661576333194361,0.6181818181818182
1,B12_deficiency,cbc,no_demographics,selected,135,31.0,0.35124327580856013,0.10776494722020082,0.0661576333194361,0.6181818181818182
2,B12_deficiency,cbc,no_demographics,raw,134,31.0,0.3751458600349283,0.11973876731040874,0.06225063282621571,0.5384615384615384
2,B12_deficiency,cbc,no_demographics,selected,134,31.0,0.3751458600349283,0.11973876731040874,0.06225063282621571,0.5384615384615384
3,B12_deficiency,cbc,no_demographics,raw,134,32.0,0.3866390094023018,0.1264595281009967,0.07752379956516275,0.5098039215686274
3,B12_deficiency,cbc,no_demographics,selected,134,32.0,0.3866390094023018,0.1264595281009967,0.07752379956516275,0.5098039215686274
4,B12_deficiency,cbc,no_demographics,raw,134,30.0,0.35850363115932515,0.11427540136674326,0.07342362903721908,0.5769230769230769
4,B12_deficiency,cbc,no_demographics,selected,134,30.0,0.35850363115932515,0.11427540136674326,0.07342362903721908,0.5769230769230769
0,folate_deficiency,primary,available,raw,135,23.0,0.14361344116834915,0.03952451803125652,0.04369432276356835,0.8181818181818182
0,folate_deficiency,primary,available,selected,135,23.0,0.14361344116834915,0.03952451803125652,0.04369432276356835,0.8181818181818182
1,folate_deficiency,primary,available,raw,135,25.0,0.1911353601383528,0.057557010163256025,0.043427056212407326,0.7619047619047619
1,folate_deficiency,primary,available,selected,135,25.0,0.1911353601383528,0.057557010163256025,0.043427056212407326,0.7619047619047619
2,folate_deficiency,primary,available,raw,134,23.0,0.2030237217269778,0.06123421798303563,0.028217792252011268,0.7027027027027027
2,folate_deficiency,primary,available,selected,134,23.0,0.2030237217269778,0.06123421798303563,0.028217792252011268,0.7027027027027027
3,folate_deficiency,primary,available,raw,134,23.0,0.1317171009933728,0.03390654369733284,0.048329950272249185,0.9047619047619048
3,folate_deficiency,primary,available,selected,134,23.0,0.1317171009933728,0.03390654369733284,0.048329950272249185,0.9047619047619048
4,folate_deficiency,primary,available,raw,134,26.0,0.1834085616042788,0.053527716351204374,0.062274232107252546,0.7272727272727273
4,folate_deficiency,primary,available,selected,134,26.0,0.1834085616042788,0.053527716351204374,0.062274232107252546,0.7272727272727273
0,folate_deficiency,primary,drop30,raw,135,23.0,0.2620301946352782,0.07798110819772283,0.05280150333076804,0.5555555555555556
0,folate_deficiency,primary,drop30,selected,135,23.0,0.2620301946352782,0.07798110819772283,0.05280150333076804,0.5555555555555556
1,folate_deficiency,primary,drop30,raw,135,25.0,0.22674377922413064,0.06608092600396853,0.06338260182663348,0.7317073170731707
1,folate_deficiency,primary,drop30,selected,135,25.0,0.22674377922413064,0.06608092600396853,0.06338260182663348,0.7317073170731707
2,folate_deficiency,primary,drop30,raw,134,23.0,0.2408587357930791,0.07273948730032538,0.031854459147248666,0.631578947368421
2,folate_deficiency,primary,drop30,selected,134,23.0,0.2408587357930791,0.07273948730032538,0.031854459147248666,0.631578947368421
3,folate_deficiency,primary,drop30,raw,134,23.0,0.21212082077824437,0.060844546381173974,0.03075611595198566,0.7567567567567568
3,folate_deficiency,primary,drop30,selected,134,23.0,0.21212082077824437,0.060844546381173974,0.03075611595198566,0.7567567567567568
4,folate_deficiency,primary,drop30,raw,134,26.0,0.2873012994018527,0.08060830263182177,0.04098089074426517,0.6511627906976745
4,folate_deficiency,primary,drop30,selected,134,26.0,0.2873012994018527,0.08060830263182177,0.04098089074426517,0.6511627906976745
0,folate_deficiency,primary,drop60,raw,135,23.0,0.30714665301357463,0.09360008108324744,0.03934080132943122,0.5
0,folate_deficiency,primary,drop60,selected,135,23.0,0.30714665301357463,0.09360008108324744,0.03934080132943122,0.5
1,folate_deficiency,primary,drop60,raw,135,25.0,0.33388845077495166,0.10091083003215218,0.04747984892447017,0.5142857142857142
1,folate_deficiency,primary,drop60,selected,135,25.0,0.33388845077495166,0.10091083003215218,0.04747984892447017,0.5142857142857142
2,folate_deficiency,primary,drop60,raw,134,23.0,0.3268836261744211,0.0917752004581514,0.06541142314051186,0.5625
2,folate_deficiency,primary,drop60,selected,134,23.0,0.3268836261744211,0.0917752004581514,0.06541142314051186,0.5625
3,folate_deficiency,primary,drop60,raw,134,23.0,0.32321112498075033,0.09717641462310714,0.04798591598814653,0.5161290322580645
3,folate_deficiency,primary,drop60,selected,134,23.0,0.32321112498075033,0.09717641462310714,0.04798591598814653,0.5161290322580645
4,folate_deficiency,primary,drop60,raw,134,26.0,0.3593485839381788,0.10659873766028727,0.04869095251076105,0.5263157894736842
4,folate_deficiency,primary,drop60,selected,134,26.0,0.3593485839381788,0.10659873766028727,0.04869095251076105,0.5263157894736842
0,folate_deficiency,primary,cbc_only,raw,135,23.0,0.36138248680963464,0.11713919028991882,0.0738619373729952,0.29411764705882354
0,folate_deficiency,primary,cbc_only,selected,135,23.0,0.36138248680963464,0.11713919028991882,0.0738619373729952,0.29411764705882354
1,folate_deficiency,primary,cbc_only,raw,135,25.0,0.38026028597784123,0.12396874923160994,0.048232767526406636,0.2857142857142857
1,folate_deficiency,primary,cbc_only,selected,135,25.0,0.38026028597784123,0.12396874923160994,0.048232767526406636,0.2857142857142857
2,folate_deficiency,primary,cbc_only,raw,134,23.0,0.40741081453942624,0.12148841150253872,0.07046530316266186,0.42424242424242425
2,folate_deficiency,primary,cbc_only,selected,134,23.0,0.40741081453942624,0.12148841150253872,0.07046530316266186,0.42424242424242425
3,folate_deficiency,primary,cbc_only,raw,134,23.0,0.3757338391544611,0.11932885481361014,0.04753031112545369,0.35294117647058826
3,folate_deficiency,primary,cbc_only,selected,134,23.0,0.3757338391544611,0.11932885481361014,0.04753031112545369,0.35294117647058826
4,folate_deficiency,primary,cbc_only,raw,134,26.0,0.4525312367183096,0.13494683080832334,0.07817106957817282,0.3333333333333333
4,folate_deficiency,primary,cbc_only,selected,134,26.0,0.4525312367183096,0.13494683080832334,0.07817106957817282,0.3333333333333333
0,folate_deficiency,primary,hb_only,raw,135,23.0,0.4411663423275886,0.13805812388132932,0.01693408246728891,0.0
0,folate_deficiency,primary,hb_only,selected,135,23.0,0.4411663423275886,0.13805812388132932,0.01693408246728891,0.0
1,folate_deficiency,primary,hb_only,raw,135,25.0,0.4819168344556861,0.15191773139897347,0.08284627294309405,0.0
1,folate_deficiency,primary,hb_only,selected,135,25.0,0.4819168344556861,0.15191773139897347,0.08284627294309405,0.0
2,folate_deficiency,primary,hb_only,raw,134,23.0,0.4627262767550411,0.14254142582347326,0.026632964513128646,0.0
2,folate_deficiency,primary,hb_only,selected,134,23.0,0.4627262767550411,0.14254142582347326,0.026632964513128646,0.0
3,folate_deficiency,primary,hb_only,raw,134,23.0,0.4664309076051742,0.1444991236610888,0.09320726020500482,0.0
3,folate_deficiency,primary,hb_only,selected,134,23.0,0.4664309076051742,0.1444991236610888,0.09320726020500482,0.0
4,folate_deficiency,primary,hb_only,raw,134,26.0,0.4905963906098196,0.15505545606437224,0.04510676737020484,0.0
4,folate_deficiency,primary,hb_only,selected,134,26.0,0.4905963906098196,0.15505545606437224,0.04510676737020484,0.0
0,folate_deficiency,primary,no_iron,raw,135,23.0,0.1466164748920767,0.03946839201403961,0.04837376355810453,0.8181818181818182
0,folate_deficiency,primary,no_iron,selected,135,23.0,0.1466164748920767,0.03946839201403961,0.04837376355810453,0.8181818181818182
1,folate_deficiency,primary,no_iron,raw,135,25.0,0.18898759552648642,0.05698888020698901,0.05289577695681664,0.7441860465116279
1,folate_deficiency,primary,no_iron,selected,135,25.0,0.18898759552648642,0.05698888020698901,0.05289577695681664,0.7441860465116279
2,folate_deficiency,primary,no_iron,raw,134,23.0,0.19154930223216882,0.05671212352286453,0.043663162123092514,0.7804878048780488
2,folate_deficiency,primary,no_iron,selected,134,23.0,0.19154930223216882,0.05671212352286453,0.043663162123092514,0.7804878048780488
3,folate_deficiency,primary,no_iron,raw,134,23.0,0.1278734112872016,0.032640265318864076,0.0476322099758158,0.9047619047619048
3,folate_deficiency,primary,no_iron,selected,134,23.0,0.1278734112872016,0.032640265318864076,0.0476322099758158,0.9047619047619048
4,folate_deficiency,primary,no_iron,raw,134,26.0,0.18711388704583953,0.054344239129163904,0.0596409076277183,0.7272727272727273
4,folate_deficiency,primary,no_iron,selected,134,26.0,0.18711388704583953,0.054344239129163904,0.0596409076277183,0.7272727272727273
0,folate_deficiency,primary,no_B12,raw,135,23.0,0.1634988562346028,0.046324281266204026,0.051630421778364244,0.8260869565217391
0,folate_deficiency,primary,no_B12,selected,135,23.0,0.1634988562346028,0.046324281266204026,0.051630421778364244,0.8260869565217391
1,folate_deficiency,primary,no_B12,raw,135,25.0,0.2018775721820982,0.0589516450096627,0.033611479907439415,0.7727272727272727
1,folate_deficiency,primary,no_B12,selected,135,25.0,0.2018775721820982,0.0589516450096627,0.033611479907439415,0.7727272727272727
2,folate_deficiency,primary,no_B12,raw,134,23.0,0.2187391747332343,0.06582674233797058,0.03782039127705595,0.6829268292682927
2,folate_deficiency,primary,no_B12,selected,134,23.0,0.2187391747332343,0.06582674233797058,0.03782039127705595,0.6829268292682927
3,folate_deficiency,primary,no_B12,raw,134,23.0,0.14957817362709816,0.04111500034373528,0.04891310606443024,0.85
3,folate_deficiency,primary,no_B12,selected,134,23.0,0.14957817362709816,0.04111500034373528,0.04891310606443024,0.85
4,folate_deficiency,primary,no_B12,raw,134,26.0,0.19143964515383055,0.0547278722226558,0.04270340351010615,0.7555555555555555
4,folate_deficiency,primary,no_B12,selected,134,26.0,0.19143964515383055,0.0547278722226558,0.04270340351010615,0.7555555555555555
0,folate_deficiency,primary,no_folate,raw,135,23.0,0.38024873313956264,0.12389865457183312,0.09115874783828462,0.14814814814814814
0,folate_deficiency,primary,no_folate,selected,135,23.0,0.38024873313956264,0.12389865457183312,0.09115874783828462,0.14814814814814814
1,folate_deficiency,primary,no_folate,raw,135,25.0,0.37850859476162585,0.11960130194661782,0.09917419270970164,0.375
1,folate_deficiency,primary,no_folate,selected,135,25.0,0.37850859476162585,0.11960130194661782,0.09917419270970164,0.375
2,folate_deficiency,primary,no_folate,raw,134,23.0,0.4266651332553861,0.1234473157950399,0.08569263190171,0.2222222222222222
2,folate_deficiency,primary,no_folate,selected,134,23.0,0.4266651332553861,0.1234473157950399,0.08569263190171,0.2222222222222222
3,folate_deficiency,primary,no_folate,raw,134,23.0,0.3934819019909443,0.12324142270773579,0.07542971667957936,0.07692307692307693
3,folate_deficiency,primary,no_folate,selected,134,23.0,0.3934819019909443,0.12324142270773579,0.07542971667957936,0.07692307692307693
4,folate_deficiency,primary,no_folate,raw,134,26.0,0.4659796551057184,0.13682525029432832,0.09016059198951552,0.13793103448275862
4,folate_deficiency,primary,no_folate,selected,134,26.0,0.4659796551057184,0.13682525029432832,0.09016059198951552,0.13793103448275862
0,folate_deficiency,primary,no_B6,raw,135,23.0,0.14196897851332954,0.03880748257941672,0.04310570670739063,0.8181818181818182
0,folate_deficiency,primary,no_B6,selected,135,23.0,0.14196897851332954,0.03880748257941672,0.04310570670739063,0.8181818181818182
1,folate_deficiency,primary,no_B6,raw,135,25.0,0.18923530802439834,0.05691073221453156,0.04301814950624019,0.7619047619047619
1,folate_deficiency,primary,no_B6,selected,135,25.0,0.18923530802439834,0.05691073221453156,0.04301814950624019,0.7619047619047619
2,folate_deficiency,primary,no_B6,raw,134,23.0,0.2010600939122219,0.06083827698136027,0.03952242031908017,0.7027027027027027
2,folate_deficiency,primary,no_B6,selected,134,23.0,0.2010600939122219,0.06083827698136027,0.03952242031908017,0.7027027027027027
3,folate_deficiency,primary,no_B6,raw,134,23.0,0.12952336563245767,0.03295082273463848,0.05154757926505572,0.9047619047619048
3,folate_deficiency,primary,no_B6,selected,134,23.0,0.12952336563245767,0.03295082273463848,0.05154757926505572,0.9047619047619048
4,folate_deficiency,primary,no_B6,raw,134,26.0,0.1824463785715181,0.052770410406667204,0.048390096268280995,0.782608695652174
4,folate_deficiency,primary,no_B6,selected,134,26.0,0.1824463785715181,0.052770410406667204,0.048390096268280995,0.782608695652174
0,folate_deficiency,primary,no_copper,raw,135,23.0,0.14241984754571657,0.03879435955653896,0.04937326350706416,0.8260869565217391
0,folate_deficiency,primary,no_copper,selected,135,23.0,0.14241984754571657,0.03879435955653896,0.04937326350706416,0.8260869565217391
1,folate_deficiency,primary,no_copper,raw,135,25.0,0.19197406047327673,0.05774500613356405,0.04154167809193262,0.7619047619047619
1,folate_deficiency,primary,no_copper,selected,135,25.0,0.19197406047327673,0.05774500613356405,0.04154167809193262,0.7619047619047619
2,folate_deficiency,primary,no_copper,raw,134,23.0,0.20293471392494045,0.06136408647661786,0.02784790286520503,0.717948717948718
2,folate_deficiency,primary,no_copper,selected,134,23.0,0.20293471392494045,0.06136408647661786,0.02784790286520503,0.717948717948718
3,folate_deficiency,primary,no_copper,raw,134,23.0,0.13866839532009886,0.037027876312785195,0.051117862006837704,0.8780487804878049
3,folate_deficiency,primary,no_copper,selected,134,23.0,0.13866839532009886,0.037027876312785195,0.051117862006837704,0.8780487804878049
4,folate_deficiency,primary,no_copper,raw,134,26.0,0.18425782021159753,0.053416472977161567,0.05119916263716957,0.7555555555555555
4,folate_deficiency,primary,no_copper,selected,134,26.0,0.18425782021159753,0.053416472977161567,0.05119916263716957,0.7555555555555555
0,folate_deficiency,primary,no_hemoglobin,raw,135,23.0,0.14006186803727205,0.0390088066376996,0.042453000203242656,0.8181818181818182
0,folate_deficiency,primary,no_hemoglobin,selected,135,23.0,0.14006186803727205,0.0390088066376996,0.042453000203242656,0.8181818181818182
1,folate_deficiency,primary,no_hemoglobin,raw,135,25.0,0.19060717136742386,0.05671690267954795,0.06477412245818041,0.7619047619047619
1,folate_deficiency,primary,no_hemoglobin,selected,135,25.0,0.19060717136742386,0.05671690267954795,0.06477412245818041,0.7619047619047619
2,folate_deficiency,primary,no_hemoglobin,raw,134,23.0,0.19811777684729504,0.05980027141043488,0.0696780489768399,0.6666666666666666
2,folate_deficiency,primary,no_hemoglobin,selected,134,23.0,0.19811777684729504,0.05980027141043488,0.0696780489768399,0.6666666666666666
3,folate_deficiency,primary,no_hemoglobin,raw,134,23.0,0.13408491428657124,0.033697737587676906,0.05340536009232013,0.9047619047619048
3,folate_deficiency,primary,no_hemoglobin,selected,134,23.0,0.13408491428657124,0.033697737587676906,0.05340536009232013,0.9047619047619048
4,folate_deficiency,primary,no_hemoglobin,raw,134,26.0,0.18978089104704984,0.05514809957922593,0.04513984002561844,0.7555555555555555
4,folate_deficiency,primary,no_hemoglobin,selected,134,26.0,0.18978089104704984,0.05514809957922593,0.04513984002561844,0.7555555555555555
0,folate_deficiency,primary,no_demographics,raw,135,23.0,0.1457795945954821,0.03779282583940749,0.035393679007051655,0.8780487804878049
0,folate_deficiency,primary,no_demographics,selected,135,23.0,0.1457795945954821,0.03779282583940749,0.035393679007051655,0.8780487804878049
1,folate_deficiency,primary,no_demographics,raw,135,25.0,0.21091528372263227,0.06478723504135084,0.058016475249128965,0.717948717948718
1,folate_deficiency,primary,no_demographics,selected,135,25.0,0.21091528372263227,0.06478723504135084,0.058016475249128965,0.717948717948718
2,folate_deficiency,primary,no_demographics,raw,134,23.0,0.22788524143533928,0.06689958253832334,0.06079509818574894,0.6470588235294118
2,folate_deficiency,primary,no_demographics,selected,134,23.0,0.22788524143533928,0.06689958253832334,0.06079509818574894,0.6470588235294118
3,folate_deficiency,primary,no_demographics,raw,134,23.0,0.15433453575430897,0.0435619173554831,0.05695303817562456,0.7894736842105263
3,folate_deficiency,primary,no_demographics,selected,134,23.0,0.15433453575430897,0.0435619173554831,0.05695303817562456,0.7894736842105263
4,folate_deficiency,primary,no_demographics,raw,134,26.0,0.2431726635229217,0.0716194288132165,0.07779973988275844,0.7317073170731707
4,folate_deficiency,primary,no_demographics,selected,134,26.0,0.2431726635229217,0.0716194288132165,0.07779973988275844,0.7317073170731707
0,folate_deficiency,cbc,available,raw,135,23.0,0.383510002647337,0.12564902926680432,0.05142073015342389,0.3684210526315789
0,folate_deficiency,cbc,available,selected,135,23.0,0.38903760620979944,0.12398953384845184,0.08476605786876162,0.3684210526315789
1,folate_deficiency,cbc,available,raw,135,25.0,0.38094147977929305,0.11838842938868285,0.04982258705584229,0.3125
1,folate_deficiency,cbc,available,selected,135,25.0,0.37936726193377307,0.11820532382061556,0.04653144222450974,0.3125
2,folate_deficiency,cbc,available,raw,134,23.0,0.43804509005069825,0.13138674480324816,0.10279214135577251,0.36363636363636365
2,folate_deficiency,cbc,available,selected,134,23.0,0.4142893155975181,0.1301189419734479,0.05844618757915823,0.36363636363636365
3,folate_deficiency,cbc,available,raw,134,23.0,0.3789854761289341,0.11185121725876834,0.09449512072086223,0.5142857142857142
3,folate_deficiency,cbc,available,selected,134,23.0,0.36819103887044363,0.1118163492704396,0.047715060529510245,0.5142857142857142
4,folate_deficiency,cbc,available,raw,134,26.0,0.4624236800057783,0.13519555464872496,0.0915185884890219,0.3076923076923077
4,folate_deficiency,cbc,available,selected,134,26.0,0.43333526125716126,0.1337696369541175,0.08067737422484003,0.3076923076923077
0,folate_deficiency,cbc,drop30,raw,135,23.0,0.4986442875429437,0.1479494025191667,0.10508285982284375,0.4186046511627907
0,folate_deficiency,cbc,drop30,selected,135,23.0,0.4703868472304694,0.14650015787713258,0.11847157531262663,0.4186046511627907
1,folate_deficiency,cbc,drop30,raw,135,25.0,0.46117377277855665,0.14032729521058063,0.10747441931182636,0.07142857142857142
1,folate_deficiency,cbc,drop30,selected,135,25.0,0.4133617566973554,0.13098865939942048,0.07406835781213066,0.07142857142857142
2,folate_deficiency,cbc,drop30,raw,134,23.0,0.5391390986943105,0.15071323292955724,0.12363141687868272,0.0
2,folate_deficiency,cbc,drop30,selected,134,23.0,0.4554965190559276,0.14034871464386864,0.07037511360501619,0.0
3,folate_deficiency,cbc,drop30,raw,134,23.0,0.5061551257133945,0.14305678553744214,0.1311182043446488,0.21428571428571427
3,folate_deficiency,cbc,drop30,selected,134,23.0,0.45185259054347193,0.13869827110991645,0.09018722430089882,0.21428571428571427
4,folate_deficiency,cbc,drop30,raw,134,26.0,0.587273584964301,0.1515349150810358,0.11757917737517637,0.2
4,folate_deficiency,cbc,drop30,selected,134,26.0,0.5020853059766314,0.14646595413468724,0.08773344559820552,0.2
0,folate_deficiency,cbc,drop60,raw,135,23.0,0.5236848115223508,0.15505630323671918,0.11635673596779031,0.14285714285714285
0,folate_deficiency,cbc,drop60,selected,135,23.0,0.4785427535610552,0.15099014279086548,0.1061157487841607,0.14285714285714285
1,folate_deficiency,cbc,drop60,raw,135,25.0,0.6500358107746117,0.16788694931541442,0.14832090591931157,0.0
1,folate_deficiency,cbc,drop60,selected,135,25.0,0.5222913106469395,0.15565179695953724,0.09986100909119562,0.0
2,folate_deficiency,cbc,drop60,raw,134,23.0,0.6314102362214882,0.15952965666344315,0.1445373916716066,0.0
2,folate_deficiency,cbc,drop60,selected,134,23.0,0.508789409710859,0.15040987003749873,0.0980869326090674,0.0
3,folate_deficiency,cbc,drop60,raw,134,23.0,0.619322230027968,0.15866072462791017,0.14341226924640946,0.0
3,folate_deficiency,cbc,drop60,selected,134,23.0,0.507924881725869,0.14976493154427184,0.10855311324943298,0.0
4,folate_deficiency,cbc,drop60,raw,134,26.0,0.6639554252411072,0.16458033485049953,0.14055404961483509,0.14285714285714285
4,folate_deficiency,cbc,drop60,selected,134,26.0,0.5469329771437431,0.15752724795483167,0.10067356556251246,0.14285714285714285
0,folate_deficiency,cbc,cbc_only,raw,135,23.0,0.383510002647337,0.12564902926680432,0.05142073015342389,0.3684210526315789
0,folate_deficiency,cbc,cbc_only,selected,135,23.0,0.38903760620979944,0.12398953384845184,0.08476605786876162,0.3684210526315789
1,folate_deficiency,cbc,cbc_only,raw,135,25.0,0.38094147977929305,0.11838842938868285,0.04982258705584229,0.3125
1,folate_deficiency,cbc,cbc_only,selected,135,25.0,0.37936726193377307,0.11820532382061556,0.04653144222450974,0.3125
2,folate_deficiency,cbc,cbc_only,raw,134,23.0,0.43804509005069825,0.13138674480324816,0.10279214135577251,0.36363636363636365
2,folate_deficiency,cbc,cbc_only,selected,134,23.0,0.4142893155975181,0.1301189419734479,0.05844618757915823,0.36363636363636365
3,folate_deficiency,cbc,cbc_only,raw,134,23.0,0.3789854761289341,0.11185121725876834,0.09449512072086223,0.5142857142857142
3,folate_deficiency,cbc,cbc_only,selected,134,23.0,0.36819103887044363,0.1118163492704396,0.047715060529510245,0.5142857142857142
4,folate_deficiency,cbc,cbc_only,raw,134,26.0,0.4624236800057783,0.13519555464872496,0.0915185884890219,0.3076923076923077
4,folate_deficiency,cbc,cbc_only,selected,134,26.0,0.43333526125716126,0.1337696369541175,0.08067737422484003,0.3076923076923077
0,folate_deficiency,cbc,hb_only,raw,135,23.0,0.4865109455683196,0.145644394291713,0.08260005159863928,0.0
0,folate_deficiency,cbc,hb_only,selected,135,23.0,0.4605366476750109,0.142040862957545,0.03742978410018217,0.0
1,folate_deficiency,cbc,hb_only,raw,135,25.0,0.6656118614564392,0.17386125028515642,0.15439680900125138,0.0
1,folate_deficiency,cbc,hb_only,selected,135,25.0,0.5287866176364144,0.1604942869162976,0.10452664870966381,0.0
2,folate_deficiency,cbc,hb_only,raw,134,23.0,0.5488000940782306,0.15417862635324875,0.10325426642085177,0.0
2,folate_deficiency,cbc,hb_only,selected,134,23.0,0.476151491208776,0.14585154773844333,0.035463770931483285,0.0
3,folate_deficiency,cbc,hb_only,raw,134,23.0,0.6777070782818987,0.16399673781124574,0.14816853103398014,0.0
3,folate_deficiency,cbc,hb_only,selected,134,23.0,0.5420259902785021,0.1548106604421501,0.1126366572626248,0.0
4,folate_deficiency,cbc,hb_only,raw,134,26.0,0.712172724540294,0.18337066707939675,0.15947993725258022,0.0
4,folate_deficiency,cbc,hb_only,selected,134,26.0,0.5793268608174308,0.17237337910847098,0.11436010811859862,0.0
0,folate_deficiency,cbc,no_iron,raw,135,23.0,0.383510002647337,0.12564902926680432,0.05142073015342389,0.3684210526315789
0,folate_deficiency,cbc,no_iron,selected,135,23.0,0.38903760620979944,0.12398953384845184,0.08476605786876162,0.3684210526315789
1,folate_deficiency,cbc,no_iron,raw,135,25.0,0.38094147977929305,0.11838842938868285,0.04982258705584229,0.3125
1,folate_deficiency,cbc,no_iron,selected,135,25.0,0.37936726193377307,0.11820532382061556,0.04653144222450974,0.3125
2,folate_deficiency,cbc,no_iron,raw,134,23.0,0.43804509005069825,0.13138674480324816,0.10279214135577251,0.36363636363636365
2,folate_deficiency,cbc,no_iron,selected,134,23.0,0.4142893155975181,0.1301189419734479,0.05844618757915823,0.36363636363636365
3,folate_deficiency,cbc,no_iron,raw,134,23.0,0.3789854761289341,0.11185121725876834,0.09449512072086223,0.5142857142857142
3,folate_deficiency,cbc,no_iron,selected,134,23.0,0.36819103887044363,0.1118163492704396,0.047715060529510245,0.5142857142857142
4,folate_deficiency,cbc,no_iron,raw,134,26.0,0.4624236800057783,0.13519555464872496,0.0915185884890219,0.3076923076923077
4,folate_deficiency,cbc,no_iron,selected,134,26.0,0.43333526125716126,0.1337696369541175,0.08067737422484003,0.3076923076923077
0,folate_deficiency,cbc,no_B12,raw,135,23.0,0.383510002647337,0.12564902926680432,0.05142073015342389,0.3684210526315789
0,folate_deficiency,cbc,no_B12,selected,135,23.0,0.38903760620979944,0.12398953384845184,0.08476605786876162,0.3684210526315789
1,folate_deficiency,cbc,no_B12,raw,135,25.0,0.38094147977929305,0.11838842938868285,0.04982258705584229,0.3125
1,folate_deficiency,cbc,no_B12,selected,135,25.0,0.37936726193377307,0.11820532382061556,0.04653144222450974,0.3125
2,folate_deficiency,cbc,no_B12,raw,134,23.0,0.43804509005069825,0.13138674480324816,0.10279214135577251,0.36363636363636365
2,folate_deficiency,cbc,no_B12,selected,134,23.0,0.4142893155975181,0.1301189419734479,0.05844618757915823,0.36363636363636365
3,folate_deficiency,cbc,no_B12,raw,134,23.0,0.3789854761289341,0.11185121725876834,0.09449512072086223,0.5142857142857142
3,folate_deficiency,cbc,no_B12,selected,134,23.0,0.36819103887044363,0.1118163492704396,0.047715060529510245,0.5142857142857142
4,folate_deficiency,cbc,no_B12,raw,134,26.0,0.4624236800057783,0.13519555464872496,0.0915185884890219,0.3076923076923077
4,folate_deficiency,cbc,no_B12,selected,134,26.0,0.43333526125716126,0.1337696369541175,0.08067737422484003,0.3076923076923077
0,folate_deficiency,cbc,no_folate,raw,135,23.0,0.383510002647337,0.12564902926680432,0.05142073015342389,0.3684210526315789
0,folate_deficiency,cbc,no_folate,selected,135,23.0,0.38903760620979944,0.12398953384845184,0.08476605786876162,0.3684210526315789
1,folate_deficiency,cbc,no_folate,raw,135,25.0,0.38094147977929305,0.11838842938868285,0.04982258705584229,0.3125
1,folate_deficiency,cbc,no_folate,selected,135,25.0,0.37936726193377307,0.11820532382061556,0.04653144222450974,0.3125
2,folate_deficiency,cbc,no_folate,raw,134,23.0,0.43804509005069825,0.13138674480324816,0.10279214135577251,0.36363636363636365
2,folate_deficiency,cbc,no_folate,selected,134,23.0,0.4142893155975181,0.1301189419734479,0.05844618757915823,0.36363636363636365
3,folate_deficiency,cbc,no_folate,raw,134,23.0,0.3789854761289341,0.11185121725876834,0.09449512072086223,0.5142857142857142
3,folate_deficiency,cbc,no_folate,selected,134,23.0,0.36819103887044363,0.1118163492704396,0.047715060529510245,0.5142857142857142
4,folate_deficiency,cbc,no_folate,raw,134,26.0,0.4624236800057783,0.13519555464872496,0.0915185884890219,0.3076923076923077
4,folate_deficiency,cbc,no_folate,selected,134,26.0,0.43333526125716126,0.1337696369541175,0.08067737422484003,0.3076923076923077
0,folate_deficiency,cbc,no_B6,raw,135,23.0,0.383510002647337,0.12564902926680432,0.05142073015342389,0.3684210526315789
0,folate_deficiency,cbc,no_B6,selected,135,23.0,0.38903760620979944,0.12398953384845184,0.08476605786876162,0.3684210526315789
1,folate_deficiency,cbc,no_B6,raw,135,25.0,0.38094147977929305,0.11838842938868285,0.04982258705584229,0.3125
1,folate_deficiency,cbc,no_B6,selected,135,25.0,0.37936726193377307,0.11820532382061556,0.04653144222450974,0.3125
2,folate_deficiency,cbc,no_B6,raw,134,23.0,0.43804509005069825,0.13138674480324816,0.10279214135577251,0.36363636363636365
2,folate_deficiency,cbc,no_B6,selected,134,23.0,0.4142893155975181,0.1301189419734479,0.05844618757915823,0.36363636363636365
3,folate_deficiency,cbc,no_B6,raw,134,23.0,0.3789854761289341,0.11185121725876834,0.09449512072086223,0.5142857142857142
3,folate_deficiency,cbc,no_B6,selected,134,23.0,0.36819103887044363,0.1118163492704396,0.047715060529510245,0.5142857142857142
4,folate_deficiency,cbc,no_B6,raw,134,26.0,0.4624236800057783,0.13519555464872496,0.0915185884890219,0.3076923076923077
4,folate_deficiency,cbc,no_B6,selected,134,26.0,0.43333526125716126,0.1337696369541175,0.08067737422484003,0.3076923076923077
0,folate_deficiency,cbc,no_copper,raw,135,23.0,0.383510002647337,0.12564902926680432,0.05142073015342389,0.3684210526315789
0,folate_deficiency,cbc,no_copper,selected,135,23.0,0.38903760620979944,0.12398953384845184,0.08476605786876162,0.3684210526315789
1,folate_deficiency,cbc,no_copper,raw,135,25.0,0.38094147977929305,0.11838842938868285,0.04982258705584229,0.3125
1,folate_deficiency,cbc,no_copper,selected,135,25.0,0.37936726193377307,0.11820532382061556,0.04653144222450974,0.3125
2,folate_deficiency,cbc,no_copper,raw,134,23.0,0.43804509005069825,0.13138674480324816,0.10279214135577251,0.36363636363636365
2,folate_deficiency,cbc,no_copper,selected,134,23.0,0.4142893155975181,0.1301189419734479,0.05844618757915823,0.36363636363636365
3,folate_deficiency,cbc,no_copper,raw,134,23.0,0.3789854761289341,0.11185121725876834,0.09449512072086223,0.5142857142857142
3,folate_deficiency,cbc,no_copper,selected,134,23.0,0.36819103887044363,0.1118163492704396,0.047715060529510245,0.5142857142857142
4,folate_deficiency,cbc,no_copper,raw,134,26.0,0.4624236800057783,0.13519555464872496,0.0915185884890219,0.3076923076923077
4,folate_deficiency,cbc,no_copper,selected,134,26.0,0.43333526125716126,0.1337696369541175,0.08067737422484003,0.3076923076923077
0,folate_deficiency,cbc,no_hemoglobin,raw,135,23.0,0.3808576316593655,0.12340867941356745,0.075113329471281,0.3888888888888889
0,folate_deficiency,cbc,no_hemoglobin,selected,135,23.0,0.3897503534739607,0.12292625202251144,0.08934820552599335,0.3888888888888889
1,folate_deficiency,cbc,no_hemoglobin,raw,135,25.0,0.39271474722633765,0.12226341446027304,0.05462239490671518,0.2
1,folate_deficiency,cbc,no_hemoglobin,selected,135,25.0,0.38605925009621705,0.12079705248335121,0.04394759588804404,0.2
2,folate_deficiency,cbc,no_hemoglobin,raw,134,23.0,0.42347449519971725,0.1276165497415164,0.08479242874773388,0.3125
2,folate_deficiency,cbc,no_hemoglobin,selected,134,23.0,0.3995378548655291,0.12509887519550972,0.05628382835774066,0.3125
3,folate_deficiency,cbc,no_hemoglobin,raw,134,23.0,0.3815618141065907,0.11963149196325196,0.07693887438160918,0.46511627906976744
3,folate_deficiency,cbc,no_hemoglobin,selected,134,23.0,0.387311453264895,0.12060532804854884,0.09000798551841534,0.46511627906976744
4,folate_deficiency,cbc,no_hemoglobin,raw,134,26.0,0.48110184525429867,0.14376783248953431,0.09460962895321387,0.36363636363636365
4,folate_deficiency,cbc,no_hemoglobin,selected,134,26.0,0.44795799230059297,0.14004494184357508,0.09086006029362649,0.36363636363636365
0,folate_deficiency,cbc,no_demographics,raw,135,23.0,0.3751615980820726,0.1224427154657102,0.07158312648511601,0.29411764705882354
0,folate_deficiency,cbc,no_demographics,selected,135,23.0,0.3726606530519312,0.11895620460643959,0.09814756802912111,0.29411764705882354
1,folate_deficiency,cbc,no_demographics,raw,135,25.0,0.41346532541545894,0.13154897468054152,0.09460105659623444,0.14814814814814814
1,folate_deficiency,cbc,no_demographics,selected,135,25.0,0.3834508431287555,0.12349396928434166,0.04909209922369124,0.14814814814814814
2,folate_deficiency,cbc,no_demographics,raw,134,23.0,0.4834602869115274,0.1349258878416126,0.10217447737780588,0.15384615384615385
2,folate_deficiency,cbc,no_demographics,selected,134,23.0,0.41883812100174056,0.1288398902364843,0.049630517761077936,0.15384615384615385
3,folate_deficiency,cbc,no_demographics,raw,134,23.0,0.41493558736912783,0.1180649029308362,0.09996711081925584,0.45714285714285713
3,folate_deficiency,cbc,no_demographics,selected,134,23.0,0.3893785483538088,0.11756899495704763,0.07483220778705722,0.45714285714285713
4,folate_deficiency,cbc,no_demographics,raw,134,26.0,0.4875260671715934,0.14141395393930833,0.10042200650227641,0.07407407407407407
4,folate_deficiency,cbc,no_demographics,selected,134,26.0,0.43607223364926423,0.1347861333105712,0.06652448056929057,0.07407407407407407
0,B6_deficiency,primary,available,raw,135,6.0,0.04819470647738444,0.008874510611838271,0.009647717386957725,0.9090909090909091
0,B6_deficiency,primary,available,selected,135,6.0,0.05102485398991807,0.00909175092547707,0.01591559266770799,0.9090909090909091
1,B6_deficiency,primary,available,raw,135,6.0,0.12786449684021298,0.02379649344622841,0.02479092182917648,0.6666666666666666
1,B6_deficiency,primary,available,selected,135,6.0,0.10220204685835822,0.023095588784662033,0.01950844343519585,0.6666666666666666
2,B6_deficiency,primary,available,raw,134,5.0,0.012149044097634376,0.0023496739333286874,0.010488761642729152,1.0
2,B6_deficiency,primary,available,selected,134,5.0,0.02611458531841144,0.003404069005210464,0.023773524683040885,0.9090909090909091
3,B6_deficiency,primary,available,raw,134,5.0,0.021195089295776407,0.0055562738349433215,0.015077349689489697,0.8888888888888888
3,B6_deficiency,primary,available,selected,134,5.0,0.028028968647860364,0.005829991598781911,0.022311153316316255,0.8888888888888888
4,B6_deficiency,primary,available,raw,134,6.0,0.08280522170819607,0.015159169312273806,0.016345530712299793,0.8
4,B6_deficiency,primary,available,selected,134,6.0,0.0756323545596153,0.015698815860026635,0.010742119451357203,0.8
0,B6_deficiency,primary,drop30,raw,135,6.0,0.07673354057356017,0.015309815766639753,0.01213378809533008,0.8
0,B6_deficiency,primary,drop30,selected,135,6.0,0.07645646872289216,0.015363783687317705,0.012806429868454332,0.8
1,B6_deficiency,primary,drop30,raw,135,6.0,0.15780272806255913,0.03001737546315404,0.028048943383376337,0.5
1,B6_deficiency,primary,drop30,selected,135,6.0,0.13131569887690664,0.030061776403858154,0.02389636202344155,0.5
2,B6_deficiency,primary,drop30,raw,134,5.0,0.06719457639425022,0.013654188969587974,0.008898893441924653,0.8
2,B6_deficiency,primary,drop30,selected,134,5.0,0.07280556790458811,0.014162542041867471,0.022841726943017154,0.8
3,B6_deficiency,primary,drop30,raw,134,5.0,0.07425956022605033,0.014940684080650368,0.006051630248688718,0.75
3,B6_deficiency,primary,drop30,selected,134,5.0,0.07620824921156967,0.015301433733198786,0.010751390487073938,0.75
4,B6_deficiency,primary,drop30,raw,134,6.0,0.1491448776408404,0.029704368759666155,0.027721792111174197,0.5
4,B6_deficiency,primary,drop30,selected,134,6.0,0.12782358981912584,0.02930986443404314,0.016503551211285328,0.5
0,B6_deficiency,primary,drop60,raw,135,6.0,0.10062059609563168,0.021780210429708086,0.0149053738976947,0.6666666666666666
0,B6_deficiency,primary,drop60,selected,135,6.0,0.09847684072387865,0.02165718842544367,0.010410710927533179,0.6666666666666666
1,B6_deficiency,primary,drop60,raw,135,6.0,0.2018932985407706,0.03782132084184696,0.034292311359205574,0.2857142857142857
1,B6_deficiency,primary,drop60,selected,135,6.0,0.16969766949544823,0.038069280303581296,0.02561501263708724,0.2857142857142857
2,B6_deficiency,primary,drop60,raw,134,5.0,0.1226931497836703,0.025054376105444708,0.0183682880944976,0.5
2,B6_deficiency,primary,drop60,selected,134,5.0,0.12139341744051174,0.02580610485885572,0.023569686526269677,0.5
3,B6_deficiency,primary,drop60,raw,134,5.0,0.09831557043107285,0.02288800664091164,0.013093219213149236,0.5714285714285714
3,B6_deficiency,primary,drop60,selected,134,5.0,0.10360810744165048,0.02334848510751442,0.02039866808853176,0.5714285714285714
4,B6_deficiency,primary,drop60,raw,134,6.0,0.22143331737509228,0.043525037190717146,0.0365154725282726,0.0
4,B6_deficiency,primary,drop60,selected,134,6.0,0.18462924857115906,0.04232333452308647,0.018885178719007606,0.0
0,B6_deficiency,primary,cbc_only,raw,135,6.0,0.20729511636023876,0.04348347899952977,0.038938108933015074,0.0
0,B6_deficiency,primary,cbc_only,selected,135,6.0,0.16894710551887784,0.041907889770890674,0.027977001853951973,0.0
1,B6_deficiency,primary,cbc_only,raw,135,6.0,0.2691932646274578,0.04417862835559437,0.042984991145947234,0.0
1,B6_deficiency,primary,cbc_only,selected,135,6.0,0.20286783156106966,0.043291937029191964,0.03655670869042606,0.0
2,B6_deficiency,primary,cbc_only,raw,134,5.0,0.20566973986913342,0.036876742743219046,0.03443858505239573,0.0
2,B6_deficiency,primary,cbc_only,selected,134,5.0,0.15756819782014647,0.035764337519850274,0.02289374064347882,0.0
3,B6_deficiency,primary,cbc_only,raw,134,5.0,0.1788236197048188,0.03643821326085369,0.031172191272868396,0.0
3,B6_deficiency,primary,cbc_only,selected,134,5.0,0.1560584304251306,0.03578316036394434,0.026289517132197144,0.0
4,B6_deficiency,primary,cbc_only,raw,134,6.0,0.22334521570277394,0.04390407590772222,0.040956848289256644,0.0
4,B6_deficiency,primary,cbc_only,selected,134,6.0,0.17766652695898252,0.042423148977179435,0.030073233831943408,0.0
0,B6_deficiency,primary,hb_only,raw,135,6.0,0.20082164980025985,0.043324050564301844,0.030222301114401,0.0
0,B6_deficiency,primary,hb_only,selected,135,6.0,0.18031475931668137,0.04236038733558138,0.003099998646294462,0.0
1,B6_deficiency,primary,hb_only,raw,135,6.0,0.21785030022913762,0.043720692810386694,0.0356934616556715,0.0
1,B6_deficiency,primary,hb_only,selected,135,6.0,0.18318594579509462,0.04256851280831576,0.012525259715536724,0.0
2,B6_deficiency,primary,hb_only,raw,134,5.0,0.19487827336022637,0.040943891333367836,0.048401890230485155,0.0
2,B6_deficiency,primary,hb_only,selected,134,5.0,0.1946011271881492,0.04533649210558092,0.04153086344503754,0.0
3,B6_deficiency,primary,hb_only,raw,134,5.0,0.17149347642497823,0.03773689928503266,0.015873758319426955,0.0
3,B6_deficiency,primary,hb_only,selected,134,5.0,0.18157850061769235,0.03975697632382522,0.04302319976079798,0.0
4,B6_deficiency,primary,hb_only,raw,134,6.0,0.20475586686745798,0.043691037842208125,0.030979646050054765,0.0
4,B6_deficiency,primary,hb_only,selected,134,6.0,0.18271330634376792,0.042749831755975944,0.005437448710469424,0.0
0,B6_deficiency,primary,no_iron,raw,135,6.0,0.04559841785735752,0.007832896674632994,0.004452011092795576,0.9090909090909091
0,B6_deficiency,primary,no_iron,selected,135,6.0,0.05249875897116048,0.00841325409747799,0.018537542556874134,0.9090909090909091
1,B6_deficiency,primary,no_iron,raw,135,6.0,0.14003283549230505,0.023902624341794125,0.02581429545461834,0.6666666666666666
1,B6_deficiency,primary,no_iron,selected,135,6.0,0.11199048998982677,0.02358759850751332,0.01984873611756453,0.6666666666666666
2,B6_deficiency,primary,no_iron,raw,134,5.0,0.014649188492284564,0.0032717086244437366,0.011935305191043265,0.9090909090909091
2,B6_deficiency,primary,no_iron,selected,134,5.0,0.029531239338089692,0.0041946256679109405,0.02635627405420193,0.9090909090909091
3,B6_deficiency,primary,no_iron,raw,134,5.0,0.02266525792677172,0.005425677546937147,0.017218488810007083,0.8888888888888888
3,B6_deficiency,primary,no_iron,selected,134,5.0,0.030907675235081717,0.005958780929586407,0.025539086198915692,0.8888888888888888
4,B6_deficiency,primary,no_iron,raw,134,6.0,0.08475043432556632,0.015201920820255607,0.015518575048163107,0.8
4,B6_deficiency,primary,no_iron,selected,134,6.0,0.07937759479474517,0.015913425808749698,0.00816561995891324,0.8
0,B6_deficiency,primary,no_B12,raw,135,6.0,0.049172098569926354,0.008925820459313762,0.010139738080050871,0.9090909090909091
0,B6_deficiency,primary,no_B12,selected,135,6.0,0.051011566742353284,0.009130134059342194,0.014933387034565683,0.9090909090909091
1,B6_deficiency,primary,no_B12,raw,135,6.0,0.12658539418124454,0.023858469318207474,0.024939243268617732,0.6666666666666666
1,B6_deficiency,primary,no_B12,selected,135,6.0,0.10108498613638174,0.023096027211612864,0.01984679062183337,0.6666666666666666
2,B6_deficiency,primary,no_B12,raw,134,5.0,0.012160916510952394,0.0024847720718993095,0.010337468554470312,0.9090909090909091
2,B6_deficiency,primary,no_B12,selected,134,5.0,0.025706686698284187,0.0034457568466938608,0.023274157940399116,0.9090909090909091
3,B6_deficiency,primary,no_B12,raw,134,5.0,0.020924768103319096,0.0055507652307034494,0.014815166857966269,0.8888888888888888
3,B6_deficiency,primary,no_B12,selected,134,5.0,0.027460014989722357,0.005823653174235146,0.021749247175015238,0.8888888888888888
4,B6_deficiency,primary,no_B12,raw,134,6.0,0.08304606317893351,0.015110416022503776,0.01623036462032644,0.8
4,B6_deficiency,primary,no_B12,selected,134,6.0,0.07503462661791473,0.015549970064946074,0.010963759980752549,0.8
0,B6_deficiency,primary,no_folate,raw,135,6.0,0.04740819447169664,0.008754419206802271,0.009707093837466476,0.9090909090909091
0,B6_deficiency,primary,no_folate,selected,135,6.0,0.04963209440860269,0.008935253676259977,0.014613149339262107,0.9090909090909091
1,B6_deficiency,primary,no_folate,raw,135,6.0,0.12738046503907244,0.02380541763273713,0.02453471990996278,0.6666666666666666
1,B6_deficiency,primary,no_folate,selected,135,6.0,0.10203534602574485,0.023142780456615525,0.01953724434857145,0.6666666666666666
2,B6_deficiency,primary,no_folate,raw,134,5.0,0.01183445883763497,0.002333890093585455,0.010182439939911836,1.0
2,B6_deficiency,primary,no_folate,selected,134,5.0,0.025336783060876913,0.0033252576575426218,0.02303852115803219,0.9090909090909091
3,B6_deficiency,primary,no_folate,raw,134,5.0,0.021018676598394303,0.005525129802616889,0.014799101714783963,0.8888888888888888
3,B6_deficiency,primary,no_folate,selected,134,5.0,0.02765225849711101,0.005778531098693817,0.021887916381280462,0.8888888888888888
4,B6_deficiency,primary,no_folate,raw,134,6.0,0.08368211590487748,0.015144190562594693,0.01631882733709546,0.8
4,B6_deficiency,primary,no_folate,selected,134,6.0,0.07594344978032747,0.015696149265544034,0.010961681071313468,0.8
0,B6_deficiency,primary,no_B6,raw,135,6.0,0.19975838010916075,0.0432697817752116,0.03986407483674458,0.0
0,B6_deficiency,primary,no_B6,selected,135,6.0,0.16103944343877177,0.04135943514242165,0.0285948035573129,0.0
1,B6_deficiency,primary,no_B6,raw,135,6.0,0.2604698135016821,0.0441051868716085,0.0430190421862062,0.0
1,B6_deficiency,primary,no_B6,selected,135,6.0,0.19619677824162154,0.043062192432552056,0.036681609785814195,0.0
2,B6_deficiency,primary,no_B6,raw,134,5.0,0.19691483325750742,0.03680985890021157,0.03418882106215792,0.0
2,B6_deficiency,primary,no_B6,selected,134,5.0,0.15164554372499547,0.035579158016493743,0.023946416856127938,0.0
3,B6_deficiency,primary,no_B6,raw,134,5.0,0.16500749965656958,0.035620212208659255,0.03215317713249623,0.0
3,B6_deficiency,primary,no_B6,selected,134,5.0,0.14411204683349352,0.03463520475857882,0.025949647984456193,0.0
4,B6_deficiency,primary,no_B6,raw,134,6.0,0.2261124715052133,0.04393559079109704,0.042176443271125026,0.0
4,B6_deficiency,primary,no_B6,selected,134,6.0,0.17723227070296402,0.0424155137093788,0.033254086090007975,0.0
0,B6_deficiency,primary,no_copper,raw,135,6.0,0.046177965234349645,0.008836540455905411,0.009659750978702992,0.9090909090909091
0,B6_deficiency,primary,no_copper,selected,135,6.0,0.049394181464371675,0.00899620058639474,0.015881960839299988,0.9090909090909091
1,B6_deficiency,primary,no_copper,raw,135,6.0,0.1274623503072905,0.0236092877633451,0.024617796143322435,0.6666666666666666
1,B6_deficiency,primary,no_copper,selected,135,6.0,0.10183132706756821,0.022962675835105056,0.01946433614147014,0.6666666666666666
2,B6_deficiency,primary,no_copper,raw,134,5.0,0.012036980335393506,0.002336277766535148,0.01038405722691189,1.0
2,B6_deficiency,primary,no_copper,selected,134,5.0,0.02591748758115773,0.0033736060998077085,0.023593874923789945,0.9090909090909091
3,B6_deficiency,primary,no_copper,raw,134,5.0,0.02092855720430218,0.005543062757826648,0.014817673067871644,0.8888888888888888
3,B6_deficiency,primary,no_copper,selected,134,5.0,0.027610786359364307,0.005796319958142581,0.021910829164538383,0.8888888888888888
4,B6_deficiency,primary,no_copper,raw,134,6.0,0.08280275283302614,0.01515987442290589,0.016389455340954165,0.8
4,B6_deficiency,primary,no_copper,selected,134,6.0,0.07552369073878207,0.015696756404266668,0.01087804836278614,0.8
0,B6_deficiency,primary,no_hemoglobin,raw,135,6.0,0.04989738205664453,0.009035615143397553,0.01016876748361046,0.9090909090909091
0,B6_deficiency,primary,no_hemoglobin,selected,135,6.0,0.05226013127034372,0.009270420146297188,0.01609933443945777,0.9090909090909091
1,B6_deficiency,primary,no_hemoglobin,raw,135,6.0,0.12757161859158034,0.023754542545973544,0.024824837091105265,0.6666666666666666
1,B6_deficiency,primary,no_hemoglobin,selected,135,6.0,0.10242018062451708,0.02311014545444172,0.01929533244618463,0.6666666666666666
2,B6_deficiency,primary,no_hemoglobin,raw,134,5.0,0.012148375722419393,0.0023552130860210042,0.01048533401404337,1.0
2,B6_deficiency,primary,no_hemoglobin,selected,134,5.0,0.02591746508905404,0.003410743506469735,0.023572426596374766,0.9090909090909091
3,B6_deficiency,primary,no_hemoglobin,raw,134,5.0,0.0214445759755995,0.005649654498940002,0.015263427646884787,0.8888888888888888
3,B6_deficiency,primary,no_hemoglobin,selected,134,5.0,0.028270366938545417,0.0059342258289912415,0.02247791772895341,0.8888888888888888
4,B6_deficiency,primary,no_hemoglobin,raw,134,6.0,0.0833560305742368,0.015199314869612174,0.016472355368376358,0.8
4,B6_deficiency,primary,no_hemoglobin,selected,134,6.0,0.07596657550192468,0.015755772289059316,0.01093966546587361,0.8
0,B6_deficiency,primary,no_demographics,raw,135,6.0,0.047937006450570016,0.008852554659642532,0.009667160593743888,0.9090909090909091
0,B6_deficiency,primary,no_demographics,selected,135,6.0,0.050694414910368364,0.009067888149080465,0.015729373794205154,0.9090909090909091
1,B6_deficiency,primary,no_demographics,raw,135,6.0,0.13011421345229493,0.0238038073683783,0.024804731228258395,0.6666666666666666
1,B6_deficiency,primary,no_demographics,selected,135,6.0,0.10366953302325133,0.023125537676125144,0.01971617929763585,0.6666666666666666
2,B6_deficiency,primary,no_demographics,raw,134,5.0,0.012165899849542533,0.002413156029428237,0.010449284329631192,1.0
2,B6_deficiency,primary,no_demographics,selected,134,5.0,0.025639550068392462,0.0034417161595814826,0.02325790468313561,0.9090909090909091
3,B6_deficiency,primary,no_demographics,raw,134,5.0,0.01810753037903043,0.0046344244207442535,0.013897474361474815,0.8888888888888888
3,B6_deficiency,primary,no_demographics,selected,134,5.0,0.024855749299871808,0.005066015899557536,0.020560291640365706,0.8888888888888888
4,B6_deficiency,primary,no_demographics,raw,134,6.0,0.0847029876126142,0.015200486814566014,0.0166124258893231,0.8
4,B6_deficiency,primary,no_demographics,selected,134,6.0,0.07691466726967541,0.015821776380333347,0.011264814165012946,0.8
0,B6_deficiency,cbc,available,raw,135,6.0,0.13845980207208375,0.03577662149306192,0.022114167834179025,0.0
0,B6_deficiency,cbc,available,selected,135,6.0,0.13425485148191868,0.03502271369111761,0.016901313743166557,0.0
1,B6_deficiency,cbc,available,raw,135,6.0,0.1438685559745776,0.035258140782598715,0.03519517741310671,0.5
1,B6_deficiency,cbc,available,selected,135,6.0,0.13583411169355186,0.03525245316687401,0.02665899022519359,0.5
2,B6_deficiency,cbc,available,raw,134,5.0,0.1661454265697098,0.039154618110272,0.03444702428395415,0.0
2,B6_deficiency,cbc,available,selected,134,5.0,0.15364718106273548,0.03877635407457977,0.026762667924221415,0.0
3,B6_deficiency,cbc,available,raw,134,5.0,0.1945347200381498,0.03750515148476708,0.03190973569616536,0.0
3,B6_deficiency,cbc,available,selected,134,5.0,0.1664879773112794,0.038228724394291216,0.03241168650780138,0.0
4,B6_deficiency,cbc,available,raw,134,6.0,0.16630867145987,0.037077778066930675,0.028239576448036194,0.2857142857142857
4,B6_deficiency,cbc,available,selected,134,6.0,0.15324658468890096,0.03760329744968936,0.018760580414106727,0.2857142857142857
0,B6_deficiency,cbc,drop30,raw,135,6.0,0.172222281872182,0.044630909871621986,0.04123684364215,0.0
0,B6_deficiency,cbc,drop30,selected,135,6.0,0.188676907679525,0.04774458707548539,0.05491882893233594,0.0
1,B6_deficiency,cbc,drop30,raw,135,6.0,0.16533215887148073,0.04439219019237027,0.03089935912891177,0.25
1,B6_deficiency,cbc,drop30,selected,135,6.0,0.183876587523848,0.04806907716040102,0.06102969545120001,0.25
2,B6_deficiency,cbc,drop30,raw,134,5.0,0.24135695245133354,0.06278882397708589,0.0655470445152723,0.0
2,B6_deficiency,cbc,drop30,selected,134,5.0,0.24869955865201818,0.06743585405544315,0.09731024714533923,0.0
3,B6_deficiency,cbc,drop30,raw,134,5.0,0.2059990559822522,0.04697228185152701,0.04513668387637926,0.0
3,B6_deficiency,cbc,drop30,selected,134,5.0,0.21166049388626595,0.05180414472585766,0.06733293870757236,0.0
4,B6_deficiency,cbc,drop30,raw,134,6.0,0.13672930357282373,0.033647115446511895,0.022175542445590512,0.2857142857142857
4,B6_deficiency,cbc,drop30,selected,134,6.0,0.16652450730783253,0.039291360420515696,0.06422037423274388,0.2857142857142857
0,B6_deficiency,cbc,drop60,raw,135,6.0,0.17603591254592102,0.04331726834203896,0.04164453204630442,0.25
0,B6_deficiency,cbc,drop60,selected,135,6.0,0.2091879447961829,0.050861909566052105,0.09206916613081717,0.25
1,B6_deficiency,cbc,drop60,raw,135,6.0,0.23580726844300287,0.059073072147644436,0.07960484622870141,0.0
1,B6_deficiency,cbc,drop60,selected,135,6.0,0.2586064198818842,0.06651895068635603,0.11225958933309355,0.0
2,B6_deficiency,cbc,drop60,raw,134,5.0,0.21342609533642426,0.05422027388014393,0.09791009721113875,0.25
2,B6_deficiency,cbc,drop60,selected,134,5.0,0.2607391806118716,0.06771953542284688,0.15334680315240123,0.25
3,B6_deficiency,cbc,drop60,raw,134,5.0,0.20886296826582226,0.05488931225921401,0.06901905604723901,0.0
3,B6_deficiency,cbc,drop60,selected,134,5.0,0.24019699521577484,0.062238788729971,0.1102631757270764,0.0
4,B6_deficiency,cbc,drop60,raw,134,6.0,0.19942099674767527,0.04964719490433232,0.04604361079248602,0.0
4,B6_deficiency,cbc,drop60,selected,134,6.0,0.22758984169719665,0.057067263435717476,0.08715459571012833,0.0
0,B6_deficiency,cbc,cbc_only,raw,135,6.0,0.13845980207208375,0.03577662149306192,0.022114167834179025,0.0
0,B6_deficiency,cbc,cbc_only,selected,135,6.0,0.13425485148191868,0.03502271369111761,0.016901313743166557,0.0
1,B6_deficiency,cbc,cbc_only,raw,135,6.0,0.1438685559745776,0.035258140782598715,0.03519517741310671,0.5
1,B6_deficiency,cbc,cbc_only,selected,135,6.0,0.13583411169355186,0.03525245316687401,0.02665899022519359,0.5
2,B6_deficiency,cbc,cbc_only,raw,134,5.0,0.1661454265697098,0.039154618110272,0.03444702428395415,0.0
2,B6_deficiency,cbc,cbc_only,selected,134,5.0,0.15364718106273548,0.03877635407457977,0.026762667924221415,0.0
3,B6_deficiency,cbc,cbc_only,raw,134,5.0,0.1945347200381498,0.03750515148476708,0.03190973569616536,0.0
3,B6_deficiency,cbc,cbc_only,selected,134,5.0,0.1664879773112794,0.038228724394291216,0.03241168650780138,0.0
4,B6_deficiency,cbc,cbc_only,raw,134,6.0,0.16630867145987,0.037077778066930675,0.028239576448036194,0.2857142857142857
4,B6_deficiency,cbc,cbc_only,selected,134,6.0,0.15324658468890096,0.03760329744968936,0.018760580414106727,0.2857142857142857
0,B6_deficiency,cbc,hb_only,raw,135,6.0,0.2195530485937151,0.05427598804662519,0.07102409581988187,0.0
0,B6_deficiency,cbc,hb_only,selected,135,6.0,0.26972699504328046,0.06704599788223704,0.13615728505678862,0.0
1,B6_deficiency,cbc,hb_only,raw,135,6.0,0.2094125196422361,0.04770879638630727,0.07429703210855125,0.0
1,B6_deficiency,cbc,hb_only,selected,135,6.0,0.267399713765701,0.0625308487359327,0.14216516551669328,0.0
2,B6_deficiency,cbc,hb_only,raw,134,5.0,0.3261584436037453,0.08678330722834685,0.20223453134943647,0.0
2,B6_deficiency,cbc,hb_only,selected,134,5.0,0.3956941807635403,0.11214096910492725,0.2634625542859519,0.0
3,B6_deficiency,cbc,hb_only,raw,134,5.0,0.23759506849222742,0.05709486524218306,0.0956789779507926,0.0
3,B6_deficiency,cbc,hb_only,selected,134,5.0,0.2940875618675517,0.07439440786167707,0.16466429777990896,0.0
4,B6_deficiency,cbc,hb_only,raw,134,6.0,0.21259182428246376,0.04897164716878538,0.07970962968549127,0.0
4,B6_deficiency,cbc,hb_only,selected,134,6.0,0.28855124479667593,0.06942619813655812,0.16357298130297637,0.0
0,B6_deficiency,cbc,no_iron,raw,135,6.0,0.13845980207208375,0.03577662149306192,0.022114167834179025,0.0
0,B6_deficiency,cbc,no_iron,selected,135,6.0,0.13425485148191868,0.03502271369111761,0.016901313743166557,0.0
1,B6_deficiency,cbc,no_iron,raw,135,6.0,0.1438685559745776,0.035258140782598715,0.03519517741310671,0.5
1,B6_deficiency,cbc,no_iron,selected,135,6.0,0.13583411169355186,0.03525245316687401,0.02665899022519359,0.5
2,B6_deficiency,cbc,no_iron,raw,134,5.0,0.1661454265697098,0.039154618110272,0.03444702428395415,0.0
2,B6_deficiency,cbc,no_iron,selected,134,5.0,0.15364718106273548,0.03877635407457977,0.026762667924221415,0.0
3,B6_deficiency,cbc,no_iron,raw,134,5.0,0.1945347200381498,0.03750515148476708,0.03190973569616536,0.0
3,B6_deficiency,cbc,no_iron,selected,134,5.0,0.1664879773112794,0.038228724394291216,0.03241168650780138,0.0
4,B6_deficiency,cbc,no_iron,raw,134,6.0,0.16630867145987,0.037077778066930675,0.028239576448036194,0.2857142857142857
4,B6_deficiency,cbc,no_iron,selected,134,6.0,0.15324658468890096,0.03760329744968936,0.018760580414106727,0.2857142857142857
0,B6_deficiency,cbc,no_B12,raw,135,6.0,0.13845980207208375,0.03577662149306192,0.022114167834179025,0.0
0,B6_deficiency,cbc,no_B12,selected,135,6.0,0.13425485148191868,0.03502271369111761,0.016901313743166557,0.0
1,B6_deficiency,cbc,no_B12,raw,135,6.0,0.1438685559745776,0.035258140782598715,0.03519517741310671,0.5
1,B6_deficiency,cbc,no_B12,selected,135,6.0,0.13583411169355186,0.03525245316687401,0.02665899022519359,0.5
2,B6_deficiency,cbc,no_B12,raw,134,5.0,0.1661454265697098,0.039154618110272,0.03444702428395415,0.0
2,B6_deficiency,cbc,no_B12,selected,134,5.0,0.15364718106273548,0.03877635407457977,0.026762667924221415,0.0
3,B6_deficiency,cbc,no_B12,raw,134,5.0,0.1945347200381498,0.03750515148476708,0.03190973569616536,0.0
3,B6_deficiency,cbc,no_B12,selected,134,5.0,0.1664879773112794,0.038228724394291216,0.03241168650780138,0.0
4,B6_deficiency,cbc,no_B12,raw,134,6.0,0.16630867145987,0.037077778066930675,0.028239576448036194,0.2857142857142857
4,B6_deficiency,cbc,no_B12,selected,134,6.0,0.15324658468890096,0.03760329744968936,0.018760580414106727,0.2857142857142857
0,B6_deficiency,cbc,no_folate,raw,135,6.0,0.13845980207208375,0.03577662149306192,0.022114167834179025,0.0
0,B6_deficiency,cbc,no_folate,selected,135,6.0,0.13425485148191868,0.03502271369111761,0.016901313743166557,0.0
1,B6_deficiency,cbc,no_folate,raw,135,6.0,0.1438685559745776,0.035258140782598715,0.03519517741310671,0.5
1,B6_deficiency,cbc,no_folate,selected,135,6.0,0.13583411169355186,0.03525245316687401,0.02665899022519359,0.5
2,B6_deficiency,cbc,no_folate,raw,134,5.0,0.1661454265697098,0.039154618110272,0.03444702428395415,0.0
2,B6_deficiency,cbc,no_folate,selected,134,5.0,0.15364718106273548,0.03877635407457977,0.026762667924221415,0.0
3,B6_deficiency,cbc,no_folate,raw,134,5.0,0.1945347200381498,0.03750515148476708,0.03190973569616536,0.0
3,B6_deficiency,cbc,no_folate,selected,134,5.0,0.1664879773112794,0.038228724394291216,0.03241168650780138,0.0
4,B6_deficiency,cbc,no_folate,raw,134,6.0,0.16630867145987,0.037077778066930675,0.028239576448036194,0.2857142857142857
4,B6_deficiency,cbc,no_folate,selected,134,6.0,0.15324658468890096,0.03760329744968936,0.018760580414106727,0.2857142857142857
0,B6_deficiency,cbc,no_B6,raw,135,6.0,0.13845980207208375,0.03577662149306192,0.022114167834179025,0.0
0,B6_deficiency,cbc,no_B6,selected,135,6.0,0.13425485148191868,0.03502271369111761,0.016901313743166557,0.0
1,B6_deficiency,cbc,no_B6,raw,135,6.0,0.1438685559745776,0.035258140782598715,0.03519517741310671,0.5
1,B6_deficiency,cbc,no_B6,selected,135,6.0,0.13583411169355186,0.03525245316687401,0.02665899022519359,0.5
2,B6_deficiency,cbc,no_B6,raw,134,5.0,0.1661454265697098,0.039154618110272,0.03444702428395415,0.0
2,B6_deficiency,cbc,no_B6,selected,134,5.0,0.15364718106273548,0.03877635407457977,0.026762667924221415,0.0
3,B6_deficiency,cbc,no_B6,raw,134,5.0,0.1945347200381498,0.03750515148476708,0.03190973569616536,0.0
3,B6_deficiency,cbc,no_B6,selected,134,5.0,0.1664879773112794,0.038228724394291216,0.03241168650780138,0.0
4,B6_deficiency,cbc,no_B6,raw,134,6.0,0.16630867145987,0.037077778066930675,0.028239576448036194,0.2857142857142857
4,B6_deficiency,cbc,no_B6,selected,134,6.0,0.15324658468890096,0.03760329744968936,0.018760580414106727,0.2857142857142857
0,B6_deficiency,cbc,no_copper,raw,135,6.0,0.13845980207208375,0.03577662149306192,0.022114167834179025,0.0
0,B6_deficiency,cbc,no_copper,selected,135,6.0,0.13425485148191868,0.03502271369111761,0.016901313743166557,0.0
1,B6_deficiency,cbc,no_copper,raw,135,6.0,0.1438685559745776,0.035258140782598715,0.03519517741310671,0.5
1,B6_deficiency,cbc,no_copper,selected,135,6.0,0.13583411169355186,0.03525245316687401,0.02665899022519359,0.5
2,B6_deficiency,cbc,no_copper,raw,134,5.0,0.1661454265697098,0.039154618110272,0.03444702428395415,0.0
2,B6_deficiency,cbc,no_copper,selected,134,5.0,0.15364718106273548,0.03877635407457977,0.026762667924221415,0.0
3,B6_deficiency,cbc,no_copper,raw,134,5.0,0.1945347200381498,0.03750515148476708,0.03190973569616536,0.0
3,B6_deficiency,cbc,no_copper,selected,134,5.0,0.1664879773112794,0.038228724394291216,0.03241168650780138,0.0
4,B6_deficiency,cbc,no_copper,raw,134,6.0,0.16630867145987,0.037077778066930675,0.028239576448036194,0.2857142857142857
4,B6_deficiency,cbc,no_copper,selected,134,6.0,0.15324658468890096,0.03760329744968936,0.018760580414106727,0.2857142857142857
0,B6_deficiency,cbc,no_hemoglobin,raw,135,6.0,0.15108932288003477,0.039455695681636344,0.020843087192692615,0.0
0,B6_deficiency,cbc,no_hemoglobin,selected,135,6.0,0.14726180552235732,0.03856395702223724,0.010108863479811039,0.0
1,B6_deficiency,cbc,no_hemoglobin,raw,135,6.0,0.14026702960948473,0.03219345235141164,0.03468620556121287,0.2857142857142857
1,B6_deficiency,cbc,no_hemoglobin,selected,135,6.0,0.13482073371016412,0.03335144315693609,0.016684531290654343,0.2857142857142857
2,B6_deficiency,cbc,no_hemoglobin,raw,134,5.0,0.16600094166905568,0.03934711026019921,0.03341352208709859,0.0
2,B6_deficiency,cbc,no_hemoglobin,selected,134,5.0,0.15343185117786204,0.038801996172891935,0.013902328195510932,0.0
3,B6_deficiency,cbc,no_hemoglobin,raw,134,5.0,0.18498341950298774,0.037034097654805004,0.03030011413585796,0.0
3,B6_deficiency,cbc,no_hemoglobin,selected,134,5.0,0.16228174184753094,0.037620159463554396,0.020670900964157527,0.0
4,B6_deficiency,cbc,no_hemoglobin,raw,134,6.0,0.16435789460282152,0.039100400129803724,0.02411021448200554,0.0
4,B6_deficiency,cbc,no_hemoglobin,selected,134,6.0,0.15671917989581688,0.03891986724627954,0.01966556770200292,0.0
0,B6_deficiency,cbc,no_demographics,raw,135,6.0,0.149526075566071,0.03906351071850863,0.03530644381347039,0.0
0,B6_deficiency,cbc,no_demographics,selected,135,6.0,0.1357835076140587,0.036941958981471096,0.011743452812832378,0.0
1,B6_deficiency,cbc,no_demographics,raw,135,6.0,0.14350587481171545,0.033341039356847645,0.025795216832128657,0.4
1,B6_deficiency,cbc,no_demographics,selected,135,6.0,0.13021735487047542,0.03285408337090702,0.016245295987373076,0.4
2,B6_deficiency,cbc,no_demographics,raw,134,5.0,0.16102455487717554,0.03561984564261482,0.032692054556855324,0.0
2,B6_deficiency,cbc,no_demographics,selected,134,5.0,0.14395552756319807,0.03553174810819157,0.02188503760149531,0.0
3,B6_deficiency,cbc,no_demographics,raw,134,5.0,0.20209745225456743,0.03699894986607968,0.0288864689965024,0.0
3,B6_deficiency,cbc,no_demographics,selected,134,5.0,0.16345150435751507,0.03670304301782437,0.019230779189429878,0.0
4,B6_deficiency,cbc,no_demographics,raw,134,6.0,0.1778817139957186,0.03770166454783346,0.03355460087480925,0.2857142857142857
4,B6_deficiency,cbc,no_demographics,selected,134,6.0,0.15441992544359834,0.03766351467190686,0.023141226693471812,0.2857142857142857
0,copper_deficiency,primary,available,raw,135,5.0,0.014874998724228436,0.004378524347847019,0.011352942909634208,0.8888888888888888
0,copper_deficiency,primary,available,selected,135,5.0,0.014697553732957738,0.002838995047104486,0.012697796063194284,1.0
1,copper_deficiency,primary,available,raw,135,6.0,0.04501832026048315,0.009215147804790345,0.011168222359558971,0.9090909090909091
1,copper_deficiency,primary,available,selected,135,6.0,0.040810765118673556,0.008656183548974506,0.009036497087735225,0.9090909090909091
2,copper_deficiency,primary,available,raw,134,6.0,0.018401857374185943,0.005799431999508717,0.009224628239648392,0.9090909090909091
2,copper_deficiency,primary,available,selected,134,6.0,0.016347620152664836,0.0047033272861644534,0.010639291447817853,0.9090909090909091
3,copper_deficiency,primary,available,raw,134,6.0,0.03137823375823863,0.01107747561288467,0.01579964746373781,0.8
3,copper_deficiency,primary,available,selected,134,6.0,0.027288126239188918,0.0096995588028124,0.016115751111376305,0.8
4,copper_deficiency,primary,available,raw,134,5.0,0.006325662323327465,0.0008377973490352628,0.005844742425280353,1.0
4,copper_deficiency,primary,available,selected,134,5.0,0.014216030133426079,0.0021448202282240234,0.012821398007980952,1.0
0,copper_deficiency,primary,drop30,raw,135,5.0,0.08120710512265428,0.012077551513274337,0.018805643627613517,0.8888888888888888
0,copper_deficiency,primary,drop30,selected,135,5.0,0.09186245497211205,0.016222191820252148,0.03635147516242896,0.8888888888888888
1,copper_deficiency,primary,drop30,raw,135,6.0,0.08005433124245391,0.02104007903929833,0.021101737523152628,0.6666666666666666
1,copper_deficiency,primary,drop30,selected,135,6.0,0.07026163109684702,0.019514596985778135,0.010175466243649707,0.6666666666666666
2,copper_deficiency,primary,drop30,raw,134,6.0,0.03148080511440741,0.00878145217704208,0.020187383630178954,0.8333333333333334
2,copper_deficiency,primary,drop30,selected,134,6.0,0.0362483496094322,0.008945584611827184,0.024802884458917266,0.8333333333333334
3,copper_deficiency,primary,drop30,raw,134,6.0,0.0770089822312269,0.01594705131297804,0.017718355474605468,0.6666666666666666
3,copper_deficiency,primary,drop30,selected,134,6.0,0.06727055833967822,0.014560259742748355,0.015160469858279789,0.8
4,copper_deficiency,primary,drop30,raw,134,5.0,0.07180117128263651,0.012574922178957733,0.013118683639883055,0.8
4,copper_deficiency,primary,drop30,selected,134,5.0,0.06531530767807864,0.01341120579703921,0.01007910115477001,0.8
0,copper_deficiency,primary,drop60,raw,135,5.0,0.1266215686263391,0.02419877979325721,0.018638543505017237,0.5714285714285714
0,copper_deficiency,primary,drop60,selected,135,5.0,0.12806825419627546,0.026024902878018098,0.023377430230108617,0.5714285714285714
1,copper_deficiency,primary,drop60,raw,135,6.0,0.16374989744481502,0.036171752413672785,0.035931767978619134,0.2857142857142857
1,copper_deficiency,primary,drop60,selected,135,6.0,0.1383859318468397,0.034671241828770474,0.02503633355883871,0.2857142857142857
2,copper_deficiency,primary,drop60,raw,134,6.0,0.16920592179796734,0.03494681569326625,0.025154378301082823,0.2857142857142857
2,copper_deficiency,primary,drop60,selected,134,6.0,0.15395798847594447,0.033789811481630204,0.017981027185097757,0.2857142857142857
3,copper_deficiency,primary,drop60,raw,134,6.0,0.21290429079988935,0.03569432232946183,0.03610096012119549,0.2857142857142857
3,copper_deficiency,primary,drop60,selected,134,6.0,0.1877231228209685,0.03451403420972858,0.03275543230612448,0.2857142857142857
4,copper_deficiency,primary,drop60,raw,134,5.0,0.02447769880701758,0.007720463460314108,0.012616937195712576,0.9090909090909091
4,copper_deficiency,primary,drop60,selected,134,5.0,0.03171321436279011,0.007267119278741979,0.019800668519128865,0.9090909090909091
0,copper_deficiency,primary,cbc_only,raw,135,5.0,0.24465974714448738,0.036922386831180994,0.036290419879141556,0.0
0,copper_deficiency,primary,cbc_only,selected,135,5.0,0.2002557792285421,0.036655655049524234,0.0342566072215577,0.0
1,copper_deficiency,primary,cbc_only,raw,135,6.0,0.2963067543351154,0.04431951268581847,0.04360262981330423,0.0
1,copper_deficiency,primary,cbc_only,selected,135,6.0,0.24025012691940575,0.044001331640605254,0.04120027297159451,0.0
2,copper_deficiency,primary,cbc_only,raw,134,6.0,0.2897937983056455,0.04463307001725908,0.04392702001896827,0.0
2,copper_deficiency,primary,cbc_only,selected,134,6.0,0.2506835404224372,0.04442876701878702,0.04263486052913929,0.0
3,copper_deficiency,primary,cbc_only,raw,134,6.0,0.3386109814202728,0.04472306217871271,0.0444689793028698,0.0
3,copper_deficiency,primary,cbc_only,selected,134,6.0,0.2996676948748931,0.04465073588498875,0.0440209476688384,0.0
4,copper_deficiency,primary,cbc_only,raw,134,5.0,0.2633376287170034,0.03724690736358423,0.036900203320641464,0.0
4,copper_deficiency,primary,cbc_only,selected,134,5.0,0.19226314211704126,0.03684940830089379,0.03389444338852532,0.0
0,copper_deficiency,primary,hb_only,raw,135,5.0,0.16864710928100776,0.036106072434319764,0.020710334710572945,0.0
0,copper_deficiency,primary,hb_only,selected,135,5.0,0.1589377403109207,0.03570732315148317,0.003835441305529812,0.0
1,copper_deficiency,primary,hb_only,raw,135,6.0,0.24404199395113316,0.04405935681139473,0.04013305048336678,0.0
1,copper_deficiency,primary,hb_only,selected,135,6.0,0.20248611138563524,0.0433739325191335,0.03096050861646549,0.0
2,copper_deficiency,primary,hb_only,raw,134,6.0,0.19248550945201204,0.043303820118902464,0.023274295656474858,0.0
2,copper_deficiency,primary,hb_only,selected,134,6.0,0.18264495155707428,0.0427551115757032,0.0002939205683054752,0.0
3,copper_deficiency,primary,hb_only,raw,134,6.0,0.2824036515350782,0.0446083876137513,0.04288941556541608,0.0
3,copper_deficiency,primary,hb_only,selected,134,6.0,0.24925604516187225,0.044416890805183226,0.040623743514618844,0.0
4,copper_deficiency,primary,hb_only,raw,134,5.0,0.2418007140106502,0.037196794872783205,0.035576819883954496,0.0
4,copper_deficiency,primary,hb_only,selected,134,5.0,0.18169304909016976,0.03667243513557201,0.02650885953796745,0.0
0,copper_deficiency,primary,no_iron,raw,135,5.0,0.01778081865814937,0.005278838334358742,0.01366282725799838,0.8888888888888888
0,copper_deficiency,primary,no_iron,selected,135,5.0,0.01692301606356186,0.0033846038999015737,0.01458568231648201,1.0
1,copper_deficiency,primary,no_iron,raw,135,6.0,0.044760315775040346,0.008867742325323637,0.00972254112791185,0.9090909090909091
1,copper_deficiency,primary,no_iron,selected,135,6.0,0.04165585563834595,0.0085281476534031,0.0075182985672197795,0.9090909090909091
2,copper_deficiency,primary,no_iron,raw,134,6.0,0.01667182738124305,0.005314428493714735,0.009219151193592925,0.9090909090909091
2,copper_deficiency,primary,no_iron,selected,134,6.0,0.015419030842750852,0.004115056105607689,0.010977132751301213,0.9090909090909091
3,copper_deficiency,primary,no_iron,raw,134,6.0,0.03161023713830905,0.011079082001622529,0.015851510703408882,0.8
3,copper_deficiency,primary,no_iron,selected,134,6.0,0.02744296634673533,0.009655489061064814,0.0161810069797891,0.8
4,copper_deficiency,primary,no_iron,raw,134,5.0,0.00616287458061465,0.0008020385255798637,0.005697991077683336,1.0
4,copper_deficiency,primary,no_iron,selected,134,5.0,0.014817524579608944,0.0021594618567010323,0.013399606719003733,1.0
0,copper_deficiency,primary,no_B12,raw,135,5.0,0.015568365694566677,0.004688450450332279,0.011725064785971446,0.8888888888888888
0,copper_deficiency,primary,no_B12,selected,135,5.0,0.015181037838223391,0.0030475438667430478,0.013003625399521247,1.0
1,copper_deficiency,primary,no_B12,raw,135,6.0,0.0449696049691285,0.009430266489300022,0.011939472545141777,0.9090909090909091
1,copper_deficiency,primary,no_B12,selected,135,6.0,0.040008969460735386,0.00868586186038917,0.009969726475996568,0.9090909090909091
2,copper_deficiency,primary,no_B12,raw,134,6.0,0.017750882710094663,0.0056586070659928765,0.00910993719999236,0.9090909090909091
2,copper_deficiency,primary,no_B12,selected,134,6.0,0.015871701752228875,0.004527509099708783,0.01056527341632833,0.9090909090909091
3,copper_deficiency,primary,no_B12,raw,134,6.0,0.03183919581832941,0.01118308689215846,0.015734611540642693,0.8
3,copper_deficiency,primary,no_B12,selected,134,6.0,0.02773903829656621,0.009843100567849254,0.016142037588157538,0.8
4,copper_deficiency,primary,no_B12,raw,134,5.0,0.0062174317627530905,0.000812334431508236,0.005751362351310454,1.0
4,copper_deficiency,primary,no_B12,selected,134,5.0,0.014082032487392185,0.0020985570664791946,0.012719601932324106,1.0
0,copper_deficiency,primary,no_folate,raw,135,5.0,0.0152583822609663,0.004563022598452029,0.01157755252843392,0.8888888888888888
0,copper_deficiency,primary,no_folate,selected,135,5.0,0.01493178310322693,0.00295237048273131,0.012847158582034321,1.0
1,copper_deficiency,primary,no_folate,raw,135,6.0,0.04501850373342357,0.009218224329187256,0.011195412490788852,0.9090909090909091
1,copper_deficiency,primary,no_folate,selected,135,6.0,0.04077421431090947,0.008660687753074174,0.009160101316158414,0.9090909090909091
2,copper_deficiency,primary,no_folate,raw,134,6.0,0.01835966861970828,0.005784855041078456,0.009238735509552775,0.9090909090909091
2,copper_deficiency,primary,no_folate,selected,134,6.0,0.016374389922683846,0.004688593654377782,0.010706721230952478,0.9090909090909091
3,copper_deficiency,primary,no_folate,raw,134,6.0,0.030572207343430764,0.010824706094162872,0.011895415764940173,0.8
3,copper_deficiency,primary,no_folate,selected,134,6.0,0.026761893273472396,0.009467178031388886,0.010926963382945088,0.8
4,copper_deficiency,primary,no_folate,raw,134,5.0,0.006337057841576629,0.0008555718151553217,0.005842468065676925,1.0
4,copper_deficiency,primary,no_folate,selected,134,5.0,0.014339908988340127,0.0021985342696995876,0.012897148031953019,1.0
0,copper_deficiency,primary,no_B6,raw,135,5.0,0.014514726190383,0.004202634724716562,0.011144874507988966,0.8888888888888888
0,copper_deficiency,primary,no_B6,selected,135,5.0,0.014451610629385441,0.002729682959393562,0.012533502505680754,1.0
1,copper_deficiency,primary,no_B6,raw,135,6.0,0.045008259821213654,0.009214993618106722,0.011178203956893376,0.9090909090909091
1,copper_deficiency,primary,no_B6,selected,135,6.0,0.04078123758965923,0.008655315544318662,0.009065569942518436,0.9090909090909091
2,copper_deficiency,primary,no_B6,raw,134,6.0,0.01840716124179963,0.005799952751653084,0.009229662500455798,0.9090909090909091
2,copper_deficiency,primary,no_B6,selected,134,6.0,0.01636332956083576,0.004705839404304389,0.010653659160685334,0.9090909090909091
3,copper_deficiency,primary,no_B6,raw,134,6.0,0.031370378980779316,0.011077444570017156,0.015791808249171296,0.8
3,copper_deficiency,primary,no_B6,selected,134,6.0,0.02727175067163399,0.00969942345702916,0.01609944359396055,0.8
4,copper_deficiency,primary,no_B6,raw,134,5.0,0.006273590239721682,0.0008286857673640958,0.0057977946380993114,1.0
4,copper_deficiency,primary,no_B6,selected,134,5.0,0.014149713097363735,0.0021378287731244976,0.012758971433058245,1.0
0,copper_deficiency,primary,no_copper,raw,135,5.0,0.21943142485984538,0.036745967661812706,0.036083925650982396,0.0
0,copper_deficiency,primary,no_copper,selected,135,5.0,0.1786054758599343,0.03620054123014308,0.03365451720351408,0.0
1,copper_deficiency,primary,no_copper,raw,135,6.0,0.2898444735199297,0.04429065066459246,0.043429733063197216,0.0
1,copper_deficiency,primary,no_copper,selected,135,6.0,0.23504679866334152,0.04392184396752447,0.04068316177901032,0.0
2,copper_deficiency,primary,no_copper,raw,134,6.0,0.28159074635992665,0.04453047865110596,0.044004632134435416,0.0
2,copper_deficiency,primary,no_copper,selected,134,6.0,0.24278293994527173,0.044209918319058954,0.042835717149152255,0.0
3,copper_deficiency,primary,no_copper,raw,134,6.0,0.3395489738743431,0.04472417883374409,0.04446897256031574,0.0
3,copper_deficiency,primary,no_copper,selected,134,6.0,0.3005417823351872,0.04465333591084615,0.0440203812632599,0.0
4,copper_deficiency,primary,no_copper,raw,134,5.0,0.27227356194827534,0.037256296442040884,0.03695399400254082,0.0
4,copper_deficiency,primary,no_copper,selected,134,5.0,0.19894581990333812,0.03690809847874823,0.03429203035094644,0.0
0,copper_deficiency,primary,no_hemoglobin,raw,135,5.0,0.014483136307791088,0.004185459825836578,0.011122501617558636,0.8888888888888888
0,copper_deficiency,primary,no_hemoglobin,selected,135,5.0,0.014546479058476449,0.0027226989476834026,0.012632200584104176,1.0
1,copper_deficiency,primary,no_hemoglobin,raw,135,6.0,0.04595862430505062,0.00969917509083341,0.011781613311971945,0.9090909090909091
1,copper_deficiency,primary,no_hemoglobin,selected,135,6.0,0.04174385625405866,0.008995342261269025,0.011120933419568279,0.9090909090909091
2,copper_deficiency,primary,no_hemoglobin,raw,134,6.0,0.018421334624851664,0.0058070789216573045,0.009208180784318076,0.9090909090909091
2,copper_deficiency,primary,no_hemoglobin,selected,134,6.0,0.016337999512598518,0.004711167788789818,0.010603921254581582,0.9090909090909091
3,copper_deficiency,primary,no_hemoglobin,raw,134,6.0,0.03064047154907144,0.01084915528186895,0.012299651346872375,0.8
3,copper_deficiency,primary,no_hemoglobin,selected,134,6.0,0.02676343635049665,0.009430348556128157,0.016218775807586423,0.8
4,copper_deficiency,primary,no_hemoglobin,raw,134,5.0,0.006978282495587668,0.0010172908518595884,0.006383196051834045,1.0
4,copper_deficiency,primary,no_hemoglobin,selected,134,5.0,0.01513024772525522,0.002414439565509929,0.013524404983273028,1.0
0,copper_deficiency,primary,no_demographics,raw,135,5.0,0.015130826643198425,0.004434404765955563,0.01157182097728142,0.8888888888888888
0,copper_deficiency,primary,no_demographics,selected,135,5.0,0.015061332762739927,0.002876939241271801,0.013038372146493248,1.0
1,copper_deficiency,primary,no_demographics,raw,135,6.0,0.04285548505490612,0.008929300441918213,0.010042746327496837,0.9090909090909091
1,copper_deficiency,primary,no_demographics,selected,135,6.0,0.039841192907961204,0.00851330271532095,0.009618502201337939,0.9090909090909091
2,copper_deficiency,primary,no_demographics,raw,134,6.0,0.018013486956334045,0.005632694351195597,0.009485384678285424,0.9090909090909091
2,copper_deficiency,primary,no_demographics,selected,134,6.0,0.016857268579076268,0.004539749810171593,0.011609645427452065,0.9090909090909091
3,copper_deficiency,primary,no_demographics,raw,134,6.0,0.028851472394882578,0.01029913604421406,0.01169281132228713,0.8
3,copper_deficiency,primary,no_demographics,selected,134,6.0,0.025490627081021688,0.00889779702465273,0.010793984135663244,0.8
4,copper_deficiency,primary,no_demographics,raw,134,5.0,0.007201327484529822,0.0011306973303194762,0.006514968303426603,1.0
4,copper_deficiency,primary,no_demographics,selected,134,5.0,0.01729667762261848,0.0028576505509918903,0.0153141559707208,1.0
0,copper_deficiency,cbc,available,raw,135,5.0,0.09939746089324054,0.02908660788051467,0.03162440714982019,0.0
0,copper_deficiency,cbc,available,selected,135,5.0,0.107189323530616,0.027698965181290773,0.043034701793247795,0.0
1,copper_deficiency,cbc,available,raw,135,6.0,0.14985468832166265,0.04142748739451166,0.02648064107398355,0.0
1,copper_deficiency,cbc,available,selected,135,6.0,0.1475388959232619,0.04133037900511168,0.02735134043258047,0.0
2,copper_deficiency,cbc,available,raw,134,6.0,0.14969751462034828,0.04088366633670779,0.038566200569466205,0.0
2,copper_deficiency,cbc,available,selected,134,6.0,0.13830957433907437,0.039009852587052515,0.013886334376493774,0.0
3,copper_deficiency,cbc,available,raw,134,6.0,0.16259801244540964,0.04023815806873247,0.03252978354024753,0.0
3,copper_deficiency,cbc,available,selected,134,6.0,0.14682221616341765,0.03883932581691339,0.01160472684665919,0.0
4,copper_deficiency,cbc,available,raw,134,5.0,0.10000690135632229,0.027221415238025317,0.014738484348369201,0.3333333333333333
4,copper_deficiency,cbc,available,selected,134,5.0,0.10412819972567491,0.02666084330771249,0.022381756203304154,0.3333333333333333
0,copper_deficiency,cbc,drop30,raw,135,5.0,0.42543988797311116,0.1414297769753206,0.18325856897876203,0.0625
0,copper_deficiency,cbc,drop30,selected,135,5.0,0.39877135952358594,0.1337685957611714,0.20452863672602042,0.0625
1,copper_deficiency,cbc,drop30,raw,135,6.0,0.4572375293970224,0.16260025893037944,0.22225966430305302,0.05128205128205128
1,copper_deficiency,cbc,drop30,selected,135,6.0,0.43940381335635853,0.15371723715349886,0.2399774830291322,0.05128205128205128
2,copper_deficiency,cbc,drop30,raw,134,6.0,0.2727526156797426,0.08576338155308814,0.09424252467078494,0.10526315789473684
2,copper_deficiency,cbc,drop30,selected,134,6.0,0.25865628018465137,0.08229721846865375,0.08782624224290839,0.10526315789473684
3,copper_deficiency,cbc,drop30,raw,134,6.0,0.31647570802168473,0.10096621377186632,0.12238731553997073,0.09523809523809523
3,copper_deficiency,cbc,drop30,selected,134,6.0,0.3178634450108313,0.10097920003280694,0.154376593371098,0.09523809523809523
4,copper_deficiency,cbc,drop30,raw,134,5.0,0.3109205834714813,0.10119683890819377,0.14293011966782776,0.09523809523809523
4,copper_deficiency,cbc,drop30,selected,134,5.0,0.3127581911851141,0.10039375092646272,0.15918043352072947,0.09523809523809523
0,copper_deficiency,cbc,drop60,raw,135,5.0,0.5420253824480685,0.19359819163152198,0.30345734468946717,0.0851063829787234
0,copper_deficiency,cbc,drop60,selected,135,5.0,0.5250801145526208,0.183756879472614,0.3228362549651282,0.0851063829787234
1,copper_deficiency,cbc,drop60,raw,135,6.0,0.9767366633193934,0.3473298977675376,0.4629392922465877,0.12658227848101267
1,copper_deficiency,cbc,drop60,selected,135,6.0,0.8401634276778097,0.31106652907179116,0.45461056070845657,0.12658227848101267
2,copper_deficiency,cbc,drop60,raw,134,6.0,0.3979433678552445,0.133953138937651,0.21118497844708992,0.13333333333333333
2,copper_deficiency,cbc,drop60,selected,134,6.0,0.40628786921800975,0.13511016442711868,0.23610030724378592,0.13333333333333333
3,copper_deficiency,cbc,drop60,raw,134,6.0,0.6778979669888507,0.24259069269210942,0.34793309465137273,0.12903225806451613
3,copper_deficiency,cbc,drop60,selected,134,6.0,0.6227162968624801,0.2246765911876334,0.3549937644637768,0.12903225806451613
4,copper_deficiency,cbc,drop60,raw,134,5.0,0.6068383274215249,0.21810165118560257,0.3239500881726907,0.07017543859649122
4,copper_deficiency,cbc,drop60,selected,134,5.0,0.5709794757756276,0.20376385380487183,0.3376090247344954,0.07017543859649122
0,copper_deficiency,cbc,cbc_only,raw,135,5.0,0.09939746089324054,0.02908660788051467,0.03162440714982019,0.0
0,copper_deficiency,cbc,cbc_only,selected,135,5.0,0.107189323530616,0.027698965181290773,0.043034701793247795,0.0
1,copper_deficiency,cbc,cbc_only,raw,135,6.0,0.14985468832166265,0.04142748739451166,0.02648064107398355,0.0
1,copper_deficiency,cbc,cbc_only,selected,135,6.0,0.1475388959232619,0.04133037900511168,0.02735134043258047,0.0
2,copper_deficiency,cbc,cbc_only,raw,134,6.0,0.14969751462034828,0.04088366633670779,0.038566200569466205,0.0
2,copper_deficiency,cbc,cbc_only,selected,134,6.0,0.13830957433907437,0.039009852587052515,0.013886334376493774,0.0
3,copper_deficiency,cbc,cbc_only,raw,134,6.0,0.16259801244540964,0.04023815806873247,0.03252978354024753,0.0
3,copper_deficiency,cbc,cbc_only,selected,134,6.0,0.14682221616341765,0.03883932581691339,0.01160472684665919,0.0
4,copper_deficiency,cbc,cbc_only,raw,134,5.0,0.10000690135632229,0.027221415238025317,0.014738484348369201,0.3333333333333333
4,copper_deficiency,cbc,cbc_only,selected,134,5.0,0.10412819972567491,0.02666084330771249,0.022381756203304154,0.3333333333333333
0,copper_deficiency,cbc,hb_only,raw,135,5.0,0.5630624251243479,0.1858681637693225,0.384469446416695,0.0
0,copper_deficiency,cbc,hb_only,selected,135,5.0,0.6005101260328927,0.2040009512079031,0.40870864996589074,0.0
1,copper_deficiency,cbc,hb_only,raw,135,6.0,2.0557177732915637,0.7427349707216574,0.8371197120994149,0.0851063829787234
1,copper_deficiency,cbc,hb_only,selected,135,6.0,1.6018256553524288,0.628562306495412,0.7658839987789995,0.0851063829787234
2,copper_deficiency,cbc,hb_only,raw,134,6.0,0.3437080248011178,0.09257055635106003,0.20559529635625542,0.0
2,copper_deficiency,cbc,hb_only,selected,134,6.0,0.4049310064182051,0.1151898287367336,0.26032903404204827,0.0
3,copper_deficiency,cbc,hb_only,raw,134,6.0,0.8980904771579187,0.3432123777696727,0.5307429580902429,0.05555555555555555
3,copper_deficiency,cbc,hb_only,selected,134,6.0,0.8295425915358304,0.314990964752057,0.5105190241662872,0.05555555555555555
4,copper_deficiency,cbc,hb_only,raw,134,5.0,1.35683199343853,0.5285153741770033,0.6932293156722896,0.07194244604316546
4,copper_deficiency,cbc,hb_only,selected,134,5.0,1.1219078582550093,0.44595048638384466,0.6336462329894145,0.07194244604316546
0,copper_deficiency,cbc,no_iron,raw,135,5.0,0.09939746089324054,0.02908660788051467,0.03162440714982019,0.0
0,copper_deficiency,cbc,no_iron,selected,135,5.0,0.107189323530616,0.027698965181290773,0.043034701793247795,0.0
1,copper_deficiency,cbc,no_iron,raw,135,6.0,0.14985468832166265,0.04142748739451166,0.02648064107398355,0.0
1,copper_deficiency,cbc,no_iron,selected,135,6.0,0.1475388959232619,0.04133037900511168,0.02735134043258047,0.0
2,copper_deficiency,cbc,no_iron,raw,134,6.0,0.14969751462034828,0.04088366633670779,0.038566200569466205,0.0
2,copper_deficiency,cbc,no_iron,selected,134,6.0,0.13830957433907437,0.039009852587052515,0.013886334376493774,0.0
3,copper_deficiency,cbc,no_iron,raw,134,6.0,0.16259801244540964,0.04023815806873247,0.03252978354024753,0.0
3,copper_deficiency,cbc,no_iron,selected,134,6.0,0.14682221616341765,0.03883932581691339,0.01160472684665919,0.0
4,copper_deficiency,cbc,no_iron,raw,134,5.0,0.10000690135632229,0.027221415238025317,0.014738484348369201,0.3333333333333333
4,copper_deficiency,cbc,no_iron,selected,134,5.0,0.10412819972567491,0.02666084330771249,0.022381756203304154,0.3333333333333333
0,copper_deficiency,cbc,no_B12,raw,135,5.0,0.09939746089324054,0.02908660788051467,0.03162440714982019,0.0
0,copper_deficiency,cbc,no_B12,selected,135,5.0,0.107189323530616,0.027698965181290773,0.043034701793247795,0.0
1,copper_deficiency,cbc,no_B12,raw,135,6.0,0.14985468832166265,0.04142748739451166,0.02648064107398355,0.0
1,copper_deficiency,cbc,no_B12,selected,135,6.0,0.1475388959232619,0.04133037900511168,0.02735134043258047,0.0
2,copper_deficiency,cbc,no_B12,raw,134,6.0,0.14969751462034828,0.04088366633670779,0.038566200569466205,0.0
2,copper_deficiency,cbc,no_B12,selected,134,6.0,0.13830957433907437,0.039009852587052515,0.013886334376493774,0.0
3,copper_deficiency,cbc,no_B12,raw,134,6.0,0.16259801244540964,0.04023815806873247,0.03252978354024753,0.0
3,copper_deficiency,cbc,no_B12,selected,134,6.0,0.14682221616341765,0.03883932581691339,0.01160472684665919,0.0
4,copper_deficiency,cbc,no_B12,raw,134,5.0,0.10000690135632229,0.027221415238025317,0.014738484348369201,0.3333333333333333
4,copper_deficiency,cbc,no_B12,selected,134,5.0,0.10412819972567491,0.02666084330771249,0.022381756203304154,0.3333333333333333
0,copper_deficiency,cbc,no_folate,raw,135,5.0,0.09939746089324054,0.02908660788051467,0.03162440714982019,0.0
0,copper_deficiency,cbc,no_folate,selected,135,5.0,0.107189323530616,0.027698965181290773,0.043034701793247795,0.0
1,copper_deficiency,cbc,no_folate,raw,135,6.0,0.14985468832166265,0.04142748739451166,0.02648064107398355,0.0
1,copper_deficiency,cbc,no_folate,selected,135,6.0,0.1475388959232619,0.04133037900511168,0.02735134043258047,0.0
2,copper_deficiency,cbc,no_folate,raw,134,6.0,0.14969751462034828,0.04088366633670779,0.038566200569466205,0.0
2,copper_deficiency,cbc,no_folate,selected,134,6.0,0.13830957433907437,0.039009852587052515,0.013886334376493774,0.0
3,copper_deficiency,cbc,no_folate,raw,134,6.0,0.16259801244540964,0.04023815806873247,0.03252978354024753,0.0
3,copper_deficiency,cbc,no_folate,selected,134,6.0,0.14682221616341765,0.03883932581691339,0.01160472684665919,0.0
4,copper_deficiency,cbc,no_folate,raw,134,5.0,0.10000690135632229,0.027221415238025317,0.014738484348369201,0.3333333333333333
4,copper_deficiency,cbc,no_folate,selected,134,5.0,0.10412819972567491,0.02666084330771249,0.022381756203304154,0.3333333333333333
0,copper_deficiency,cbc,no_B6,raw,135,5.0,0.09939746089324054,0.02908660788051467,0.03162440714982019,0.0
0,copper_deficiency,cbc,no_B6,selected,135,5.0,0.107189323530616,0.027698965181290773,0.043034701793247795,0.0
1,copper_deficiency,cbc,no_B6,raw,135,6.0,0.14985468832166265,0.04142748739451166,0.02648064107398355,0.0
1,copper_deficiency,cbc,no_B6,selected,135,6.0,0.1475388959232619,0.04133037900511168,0.02735134043258047,0.0
2,copper_deficiency,cbc,no_B6,raw,134,6.0,0.14969751462034828,0.04088366633670779,0.038566200569466205,0.0
2,copper_deficiency,cbc,no_B6,selected,134,6.0,0.13830957433907437,0.039009852587052515,0.013886334376493774,0.0
3,copper_deficiency,cbc,no_B6,raw,134,6.0,0.16259801244540964,0.04023815806873247,0.03252978354024753,0.0
3,copper_deficiency,cbc,no_B6,selected,134,6.0,0.14682221616341765,0.03883932581691339,0.01160472684665919,0.0
4,copper_deficiency,cbc,no_B6,raw,134,5.0,0.10000690135632229,0.027221415238025317,0.014738484348369201,0.3333333333333333
4,copper_deficiency,cbc,no_B6,selected,134,5.0,0.10412819972567491,0.02666084330771249,0.022381756203304154,0.3333333333333333
0,copper_deficiency,cbc,no_copper,raw,135,5.0,0.09939746089324054,0.02908660788051467,0.03162440714982019,0.0
0,copper_deficiency,cbc,no_copper,selected,135,5.0,0.107189323530616,0.027698965181290773,0.043034701793247795,0.0
1,copper_deficiency,cbc,no_copper,raw,135,6.0,0.14985468832166265,0.04142748739451166,0.02648064107398355,0.0
1,copper_deficiency,cbc,no_copper,selected,135,6.0,0.1475388959232619,0.04133037900511168,0.02735134043258047,0.0
2,copper_deficiency,cbc,no_copper,raw,134,6.0,0.14969751462034828,0.04088366633670779,0.038566200569466205,0.0
2,copper_deficiency,cbc,no_copper,selected,134,6.0,0.13830957433907437,0.039009852587052515,0.013886334376493774,0.0
3,copper_deficiency,cbc,no_copper,raw,134,6.0,0.16259801244540964,0.04023815806873247,0.03252978354024753,0.0
3,copper_deficiency,cbc,no_copper,selected,134,6.0,0.14682221616341765,0.03883932581691339,0.01160472684665919,0.0
4,copper_deficiency,cbc,no_copper,raw,134,5.0,0.10000690135632229,0.027221415238025317,0.014738484348369201,0.3333333333333333
4,copper_deficiency,cbc,no_copper,selected,134,5.0,0.10412819972567491,0.02666084330771249,0.022381756203304154,0.3333333333333333
0,copper_deficiency,cbc,no_hemoglobin,raw,135,5.0,0.10299865217295508,0.029231192887402835,0.022564175473009516,0.0
0,copper_deficiency,cbc,no_hemoglobin,selected,135,5.0,0.1117448671541717,0.02854228851331151,0.0352040316484123,0.0
1,copper_deficiency,cbc,no_hemoglobin,raw,135,6.0,0.1488648479972748,0.04059785423528887,0.021234641870970492,0.0
1,copper_deficiency,cbc,no_hemoglobin,selected,135,6.0,0.15071102900348887,0.04136047222937379,0.023481353543792736,0.0
2,copper_deficiency,cbc,no_hemoglobin,raw,134,6.0,0.1424523959311068,0.04064516329668755,0.03571262001016424,0.0
2,copper_deficiency,cbc,no_hemoglobin,selected,134,6.0,0.1348601036883973,0.03865404252923499,0.023240300412682068,0.0
3,copper_deficiency,cbc,no_hemoglobin,raw,134,6.0,0.14550342927374085,0.038760852512228924,0.02241575600017686,0.0
3,copper_deficiency,cbc,no_hemoglobin,selected,134,6.0,0.14097938558649625,0.0378167329569519,0.028576791193895883,0.0
4,copper_deficiency,cbc,no_hemoglobin,raw,134,5.0,0.10760037985710448,0.028458039281756796,0.021746693733549583,0.3333333333333333
4,copper_deficiency,cbc,no_hemoglobin,selected,134,5.0,0.11353824607278566,0.028530923964795504,0.021590819630900433,0.3333333333333333
0,copper_deficiency,cbc,no_demographics,raw,135,5.0,0.09917062237908283,0.02908588865250865,0.02591757039035555,0.0
0,copper_deficiency,cbc,no_demographics,selected,135,5.0,0.11066806102396903,0.02804042756447952,0.05964677169750606,0.0
1,copper_deficiency,cbc,no_demographics,raw,135,6.0,0.1577675515983145,0.04507125172882922,0.028855477746080122,0.0
1,copper_deficiency,cbc,no_demographics,selected,135,6.0,0.1597821306572406,0.04526359082283562,0.03509480974180492,0.0
2,copper_deficiency,cbc,no_demographics,raw,134,6.0,0.1404437563576423,0.040116903792349785,0.02368570215650131,0.25
2,copper_deficiency,cbc,no_demographics,selected,134,6.0,0.14298751779033772,0.039805416685096885,0.028797250932105254,0.25
3,copper_deficiency,cbc,no_demographics,raw,134,6.0,0.14683698989847735,0.03667859521864544,0.02298935618356047,0.2857142857142857
3,copper_deficiency,cbc,no_demographics,selected,134,6.0,0.15526341501023902,0.038981415415700764,0.040999725229216494,0.2857142857142857
4,copper_deficiency,cbc,no_demographics,raw,134,5.0,0.08638435837333278,0.024820817906970608,0.04815687210870458,0.3333333333333333
4,copper_deficiency,cbc,no_demographics,selected,134,5.0,0.1106855237472919,0.026867227957913558,0.0635391289728475,0.3333333333333333
0,inflammation_anemia,primary,available,raw,135,10.0,0.04223792449879584,0.009051395721747211,0.012504540126801965,0.9473684210526315
0,inflammation_anemia,primary,available,selected,135,10.0,0.03872249076474785,0.00806387515383465,0.009674096258393947,0.9473684210526315
1,inflammation_anemia,primary,available,raw,135,10.0,0.009649611403832616,0.002429653948361707,0.007753155136713514,0.9523809523809523
1,inflammation_anemia,primary,available,selected,135,10.0,0.012010822556132507,0.003288651387075228,0.009196133800517932,0.9523809523809523
2,inflammation_anemia,primary,available,raw,134,11.0,0.026941191299902547,0.007286218790466653,0.012886740259502406,0.9565217391304348
2,inflammation_anemia,primary,available,selected,134,11.0,0.030189819892231046,0.008196263637776435,0.016341726828095395,0.9565217391304348
3,inflammation_anemia,primary,available,raw,134,11.0,0.021102169652777916,0.006506758447471774,0.011363971451502414,0.9523809523809523
3,inflammation_anemia,primary,available,selected,134,11.0,0.02127816358829198,0.006529162283574434,0.014407853336061946,0.9523809523809523
4,inflammation_anemia,primary,available,raw,134,10.0,0.014779594502589335,0.003529162842954999,0.012131566184482488,0.9473684210526315
4,inflammation_anemia,primary,available,selected,134,10.0,0.013577899104405908,0.0033481729347211693,0.011188014781463638,1.0
0,inflammation_anemia,primary,drop30,raw,135,10.0,0.08699212370884045,0.02527964683779137,0.026203280235483975,0.75
0,inflammation_anemia,primary,drop30,selected,135,10.0,0.07959885793613575,0.023236590058077808,0.022337827426716726,0.75
1,inflammation_anemia,primary,drop30,raw,135,10.0,0.0272077974625054,0.0068439441368872075,0.01676935592471262,0.9473684210526315
1,inflammation_anemia,primary,drop30,selected,135,10.0,0.026694255704964604,0.00615848142321235,0.01617294210388949,0.9473684210526315
2,inflammation_anemia,primary,drop30,raw,134,11.0,0.05971539909350545,0.017592130971187486,0.025472900076704885,0.8695652173913043
2,inflammation_anemia,primary,drop30,selected,134,11.0,0.06177919967720766,0.017293558163139013,0.028673371826991235,0.8695652173913043
3,inflammation_anemia,primary,drop30,raw,134,11.0,0.02617595508844742,0.00629638606226593,0.015471071969414819,0.9523809523809523
3,inflammation_anemia,primary,drop30,selected,134,11.0,0.026178071367468355,0.005716891377785221,0.016451753078853864,0.9523809523809523
4,inflammation_anemia,primary,drop30,raw,134,10.0,0.0371672853778588,0.009849222588549186,0.02348299603174391,0.9
4,inflammation_anemia,primary,drop30,selected,134,10.0,0.035959821335616975,0.010078880636790593,0.02333160342481061,0.8571428571428571
0,inflammation_anemia,primary,drop60,raw,135,10.0,0.16169099640024542,0.04225847049033003,0.03877583755618718,0.5714285714285714
0,inflammation_anemia,primary,drop60,selected,135,10.0,0.15513130358973135,0.04129015655689691,0.03800744645818868,0.5714285714285714
1,inflammation_anemia,primary,drop60,raw,135,10.0,0.0816338658143024,0.0203333829944393,0.016023501029252197,0.8235294117647058
1,inflammation_anemia,primary,drop60,selected,135,10.0,0.08029744239959649,0.019519654990492474,0.028400558501260168,0.8235294117647058
2,inflammation_anemia,primary,drop60,raw,134,11.0,0.11117375132722027,0.03227147357620173,0.03036321670092029,0.6666666666666666
2,inflammation_anemia,primary,drop60,selected,134,11.0,0.10859099018840475,0.03183532241351346,0.019615569634097923,0.6666666666666666
3,inflammation_anemia,primary,drop60,raw,134,11.0,0.05060078566603687,0.011998984930921856,0.02080311519184464,0.9
3,inflammation_anemia,primary,drop60,selected,134,11.0,0.051287944409445056,0.010753760076426554,0.035708829422204234,0.9
4,inflammation_anemia,primary,drop60,raw,134,10.0,0.08212096493256055,0.019232888417186355,0.021360196149371766,0.8888888888888888
4,inflammation_anemia,primary,drop60,selected,134,10.0,0.07966686565873365,0.01893842332058496,0.020517246103343195,0.8421052631578947
0,inflammation_anemia,primary,cbc_only,raw,135,10.0,0.14552779512994354,0.04035646764530562,0.032108445852632304,0.5333333333333333
0,inflammation_anemia,primary,cbc_only,selected,135,10.0,0.14121778516281272,0.038566014290964096,0.031377171103442736,0.5333333333333333
1,inflammation_anemia,primary,cbc_only,raw,135,10.0,0.11537189574869905,0.03924888404922495,0.046116923521216345,0.4
1,inflammation_anemia,primary,cbc_only,selected,135,10.0,0.1137016586840848,0.03692882733600002,0.04762027026988978,0.5
2,inflammation_anemia,primary,cbc_only,raw,134,11.0,0.19459255625140012,0.05821182658978838,0.05622454452662624,0.42105263157894735
2,inflammation_anemia,primary,cbc_only,selected,134,11.0,0.19705460605952185,0.057511734353288387,0.06308853757642942,0.5714285714285714
3,inflammation_anemia,primary,cbc_only,raw,134,11.0,0.1318429687042875,0.0420962174543776,0.044657615683025176,0.5
3,inflammation_anemia,primary,cbc_only,selected,134,11.0,0.12591703050142503,0.03909817107679198,0.043325948678400616,0.47058823529411764
4,inflammation_anemia,primary,cbc_only,raw,134,10.0,0.1786391644747491,0.05471331570032182,0.036346733081631194,0.3076923076923077
4,inflammation_anemia,primary,cbc_only,selected,134,10.0,0.1804332696503078,0.05499681016409756,0.037267232260018476,0.3076923076923077
0,inflammation_anemia,primary,hb_only,raw,135,10.0,0.3021439693816367,0.0714019445730497,0.06224697444075001,0.0
0,inflammation_anemia,primary,hb_only,selected,135,10.0,0.29723956434678267,0.07120446683370818,0.06133264448573991,0.0
1,inflammation_anemia,primary,hb_only,raw,135,10.0,0.28811564914426896,0.0708089968287298,0.057232198598487063,0.0
1,inflammation_anemia,primary,hb_only,selected,135,10.0,0.2710275516753821,0.06987477594421068,0.05124565319216971,0.0
2,inflammation_anemia,primary,hb_only,raw,134,11.0,0.2545272739055084,0.07359526539092806,0.04793926471700143,0.0
2,inflammation_anemia,primary,hb_only,selected,134,11.0,0.24669881607661664,0.07257724849616853,0.0441846937058327,0.0
3,inflammation_anemia,primary,hb_only,raw,134,11.0,0.2647504950719842,0.07446340213153765,0.045734066389525596,0.0
3,inflammation_anemia,primary,hb_only,selected,134,11.0,0.2507878521982181,0.07265250383430899,0.03156735991258402,0.0
4,inflammation_anemia,primary,hb_only,raw,134,10.0,0.28948348394673323,0.07122563460534977,0.05092353354826378,0.0
4,inflammation_anemia,primary,hb_only,selected,134,10.0,0.2953408925895836,0.07156264910598674,0.05200665949367147,0.0
0,inflammation_anemia,primary,no_iron,raw,135,10.0,0.0713425545481436,0.017771375618071794,0.01979054971517823,0.8235294117647058
0,inflammation_anemia,primary,no_iron,selected,135,10.0,0.06698531466014505,0.01649790614234229,0.017326512563495582,0.8235294117647058
1,inflammation_anemia,primary,no_iron,raw,135,10.0,0.019028960023767645,0.004291667474662491,0.015393363512422974,0.9523809523809523
1,inflammation_anemia,primary,no_iron,selected,135,10.0,0.023048184996151456,0.005489782638957315,0.017952552443162538,0.9523809523809523
2,inflammation_anemia,primary,no_iron,raw,134,11.0,0.05462670086123825,0.014435361386448606,0.022616325240548175,0.9166666666666666
2,inflammation_anemia,primary,no_iron,selected,134,11.0,0.059605682394099,0.01522008414471022,0.023208572057690034,0.88
3,inflammation_anemia,primary,no_iron,raw,134,11.0,0.0415628756247209,0.011833999999603216,0.015306612735183512,0.9090909090909091
3,inflammation_anemia,primary,no_iron,selected,134,11.0,0.04381329570686081,0.013142445819349197,0.015825783653645224,0.8695652173913043
4,inflammation_anemia,primary,no_iron,raw,134,10.0,0.04090891140772136,0.011120343354846645,0.027065008978579625,0.9
4,inflammation_anemia,primary,no_iron,selected,134,10.0,0.04123319269171957,0.011965036508221142,0.018991528941825542,0.9
0,inflammation_anemia,primary,no_B12,raw,135,10.0,0.04346716857762525,0.009613327873425458,0.013104008595071583,0.9473684210526315
0,inflammation_anemia,primary,no_B12,selected,135,10.0,0.03971516565691887,0.00843214884260319,0.010169949348939387,0.9473684210526315
1,inflammation_anemia,primary,no_B12,raw,135,10.0,0.010090284063887286,0.0027203373058245616,0.007856199633573986,0.9523809523809523
1,inflammation_anemia,primary,no_B12,selected,135,10.0,0.012492633033558319,0.003591905494877404,0.00924141565803778,0.9523809523809523
2,inflammation_anemia,primary,no_B12,raw,134,11.0,0.027086902153086404,0.0073008435813228054,0.011257377557174215,0.9565217391304348
2,inflammation_anemia,primary,no_B12,selected,134,11.0,0.03031239841867951,0.00817947250818814,0.015028545811987266,0.9565217391304348
3,inflammation_anemia,primary,no_B12,raw,134,11.0,0.022633666005365965,0.007112734434179883,0.012249811916522822,0.9523809523809523
3,inflammation_anemia,primary,no_B12,selected,134,11.0,0.0231513481153449,0.0072998221136340875,0.01542474636484788,0.9090909090909091
4,inflammation_anemia,primary,no_B12,raw,134,10.0,0.014427084663829632,0.0033171898564649973,0.012016542344037423,0.9473684210526315
4,inflammation_anemia,primary,no_B12,selected,134,10.0,0.013299762107650987,0.003173033434320634,0.011076606459529072,1.0
0,inflammation_anemia,primary,no_folate,raw,135,10.0,0.041710901929549286,0.008801292606993456,0.011727833353491958,0.9473684210526315
0,inflammation_anemia,primary,no_folate,selected,135,10.0,0.038451629760688354,0.007937557598077058,0.009000395158693204,0.9473684210526315
1,inflammation_anemia,primary,no_folate,raw,135,10.0,0.009611517104414321,0.0024357819030773357,0.0076975844011434305,0.9523809523809523
1,inflammation_anemia,primary,no_folate,selected,135,10.0,0.011940048642226688,0.0032839851561891234,0.009107349315994565,0.9523809523809523
2,inflammation_anemia,primary,no_folate,raw,134,11.0,0.027881986953886103,0.007644505729628272,0.013774187296954659,0.9565217391304348
2,inflammation_anemia,primary,no_folate,selected,134,11.0,0.03148494323419139,0.008714800079974267,0.01733772105238342,0.9166666666666666
3,inflammation_anemia,primary,no_folate,raw,134,11.0,0.0199800946011795,0.006181931687791908,0.013220146893509518,0.9523809523809523
3,inflammation_anemia,primary,no_folate,selected,134,11.0,0.020584756027784444,0.006202790083840078,0.014722864302018548,0.9090909090909091
4,inflammation_anemia,primary,no_folate,raw,134,10.0,0.014879872499189883,0.0035461697401860436,0.012221830085251642,0.9473684210526315
4,inflammation_anemia,primary,no_folate,selected,134,10.0,0.01371032641079708,0.003374311156588767,0.011304719987294215,1.0
0,inflammation_anemia,primary,no_B6,raw,135,10.0,0.04225048591060824,0.009052980173052253,0.012409548876604032,0.9473684210526315
0,inflammation_anemia,primary,no_B6,selected,135,10.0,0.03876635782561056,0.008067245815291214,0.009591969556122912,0.9473684210526315
1,inflammation_anemia,primary,no_B6,raw,135,10.0,0.01083313708960199,0.0029805367429970226,0.008293875375035282,0.9523809523809523
1,inflammation_anemia,primary,no_B6,selected,135,10.0,0.013371487214577196,0.0038736794815765092,0.00972621210254805,0.9523809523809523
2,inflammation_anemia,primary,no_B6,raw,134,11.0,0.027793176688882548,0.0076815963736647725,0.013407076646785988,0.9565217391304348
2,inflammation_anemia,primary,no_B6,selected,134,11.0,0.03124441364490918,0.008705983474658457,0.016906879906299736,0.9166666666666666
3,inflammation_anemia,primary,no_B6,raw,134,11.0,0.02127350126530323,0.006579008806183511,0.011476433210565386,0.9523809523809523
3,inflammation_anemia,primary,no_B6,selected,134,11.0,0.0214996558830481,0.006623517342082542,0.014539185115581242,0.9523809523809523
4,inflammation_anemia,primary,no_B6,raw,134,10.0,0.014779594502589335,0.003529162842954999,0.012131566184482488,0.9473684210526315
4,inflammation_anemia,primary,no_B6,selected,134,10.0,0.013577899104405908,0.0033481729347211693,0.011188014781463638,1.0
0,inflammation_anemia,primary,no_copper,raw,135,10.0,0.041992581813435154,0.009026352159559787,0.012736554340244115,0.9473684210526315
0,inflammation_anemia,primary,no_copper,selected,135,10.0,0.03841162275643877,0.008025880585086641,0.009964481138086869,0.9473684210526315
1,inflammation_anemia,primary,no_copper,raw,135,10.0,0.009627689260610079,0.002428853596389308,0.00773163954584561,0.9523809523809523
1,inflammation_anemia,primary,no_copper,selected,135,10.0,0.011978315605532471,0.003287130264656195,0.009164403637357413,0.9523809523809523
2,inflammation_anemia,primary,no_copper,raw,134,11.0,0.026854364592606737,0.007302163336247276,0.013033367295712793,0.9565217391304348
2,inflammation_anemia,primary,no_copper,selected,134,11.0,0.03021553012708363,0.008265947359870678,0.016497749775481123,0.9565217391304348
3,inflammation_anemia,primary,no_copper,raw,134,11.0,0.020932132486599364,0.006456535890960324,0.011347083469244963,0.9523809523809523
3,inflammation_anemia,primary,no_copper,selected,134,11.0,0.021136670371729335,0.00647095848595745,0.01439781624241666,0.9523809523809523
4,inflammation_anemia,primary,no_copper,raw,134,10.0,0.014800632195672273,0.0035274094510619807,0.012157581887296926,0.9473684210526315
4,inflammation_anemia,primary,no_copper,selected,134,10.0,0.013600141753663994,0.0033479789862237,0.011212686770733725,1.0
0,inflammation_anemia,primary,no_hemoglobin,raw,135,10.0,0.042836305828881795,0.009228797295427556,0.012596309030469136,0.9473684210526315
0,inflammation_anemia,primary,no_hemoglobin,selected,135,10.0,0.038978370769819526,0.008142460987334352,0.009735481092328996,0.9473684210526315
1,inflammation_anemia,primary,no_hemoglobin,raw,135,10.0,0.01485470573671799,0.003555913521029223,0.01169193198280946,0.9523809523809523
1,inflammation_anemia,primary,no_hemoglobin,selected,135,10.0,0.018672801234674997,0.0045779038944126615,0.014195490755599378,0.9523809523809523
2,inflammation_anemia,primary,no_hemoglobin,raw,134,11.0,0.021715004274095312,0.005094155409058456,0.012516164215147287,0.9565217391304348
2,inflammation_anemia,primary,no_hemoglobin,selected,134,11.0,0.022796476401361992,0.005527224285886392,0.013574088646035987,0.9565217391304348
3,inflammation_anemia,primary,no_hemoglobin,raw,134,11.0,0.02188653361976805,0.00645812777088717,0.013026086807247358,0.9523809523809523
3,inflammation_anemia,primary,no_hemoglobin,selected,134,11.0,0.021876433268299272,0.006383353888379182,0.012698167847872824,0.9523809523809523
4,inflammation_anemia,primary,no_hemoglobin,raw,134,10.0,0.01396481538375207,0.0022235003891848174,0.012534788963737767,1.0
4,inflammation_anemia,primary,no_hemoglobin,selected,134,10.0,0.0132992817305787,0.002454690481689691,0.01159927296793156,1.0
0,inflammation_anemia,primary,no_demographics,raw,135,10.0,0.039647015222710864,0.008585199371795011,0.009030919978620523,0.9473684210526315
0,inflammation_anemia,primary,no_demographics,selected,135,10.0,0.03631472490397518,0.007811651030893163,0.006279400379468426,0.9473684210526315
1,inflammation_anemia,primary,no_demographics,raw,135,10.0,0.015891268408539997,0.003952862782243739,0.012109960662932613,0.9523809523809523
1,inflammation_anemia,primary,no_demographics,selected,135,10.0,0.01992014513074016,0.004953365934701038,0.014693423330108276,0.9523809523809523
2,inflammation_anemia,primary,no_demographics,raw,134,11.0,0.02845361716482222,0.0071519172986851025,0.021492968078500235,0.9565217391304348
2,inflammation_anemia,primary,no_demographics,selected,134,11.0,0.0333673556775876,0.008960994384677245,0.023719397895361847,0.9565217391304348
3,inflammation_anemia,primary,no_demographics,raw,134,11.0,0.021855501115401257,0.0063922824782214754,0.011263545448360224,0.9523809523809523
3,inflammation_anemia,primary,no_demographics,selected,134,11.0,0.022238985355191077,0.006397582978935956,0.012061132797213495,0.9523809523809523
4,inflammation_anemia,primary,no_demographics,raw,134,10.0,0.022038995530790785,0.004050175716555641,0.019249778402249212,1.0
4,inflammation_anemia,primary,no_demographics,selected,134,10.0,0.021534374699549937,0.004191733228286416,0.01869430666592157,1.0
0,inflammation_anemia,cbc,available,raw,135,10.0,0.19464257617689984,0.05046186068886725,0.050452398421835666,0.3333333333333333
0,inflammation_anemia,cbc,available,selected,135,10.0,0.1806039619691475,0.05000295780470078,0.043574848821050775,0.3333333333333333
1,inflammation_anemia,cbc,available,raw,135,10.0,0.11807679852359552,0.03648136477117558,0.025931805616885326,0.5333333333333333
1,inflammation_anemia,cbc,available,selected,135,10.0,0.11929935667803025,0.03628504805341305,0.02450646272545194,0.5333333333333333
2,inflammation_anemia,cbc,available,raw,134,11.0,0.22431882368816788,0.06577947999080182,0.04883280169049047,0.4
2,inflammation_anemia,cbc,available,selected,134,11.0,0.21143204852329467,0.06449366802159717,0.04467664402696737,0.4
3,inflammation_anemia,cbc,available,raw,134,11.0,0.14745668323495323,0.04791786048727973,0.050865435485108655,0.47058823529411764
3,inflammation_anemia,cbc,available,selected,134,11.0,0.147431797941847,0.04693563542065623,0.034747658151297135,0.47058823529411764
4,inflammation_anemia,cbc,available,raw,134,10.0,0.1611450869645975,0.04785653382092,0.044156138252157064,0.5333333333333333
4,inflammation_anemia,cbc,available,selected,134,10.0,0.15824392287683298,0.047548632280665575,0.0418050923454538,0.5333333333333333
0,inflammation_anemia,cbc,drop30,raw,135,10.0,0.2595728846574075,0.05522389133071848,0.05579459532236054,0.0
0,inflammation_anemia,cbc,drop30,selected,135,10.0,0.22448275876891483,0.05377190692762634,0.035604400427256024,0.0
1,inflammation_anemia,cbc,drop30,raw,135,10.0,0.17145254676356128,0.04999570101874253,0.041663231564894536,0.18181818181818182
1,inflammation_anemia,cbc,drop30,selected,135,10.0,0.16298394513655146,0.04833710836536088,0.022214112561198526,0.18181818181818182
2,inflammation_anemia,cbc,drop30,raw,134,11.0,0.224575246440235,0.0673458074353121,0.04750863491097775,0.25
2,inflammation_anemia,cbc,drop30,selected,134,11.0,0.21273542007128188,0.06553712023275769,0.06303423872445146,0.25
3,inflammation_anemia,cbc,drop30,raw,134,11.0,0.17235143306358108,0.05168505459029765,0.048017377196688395,0.375
3,inflammation_anemia,cbc,drop30,selected,134,11.0,0.1756379296349548,0.051824666458671696,0.03385484975131429,0.375
4,inflammation_anemia,cbc,drop30,raw,134,10.0,0.18551065262911173,0.05652528650747541,0.03241055949588929,0.0
4,inflammation_anemia,cbc,drop30,selected,134,10.0,0.18353502924884493,0.05534405546992965,0.022080018909587308,0.0
0,inflammation_anemia,cbc,drop60,raw,135,10.0,0.4716903135086961,0.07463700151823187,0.06982495871465227,0.0
0,inflammation_anemia,cbc,drop60,selected,135,10.0,0.3857897142467864,0.07487236168470919,0.07291912695919033,0.0
1,inflammation_anemia,cbc,drop60,raw,135,10.0,0.2472220194539266,0.06286873511597595,0.03467173668450032,0.0
1,inflammation_anemia,cbc,drop60,selected,135,10.0,0.23316562352226117,0.062241929240362905,0.017279499303469385,0.0
2,inflammation_anemia,cbc,drop60,raw,134,11.0,0.3507775803793281,0.0803732883592407,0.06902495221242717,0.15384615384615385
2,inflammation_anemia,cbc,drop60,selected,134,11.0,0.3116339758822114,0.07908375511260296,0.05889457402195759,0.15384615384615385
3,inflammation_anemia,cbc,drop60,raw,134,11.0,0.23839175701302512,0.06784628124609919,0.02854877228990566,0.0
3,inflammation_anemia,cbc,drop60,selected,134,11.0,0.2370844468713922,0.06763672858155546,0.018521083363989332,0.0
4,inflammation_anemia,cbc,drop60,raw,134,10.0,0.257492528990162,0.06885298410969676,0.048843344001292165,0.0
4,inflammation_anemia,cbc,drop60,selected,134,10.0,0.2372381621489704,0.0667295786787464,0.025399848538055162,0.0
0,inflammation_anemia,cbc,cbc_only,raw,135,10.0,0.19464257617689984,0.05046186068886725,0.050452398421835666,0.3333333333333333
0,inflammation_anemia,cbc,cbc_only,selected,135,10.0,0.1806039619691475,0.05000295780470078,0.043574848821050775,0.3333333333333333
1,inflammation_anemia,cbc,cbc_only,raw,135,10.0,0.11807679852359552,0.03648136477117558,0.025931805616885326,0.5333333333333333
1,inflammation_anemia,cbc,cbc_only,selected,135,10.0,0.11929935667803025,0.03628504805341305,0.02450646272545194,0.5333333333333333
2,inflammation_anemia,cbc,cbc_only,raw,134,11.0,0.22431882368816788,0.06577947999080182,0.04883280169049047,0.4
2,inflammation_anemia,cbc,cbc_only,selected,134,11.0,0.21143204852329467,0.06449366802159717,0.04467664402696737,0.4
3,inflammation_anemia,cbc,cbc_only,raw,134,11.0,0.14745668323495323,0.04791786048727973,0.050865435485108655,0.47058823529411764
3,inflammation_anemia,cbc,cbc_only,selected,134,11.0,0.147431797941847,0.04693563542065623,0.034747658151297135,0.47058823529411764
4,inflammation_anemia,cbc,cbc_only,raw,134,10.0,0.1611450869645975,0.04785653382092,0.044156138252157064,0.5333333333333333
4,inflammation_anemia,cbc,cbc_only,selected,134,10.0,0.15824392287683298,0.047548632280665575,0.0418050923454538,0.5333333333333333
0,inflammation_anemia,cbc,hb_only,raw,135,10.0,0.5528767550818976,0.07398535270457886,0.0736056195546841,0.0
0,inflammation_anemia,cbc,hb_only,selected,135,10.0,0.4395468314481115,0.07366857174666688,0.07200908733928453,0.0
1,inflammation_anemia,cbc,hb_only,raw,135,10.0,0.2918170233461287,0.07086991242001103,0.057986793748305315,0.0
1,inflammation_anemia,cbc,hb_only,selected,135,10.0,0.25611136696510745,0.06869258186056855,0.043895108657614285,0.0
2,inflammation_anemia,cbc,hb_only,raw,134,11.0,0.4006879281174944,0.08078935518433683,0.07676397405680042,0.0
2,inflammation_anemia,cbc,hb_only,selected,134,11.0,0.3407869787776985,0.0793421587914799,0.07043111653552567,0.0
3,inflammation_anemia,cbc,hb_only,raw,134,11.0,0.27190012369131494,0.07525242561752754,0.040709969022265355,0.0
3,inflammation_anemia,cbc,hb_only,selected,134,11.0,0.25434944200431475,0.07332702211303797,0.04148320986019783,0.0
4,inflammation_anemia,cbc,hb_only,raw,134,10.0,0.29878691039460775,0.07170425928889743,0.05971776125505668,0.0
4,inflammation_anemia,cbc,hb_only,selected,134,10.0,0.2558379259259803,0.06908905251216989,0.04256605450984683,0.0
0,inflammation_anemia,cbc,no_iron,raw,135,10.0,0.19464257617689984,0.05046186068886725,0.050452398421835666,0.3333333333333333
0,inflammation_anemia,cbc,no_iron,selected,135,10.0,0.1806039619691475,0.05000295780470078,0.043574848821050775,0.3333333333333333
1,inflammation_anemia,cbc,no_iron,raw,135,10.0,0.11807679852359552,0.03648136477117558,0.025931805616885326,0.5333333333333333
1,inflammation_anemia,cbc,no_iron,selected,135,10.0,0.11929935667803025,0.03628504805341305,0.02450646272545194,0.5333333333333333
2,inflammation_anemia,cbc,no_iron,raw,134,11.0,0.22431882368816788,0.06577947999080182,0.04883280169049047,0.4
2,inflammation_anemia,cbc,no_iron,selected,134,11.0,0.21143204852329467,0.06449366802159717,0.04467664402696737,0.4
3,inflammation_anemia,cbc,no_iron,raw,134,11.0,0.14745668323495323,0.04791786048727973,0.050865435485108655,0.47058823529411764
3,inflammation_anemia,cbc,no_iron,selected,134,11.0,0.147431797941847,0.04693563542065623,0.034747658151297135,0.47058823529411764
4,inflammation_anemia,cbc,no_iron,raw,134,10.0,0.1611450869645975,0.04785653382092,0.044156138252157064,0.5333333333333333
4,inflammation_anemia,cbc,no_iron,selected,134,10.0,0.15824392287683298,0.047548632280665575,0.0418050923454538,0.5333333333333333
0,inflammation_anemia,cbc,no_B12,raw,135,10.0,0.19464257617689984,0.05046186068886725,0.050452398421835666,0.3333333333333333
0,inflammation_anemia,cbc,no_B12,selected,135,10.0,0.1806039619691475,0.05000295780470078,0.043574848821050775,0.3333333333333333
1,inflammation_anemia,cbc,no_B12,raw,135,10.0,0.11807679852359552,0.03648136477117558,0.025931805616885326,0.5333333333333333
1,inflammation_anemia,cbc,no_B12,selected,135,10.0,0.11929935667803025,0.03628504805341305,0.02450646272545194,0.5333333333333333
2,inflammation_anemia,cbc,no_B12,raw,134,11.0,0.22431882368816788,0.06577947999080182,0.04883280169049047,0.4
2,inflammation_anemia,cbc,no_B12,selected,134,11.0,0.21143204852329467,0.06449366802159717,0.04467664402696737,0.4
3,inflammation_anemia,cbc,no_B12,raw,134,11.0,0.14745668323495323,0.04791786048727973,0.050865435485108655,0.47058823529411764
3,inflammation_anemia,cbc,no_B12,selected,134,11.0,0.147431797941847,0.04693563542065623,0.034747658151297135,0.47058823529411764
4,inflammation_anemia,cbc,no_B12,raw,134,10.0,0.1611450869645975,0.04785653382092,0.044156138252157064,0.5333333333333333
4,inflammation_anemia,cbc,no_B12,selected,134,10.0,0.15824392287683298,0.047548632280665575,0.0418050923454538,0.5333333333333333
0,inflammation_anemia,cbc,no_folate,raw,135,10.0,0.19464257617689984,0.05046186068886725,0.050452398421835666,0.3333333333333333
0,inflammation_anemia,cbc,no_folate,selected,135,10.0,0.1806039619691475,0.05000295780470078,0.043574848821050775,0.3333333333333333
1,inflammation_anemia,cbc,no_folate,raw,135,10.0,0.11807679852359552,0.03648136477117558,0.025931805616885326,0.5333333333333333
1,inflammation_anemia,cbc,no_folate,selected,135,10.0,0.11929935667803025,0.03628504805341305,0.02450646272545194,0.5333333333333333
2,inflammation_anemia,cbc,no_folate,raw,134,11.0,0.22431882368816788,0.06577947999080182,0.04883280169049047,0.4
2,inflammation_anemia,cbc,no_folate,selected,134,11.0,0.21143204852329467,0.06449366802159717,0.04467664402696737,0.4
3,inflammation_anemia,cbc,no_folate,raw,134,11.0,0.14745668323495323,0.04791786048727973,0.050865435485108655,0.47058823529411764
3,inflammation_anemia,cbc,no_folate,selected,134,11.0,0.147431797941847,0.04693563542065623,0.034747658151297135,0.47058823529411764
4,inflammation_anemia,cbc,no_folate,raw,134,10.0,0.1611450869645975,0.04785653382092,0.044156138252157064,0.5333333333333333
4,inflammation_anemia,cbc,no_folate,selected,134,10.0,0.15824392287683298,0.047548632280665575,0.0418050923454538,0.5333333333333333
0,inflammation_anemia,cbc,no_B6,raw,135,10.0,0.19464257617689984,0.05046186068886725,0.050452398421835666,0.3333333333333333
0,inflammation_anemia,cbc,no_B6,selected,135,10.0,0.1806039619691475,0.05000295780470078,0.043574848821050775,0.3333333333333333
1,inflammation_anemia,cbc,no_B6,raw,135,10.0,0.11807679852359552,0.03648136477117558,0.025931805616885326,0.5333333333333333
1,inflammation_anemia,cbc,no_B6,selected,135,10.0,0.11929935667803025,0.03628504805341305,0.02450646272545194,0.5333333333333333
2,inflammation_anemia,cbc,no_B6,raw,134,11.0,0.22431882368816788,0.06577947999080182,0.04883280169049047,0.4
2,inflammation_anemia,cbc,no_B6,selected,134,11.0,0.21143204852329467,0.06449366802159717,0.04467664402696737,0.4
3,inflammation_anemia,cbc,no_B6,raw,134,11.0,0.14745668323495323,0.04791786048727973,0.050865435485108655,0.47058823529411764
3,inflammation_anemia,cbc,no_B6,selected,134,11.0,0.147431797941847,0.04693563542065623,0.034747658151297135,0.47058823529411764
4,inflammation_anemia,cbc,no_B6,raw,134,10.0,0.1611450869645975,0.04785653382092,0.044156138252157064,0.5333333333333333
4,inflammation_anemia,cbc,no_B6,selected,134,10.0,0.15824392287683298,0.047548632280665575,0.0418050923454538,0.5333333333333333
0,inflammation_anemia,cbc,no_copper,raw,135,10.0,0.19464257617689984,0.05046186068886725,0.050452398421835666,0.3333333333333333
0,inflammation_anemia,cbc,no_copper,selected,135,10.0,0.1806039619691475,0.05000295780470078,0.043574848821050775,0.3333333333333333
1,inflammation_anemia,cbc,no_copper,raw,135,10.0,0.11807679852359552,0.03648136477117558,0.025931805616885326,0.5333333333333333
1,inflammation_anemia,cbc,no_copper,selected,135,10.0,0.11929935667803025,0.03628504805341305,0.02450646272545194,0.5333333333333333
2,inflammation_anemia,cbc,no_copper,raw,134,11.0,0.22431882368816788,0.06577947999080182,0.04883280169049047,0.4
2,inflammation_anemia,cbc,no_copper,selected,134,11.0,0.21143204852329467,0.06449366802159717,0.04467664402696737,0.4
3,inflammation_anemia,cbc,no_copper,raw,134,11.0,0.14745668323495323,0.04791786048727973,0.050865435485108655,0.47058823529411764
3,inflammation_anemia,cbc,no_copper,selected,134,11.0,0.147431797941847,0.04693563542065623,0.034747658151297135,0.47058823529411764
4,inflammation_anemia,cbc,no_copper,raw,134,10.0,0.1611450869645975,0.04785653382092,0.044156138252157064,0.5333333333333333
4,inflammation_anemia,cbc,no_copper,selected,134,10.0,0.15824392287683298,0.047548632280665575,0.0418050923454538,0.5333333333333333
0,inflammation_anemia,cbc,no_hemoglobin,raw,135,10.0,0.21313044121678718,0.05137795326893099,0.03618122761291095,0.3333333333333333
0,inflammation_anemia,cbc,no_hemoglobin,selected,135,10.0,0.20568150294465332,0.05200244550653097,0.03292766720786395,0.3333333333333333
1,inflammation_anemia,cbc,no_hemoglobin,raw,135,10.0,0.13887052348795648,0.040146147575113464,0.03978777089376442,0.5
1,inflammation_anemia,cbc,no_hemoglobin,selected,135,10.0,0.1484091906998301,0.04111131390933738,0.04561456766767152,0.5
2,inflammation_anemia,cbc,no_hemoglobin,raw,134,11.0,0.2426724341071543,0.06777245466249886,0.039140167502063714,0.4
2,inflammation_anemia,cbc,no_hemoglobin,selected,134,11.0,0.23873179227595048,0.06804592766597492,0.0470137482401522,0.4
3,inflammation_anemia,cbc,no_hemoglobin,raw,134,11.0,0.15619357813603282,0.04757182131279308,0.043482259534442076,0.47058823529411764
3,inflammation_anemia,cbc,no_hemoglobin,selected,134,11.0,0.1650220943713227,0.04764540927330237,0.04673074179957379,0.47058823529411764
4,inflammation_anemia,cbc,no_hemoglobin,raw,134,10.0,0.176639405731673,0.049232292017550285,0.03010612922454974,0.4
4,inflammation_anemia,cbc,no_hemoglobin,selected,134,10.0,0.18509850962217897,0.05059544903364697,0.04752622115194564,0.4
0,inflammation_anemia,cbc,no_demographics,raw,135,10.0,0.20060475225933355,0.05035316186980012,0.04533289737706702,0.3333333333333333
0,inflammation_anemia,cbc,no_demographics,selected,135,10.0,0.19170136717094677,0.05027452069018627,0.03331033875797761,0.3333333333333333
1,inflammation_anemia,cbc,no_demographics,raw,135,10.0,0.13117309807973787,0.03876010172475265,0.03058210761529351,0.46153846153846156
1,inflammation_anemia,cbc,no_demographics,selected,135,10.0,0.13835355011334793,0.039120862845952654,0.0364835192387332,0.46153846153846156
2,inflammation_anemia,cbc,no_demographics,raw,134,11.0,0.24063462947119274,0.06598459339986178,0.03681495212078668,0.42105263157894735
2,inflammation_anemia,cbc,no_demographics,selected,134,11.0,0.233967324072851,0.06592036673653284,0.056627371873286605,0.42105263157894735
3,inflammation_anemia,cbc,no_demographics,raw,134,11.0,0.16245555374185897,0.051154583314506764,0.045993429754893886,0.47058823529411764
3,inflammation_anemia,cbc,no_demographics,selected,134,11.0,0.1674355094592767,0.05030139570470132,0.05036793432844639,0.47058823529411764
4,inflammation_anemia,cbc,no_demographics,raw,134,10.0,0.18121013645715625,0.05249613495266512,0.029724579448716003,0.4
4,inflammation_anemia,cbc,no_demographics,selected,134,10.0,0.18511331657541627,0.05260290824163876,0.04901639909778619,0.4
