target,route,method,scenario,partition,n,positives,log_loss,brier,ece_10,f1
anemia_class,primary,identity,available,nested_development_oof,672,,0.6617436781428119,0.2964119430412383,0.2794669713197671,0.8682445865079734
anemia_class,primary,identity,drop30,nested_development_oof,672,,1.1238964009892176,0.49871883291505464,0.28525108086431156,0.712550394154687
anemia_class,primary,identity,drop60,nested_development_oof,672,,1.6730078994701156,0.6958633383685973,0.1444280628526379,0.47639481411845536
anemia_class,primary,identity,cbc_only,nested_development_oof,672,,1.6544384405236687,0.7321381204777646,0.0542868503117791,0.23712256672692766
anemia_class,primary,identity,hb_only,nested_development_oof,672,,2.2019784840985572,0.869528705808496,0.06354952260009818,0.08498065111162001
anemia_class,primary,identity,no_iron,nested_development_oof,672,,1.0136047599106834,0.46403689108245433,0.2433081424454876,0.7395372214853375
anemia_class,primary,identity,no_B12,nested_development_oof,672,,0.8210815324816988,0.381025911123291,0.1979800360772454,0.7335450397608699
anemia_class,primary,identity,no_folate,nested_development_oof,672,,0.7893251979351449,0.3664144860529731,0.19923417592917209,0.7588966758371484
anemia_class,primary,identity,no_B6,nested_development_oof,672,,0.716796456541126,0.31716453797713307,0.25062121207303834,0.7890048846368356
anemia_class,primary,identity,no_copper,nested_development_oof,672,,0.7456823979570997,0.32129451554381216,0.25211448222811866,0.784482687133749
anemia_class,primary,identity,no_hemoglobin,nested_development_oof,672,,0.9368983211746416,0.4259050481007087,0.3082967526671543,0.7869490626490204
anemia_class,primary,identity,no_demographics,nested_development_oof,672,,0.6625005970511938,0.2969150230040187,0.272435299432865,0.8643230668322653
anemia_class,primary,temperature,available,nested_development_oof,672,,0.41051929501103324,0.19713750280326756,0.07925859749253963,0.8682445865079734
anemia_class,primary,temperature,drop30,nested_development_oof,672,,0.8899384168549137,0.40078620452762204,0.06209086106056511,0.712550394154687
anemia_class,primary,temperature,drop60,nested_development_oof,672,,1.64249754332709,0.6742049971347843,0.07275672954109202,0.47639481411845536
anemia_class,primary,temperature,cbc_only,nested_development_oof,672,,1.808826449198872,0.8044789799812319,0.23295294266183258,0.23712256672692766
anemia_class,primary,temperature,hb_only,nested_development_oof,672,,2.4810680830713343,0.968396523388658,0.27904077065904404,0.08498065111162001
anemia_class,primary,temperature,no_iron,nested_development_oof,672,,0.8212014386649568,0.389441259456146,0.0658954898614985,0.7395372214853375
anemia_class,primary,temperature,no_B12,nested_development_oof,672,,0.6630443709291718,0.3277359898791828,0.028262790919540474,0.7335450397608699
anemia_class,primary,temperature,no_folate,nested_development_oof,672,,0.6364718070552389,0.31243689571218336,0.05108690781532185,0.7588966758371484
anemia_class,primary,temperature,no_B6,nested_development_oof,672,,0.5051810270133236,0.23321723421148524,0.05336182312298389,0.7890048846368356
anemia_class,primary,temperature,no_copper,nested_development_oof,672,,0.5601937372857632,0.2387462828100985,0.05437065592950595,0.784482687133749
anemia_class,primary,temperature,no_hemoglobin,nested_development_oof,672,,0.6535078777682353,0.31816961989852593,0.11372362059411109,0.7869490626490204
anemia_class,primary,temperature,no_demographics,nested_development_oof,672,,0.41809570404542384,0.2008099642949046,0.07419825331963972,0.8643230668322653
anemia_class,cbc,identity,available,nested_development_oof,672,,1.1945264823106052,0.5708412243387787,0.02850374589372572,0.47413381353953393
anemia_class,cbc,identity,drop30,nested_development_oof,672,,1.8872950926153214,0.7868987171823026,0.06765949291456062,0.3085441608933194
anemia_class,cbc,identity,drop60,nested_development_oof,672,,2.464260019905714,0.9275617705984426,0.15314458266975026,0.14514116833541077
anemia_class,cbc,identity,cbc_only,nested_development_oof,672,,1.1945264823106052,0.5708412243387787,0.02850374589372572,0.47413381353953393
anemia_class,cbc,identity,hb_only,nested_development_oof,672,,2.567571522591563,0.9456287358169497,0.14012351843390503,0.04074128577693993
anemia_class,cbc,identity,no_iron,nested_development_oof,672,,1.1945264823106052,0.5708412243387787,0.02850374589372572,0.47413381353953393
anemia_class,cbc,identity,no_B12,nested_development_oof,672,,1.1945264823106052,0.5708412243387787,0.02850374589372572,0.47413381353953393
anemia_class,cbc,identity,no_folate,nested_development_oof,672,,1.1945264823106052,0.5708412243387787,0.02850374589372572,0.47413381353953393
anemia_class,cbc,identity,no_B6,nested_development_oof,672,,1.1945264823106052,0.5708412243387787,0.02850374589372572,0.47413381353953393
anemia_class,cbc,identity,no_copper,nested_development_oof,672,,1.1945264823106052,0.5708412243387787,0.02850374589372572,0.47413381353953393
anemia_class,cbc,identity,no_hemoglobin,nested_development_oof,672,,1.582143925185063,0.7008191313590642,0.04116560537575791,0.327210735251891
anemia_class,cbc,identity,no_demographics,nested_development_oof,672,,1.2107016781727344,0.5763969629662189,0.04013719325906652,0.44991324690716666
anemia_class,cbc,temperature,available,nested_development_oof,672,,1.1800974179911952,0.5727071303154289,0.04847281248201822,0.47413381353953393
anemia_class,cbc,temperature,drop30,nested_development_oof,672,,1.9428532304035822,0.8053488625662749,0.12800493627603993,0.3085441608933194
anemia_class,cbc,temperature,drop60,nested_development_oof,672,,2.6082341234227093,0.9619228963212737,0.20980406091191756,0.14514116833541077
anemia_class,cbc,temperature,cbc_only,nested_development_oof,672,,1.1800974179911952,0.5727071303154289,0.04847281248201822,0.47413381353953393
anemia_class,cbc,temperature,hb_only,nested_development_oof,672,,2.677150367710448,0.9710850842260237,0.18457073422074427,0.04074128577693993
anemia_class,cbc,temperature,no_iron,nested_development_oof,672,,1.1800974179911952,0.5727071303154289,0.04847281248201822,0.47413381353953393
anemia_class,cbc,temperature,no_B12,nested_development_oof,672,,1.1800974179911952,0.5727071303154289,0.04847281248201822,0.47413381353953393
anemia_class,cbc,temperature,no_folate,nested_development_oof,672,,1.1800974179911952,0.5727071303154289,0.04847281248201822,0.47413381353953393
anemia_class,cbc,temperature,no_B6,nested_development_oof,672,,1.1800974179911952,0.5727071303154289,0.04847281248201822,0.47413381353953393
anemia_class,cbc,temperature,no_copper,nested_development_oof,672,,1.1800974179911952,0.5727071303154289,0.04847281248201822,0.47413381353953393
anemia_class,cbc,temperature,no_hemoglobin,nested_development_oof,672,,1.5883341403630704,0.7099297659046745,0.08361903166303394,0.327210735251891
anemia_class,cbc,temperature,no_demographics,nested_development_oof,672,,1.201453266664978,0.5809255516914954,0.06689814077748167,0.44991324690716666
iron_deficiency,primary,identity,available,nested_development_oof,672,233.0,0.054980062225305125,0.012101327878385278,0.020212105936629185,0.9807280513918629
iron_deficiency,primary,identity,drop30,nested_development_oof,672,233.0,0.10527915086106979,0.026253033492696736,0.03465959234498187,0.9565217391304348
iron_deficiency,primary,identity,drop60,nested_development_oof,672,233.0,0.2325277283413528,0.06770457226243112,0.05790876427137489,0.863013698630137
iron_deficiency,primary,identity,cbc_only,nested_development_oof,672,233.0,0.38341375156259344,0.11929505021556278,0.03136490526921576,0.7482352941176471
iron_deficiency,primary,identity,hb_only,nested_development_oof,672,233.0,0.6934598915279087,0.24309367728772313,0.13147318483291104,0.0
iron_deficiency,primary,identity,no_iron,nested_development_oof,672,233.0,0.3793474182661757,0.11860571291596572,0.06859696329173785,0.712468193384224
iron_deficiency,primary,identity,no_B12,nested_development_oof,672,233.0,0.056440399761345766,0.012418587392867912,0.019283194766697914,0.9807280513918629
iron_deficiency,primary,identity,no_folate,nested_development_oof,672,233.0,0.05620856944131344,0.012446656963607194,0.019618794201637105,0.9807280513918629
iron_deficiency,primary,identity,no_B6,nested_development_oof,672,233.0,0.05568257772921383,0.012292378887792887,0.020434875310814112,0.9807280513918629
iron_deficiency,primary,identity,no_copper,nested_development_oof,672,233.0,0.05479941515554294,0.01206551558219103,0.02005258730354057,0.9807280513918629
iron_deficiency,primary,identity,no_hemoglobin,nested_development_oof,672,233.0,0.054403066548445636,0.012003399624861086,0.020314377413240853,0.9807280513918629
iron_deficiency,primary,identity,no_demographics,nested_development_oof,672,233.0,0.05888789976314437,0.013588994291983205,0.022166293698736867,0.9786324786324786
iron_deficiency,primary,temperature,available,nested_development_oof,672,233.0,0.04801381560529868,0.010834707947343472,0.008473428267330581,0.9807280513918629
iron_deficiency,primary,temperature,drop30,nested_development_oof,672,233.0,0.09115247850321322,0.02405988026716409,0.012221492038403038,0.9565217391304348
iron_deficiency,primary,temperature,drop60,nested_development_oof,672,233.0,0.22135700505316436,0.06588311461133628,0.030883455314175277,0.863013698630137
iron_deficiency,primary,temperature,cbc_only,nested_development_oof,672,233.0,0.41075156965479837,0.12210213961057338,0.06191038658289147,0.7482352941176471
iron_deficiency,primary,temperature,hb_only,nested_development_oof,672,233.0,0.7823829203725934,0.2656833871461663,0.19960869556145971,0.0
iron_deficiency,primary,temperature,no_iron,nested_development_oof,672,233.0,0.41872562029487864,0.1234956271635789,0.09752757509444593,0.712468193384224
iron_deficiency,primary,temperature,no_B12,nested_development_oof,672,233.0,0.049789461673828785,0.011174344736487138,0.007057163166006695,0.9807280513918629
iron_deficiency,primary,temperature,no_folate,nested_development_oof,672,233.0,0.049271855167856135,0.011122823774482734,0.008600783775651943,0.9807280513918629
iron_deficiency,primary,temperature,no_B6,nested_development_oof,672,233.0,0.04885843709193475,0.01103092576885172,0.008806591886479217,0.9807280513918629
iron_deficiency,primary,temperature,no_copper,nested_development_oof,672,233.0,0.04789600861917711,0.01081736948216158,0.00833896509106745,0.9807280513918629
iron_deficiency,primary,temperature,no_hemoglobin,nested_development_oof,672,233.0,0.04732767527349431,0.010807434172577523,0.007319061511026563,0.9807280513918629
iron_deficiency,primary,temperature,no_demographics,nested_development_oof,672,233.0,0.05096125603260731,0.012324497419739643,0.007977627577583333,0.9786324786324786
iron_deficiency,primary,sigmoid_logit,available,nested_development_oof,672,233.0,0.04854189730984863,0.010968967864397054,0.009128063420217308,0.9807280513918629
iron_deficiency,primary,sigmoid_logit,drop30,nested_development_oof,672,233.0,0.0912088131550382,0.02394385219796712,0.01513842219843318,0.9587852494577006
iron_deficiency,primary,sigmoid_logit,drop60,nested_development_oof,672,233.0,0.2187623872425898,0.06525569462310642,0.03095681513172943,0.8656036446469249
iron_deficiency,primary,sigmoid_logit,cbc_only,nested_development_oof,672,233.0,0.4099223133712513,0.12128188875751506,0.052672182872213445,0.7575057736720554
iron_deficiency,primary,sigmoid_logit,hb_only,nested_development_oof,672,233.0,0.7542401899268869,0.2586945027724616,0.1798451917562662,0.0
iron_deficiency,primary,sigmoid_logit,no_iron,nested_development_oof,672,233.0,0.4087765949087967,0.12000986624701149,0.08532319227669671,0.7365853658536585
iron_deficiency,primary,sigmoid_logit,no_B12,nested_development_oof,672,233.0,0.05064541276046953,0.01139404810988099,0.009469607128352556,0.9807280513918629
iron_deficiency,primary,sigmoid_logit,no_folate,nested_development_oof,672,233.0,0.050029909276380354,0.011302149353433887,0.008419222690776612,0.9807280513918629
iron_deficiency,primary,sigmoid_logit,no_B6,nested_development_oof,672,233.0,0.04948891960184994,0.011186357648560562,0.009013441097782435,0.9807280513918629
iron_deficiency,primary,sigmoid_logit,no_copper,nested_development_oof,672,233.0,0.04840395375592421,0.010946851401857883,0.008967769105058702,0.9807280513918629
iron_deficiency,primary,sigmoid_logit,no_hemoglobin,nested_development_oof,672,233.0,0.047784544277524654,0.01093435828060333,0.007088328371559028,0.9807280513918629
iron_deficiency,primary,sigmoid_logit,no_demographics,nested_development_oof,672,233.0,0.05285387449041473,0.012905097576859452,0.013284101397453119,0.9786324786324786
iron_deficiency,cbc,identity,available,nested_development_oof,672,233.0,0.35312134292534997,0.10901562836460595,0.04349029842711371,0.7790432801822323
iron_deficiency,cbc,identity,drop30,nested_development_oof,672,233.0,0.44864288273537206,0.1470929229762585,0.05310321323912803,0.6071428571428571
iron_deficiency,cbc,identity,drop60,nested_development_oof,672,233.0,0.5387166673800936,0.18276146976473095,0.04227776120121288,0.4307692307692308
iron_deficiency,cbc,identity,cbc_only,nested_development_oof,672,233.0,0.35312134292534997,0.10901562836460592,0.043490298427113716,0.7790432801822323
iron_deficiency,cbc,identity,hb_only,nested_development_oof,672,233.0,0.660356416264445,0.23242696598058718,0.07371687313102447,0.0
iron_deficiency,cbc,identity,no_iron,nested_development_oof,672,233.0,0.35312134292534997,0.10901562836460592,0.043490298427113716,0.7790432801822323
iron_deficiency,cbc,identity,no_B12,nested_development_oof,672,233.0,0.35312134292534997,0.10901562836460592,0.043490298427113716,0.7790432801822323
iron_deficiency,cbc,identity,no_folate,nested_development_oof,672,233.0,0.35312134292534997,0.10901562836460595,0.043490298427113716,0.7790432801822323
iron_deficiency,cbc,identity,no_B6,nested_development_oof,672,233.0,0.35312134292534997,0.10901562836460592,0.04349029842711371,0.7790432801822323
iron_deficiency,cbc,identity,no_copper,nested_development_oof,672,233.0,0.35312134292534997,0.10901562836460595,0.043490298427113716,0.7790432801822323
iron_deficiency,cbc,identity,no_hemoglobin,nested_development_oof,672,233.0,0.35908335638260835,0.11136416744708082,0.0596576158441534,0.7785547785547785
iron_deficiency,cbc,identity,no_demographics,nested_development_oof,672,233.0,0.35085648783732964,0.10825303245001704,0.04312787454661525,0.7820224719101123
iron_deficiency,cbc,temperature,available,nested_development_oof,672,233.0,0.34845796219399533,0.10764906553571899,0.02867851266123502,0.7790432801822323
iron_deficiency,cbc,temperature,drop30,nested_development_oof,672,233.0,0.44752904115060327,0.1475205603000786,0.04428009031273361,0.6071428571428571
iron_deficiency,cbc,temperature,drop60,nested_development_oof,672,233.0,0.5434845094665642,0.18501021160934042,0.06702005941097187,0.4307692307692308
iron_deficiency,cbc,temperature,cbc_only,nested_development_oof,672,233.0,0.3484579621939954,0.10764906553571896,0.028678512661235018,0.7790432801822323
iron_deficiency,cbc,temperature,hb_only,nested_development_oof,672,233.0,0.681813145990441,0.2395535002266093,0.09509784719690412,0.0
iron_deficiency,cbc,temperature,no_iron,nested_development_oof,672,233.0,0.3484579621939954,0.10764906553571896,0.028678512661235018,0.7790432801822323
iron_deficiency,cbc,temperature,no_B12,nested_development_oof,672,233.0,0.3484579621939954,0.10764906553571896,0.02867851266123502,0.7790432801822323
iron_deficiency,cbc,temperature,no_folate,nested_development_oof,672,233.0,0.34845796219399533,0.10764906553571896,0.028678512661235018,0.7790432801822323
iron_deficiency,cbc,temperature,no_B6,nested_development_oof,672,233.0,0.3484579621939954,0.10764906553571896,0.028678512661235018,0.7790432801822323
iron_deficiency,cbc,temperature,no_copper,nested_development_oof,672,233.0,0.34845796219399533,0.10764906553571893,0.02867851266123502,0.7790432801822323
iron_deficiency,cbc,temperature,no_hemoglobin,nested_development_oof,672,233.0,0.3556623849661891,0.11018294832958601,0.04520437907721459,0.7785547785547785
iron_deficiency,cbc,temperature,no_demographics,nested_development_oof,672,233.0,0.3463180575246425,0.10698520767651895,0.03216476596069961,0.7820224719101123
iron_deficiency,cbc,sigmoid_logit,available,nested_development_oof,672,233.0,0.3481605164103388,0.10746422566877989,0.02394402834363175,0.7775280898876404
iron_deficiency,cbc,sigmoid_logit,drop30,nested_development_oof,672,233.0,0.4456334880971445,0.14674275990981986,0.04024754011813614,0.6115288220551378
iron_deficiency,cbc,sigmoid_logit,drop60,nested_development_oof,672,233.0,0.5399337784497201,0.18358427619509043,0.056917811954996456,0.4678362573099415
iron_deficiency,cbc,sigmoid_logit,cbc_only,nested_development_oof,672,233.0,0.3481605164103388,0.10746422566877989,0.02394402834363175,0.7775280898876404
iron_deficiency,cbc,sigmoid_logit,hb_only,nested_development_oof,672,233.0,0.6764760436226496,0.23787717700605268,0.0975499330312996,0.0
iron_deficiency,cbc,sigmoid_logit,no_iron,nested_development_oof,672,233.0,0.3481605164103388,0.10746422566877989,0.02394402834363174,0.7775280898876404
iron_deficiency,cbc,sigmoid_logit,no_B12,nested_development_oof,672,233.0,0.3481605164103388,0.10746422566877989,0.02394402834363175,0.7775280898876404
iron_deficiency,cbc,sigmoid_logit,no_folate,nested_development_oof,672,233.0,0.3481605164103388,0.10746422566877989,0.023944028343631747,0.7775280898876404
iron_deficiency,cbc,sigmoid_logit,no_B6,nested_development_oof,672,233.0,0.3481605164103388,0.10746422566877989,0.02394402834363175,0.7775280898876404
iron_deficiency,cbc,sigmoid_logit,no_copper,nested_development_oof,672,233.0,0.3481605164103388,0.10746422566877989,0.023944028343631747,0.7775280898876404
iron_deficiency,cbc,sigmoid_logit,no_hemoglobin,nested_development_oof,672,233.0,0.35414737720892236,0.10955612358566096,0.05058978913088029,0.7862068965517242
iron_deficiency,cbc,sigmoid_logit,no_demographics,nested_development_oof,672,233.0,0.34707270464375445,0.10712409741402777,0.02342548559226577,0.7911111111111111
B12_deficiency,primary,identity,available,nested_development_oof,672,155.0,0.07727866213751933,0.018614447985432023,0.029378498607556376,0.9612903225806452
B12_deficiency,primary,identity,drop30,nested_development_oof,672,155.0,0.1540828423332997,0.04274587695647458,0.02288108222399991,0.8671328671328671
B12_deficiency,primary,identity,drop60,nested_development_oof,672,155.0,0.24367994761949563,0.07176229638842749,0.04287319986208059,0.7547169811320755
B12_deficiency,primary,identity,cbc_only,nested_development_oof,672,155.0,0.3911798193239489,0.12734979723876533,0.044490498188125706,0.5287356321839081
B12_deficiency,primary,identity,hb_only,nested_development_oof,672,155.0,0.5583047665868486,0.1825707389711165,0.08793907217010137,0.0
B12_deficiency,primary,identity,no_iron,nested_development_oof,672,155.0,0.08414685057168457,0.02033744830431599,0.03537096047342847,0.9620253164556962
B12_deficiency,primary,identity,no_B12,nested_development_oof,672,155.0,0.31242089647615795,0.09546736984243942,0.057876250081669064,0.6473029045643154
B12_deficiency,primary,identity,no_folate,nested_development_oof,672,155.0,0.0907002308538569,0.023569523321027522,0.023513665566021236,0.9407894736842105
B12_deficiency,primary,identity,no_B6,nested_development_oof,672,155.0,0.07732541942251568,0.018576389816009224,0.029655173886621623,0.9612903225806452
B12_deficiency,primary,identity,no_copper,nested_development_oof,672,155.0,0.07747176376257593,0.01868147567818753,0.028276694451823108,0.9581993569131833
B12_deficiency,primary,identity,no_hemoglobin,nested_development_oof,672,155.0,0.07737797854138045,0.01841253969353753,0.028811239716331483,0.961038961038961
B12_deficiency,primary,identity,no_demographics,nested_development_oof,672,155.0,0.07710966487105643,0.01962369337798535,0.024778427815939613,0.9508196721311475
B12_deficiency,primary,temperature,available,nested_development_oof,672,155.0,0.07270969868734946,0.017718341301130248,0.0223237012873337,0.9612903225806452
B12_deficiency,primary,temperature,drop30,nested_development_oof,672,155.0,0.1513096384223455,0.04242995308654137,0.017038865962683038,0.8671328671328671
B12_deficiency,primary,temperature,drop60,nested_development_oof,672,155.0,0.241288922733431,0.07178067117816944,0.037985147755644044,0.7547169811320755
B12_deficiency,primary,temperature,cbc_only,nested_development_oof,672,155.0,0.4011193224262698,0.12957783033094478,0.05614324702248137,0.5287356321839081
B12_deficiency,primary,temperature,hb_only,nested_development_oof,672,155.0,0.5812131625809579,0.18776803687355895,0.11320898790263134,0.0
B12_deficiency,primary,temperature,no_iron,nested_development_oof,672,155.0,0.07917831003247362,0.019451192517896315,0.02920357114852003,0.9620253164556962
B12_deficiency,primary,temperature,no_B12,nested_development_oof,672,155.0,0.326601769532392,0.09720866330473048,0.06604252968620486,0.6473029045643154
B12_deficiency,primary,temperature,no_folate,nested_development_oof,672,155.0,0.08737710959702118,0.023018074687719436,0.017587372668400443,0.9407894736842105
B12_deficiency,primary,temperature,no_B6,nested_development_oof,672,155.0,0.07271251389557125,0.017668013206457257,0.02261110236327741,0.9612903225806452
B12_deficiency,primary,temperature,no_copper,nested_development_oof,672,155.0,0.0727993780611365,0.017773962827199494,0.02098266360968774,0.9581993569131833
B12_deficiency,primary,temperature,no_hemoglobin,nested_development_oof,672,155.0,0.07315688170816434,0.017588502029842933,0.021813914819568125,0.961038961038961
B12_deficiency,primary,temperature,no_demographics,nested_development_oof,672,155.0,0.0735369400383101,0.019010335557118386,0.019976099070653286,0.9508196721311475
B12_deficiency,primary,sigmoid_logit,available,nested_development_oof,672,155.0,0.0742059757439954,0.01835914999087627,0.022768925325268575,0.9556962025316456
B12_deficiency,primary,sigmoid_logit,drop30,nested_development_oof,672,155.0,0.14817558018861504,0.041748035627474984,0.01107720338131045,0.8837209302325582
B12_deficiency,primary,sigmoid_logit,drop60,nested_development_oof,672,155.0,0.23213415811012827,0.06846964033421502,0.019816958735960247,0.7692307692307693
B12_deficiency,primary,sigmoid_logit,cbc_only,nested_development_oof,672,155.0,0.40471624394945704,0.13035918165869745,0.06329506462231989,0.5563380281690141
B12_deficiency,primary,sigmoid_logit,hb_only,nested_development_oof,672,155.0,0.5584708937586589,0.18252918746669256,0.09075280755814219,0.012738853503184714
B12_deficiency,primary,sigmoid_logit,no_iron,nested_development_oof,672,155.0,0.08659441490723024,0.022242799977140976,0.030390314536009308,0.9440993788819876
B12_deficiency,primary,sigmoid_logit,no_B12,nested_development_oof,672,155.0,0.31490140057720156,0.09352158387729423,0.05012448583661677,0.6796875
B12_deficiency,primary,sigmoid_logit,no_folate,nested_development_oof,672,155.0,0.0861419147990168,0.022738941292637545,0.017828040620486173,0.939297124600639
B12_deficiency,primary,sigmoid_logit,no_B6,nested_development_oof,672,155.0,0.07443299984431574,0.018419193842605187,0.024110503901825443,0.9556962025316456
B12_deficiency,primary,sigmoid_logit,no_copper,nested_development_oof,672,155.0,0.0745623095665293,0.018525525313716158,0.020354776603943733,0.9556962025316456
B12_deficiency,primary,sigmoid_logit,no_hemoglobin,nested_development_oof,672,155.0,0.07297514510705716,0.01739484958464966,0.01993842144857053,0.9615384615384616
B12_deficiency,primary,sigmoid_logit,no_demographics,nested_development_oof,672,155.0,0.07066057412248414,0.018265968974002837,0.016860263266999426,0.9545454545454546
B12_deficiency,cbc,identity,available,nested_development_oof,672,155.0,0.37958602708420247,0.12262021237839657,0.038470414381715994,0.5393258426966292
B12_deficiency,cbc,identity,drop30,nested_development_oof,672,155.0,0.454954960207637,0.14629390027188624,0.06542561130408316,0.36607142857142855
B12_deficiency,cbc,identity,drop60,nested_development_oof,672,155.0,0.5422549531736991,0.16851333843734986,0.1018113368037297,0.17486338797814208
B12_deficiency,cbc,identity,cbc_only,nested_development_oof,672,155.0,0.37958602708420247,0.12262021237839657,0.038470414381715994,0.5393258426966292
B12_deficiency,cbc,identity,hb_only,nested_development_oof,672,155.0,0.6853030832119986,0.20335650602453065,0.15436649377918854,0.0
B12_deficiency,cbc,identity,no_iron,nested_development_oof,672,155.0,0.37958602708420247,0.12262021237839657,0.038470414381715994,0.5393258426966292
B12_deficiency,cbc,identity,no_B12,nested_development_oof,672,155.0,0.37958602708420247,0.12262021237839657,0.038470414381715994,0.5393258426966292
B12_deficiency,cbc,identity,no_folate,nested_development_oof,672,155.0,0.37958602708420247,0.12262021237839657,0.038470414381715994,0.5393258426966292
B12_deficiency,cbc,identity,no_B6,nested_development_oof,672,155.0,0.37958602708420247,0.12262021237839657,0.038470414381715994,0.5393258426966292
B12_deficiency,cbc,identity,no_copper,nested_development_oof,672,155.0,0.37958602708420247,0.12262021237839657,0.038470414381715994,0.5393258426966292
B12_deficiency,cbc,identity,no_hemoglobin,nested_development_oof,672,155.0,0.3842542130650303,0.12446488723426208,0.04131258295962467,0.5474452554744526
B12_deficiency,cbc,identity,no_demographics,nested_development_oof,672,155.0,0.37865671733247974,0.12198779268525006,0.050141894711900316,0.5447761194029851
B12_deficiency,cbc,temperature,available,nested_development_oof,672,155.0,0.3787088137088847,0.121883248434377,0.04121807131272603,0.5393258426966292
B12_deficiency,cbc,temperature,drop30,nested_development_oof,672,155.0,0.4477328782056352,0.14478456884723792,0.05385467964806808,0.36607142857142855
B12_deficiency,cbc,temperature,drop60,nested_development_oof,672,155.0,0.5278847852500828,0.166283335646791,0.09002974940296415,0.17486338797814208
B12_deficiency,cbc,temperature,cbc_only,nested_development_oof,672,155.0,0.3787088137088847,0.121883248434377,0.04121807131272603,0.5393258426966292
B12_deficiency,cbc,temperature,hb_only,nested_development_oof,672,155.0,0.6577603967528768,0.20011152817276465,0.14125297890297425,0.0
B12_deficiency,cbc,temperature,no_iron,nested_development_oof,672,155.0,0.3787088137088847,0.121883248434377,0.04121807131272603,0.5393258426966292
B12_deficiency,cbc,temperature,no_B12,nested_development_oof,672,155.0,0.3787088137088847,0.121883248434377,0.04121807131272603,0.5393258426966292
B12_deficiency,cbc,temperature,no_folate,nested_development_oof,672,155.0,0.3787088137088847,0.121883248434377,0.04121807131272603,0.5393258426966292
B12_deficiency,cbc,temperature,no_B6,nested_development_oof,672,155.0,0.3787088137088847,0.121883248434377,0.04121807131272603,0.5393258426966292
B12_deficiency,cbc,temperature,no_copper,nested_development_oof,672,155.0,0.3787088137088847,0.121883248434377,0.04121807131272603,0.5393258426966292
B12_deficiency,cbc,temperature,no_hemoglobin,nested_development_oof,672,155.0,0.38214387432862923,0.12350643680658502,0.04072958969603704,0.5474452554744526
B12_deficiency,cbc,temperature,no_demographics,nested_development_oof,672,155.0,0.3779103987607716,0.12130052315990729,0.04811619065300818,0.5447761194029851
B12_deficiency,cbc,sigmoid_logit,available,nested_development_oof,672,155.0,0.37897623137353387,0.12205322256888393,0.04115972392077013,0.5283018867924528
B12_deficiency,cbc,sigmoid_logit,drop30,nested_development_oof,672,155.0,0.44925560730952796,0.14530304148017853,0.056972495399981324,0.3470319634703196
B12_deficiency,cbc,sigmoid_logit,drop60,nested_development_oof,672,155.0,0.5301175878730386,0.1671166277641489,0.09204291435788736,0.1564245810055866
B12_deficiency,cbc,sigmoid_logit,cbc_only,nested_development_oof,672,155.0,0.37897623137353387,0.12205322256888393,0.04115972392077013,0.5283018867924528
B12_deficiency,cbc,sigmoid_logit,hb_only,nested_development_oof,672,155.0,0.6592367213130608,0.20036757818097892,0.13980308677329065,0.0
B12_deficiency,cbc,sigmoid_logit,no_iron,nested_development_oof,672,155.0,0.37897623137353387,0.12205322256888393,0.04115972392077013,0.5283018867924528
B12_deficiency,cbc,sigmoid_logit,no_B12,nested_development_oof,672,155.0,0.37897623137353387,0.12205322256888393,0.04115972392077013,0.5283018867924528
B12_deficiency,cbc,sigmoid_logit,no_folate,nested_development_oof,672,155.0,0.37897623137353387,0.12205322256888393,0.04115972392077013,0.5283018867924528
B12_deficiency,cbc,sigmoid_logit,no_B6,nested_development_oof,672,155.0,0.37897623137353387,0.12205322256888393,0.04115972392077013,0.5283018867924528
B12_deficiency,cbc,sigmoid_logit,no_copper,nested_development_oof,672,155.0,0.37897623137353387,0.12205322256888393,0.04115972392077013,0.5283018867924528
B12_deficiency,cbc,sigmoid_logit,no_hemoglobin,nested_development_oof,672,155.0,0.3819038353438446,0.12347013864423059,0.0412608508617077,0.5407407407407407
B12_deficiency,cbc,sigmoid_logit,no_demographics,nested_development_oof,672,155.0,0.3784387123769408,0.12152949543903144,0.04664291357286733,0.5247148288973384
folate_deficiency,primary,identity,available,nested_development_oof,672,120.0,0.17057009773200163,0.049148188039419574,0.03191600930925062,0.784688995215311
folate_deficiency,primary,identity,drop30,nested_development_oof,672,120.0,0.24580672793366937,0.07165200548097227,0.02204119568004978,0.6666666666666666
folate_deficiency,primary,identity,drop60,nested_development_oof,672,120.0,0.3300671814195833,0.0980100003987293,0.03261047733141581,0.5238095238095238
folate_deficiency,primary,identity,cbc_only,nested_development_oof,672,120.0,0.39539039232372564,0.12336601316977032,0.03231302396198823,0.3372093023255814
folate_deficiency,primary,identity,hb_only,nested_development_oof,672,120.0,0.4685464403448315,0.1464101267952352,0.04563811708671336,0.0
folate_deficiency,primary,identity,no_iron,nested_development_oof,672,120.0,0.16842627080691092,0.04803136889574175,0.027957881349250317,0.794392523364486
folate_deficiency,primary,identity,no_B12,nested_development_oof,672,120.0,0.18501972465350067,0.05338687268515843,0.02782398922286417,0.7777777777777778
folate_deficiency,primary,identity,no_folate,nested_development_oof,672,120.0,0.4088887139491592,0.12539191760238516,0.07643178121121877,0.19858156028368795
folate_deficiency,primary,identity,no_B6,nested_development_oof,672,120.0,0.16883716814012462,0.048453769871458705,0.02954345225491372,0.7962085308056872
folate_deficiency,primary,identity,no_copper,nested_development_oof,672,120.0,0.1720365210264188,0.04966539398941008,0.02893691287724696,0.7887323943661971
folate_deficiency,primary,identity,no_hemoglobin,nested_development_oof,672,120.0,0.1705150600176737,0.04887135313570189,0.03247891220345095,0.7830188679245284
folate_deficiency,primary,identity,no_demographics,nested_development_oof,672,120.0,0.1963636839708777,0.05691540575244561,0.045119777011157915,0.7564766839378239
folate_deficiency,primary,temperature,available,nested_development_oof,672,120.0,0.173898058705482,0.04945660850710005,0.03735630814598915,0.784688995215311
folate_deficiency,primary,temperature,drop30,nested_development_oof,672,120.0,0.2475094288871774,0.07186526161604634,0.019279269365241762,0.6666666666666666
folate_deficiency,primary,temperature,drop60,nested_development_oof,672,120.0,0.3293784694846793,0.09803486850718335,0.023334740701024894,0.5238095238095238
folate_deficiency,primary,temperature,cbc_only,nested_development_oof,672,120.0,0.3922840481332037,0.12291339391006015,0.02206692675526153,0.3372093023255814
folate_deficiency,primary,temperature,hb_only,nested_development_oof,672,120.0,0.46303015648498497,0.1452674643051056,0.0325858458685779,0.0
folate_deficiency,primary,temperature,no_iron,nested_development_oof,672,120.0,0.17256069927669862,0.048462553325667714,0.043083230412756336,0.794392523364486
folate_deficiency,primary,temperature,no_B12,nested_development_oof,672,120.0,0.18853974653469657,0.05387904173534618,0.032220188138800177,0.7777777777777778
folate_deficiency,primary,temperature,no_folate,nested_development_oof,672,120.0,0.39852279907291704,0.1238189154458991,0.062298282386909216,0.19858156028368795
folate_deficiency,primary,temperature,no_B6,nested_development_oof,672,120.0,0.17229308561426077,0.04879038781333095,0.035437610877770497,0.7962085308056872
folate_deficiency,primary,temperature,no_copper,nested_development_oof,672,120.0,0.1753856085562862,0.04998133972352107,0.034979811512077935,0.7887323943661971
folate_deficiency,primary,temperature,no_hemoglobin,nested_development_oof,672,120.0,0.1744508494438349,0.049279145973822845,0.03626915256631709,0.7830188679245284
folate_deficiency,primary,temperature,no_demographics,nested_development_oof,672,120.0,0.1947467663785853,0.05662033527413073,0.040274345659655514,0.7564766839378239
folate_deficiency,primary,sigmoid_logit,available,nested_development_oof,672,120.0,0.16947863218894987,0.04841107829944806,0.04276991599893566,0.8108108108108109
folate_deficiency,primary,sigmoid_logit,drop30,nested_development_oof,672,120.0,0.2450220964008496,0.07136077786678514,0.01708906377146376,0.6926829268292682
folate_deficiency,primary,sigmoid_logit,drop60,nested_development_oof,672,120.0,0.3264913342245654,0.09735075098087345,0.031745572201255304,0.5176470588235295
folate_deficiency,primary,sigmoid_logit,cbc_only,nested_development_oof,672,120.0,0.3954850995779878,0.12425054477786694,0.041886104495590416,0.42
folate_deficiency,primary,sigmoid_logit,hb_only,nested_development_oof,672,120.0,0.46074835971790523,0.14480437839572324,0.01877940114326967,0.0
folate_deficiency,primary,sigmoid_logit,no_iron,nested_development_oof,672,120.0,0.16827838059003866,0.04740732837541476,0.03555888838184655,0.8165137614678899
folate_deficiency,primary,sigmoid_logit,no_B12,nested_development_oof,672,120.0,0.1855000762506412,0.05332564396293496,0.032678360442083665,0.7963800904977375
folate_deficiency,primary,sigmoid_logit,no_folate,nested_development_oof,672,120.0,0.3938315401765808,0.12192474674431253,0.05462652319286328,0.28205128205128205
folate_deficiency,primary,sigmoid_logit,no_B6,nested_development_oof,672,120.0,0.16802808868938307,0.04781685163848686,0.03902828890463373,0.8108108108108109
folate_deficiency,primary,sigmoid_logit,no_copper,nested_development_oof,672,120.0,0.17145410605657446,0.049174915881053216,0.03904183052039975,0.7946428571428571
folate_deficiency,primary,sigmoid_logit,no_hemoglobin,nested_development_oof,672,120.0,0.17115567812414573,0.04868761513848857,0.03353886316419281,0.8035714285714286
folate_deficiency,primary,sigmoid_logit,no_demographics,nested_development_oof,672,120.0,0.18611651172451302,0.0539096289949468,0.03425523309905279,0.79
folate_deficiency,cbc,identity,available,nested_development_oof,672,120.0,0.40870211178041677,0.12448682761566983,0.045507012126689866,0.3728813559322034
folate_deficiency,cbc,identity,drop30,nested_development_oof,672,120.0,0.518362387796505,0.14670865370379854,0.09566890666205043,0.2064516129032258
folate_deficiency,cbc,identity,drop60,nested_development_oof,672,120.0,0.6175899724253354,0.16114377240706299,0.12908078097978007,0.06299212598425197
folate_deficiency,cbc,identity,cbc_only,nested_development_oof,672,120.0,0.40870211178041677,0.12448682761566983,0.045507012126689866,0.3728813559322034
folate_deficiency,cbc,identity,hb_only,nested_development_oof,672,120.0,0.6180352457336298,0.16419706875678391,0.1292255955978639,0.0
folate_deficiency,cbc,identity,no_iron,nested_development_oof,672,120.0,0.40870211178041677,0.12448682761566983,0.045507012126689866,0.3728813559322034
folate_deficiency,cbc,identity,no_B12,nested_development_oof,672,120.0,0.40870211178041677,0.12448682761566983,0.045507012126689866,0.3728813559322034
folate_deficiency,cbc,identity,no_folate,nested_development_oof,672,120.0,0.40870211178041677,0.12448682761566983,0.045507012126689866,0.3728813559322034
folate_deficiency,cbc,identity,no_B6,nested_development_oof,672,120.0,0.40870211178041677,0.12448682761566983,0.045507012126689866,0.3728813559322034
folate_deficiency,cbc,identity,no_copper,nested_development_oof,672,120.0,0.40870211178041677,0.12448682761566983,0.045507012126689866,0.3728813559322034
folate_deficiency,cbc,identity,no_hemoglobin,nested_development_oof,672,120.0,0.4118672378879334,0.12732419615328128,0.047929993008459126,0.3567567567567568
folate_deficiency,cbc,identity,no_demographics,nested_development_oof,672,120.0,0.43478895063507156,0.12967130053738013,0.07251484911340171,0.24161073825503357
folate_deficiency,cbc,temperature,available,nested_development_oof,672,120.0,0.3968064727776024,0.12357256869621544,0.02430543582962992,0.3728813559322034
folate_deficiency,cbc,temperature,drop30,nested_development_oof,672,120.0,0.45858671609738766,0.14059482779373506,0.050828537088694094,0.2064516129032258
folate_deficiency,cbc,temperature,drop60,nested_development_oof,672,120.0,0.5128591259789618,0.15287014360745393,0.087256923774042,0.06299212598425197
folate_deficiency,cbc,temperature,cbc_only,nested_development_oof,672,120.0,0.3968064727776024,0.12357256869621544,0.02430543582962992,0.3728813559322034
folate_deficiency,cbc,temperature,hb_only,nested_development_oof,672,120.0,0.5172979504254068,0.15510269930015386,0.072311244052961,0.0
folate_deficiency,cbc,temperature,no_iron,nested_development_oof,672,120.0,0.3968064727776024,0.12357256869621544,0.02430543582962992,0.3728813559322034
folate_deficiency,cbc,temperature,no_B12,nested_development_oof,672,120.0,0.3968064727776024,0.12357256869621544,0.02430543582962992,0.3728813559322034
folate_deficiency,cbc,temperature,no_folate,nested_development_oof,672,120.0,0.3968064727776024,0.12357256869621544,0.02430543582962992,0.3728813559322034
folate_deficiency,cbc,temperature,no_B6,nested_development_oof,672,120.0,0.3968064727776024,0.12357256869621544,0.02430543582962992,0.3728813559322034
folate_deficiency,cbc,temperature,no_copper,nested_development_oof,672,120.0,0.3968064727776024,0.12357256869621544,0.02430543582962992,0.3728813559322034
folate_deficiency,cbc,temperature,no_hemoglobin,nested_development_oof,672,120.0,0.40208106360078916,0.1258824874256464,0.038942238958791085,0.3567567567567568
folate_deficiency,cbc,temperature,no_demographics,nested_development_oof,672,120.0,0.4000145312307109,0.12471861005179356,0.023621836905257907,0.24161073825503357
folate_deficiency,cbc,sigmoid_logit,available,nested_development_oof,672,120.0,0.3948406329395092,0.12263176282228778,0.010919871375934136,0.2875816993464052
folate_deficiency,cbc,sigmoid_logit,drop30,nested_development_oof,672,120.0,0.4551070341874941,0.13965469668663028,0.044050605768511886,0.12949640287769784
folate_deficiency,cbc,sigmoid_logit,drop60,nested_development_oof,672,120.0,0.5074565238084304,0.1517906894579174,0.08566766809487636,0.048
folate_deficiency,cbc,sigmoid_logit,cbc_only,nested_development_oof,672,120.0,0.3948406329395092,0.12263176282228778,0.010919871375934136,0.2875816993464052
folate_deficiency,cbc,sigmoid_logit,hb_only,nested_development_oof,672,120.0,0.5148839050629382,0.15477948333301034,0.07615421237326252,0.0
folate_deficiency,cbc,sigmoid_logit,no_iron,nested_development_oof,672,120.0,0.3948406329395092,0.12263176282228778,0.010919871375934136,0.2875816993464052
folate_deficiency,cbc,sigmoid_logit,no_B12,nested_development_oof,672,120.0,0.3948406329395092,0.12263176282228778,0.010919871375934136,0.2875816993464052
folate_deficiency,cbc,sigmoid_logit,no_folate,nested_development_oof,672,120.0,0.3948406329395092,0.12263176282228778,0.010919871375934136,0.2875816993464052
folate_deficiency,cbc,sigmoid_logit,no_B6,nested_development_oof,672,120.0,0.3948406329395092,0.12263176282228778,0.010919871375934136,0.2875816993464052
folate_deficiency,cbc,sigmoid_logit,no_copper,nested_development_oof,672,120.0,0.3948406329395092,0.12263176282228778,0.010919871375934136,0.2875816993464052
folate_deficiency,cbc,sigmoid_logit,no_hemoglobin,nested_development_oof,672,120.0,0.39787290134121217,0.12409418983675771,0.021784193945238634,0.30120481927710846
folate_deficiency,cbc,sigmoid_logit,no_demographics,nested_development_oof,672,120.0,0.40373424682820963,0.12622411699305594,0.03503920589566809,0.18840579710144928
B6_deficiency,primary,identity,available,nested_development_oof,672,28.0,0.0585297708801949,0.01116266553070259,0.01215694493967686,0.8571428571428571
B6_deficiency,primary,identity,drop30,nested_development_oof,672,28.0,0.10506348835843599,0.020731055384746077,0.015176147284526487,0.6818181818181818
B6_deficiency,primary,identity,drop60,nested_development_oof,672,28.0,0.14899792978117893,0.030212561001827048,0.020566551175612964,0.43243243243243246
B6_deficiency,primary,identity,cbc_only,nested_development_oof,672,28.0,0.21692901863157785,0.04098472435881292,0.03770785745387752,0.0
B6_deficiency,primary,identity,hb_only,nested_development_oof,672,28.0,0.1979937706628355,0.041888192513846,0.029267559696118422,0.0
B6_deficiency,primary,identity,no_iron,nested_development_oof,672,28.0,0.061632311342237914,0.011141075110263318,0.009991644904782571,0.84
B6_deficiency,primary,identity,no_B12,nested_development_oof,672,28.0,0.05846564840133562,0.011201542954657208,0.010894409462754159,0.84
B6_deficiency,primary,identity,no_folate,nested_development_oof,672,28.0,0.05835147725243353,0.011127988355381879,0.012146410131337342,0.8571428571428571
B6_deficiency,primary,identity,no_B6,nested_development_oof,672,28.0,0.20971349691912003,0.04075687419928037,0.0382897201704059,0.0
B6_deficiency,primary,identity,no_copper,nested_development_oof,672,28.0,0.05796784748224129,0.01111226430436412,0.012171704441571314,0.8571428571428571
B6_deficiency,primary,identity,no_hemoglobin,nested_development_oof,672,28.0,0.05897243855951283,0.011214332941931405,0.012388795127469246,0.8571428571428571
B6_deficiency,primary,identity,no_demographics,nested_development_oof,672,28.0,0.058696063508342035,0.010996800427466922,0.012439064511813173,0.8571428571428571
B6_deficiency,primary,temperature,available,nested_development_oof,672,28.0,0.057082313864415854,0.01158495009508794,0.010897450581386595,0.8571428571428571
B6_deficiency,primary,temperature,drop30,nested_development_oof,672,28.0,0.09711147979028482,0.020905552230499794,0.005600983698577665,0.6818181818181818
B6_deficiency,primary,temperature,drop60,nested_development_oof,672,28.0,0.1355005880056806,0.030170634419927886,0.006017217462567332,0.43243243243243246
B6_deficiency,primary,temperature,cbc_only,nested_development_oof,672,28.0,0.1728911328186038,0.03985159569253211,0.028797377442598762,0.0
B6_deficiency,primary,temperature,hb_only,nested_development_oof,672,28.0,0.1843774104989467,0.0424479569950922,0.012093282302395491,0.0
B6_deficiency,primary,temperature,no_iron,nested_development_oof,672,28.0,0.061046711954062444,0.011649638023903083,0.01181736422122402,0.84
B6_deficiency,primary,temperature,no_B12,nested_development_oof,672,28.0,0.0565690820447458,0.011579219117171987,0.00881401495944818,0.84
B6_deficiency,primary,temperature,no_folate,nested_development_oof,672,28.0,0.056606971744394406,0.011527158873678466,0.010411249464763486,0.8571428571428571
B6_deficiency,primary,temperature,no_B6,nested_development_oof,672,28.0,0.16642133126044212,0.039435770923544035,0.029453325612736656,0.0
B6_deficiency,primary,temperature,no_copper,nested_development_oof,672,28.0,0.05654863886772299,0.011525175841724536,0.010696422848178441,0.8571428571428571
B6_deficiency,primary,temperature,no_hemoglobin,nested_development_oof,672,28.0,0.057475774781432634,0.011672502619132849,0.011037672559418135,0.8571428571428571
B6_deficiency,primary,temperature,no_demographics,nested_development_oof,672,28.0,0.05682153951491534,0.011452488392370383,0.011041096752075824,0.8571428571428571
B6_deficiency,primary,sigmoid_logit,available,nested_development_oof,672,28.0,0.0566601240431342,0.011437940933106138,0.009398651323272304,0.84
B6_deficiency,primary,sigmoid_logit,drop30,nested_development_oof,672,28.0,0.09694264160015005,0.020845454167156843,0.0051168726342378,0.6818181818181818
B6_deficiency,primary,sigmoid_logit,drop60,nested_development_oof,672,28.0,0.13555667042016994,0.030239754702389217,0.009329691232326257,0.43243243243243246
B6_deficiency,primary,sigmoid_logit,cbc_only,nested_development_oof,672,28.0,0.1726611596773269,0.03984232633538941,0.02876848333171434,0.0
B6_deficiency,primary,sigmoid_logit,hb_only,nested_development_oof,672,28.0,0.1844706076877045,0.042554172238493025,0.012637226880255724,0.0
B6_deficiency,primary,sigmoid_logit,no_iron,nested_development_oof,672,28.0,0.06092479295391978,0.01162659322040317,0.011928672968432193,0.84
B6_deficiency,primary,sigmoid_logit,no_B12,nested_development_oof,672,28.0,0.05611906641610517,0.01142310818911636,0.008742754043992124,0.84
B6_deficiency,primary,sigmoid_logit,no_folate,nested_development_oof,672,28.0,0.056178658181504734,0.011389473664965441,0.008903900849747055,0.84
B6_deficiency,primary,sigmoid_logit,no_B6,nested_development_oof,672,28.0,0.1660826359164997,0.03941863567193145,0.02937950041749381,0.0
B6_deficiency,primary,sigmoid_logit,no_copper,nested_development_oof,672,28.0,0.0561137007720813,0.011378844891130275,0.00925800133757074,0.84
B6_deficiency,primary,sigmoid_logit,no_hemoglobin,nested_development_oof,672,28.0,0.05702757844458696,0.011510231746704572,0.009547974160417654,0.84
B6_deficiency,primary,sigmoid_logit,no_demographics,nested_development_oof,672,28.0,0.05641676860196813,0.01131884913287508,0.009488971762714741,0.84
B6_deficiency,cbc,identity,available,nested_development_oof,672,28.0,0.16180183029371287,0.0369501849611877,0.02614200157725786,0.2222222222222222
B6_deficiency,cbc,identity,drop30,nested_development_oof,672,28.0,0.18428166861496034,0.04648038714212155,0.032076151893338255,0.10526315789473684
B6_deficiency,cbc,identity,drop60,nested_development_oof,672,28.0,0.20670829988153905,0.05222634616958595,0.062406554364180904,0.1
B6_deficiency,cbc,identity,cbc_only,nested_development_oof,672,28.0,0.16180183029371287,0.0369501849611877,0.02614200157725786,0.2222222222222222
B6_deficiency,cbc,identity,hb_only,nested_development_oof,672,28.0,0.24098307557524387,0.05894318709838413,0.10427042993699857,0.0
B6_deficiency,cbc,identity,no_iron,nested_development_oof,672,28.0,0.16180183029371287,0.0369501849611877,0.02614200157725786,0.2222222222222222
B6_deficiency,cbc,identity,no_B12,nested_development_oof,672,28.0,0.16180183029371287,0.0369501849611877,0.02614200157725786,0.2222222222222222
B6_deficiency,cbc,identity,no_folate,nested_development_oof,672,28.0,0.16180183029371287,0.0369501849611877,0.02614200157725786,0.2222222222222222
B6_deficiency,cbc,identity,no_B6,nested_development_oof,672,28.0,0.16180183029371287,0.0369501849611877,0.02614200157725786,0.2222222222222222
B6_deficiency,cbc,identity,no_copper,nested_development_oof,672,28.0,0.16180183029371287,0.0369501849611877,0.02614200157725786,0.2222222222222222
B6_deficiency,cbc,identity,no_hemoglobin,nested_development_oof,672,28.0,0.16129310991059082,0.03742138461676449,0.024470324297292498,0.06666666666666667
B6_deficiency,cbc,identity,no_demographics,nested_development_oof,672,28.0,0.16674674394654912,0.03654398200557715,0.02930785598521392,0.18181818181818182
B6_deficiency,cbc,temperature,available,nested_development_oof,672,28.0,0.14865351726059411,0.03697123496862493,0.01824734570313173,0.2222222222222222
B6_deficiency,cbc,temperature,drop30,nested_development_oof,672,28.0,0.19984710248784968,0.050860188697750115,0.06892971405246306,0.10526315789473684
B6_deficiency,cbc,temperature,drop60,nested_development_oof,672,28.0,0.23924810354147033,0.060874769153182795,0.10861789762880597,0.1
B6_deficiency,cbc,temperature,cbc_only,nested_development_oof,672,28.0,0.14865351726059411,0.03697123496862493,0.01824734570313173,0.2222222222222222
B6_deficiency,cbc,temperature,hb_only,nested_development_oof,672,28.0,0.3029891756019842,0.07707101987689982,0.1739007566947087,0.0
B6_deficiency,cbc,temperature,no_iron,nested_development_oof,672,28.0,0.14865351726059411,0.03697123496862493,0.01824734570313173,0.2222222222222222
B6_deficiency,cbc,temperature,no_B12,nested_development_oof,672,28.0,0.14865351726059411,0.03697123496862493,0.01824734570313173,0.2222222222222222
B6_deficiency,cbc,temperature,no_folate,nested_development_oof,672,28.0,0.14865351726059411,0.03697123496862493,0.01824734570313173,0.2222222222222222
B6_deficiency,cbc,temperature,no_B6,nested_development_oof,672,28.0,0.14865351726059411,0.03697123496862493,0.01824734570313173,0.2222222222222222
B6_deficiency,cbc,temperature,no_copper,nested_development_oof,672,28.0,0.14865351726059411,0.03697123496862493,0.01824734570313173,0.2222222222222222
B6_deficiency,cbc,temperature,no_hemoglobin,nested_development_oof,672,28.0,0.15087371185689363,0.03744703882510962,0.01261693019842078,0.06666666666666667
B6_deficiency,cbc,temperature,no_demographics,nested_development_oof,672,28.0,0.14552816774141344,0.03593577186680462,0.0155187641677707,0.18181818181818182
B6_deficiency,cbc,sigmoid_logit,available,nested_development_oof,672,28.0,0.14779842926235606,0.036699552124595455,0.017427713542934875,0.06060606060606061
B6_deficiency,cbc,sigmoid_logit,drop30,nested_development_oof,672,28.0,0.19268065011695684,0.04823471673791105,0.05984150381095906,0.06060606060606061
B6_deficiency,cbc,sigmoid_logit,drop60,nested_development_oof,672,28.0,0.22720285084109637,0.0563081683012565,0.0976886650145057,0.10526315789473684
B6_deficiency,cbc,sigmoid_logit,cbc_only,nested_development_oof,672,28.0,0.14779842926235606,0.036699552124595455,0.017427713542934875,0.06060606060606061
B6_deficiency,cbc,sigmoid_logit,hb_only,nested_development_oof,672,28.0,0.280541822294412,0.06875722088419797,0.1531425563817178,0.0
B6_deficiency,cbc,sigmoid_logit,no_iron,nested_development_oof,672,28.0,0.14779842926235606,0.036699552124595455,0.017427713542934875,0.06060606060606061
B6_deficiency,cbc,sigmoid_logit,no_B12,nested_development_oof,672,28.0,0.14779842926235606,0.036699552124595455,0.017427713542934875,0.06060606060606061
B6_deficiency,cbc,sigmoid_logit,no_folate,nested_development_oof,672,28.0,0.14779842926235606,0.036699552124595455,0.017427713542934875,0.06060606060606061
B6_deficiency,cbc,sigmoid_logit,no_B6,nested_development_oof,672,28.0,0.14779842926235606,0.036699552124595455,0.017427713542934875,0.06060606060606061
B6_deficiency,cbc,sigmoid_logit,no_copper,nested_development_oof,672,28.0,0.14779842926235606,0.036699552124595455,0.017427713542934875,0.06060606060606061
B6_deficiency,cbc,sigmoid_logit,no_hemoglobin,nested_development_oof,672,28.0,0.1502053943827928,0.03720887765050196,0.010469872943939296,0.06666666666666667
B6_deficiency,cbc,sigmoid_logit,no_demographics,nested_development_oof,672,28.0,0.14557105595222167,0.03593386088729068,0.016237066541062856,0.06451612903225806
copper_deficiency,primary,identity,available,nested_development_oof,672,28.0,0.023219894383938743,0.006263268162853399,0.008361446375743386,0.9019607843137255
copper_deficiency,primary,identity,drop30,nested_development_oof,672,28.0,0.06834714637719926,0.014091576137262413,0.010882466180072417,0.7755102040816326
copper_deficiency,primary,identity,drop60,nested_development_oof,672,28.0,0.13940911911883774,0.027753685188486914,0.022940205371136696,0.5128205128205128
copper_deficiency,primary,identity,cbc_only,nested_development_oof,672,28.0,0.28649398873675286,0.04156616627347535,0.04103460247406613,0.0
copper_deficiency,primary,identity,hb_only,nested_development_oof,672,28.0,0.22581766694350633,0.041051993001934545,0.03251054787107909,0.0
copper_deficiency,primary,identity,no_iron,nested_development_oof,672,28.0,0.023420647303427015,0.006270821365863118,0.00873946109862753,0.9019607843137255
copper_deficiency,primary,identity,no_B12,nested_development_oof,672,28.0,0.023289929194369924,0.006356646712893962,0.008435689350804599,0.9019607843137255
copper_deficiency,primary,identity,no_folate,nested_development_oof,672,28.0,0.02313008443314662,0.006251184747893535,0.00689482669596736,0.9019607843137255
copper_deficiency,primary,identity,no_B6,nested_development_oof,672,28.0,0.023134605049871776,0.006226182976505572,0.008307720754987088,0.9019607843137255
copper_deficiency,primary,identity,no_copper,nested_development_oof,672,28.0,0.28046075311567065,0.04150656443492274,0.04098458653549311,0.0
copper_deficiency,primary,identity,no_hemoglobin,nested_development_oof,672,28.0,0.02331697851852392,0.006313509034482367,0.007120891633101327,0.9019607843137255
copper_deficiency,primary,identity,no_demographics,nested_development_oof,672,28.0,0.022430110885765086,0.00608702219986706,0.006752357426391654,0.9019607843137255
copper_deficiency,primary,temperature,available,nested_development_oof,672,28.0,0.025610641348533296,0.006392925181621249,0.011074541217440939,0.9019607843137255
copper_deficiency,primary,temperature,drop30,nested_development_oof,672,28.0,0.06561312825256832,0.014307778994839508,0.007579120312581756,0.7755102040816326
copper_deficiency,primary,temperature,drop60,nested_development_oof,672,28.0,0.1282335336360525,0.027623508117049934,0.0155624581748252,0.5128205128205128
copper_deficiency,primary,temperature,cbc_only,nested_development_oof,672,28.0,0.23222996171945653,0.04128380264870733,0.03884185945303365,0.0
copper_deficiency,primary,temperature,hb_only,nested_development_oof,672,28.0,0.19405532693458052,0.04057894195278543,0.020812651204394416,0.0
copper_deficiency,primary,temperature,no_iron,nested_development_oof,672,28.0,0.02622440750231765,0.006418573585810315,0.01207563642896731,0.9019607843137255
copper_deficiency,primary,temperature,no_B12,nested_development_oof,672,28.0,0.025555887028136312,0.006451044640947911,0.011288763004971381,0.9019607843137255
copper_deficiency,primary,temperature,no_folate,nested_development_oof,672,28.0,0.02554988150666726,0.006377699365875416,0.011048777217145894,0.9019607843137255
copper_deficiency,primary,temperature,no_B6,nested_development_oof,672,28.0,0.025525510978839705,0.006360018043252343,0.011017732644984724,0.9019607843137255
copper_deficiency,primary,temperature,no_copper,nested_development_oof,672,28.0,0.227226195937437,0.04116088375922778,0.03876247780052937,0.0
copper_deficiency,primary,temperature,no_hemoglobin,nested_development_oof,672,28.0,0.025878175351739946,0.006461518794609898,0.011392695647508678,0.9019607843137255
copper_deficiency,primary,temperature,no_demographics,nested_development_oof,672,28.0,0.025533196790049183,0.006222287021342247,0.011460209251060616,0.9019607843137255
copper_deficiency,primary,sigmoid_logit,available,nested_development_oof,672,28.0,0.022687144493091848,0.005608990709785091,0.010828377983495764,0.9230769230769231
copper_deficiency,primary,sigmoid_logit,drop30,nested_development_oof,672,28.0,0.06623591743058453,0.014540701204063191,0.00784085978705751,0.8
copper_deficiency,primary,sigmoid_logit,drop60,nested_development_oof,672,28.0,0.12798534933663802,0.02726263220447911,0.011765840535483758,0.5128205128205128
copper_deficiency,primary,sigmoid_logit,cbc_only,nested_development_oof,672,28.0,0.23657533318973023,0.04131423706040655,0.03919704246825439,0.0
copper_deficiency,primary,sigmoid_logit,hb_only,nested_development_oof,672,28.0,0.1949610448176438,0.04058202997431352,0.01877718383909218,0.0
copper_deficiency,primary,sigmoid_logit,no_iron,nested_development_oof,672,28.0,0.023269648209548067,0.00556970595361337,0.011417580887195123,0.9230769230769231
copper_deficiency,primary,sigmoid_logit,no_B12,nested_development_oof,672,28.0,0.02259149182322698,0.005641187671910473,0.010754225463407749,0.9230769230769231
copper_deficiency,primary,sigmoid_logit,no_folate,nested_development_oof,672,28.0,0.022651963398260307,0.005594106934324728,0.008909340509472138,0.9230769230769231
copper_deficiency,primary,sigmoid_logit,no_B6,nested_development_oof,672,28.0,0.022618447642512966,0.005585936126515668,0.010776697089880922,0.9230769230769231
copper_deficiency,primary,sigmoid_logit,no_copper,nested_development_oof,672,28.0,0.23111206802570097,0.04117542152476884,0.03909142249543281,0.0
copper_deficiency,primary,sigmoid_logit,no_hemoglobin,nested_development_oof,672,28.0,0.022920001291713083,0.005655407225008805,0.011970771217255935,0.9230769230769231
copper_deficiency,primary,sigmoid_logit,no_demographics,nested_development_oof,672,28.0,0.022922937180697406,0.005537558205118145,0.01049573692711868,0.9230769230769231
copper_deficiency,cbc,identity,available,nested_development_oof,672,28.0,0.1322880439770397,0.035769935973739495,0.021909995566766215,0.06666666666666667
copper_deficiency,cbc,identity,drop30,nested_development_oof,672,28.0,0.3568175668246098,0.11849136463468952,0.14779146451260677,0.07575757575757576
copper_deficiency,cbc,identity,drop60,nested_development_oof,672,28.0,0.6406427841104173,0.22724373030674355,0.3289370457295153,0.10909090909090909
copper_deficiency,cbc,identity,cbc_only,nested_development_oof,672,28.0,0.1322880439770397,0.035769935973739495,0.021909995566766215,0.06666666666666667
copper_deficiency,cbc,identity,hb_only,nested_development_oof,672,28.0,1.0442735315021159,0.37883541141098054,0.5304711172553459,0.06965174129353234
copper_deficiency,cbc,identity,no_iron,nested_development_oof,672,28.0,0.1322880439770397,0.035769935973739495,0.021909995566766215,0.06666666666666667
copper_deficiency,cbc,identity,no_B12,nested_development_oof,672,28.0,0.1322880439770397,0.035769935973739495,0.021909995566766215,0.06666666666666667
copper_deficiency,cbc,identity,no_folate,nested_development_oof,672,28.0,0.1322880439770397,0.035769935973739495,0.021909995566766215,0.06666666666666667
copper_deficiency,cbc,identity,no_B6,nested_development_oof,672,28.0,0.1322880439770397,0.035769935973739495,0.021909995566766215,0.06666666666666667
copper_deficiency,cbc,identity,no_copper,nested_development_oof,672,28.0,0.1322880439770397,0.035769935973739495,0.021909995566766215,0.06666666666666667
copper_deficiency,cbc,identity,no_hemoglobin,nested_development_oof,672,28.0,0.12947336904952772,0.03553676301147856,0.017089533500201894,0.06666666666666667
copper_deficiency,cbc,identity,no_demographics,nested_development_oof,672,28.0,0.12612764510014177,0.03516041728941671,0.01435637859166198,0.17647058823529413
copper_deficiency,cbc,temperature,available,nested_development_oof,672,28.0,0.12879337547149983,0.034707298176382795,0.015224793627533201,0.06666666666666667
copper_deficiency,cbc,temperature,drop30,nested_development_oof,672,28.0,0.34570965644909596,0.1143190329565807,0.16933583962946458,0.07575757575757576
copper_deficiency,cbc,temperature,drop60,nested_development_oof,672,28.0,0.5933120330503391,0.2117811634162564,0.339875509027482,0.10909090909090909
copper_deficiency,cbc,temperature,cbc_only,nested_development_oof,672,28.0,0.12879337547149983,0.034707298176382795,0.015224793627533201,0.06666666666666667
copper_deficiency,cbc,temperature,hb_only,nested_development_oof,672,28.0,0.9123072107426047,0.341960760852501,0.5160301229182421,0.06965174129353234
copper_deficiency,cbc,temperature,no_iron,nested_development_oof,672,28.0,0.12879337547149983,0.034707298176382795,0.015224793627533201,0.06666666666666667
copper_deficiency,cbc,temperature,no_B12,nested_development_oof,672,28.0,0.12879337547149983,0.034707298176382795,0.015224793627533201,0.06666666666666667
copper_deficiency,cbc,temperature,no_folate,nested_development_oof,672,28.0,0.12879337547149983,0.034707298176382795,0.015224793627533201,0.06666666666666667
copper_deficiency,cbc,temperature,no_B6,nested_development_oof,672,28.0,0.12879337547149983,0.034707298176382795,0.015224793627533201,0.06666666666666667
copper_deficiency,cbc,temperature,no_copper,nested_development_oof,672,28.0,0.12879337547149983,0.034707298176382795,0.015224793627533201,0.06666666666666667
copper_deficiency,cbc,temperature,no_hemoglobin,nested_development_oof,672,28.0,0.1303692894611208,0.03498080420639012,0.014032221613679743,0.06666666666666667
copper_deficiency,cbc,temperature,no_demographics,nested_development_oof,672,28.0,0.13587538847377637,0.03579417638415899,0.030248348397389557,0.17647058823529413
copper_deficiency,cbc,sigmoid_logit,available,nested_development_oof,672,28.0,0.12937705566136473,0.03488420889001799,0.01408527350140357,0.06666666666666667
copper_deficiency,cbc,sigmoid_logit,drop30,nested_development_oof,672,28.0,0.3241978690081272,0.10524515780409177,0.1575060832165069,0.05309734513274336
copper_deficiency,cbc,sigmoid_logit,drop60,nested_development_oof,672,28.0,0.5516214461022566,0.19362312646549004,0.3194794272969911,0.09795918367346938
copper_deficiency,cbc,sigmoid_logit,cbc_only,nested_development_oof,672,28.0,0.12937705566136473,0.03488420889001799,0.01408527350140357,0.06666666666666667
copper_deficiency,cbc,sigmoid_logit,hb_only,nested_development_oof,672,28.0,0.8513773617817686,0.3141957713982834,0.48608360473094936,0.06896551724137931
copper_deficiency,cbc,sigmoid_logit,no_iron,nested_development_oof,672,28.0,0.12937705566136473,0.03488420889001799,0.01408527350140357,0.06666666666666667
copper_deficiency,cbc,sigmoid_logit,no_B12,nested_development_oof,672,28.0,0.12937705566136473,0.03488420889001799,0.01408527350140357,0.06666666666666667
copper_deficiency,cbc,sigmoid_logit,no_folate,nested_development_oof,672,28.0,0.12937705566136473,0.03488420889001799,0.01408527350140357,0.06666666666666667
copper_deficiency,cbc,sigmoid_logit,no_B6,nested_development_oof,672,28.0,0.12937705566136473,0.03488420889001799,0.01408527350140357,0.06666666666666667
copper_deficiency,cbc,sigmoid_logit,no_copper,nested_development_oof,672,28.0,0.12937705566136473,0.03488420889001799,0.01408527350140357,0.06666666666666667
copper_deficiency,cbc,sigmoid_logit,no_hemoglobin,nested_development_oof,672,28.0,0.1306651317891824,0.035059548429922,0.016429208503740994,0.06666666666666667
copper_deficiency,cbc,sigmoid_logit,no_demographics,nested_development_oof,672,28.0,0.13572086294196095,0.035756921408480836,0.02710124226384288,0.12121212121212122
inflammation_anemia,primary,identity,available,nested_development_oof,672,52.0,0.02295103181229315,0.005760578089738725,0.007627845733729957,0.9514563106796117
inflammation_anemia,primary,identity,drop30,nested_development_oof,672,52.0,0.04748042717134889,0.01318086590912196,0.015437422933518555,0.8888888888888888
inflammation_anemia,primary,identity,drop60,nested_development_oof,672,52.0,0.09751615127533263,0.025237126054019926,0.01710242557127439,0.7816091954022989
inflammation_anemia,primary,identity,cbc_only,nested_development_oof,672,52.0,0.15312718251829655,0.046904143875778265,0.028775755637518743,0.4358974358974359
inflammation_anemia,primary,identity,hb_only,nested_development_oof,672,52.0,0.27984978629887436,0.07229549639042784,0.05283581580958181,0.0
inflammation_anemia,primary,identity,no_iron,nested_development_oof,672,52.0,0.045493083102620846,0.011887992935713576,0.010167649350381657,0.9038461538461539
inflammation_anemia,primary,identity,no_B12,nested_development_oof,672,52.0,0.023550657120223185,0.0060133447828012235,0.00503097215787413,0.9514563106796117
inflammation_anemia,primary,identity,no_folate,nested_development_oof,672,52.0,0.02282135180484423,0.005721628598182724,0.007838006133299739,0.9514563106796117
inflammation_anemia,primary,identity,no_B6,nested_development_oof,672,52.0,0.023395371449756317,0.005964812051670078,0.0065691884514416776,0.9514563106796117
inflammation_anemia,primary,identity,no_copper,nested_development_oof,672,52.0,0.022850315353913405,0.005748201398722101,0.007604083904078137,0.9514563106796117
inflammation_anemia,primary,identity,no_hemoglobin,nested_development_oof,672,52.0,0.02306871711392327,0.0053153139263171795,0.008270653533395605,0.9615384615384616
inflammation_anemia,primary,identity,no_demographics,nested_development_oof,672,52.0,0.02558380288823628,0.006027209385296384,0.010357723109134293,0.9615384615384616
inflammation_anemia,primary,temperature,available,nested_development_oof,672,52.0,0.02307973269720461,0.005733923306364123,0.007154092507433119,0.9514563106796117
inflammation_anemia,primary,temperature,drop30,nested_development_oof,672,52.0,0.04801191506846281,0.01320414289288262,0.015807159933257875,0.8888888888888888
inflammation_anemia,primary,temperature,drop60,nested_development_oof,672,52.0,0.09843692760657625,0.025242541536036535,0.014409522034104035,0.7816091954022989
inflammation_anemia,primary,temperature,cbc_only,nested_development_oof,672,52.0,0.1535801573425127,0.04678984898038456,0.0273756343610502,0.4358974358974359
inflammation_anemia,primary,temperature,hb_only,nested_development_oof,672,52.0,0.2782532487332273,0.07204776052911896,0.051251231605914806,0.0
inflammation_anemia,primary,temperature,no_iron,nested_development_oof,672,52.0,0.04574087651997397,0.011897392834510105,0.010575542450150747,0.9038461538461539
inflammation_anemia,primary,temperature,no_B12,nested_development_oof,672,52.0,0.02364802969385022,0.005974869415581798,0.004515434541049411,0.9514563106796117
inflammation_anemia,primary,temperature,no_folate,nested_development_oof,672,52.0,0.022993091183194356,0.005695492089083208,0.008034437355729292,0.9514563106796117
inflammation_anemia,primary,temperature,no_B6,nested_development_oof,672,52.0,0.023510156866573265,0.005930184628985204,0.005763830041622368,0.9514563106796117
inflammation_anemia,primary,temperature,no_copper,nested_development_oof,672,52.0,0.022981940693470218,0.00572116919167495,0.007435679548775892,0.9514563106796117
inflammation_anemia,primary,temperature,no_hemoglobin,nested_development_oof,672,52.0,0.02328595329058367,0.005271988386443553,0.008344573930392559,0.9615384615384616
inflammation_anemia,primary,temperature,no_demographics,nested_development_oof,672,52.0,0.02571298684365272,0.005974232561365766,0.01067231065102861,0.9615384615384616
inflammation_anemia,primary,sigmoid_logit,available,nested_development_oof,672,52.0,0.023162418995088283,0.005884603169250724,0.008465779718630273,0.9615384615384616
inflammation_anemia,primary,sigmoid_logit,drop30,nested_development_oof,672,52.0,0.046063185595993754,0.012503429901470178,0.012020562669906925,0.88
inflammation_anemia,primary,sigmoid_logit,drop60,nested_development_oof,672,52.0,0.09506252670080573,0.02448513443081534,0.011376995161673604,0.7727272727272727
inflammation_anemia,primary,sigmoid_logit,cbc_only,nested_development_oof,672,52.0,0.15159283088041559,0.04539747546020833,0.02313888384377539,0.4878048780487805
inflammation_anemia,primary,sigmoid_logit,hb_only,nested_development_oof,672,52.0,0.2722543955637266,0.07157124935640663,0.048091871642169076,0.0
inflammation_anemia,primary,sigmoid_logit,no_iron,nested_development_oof,672,52.0,0.046931418660445035,0.012458678411846788,0.010901931904480812,0.8867924528301887
inflammation_anemia,primary,sigmoid_logit,no_B12,nested_development_oof,672,52.0,0.02380113538868887,0.006134909665302118,0.007582342143935444,0.9523809523809523
inflammation_anemia,primary,sigmoid_logit,no_folate,nested_development_oof,672,52.0,0.02324017860795402,0.005901820013035642,0.006928910770266451,0.9433962264150944
inflammation_anemia,primary,sigmoid_logit,no_B6,nested_development_oof,672,52.0,0.02369903701958633,0.006123263687162312,0.007381044256727645,0.9523809523809523
inflammation_anemia,primary,sigmoid_logit,no_copper,nested_development_oof,672,52.0,0.023074785030800637,0.005878915226503315,0.008435099093895452,0.9615384615384616
inflammation_anemia,primary,sigmoid_logit,no_hemoglobin,nested_development_oof,672,52.0,0.02314163968487934,0.005419933421032519,0.008058663796880059,0.9615384615384616
inflammation_anemia,primary,sigmoid_logit,no_demographics,nested_development_oof,672,52.0,0.026679409766099112,0.0064628257584371535,0.01148131712396188,0.9615384615384616
inflammation_anemia,cbc,identity,available,nested_development_oof,672,52.0,0.16908999280583506,0.04968088481126784,0.020718609121359175,0.45569620253164556
inflammation_anemia,cbc,identity,drop30,nested_development_oof,672,52.0,0.2027307079578023,0.0561445965336468,0.035981943207949084,0.19047619047619047
inflammation_anemia,cbc,identity,drop60,nested_development_oof,672,52.0,0.31325276048394507,0.07090922119558477,0.043764948115008265,0.03508771929824561
inflammation_anemia,cbc,identity,cbc_only,nested_development_oof,672,52.0,0.16908999280583506,0.04968088481126784,0.020718609121359175,0.45569620253164556
inflammation_anemia,cbc,identity,hb_only,nested_development_oof,672,52.0,0.36338973961762117,0.07451403298211565,0.061768845501005934,0.0
inflammation_anemia,cbc,identity,no_iron,nested_development_oof,672,52.0,0.16908999280583506,0.04968088481126784,0.020718609121359175,0.45569620253164556
inflammation_anemia,cbc,identity,no_B12,nested_development_oof,672,52.0,0.16908999280583506,0.04968088481126784,0.020718609121359175,0.45569620253164556
inflammation_anemia,cbc,identity,no_folate,nested_development_oof,672,52.0,0.16908999280583506,0.04968088481126784,0.020718609121359175,0.45569620253164556
inflammation_anemia,cbc,identity,no_B6,nested_development_oof,672,52.0,0.16908999280583506,0.04968088481126784,0.020718609121359175,0.45569620253164556
inflammation_anemia,cbc,identity,no_copper,nested_development_oof,672,52.0,0.16908999280583506,0.04968088481126784,0.020718609121359175,0.45569620253164556
inflammation_anemia,cbc,identity,no_hemoglobin,nested_development_oof,672,52.0,0.18547300036275544,0.051203889471706635,0.022180227002775787,0.425
inflammation_anemia,cbc,identity,no_demographics,nested_development_oof,672,52.0,0.1831640664160454,0.051728307066439196,0.01896595486238562,0.42105263157894735
inflammation_anemia,cbc,temperature,available,nested_development_oof,672,52.0,0.1633621861743952,0.049035601454935275,0.016896645983141986,0.45569620253164556
inflammation_anemia,cbc,temperature,drop30,nested_development_oof,672,52.0,0.19188054733217097,0.05495133915799909,0.015872233163725522,0.19047619047619047
inflammation_anemia,cbc,temperature,drop60,nested_development_oof,672,52.0,0.28106719192822366,0.07010824052508033,0.0305382129009117,0.03508771929824561
inflammation_anemia,cbc,temperature,cbc_only,nested_development_oof,672,52.0,0.1633621861743952,0.049035601454935275,0.016896645983141986,0.45569620253164556
inflammation_anemia,cbc,temperature,hb_only,nested_development_oof,672,52.0,0.3094411000664519,0.07281898662918593,0.05408844866209489,0.0
inflammation_anemia,cbc,temperature,no_iron,nested_development_oof,672,52.0,0.1633621861743952,0.049035601454935275,0.016896645983141986,0.45569620253164556
inflammation_anemia,cbc,temperature,no_B12,nested_development_oof,672,52.0,0.1633621861743952,0.049035601454935275,0.016896645983141986,0.45569620253164556
inflammation_anemia,cbc,temperature,no_folate,nested_development_oof,672,52.0,0.1633621861743952,0.049035601454935275,0.016896645983141986,0.45569620253164556
inflammation_anemia,cbc,temperature,no_B6,nested_development_oof,672,52.0,0.1633621861743952,0.049035601454935275,0.016896645983141986,0.45569620253164556
inflammation_anemia,cbc,temperature,no_copper,nested_development_oof,672,52.0,0.1633621861743952,0.049035601454935275,0.016896645983141986,0.45569620253164556
inflammation_anemia,cbc,temperature,no_hemoglobin,nested_development_oof,672,52.0,0.188554263009095,0.05186426613320547,0.030390033073514986,0.425
inflammation_anemia,cbc,temperature,no_demographics,nested_development_oof,672,52.0,0.18325978861278375,0.051623337275124595,0.030954221360030575,0.42105263157894735
inflammation_anemia,cbc,sigmoid_logit,available,nested_development_oof,672,52.0,0.16412830251240024,0.049085642032162514,0.01658185929326595,0.43037974683544306
inflammation_anemia,cbc,sigmoid_logit,drop30,nested_development_oof,672,52.0,0.1924401829119567,0.054852553606700306,0.016327819571734733,0.24615384615384617
inflammation_anemia,cbc,sigmoid_logit,drop60,nested_development_oof,672,52.0,0.28274591744630645,0.07018551140537303,0.03232328413180648,0.07017543859649122
inflammation_anemia,cbc,sigmoid_logit,cbc_only,nested_development_oof,672,52.0,0.16412830251240024,0.049085642032162514,0.01658185929326595,0.43037974683544306
inflammation_anemia,cbc,sigmoid_logit,hb_only,nested_development_oof,672,52.0,0.31138183442644074,0.07285455346924745,0.05194852693286883,0.0
inflammation_anemia,cbc,sigmoid_logit,no_iron,nested_development_oof,672,52.0,0.16412830251240024,0.049085642032162514,0.01658185929326595,0.43037974683544306
inflammation_anemia,cbc,sigmoid_logit,no_B12,nested_development_oof,672,52.0,0.16412830251240024,0.049085642032162514,0.01658185929326595,0.43037974683544306
inflammation_anemia,cbc,sigmoid_logit,no_folate,nested_development_oof,672,52.0,0.16412830251240024,0.049085642032162514,0.01658185929326595,0.43037974683544306
inflammation_anemia,cbc,sigmoid_logit,no_B6,nested_development_oof,672,52.0,0.16412830251240024,0.049085642032162514,0.01658185929326595,0.43037974683544306
inflammation_anemia,cbc,sigmoid_logit,no_copper,nested_development_oof,672,52.0,0.16412830251240024,0.049085642032162514,0.01658185929326595,0.43037974683544306
inflammation_anemia,cbc,sigmoid_logit,no_hemoglobin,nested_development_oof,672,52.0,0.1893843583593806,0.051945396726695424,0.02917849338061857,0.41025641025641024
inflammation_anemia,cbc,sigmoid_logit,no_demographics,nested_development_oof,672,52.0,0.1838525155956901,0.05157746334191466,0.025373268479055404,0.4358974358974359
anemia_class,primary,identity,available,reused_holdout,168,,0.608594796232699,0.27393694235379457,0.2599833106853768,0.9034309948906875
anemia_class,primary,selected,available,reused_holdout,168,,0.3961935678821873,0.19091795329352462,0.061410878149981946,0.9034309948906875
anemia_class,primary,identity,drop30,reused_holdout,168,,1.0759112063122518,0.490984806417642,0.1946792234795987,0.6625115336703047
anemia_class,primary,selected,drop30,reused_holdout,168,,0.900534864185144,0.4428985016532895,0.07611384875296906,0.6625115336703047
anemia_class,primary,identity,drop60,reused_holdout,168,,1.6170711330958023,0.6823397324943247,0.13485266428050607,0.43669348912404465
anemia_class,primary,selected,drop60,reused_holdout,168,,1.533379948648017,0.6556041572178641,0.09733170962532736,0.43669348912404465
anemia_class,primary,identity,cbc_only,reused_holdout,168,,1.5976381299194495,0.7155446980294206,0.09928886664332415,0.24266436453531737
anemia_class,primary,selected,cbc_only,reused_holdout,168,,1.6607236054145569,0.7647664137697628,0.2116189506853431,0.24266436453531737
anemia_class,primary,identity,hb_only,reused_holdout,168,,2.1603574124542595,0.8665462665244276,0.07736649312929633,0.06504065040650407
anemia_class,primary,selected,hb_only,reused_holdout,168,,2.359433635104217,0.9527638350718272,0.28919848210553306,0.06504065040650407
anemia_class,primary,identity,no_iron,reused_holdout,168,,0.9598329682690258,0.4473582008936795,0.27734815217988035,0.7846249788580448
anemia_class,primary,selected,no_iron,reused_holdout,168,,0.7541014137550466,0.3600561741769996,0.14320949773203137,0.7846249788580448
anemia_class,primary,identity,no_B12,reused_holdout,168,,0.7482726377754875,0.3462068447216875,0.20835273769122145,0.7782904515663137
anemia_class,primary,selected,no_B12,reused_holdout,168,,0.5757812709526717,0.2892968369600232,0.0431004714179083,0.7782904515663137
anemia_class,primary,identity,no_folate,reused_holdout,168,,0.7434170341999047,0.3543847436292351,0.17725253285856835,0.7609159048234678
anemia_class,primary,selected,no_folate,reused_holdout,168,,0.6187995557123058,0.31850184357177996,0.07314069374741974,0.7609159048234678
anemia_class,primary,identity,no_B6,reused_holdout,168,,0.666770935103969,0.2990858860595199,0.22744658006874158,0.8152207539345596
anemia_class,primary,selected,no_B6,reused_holdout,168,,0.4937312503076089,0.23616870165233775,0.036920511576973604,0.8152207539345596
anemia_class,primary,identity,no_copper,reused_holdout,168,,0.694297155942642,0.3001367866746013,0.2318501584181488,0.8129693460438802
anemia_class,primary,selected,no_copper,reused_holdout,168,,0.5380321571568484,0.2300315308807627,0.03912380460369674,0.8129693460438802
anemia_class,primary,identity,no_hemoglobin,reused_holdout,168,,0.871018482207719,0.40488016326737736,0.2870043212733173,0.7917618585125146
anemia_class,primary,selected,no_hemoglobin,reused_holdout,168,,0.6230053340968043,0.32062330202122225,0.10051267103891359,0.7917618585125146
anemia_class,primary,identity,no_demographics,reused_holdout,168,,0.6063504404726919,0.27374730275855963,0.2502034581531883,0.8939789459649542
anemia_class,primary,selected,no_demographics,reused_holdout,168,,0.399855467057207,0.19353192815019038,0.0531423490397872,0.8939789459649542
anemia_class,cbc,identity,available,reused_holdout,168,,1.137603724915487,0.5553835719219559,0.05389899702490729,0.46698601725119354
anemia_class,cbc,selected,available,reused_holdout,168,,1.137603724915487,0.5553835719219559,0.05389899702490729,0.46698601725119354
anemia_class,cbc,identity,drop30,reused_holdout,168,,1.8094760865057455,0.7376312812490601,0.08621768498124047,0.3386840459176524
anemia_class,cbc,selected,drop30,reused_holdout,168,,1.8094760865057455,0.7376312812490601,0.08621768498124047,0.3386840459176524
anemia_class,cbc,identity,drop60,reused_holdout,168,,2.4650543725017,0.9353752782178417,0.18511788927793105,0.10642518652954225
anemia_class,cbc,selected,drop60,reused_holdout,168,,2.4650543725017,0.9353752782178417,0.18511788927793105,0.10642518652954225
anemia_class,cbc,identity,cbc_only,reused_holdout,168,,1.137603724915487,0.5553835719219559,0.05389899702490729,0.46698601725119354
anemia_class,cbc,selected,cbc_only,reused_holdout,168,,1.137603724915487,0.5553835719219559,0.05389899702490729,0.46698601725119354
anemia_class,cbc,identity,hb_only,reused_holdout,168,,2.493715337991258,0.9338569732546466,0.122139849634383,0.04129338930097943
anemia_class,cbc,selected,hb_only,reused_holdout,168,,2.493715337991258,0.9338569732546466,0.122139849634383,0.04129338930097943
anemia_class,cbc,identity,no_iron,reused_holdout,168,,1.137603724915487,0.5553835719219559,0.05389899702490729,0.46698601725119354
anemia_class,cbc,selected,no_iron,reused_holdout,168,,1.137603724915487,0.5553835719219559,0.05389899702490729,0.46698601725119354
anemia_class,cbc,identity,no_B12,reused_holdout,168,,1.137603724915487,0.5553835719219559,0.05389899702490729,0.46698601725119354
anemia_class,cbc,selected,no_B12,reused_holdout,168,,1.137603724915487,0.5553835719219559,0.05389899702490729,0.46698601725119354
anemia_class,cbc,identity,no_folate,reused_holdout,168,,1.137603724915487,0.5553835719219559,0.05389899702490729,0.46698601725119354
anemia_class,cbc,selected,no_folate,reused_holdout,168,,1.137603724915487,0.5553835719219559,0.05389899702490729,0.46698601725119354
anemia_class,cbc,identity,no_B6,reused_holdout,168,,1.137603724915487,0.5553835719219559,0.05389899702490729,0.46698601725119354
anemia_class,cbc,selected,no_B6,reused_holdout,168,,1.137603724915487,0.5553835719219559,0.05389899702490729,0.46698601725119354
anemia_class,cbc,identity,no_copper,reused_holdout,168,,1.137603724915487,0.5553835719219559,0.05389899702490729,0.46698601725119354
anemia_class,cbc,selected,no_copper,reused_holdout,168,,1.137603724915487,0.5553835719219559,0.05389899702490729,0.46698601725119354
anemia_class,cbc,identity,no_hemoglobin,reused_holdout,168,,1.7347153636669486,0.7421237355967311,0.11448891999246301,0.2528570371868481
anemia_class,cbc,selected,no_hemoglobin,reused_holdout,168,,1.7347153636669486,0.7421237355967311,0.11448891999246301,0.2528570371868481
anemia_class,cbc,identity,no_demographics,reused_holdout,168,,1.145966264565306,0.5581701184990715,0.07040931948648234,0.4766079209461563
anemia_class,cbc,selected,no_demographics,reused_holdout,168,,1.145966264565306,0.5581701184990715,0.07040931948648234,0.4766079209461563
iron_deficiency,primary,identity,available,reused_holdout,168,57.0,0.04727320087109164,0.012395419299556893,0.0222809660769617,0.9739130434782609
iron_deficiency,primary,selected,available,reused_holdout,168,57.0,0.04453438690008885,0.013183725733450466,0.01290638327194752,0.9739130434782609
iron_deficiency,primary,identity,drop30,reused_holdout,168,57.0,0.08681171175973568,0.02091584357017126,0.03583859626291401,0.972972972972973
iron_deficiency,primary,selected,drop30,reused_holdout,168,57.0,0.07946328848788739,0.01958950210996886,0.0241942704270528,0.9642857142857143
iron_deficiency,primary,identity,drop60,reused_holdout,168,57.0,0.19259532758373824,0.054844623905859924,0.062021792588438096,0.8952380952380953
iron_deficiency,primary,selected,drop60,reused_holdout,168,57.0,0.16912225632052044,0.05016044361680564,0.026571317345594005,0.8952380952380953
iron_deficiency,primary,identity,cbc_only,reused_holdout,168,57.0,0.3486353141823075,0.1081046505851974,0.053341798794341234,0.7636363636363637
iron_deficiency,primary,selected,cbc_only,reused_holdout,168,57.0,0.3746398712305566,0.11166647005696236,0.08788699088437386,0.7636363636363637
iron_deficiency,primary,identity,hb_only,reused_holdout,168,57.0,0.6907278984545558,0.24125324050157268,0.11958367293866472,0.0
iron_deficiency,primary,selected,hb_only,reused_holdout,168,57.0,0.7672863295422031,0.26003683460157523,0.17966892830264006,0.0
iron_deficiency,primary,identity,no_iron,reused_holdout,168,57.0,0.3230012174543305,0.10083110341810189,0.06605049915715105,0.7476635514018691
iron_deficiency,primary,selected,no_iron,reused_holdout,168,57.0,0.35026911949661355,0.10466501955899979,0.09290134346248816,0.7592592592592593
iron_deficiency,primary,identity,no_B12,reused_holdout,168,57.0,0.04808365231816584,0.012605343809923278,0.02248646958471137,0.9739130434782609
iron_deficiency,primary,selected,no_B12,reused_holdout,168,57.0,0.045640751020920266,0.01337421505410564,0.012929739541177532,0.9739130434782609
iron_deficiency,primary,identity,no_folate,reused_holdout,168,57.0,0.04789327007402979,0.01248906149336296,0.022240852105268466,0.9739130434782609
iron_deficiency,primary,selected,no_folate,reused_holdout,168,57.0,0.04530532862206919,0.013179520038612032,0.012734938492985839,0.9739130434782609
iron_deficiency,primary,identity,no_B6,reused_holdout,168,57.0,0.04740981932452461,0.012431449016078431,0.02220542524460318,0.9739130434782609
iron_deficiency,primary,selected,no_B6,reused_holdout,168,57.0,0.044650855255305405,0.013204547046404877,0.012871762834530509,0.9739130434782609
iron_deficiency,primary,identity,no_copper,reused_holdout,168,57.0,0.04654883409825146,0.012200290475046978,0.02219889396392801,0.9739130434782609
iron_deficiency,primary,selected,no_copper,reused_holdout,168,57.0,0.04332475828909667,0.013023710868134456,0.012803250006737547,0.9739130434782609
iron_deficiency,primary,identity,no_hemoglobin,reused_holdout,168,57.0,0.046150465994341215,0.01194724258711283,0.023693085523603205,0.9739130434782609
iron_deficiency,primary,selected,no_hemoglobin,reused_holdout,168,57.0,0.04134560779537292,0.012728903247245576,0.01356924300425721,0.9739130434782609
iron_deficiency,primary,identity,no_demographics,reused_holdout,168,57.0,0.05146569445731344,0.013348388658910578,0.017284421919527514,0.9739130434782609
iron_deficiency,primary,selected,no_demographics,reused_holdout,168,57.0,0.05055117333579121,0.013933197251595773,0.017390475184491588,0.9739130434782609
iron_deficiency,cbc,identity,available,reused_holdout,168,57.0,0.34824015833481786,0.1085926945877315,0.06094582528433839,0.8
iron_deficiency,cbc,selected,available,reused_holdout,168,57.0,0.34824015833481786,0.1085926945877315,0.06094582528433839,0.8
iron_deficiency,cbc,identity,drop30,reused_holdout,168,57.0,0.4234027715972089,0.1318923655975313,0.069683769431234,0.7326732673267327
iron_deficiency,cbc,selected,drop30,reused_holdout,168,57.0,0.4234027715972089,0.1318923655975313,0.069683769431234,0.7326732673267327
iron_deficiency,cbc,identity,drop60,reused_holdout,168,57.0,0.5265483858292759,0.1785646009702583,0.06471822198324177,0.41025641025641024
iron_deficiency,cbc,selected,drop60,reused_holdout,168,57.0,0.5265483858292759,0.1785646009702583,0.06471822198324177,0.41025641025641024
iron_deficiency,cbc,identity,cbc_only,reused_holdout,168,57.0,0.34824015833481786,0.10859269458773153,0.06094582528433839,0.8
iron_deficiency,cbc,selected,cbc_only,reused_holdout,168,57.0,0.34824015833481786,0.10859269458773153,0.06094582528433839,0.8
iron_deficiency,cbc,identity,hb_only,reused_holdout,168,57.0,0.6370044564274004,0.22262252082445405,0.071210214209129,0.0
iron_deficiency,cbc,selected,hb_only,reused_holdout,168,57.0,0.6370044564274004,0.22262252082445405,0.071210214209129,0.0
iron_deficiency,cbc,identity,no_iron,reused_holdout,168,57.0,0.3482401583348178,0.10859269458773153,0.060945825284338374,0.8
iron_deficiency,cbc,selected,no_iron,reused_holdout,168,57.0,0.3482401583348178,0.10859269458773153,0.060945825284338374,0.8
iron_deficiency,cbc,identity,no_B12,reused_holdout,168,57.0,0.34824015833481786,0.1085926945877315,0.060945825284338374,0.8
iron_deficiency,cbc,selected,no_B12,reused_holdout,168,57.0,0.34824015833481786,0.1085926945877315,0.060945825284338374,0.8
iron_deficiency,cbc,identity,no_folate,reused_holdout,168,57.0,0.34824015833481786,0.1085926945877315,0.06094582528433839,0.8
iron_deficiency,cbc,selected,no_folate,reused_holdout,168,57.0,0.34824015833481786,0.1085926945877315,0.06094582528433839,0.8
iron_deficiency,cbc,identity,no_B6,reused_holdout,168,57.0,0.3482401583348178,0.1085926945877315,0.060945825284338374,0.8
iron_deficiency,cbc,selected,no_B6,reused_holdout,168,57.0,0.3482401583348178,0.1085926945877315,0.060945825284338374,0.8
iron_deficiency,cbc,identity,no_copper,reused_holdout,168,57.0,0.34824015833481786,0.1085926945877315,0.06094582528433839,0.8
iron_deficiency,cbc,selected,no_copper,reused_holdout,168,57.0,0.34824015833481786,0.1085926945877315,0.06094582528433839,0.8
iron_deficiency,cbc,identity,no_hemoglobin,reused_holdout,168,57.0,0.35171189121642255,0.10935747276454302,0.046757874271036656,0.7850467289719626
iron_deficiency,cbc,selected,no_hemoglobin,reused_holdout,168,57.0,0.35171189121642255,0.10935747276454302,0.046757874271036656,0.7850467289719626
iron_deficiency,cbc,identity,no_demographics,reused_holdout,168,57.0,0.3395592310677502,0.1057270210718779,0.05994252677748072,0.8035714285714286
iron_deficiency,cbc,selected,no_demographics,reused_holdout,168,57.0,0.3395592310677502,0.1057270210718779,0.05994252677748072,0.8035714285714286
B12_deficiency,primary,identity,available,reused_holdout,168,35.0,0.029195494687283934,0.0051865614296502435,0.01961587538049657,0.9855072463768116
B12_deficiency,primary,selected,available,reused_holdout,168,35.0,0.020520097421498677,0.0046896638760530645,0.01692193374440396,0.9714285714285714
B12_deficiency,primary,identity,drop30,reused_holdout,168,35.0,0.10355861477213481,0.025909979573834712,0.01859150774695358,0.9253731343283582
B12_deficiency,primary,selected,drop30,reused_holdout,168,35.0,0.1014014993711273,0.02632252910394353,0.01050835099399037,0.9253731343283582
B12_deficiency,primary,identity,drop60,reused_holdout,168,35.0,0.18889513159447238,0.053472999935788836,0.048212990152880136,0.7936507936507936
B12_deficiency,primary,selected,drop60,reused_holdout,168,35.0,0.1752826958524371,0.052152800465378346,0.04063276975947867,0.8235294117647058
B12_deficiency,primary,identity,cbc_only,reused_holdout,168,35.0,0.35044805506919474,0.1111579826802817,0.06536114759160205,0.5483870967741935
B12_deficiency,primary,selected,cbc_only,reused_holdout,168,35.0,0.3661532244332652,0.11546316187877609,0.06673839381133181,0.5588235294117647
B12_deficiency,primary,identity,hb_only,reused_holdout,168,35.0,0.5312598869280499,0.1706436302643532,0.0995319635574058,0.0
B12_deficiency,primary,selected,hb_only,reused_holdout,168,35.0,0.5456541702440432,0.17384570795851015,0.09712089439301692,0.0
B12_deficiency,primary,identity,no_iron,reused_holdout,168,35.0,0.03477120177678646,0.006154853688951634,0.024530945666659212,0.9859154929577465
B12_deficiency,primary,selected,no_iron,reused_holdout,168,35.0,0.02621343697816193,0.006038375450224875,0.016561538483186068,0.9859154929577465
B12_deficiency,primary,identity,no_B12,reused_holdout,168,35.0,0.21483911855091417,0.06360456249437159,0.03447387108344108,0.7586206896551724
B12_deficiency,primary,selected,no_B12,reused_holdout,168,35.0,0.21814032346389323,0.06298746881148508,0.04183990675597806,0.7666666666666667
B12_deficiency,primary,identity,no_folate,reused_holdout,168,35.0,0.03724936907340382,0.007849944728719771,0.031575300795022056,0.9714285714285714
B12_deficiency,primary,selected,no_folate,reused_holdout,168,35.0,0.025510909855485965,0.0059120590003536215,0.02099196677612807,0.9714285714285714
B12_deficiency,primary,identity,no_B6,reused_holdout,168,35.0,0.029263580721090334,0.005189250513575987,0.019682581462583254,0.9855072463768116
B12_deficiency,primary,selected,no_B6,reused_holdout,168,35.0,0.020556186835725063,0.004690386567744086,0.016957657056171745,0.9714285714285714
B12_deficiency,primary,identity,no_copper,reused_holdout,168,35.0,0.029323652364455745,0.0051753436811289065,0.019766985390572017,0.9855072463768116
B12_deficiency,primary,selected,no_copper,reused_holdout,168,35.0,0.020615212041297876,0.004678676366530123,0.017038552897431135,0.9714285714285714
B12_deficiency,primary,identity,no_hemoglobin,reused_holdout,168,35.0,0.027696425945009824,0.00472301148612025,0.01889393678946155,0.9859154929577465
B12_deficiency,primary,selected,no_hemoglobin,reused_holdout,168,35.0,0.019473762031990374,0.004409333825815804,0.011615077512501532,0.9859154929577465
B12_deficiency,primary,identity,no_demographics,reused_holdout,168,35.0,0.029312332773876206,0.0060957871113489544,0.023543708984703267,0.9855072463768116
B12_deficiency,primary,selected,no_demographics,reused_holdout,168,35.0,0.021562660602591748,0.005842946053358671,0.01566479895846018,0.9714285714285714
B12_deficiency,cbc,identity,available,reused_holdout,168,35.0,0.3288977566086864,0.10410795634300453,0.05664610426897004,0.6153846153846154
B12_deficiency,cbc,selected,available,reused_holdout,168,35.0,0.3288977566086864,0.10410795634300453,0.05664610426897004,0.6153846153846154
B12_deficiency,cbc,identity,drop30,reused_holdout,168,35.0,0.37245622322897265,0.1212626065190543,0.06179528195405538,0.49122807017543857
B12_deficiency,cbc,selected,drop30,reused_holdout,168,35.0,0.37245622322897265,0.1212626065190543,0.06179528195405538,0.49122807017543857
B12_deficiency,cbc,identity,drop60,reused_holdout,168,35.0,0.5418154605324546,0.17512408463681597,0.12640870303038917,0.04878048780487805
B12_deficiency,cbc,selected,drop60,reused_holdout,168,35.0,0.5418154605324546,0.17512408463681597,0.12640870303038917,0.04878048780487805
B12_deficiency,cbc,identity,cbc_only,reused_holdout,168,35.0,0.3288977566086864,0.10410795634300453,0.05664610426897004,0.6153846153846154
B12_deficiency,cbc,selected,cbc_only,reused_holdout,168,35.0,0.3288977566086864,0.10410795634300453,0.05664610426897004,0.6153846153846154
B12_deficiency,cbc,identity,hb_only,reused_holdout,168,35.0,0.6324991567491797,0.18599362482422607,0.13082571585714792,0.0
B12_deficiency,cbc,selected,hb_only,reused_holdout,168,35.0,0.6324991567491797,0.18599362482422607,0.13082571585714792,0.0
B12_deficiency,cbc,identity,no_iron,reused_holdout,168,35.0,0.3288977566086864,0.10410795634300453,0.05664610426897004,0.6153846153846154
B12_deficiency,cbc,selected,no_iron,reused_holdout,168,35.0,0.3288977566086864,0.10410795634300453,0.05664610426897004,0.6153846153846154
B12_deficiency,cbc,identity,no_B12,reused_holdout,168,35.0,0.3288977566086864,0.10410795634300453,0.05664610426897004,0.6153846153846154
B12_deficiency,cbc,selected,no_B12,reused_holdout,168,35.0,0.3288977566086864,0.10410795634300453,0.05664610426897004,0.6153846153846154
B12_deficiency,cbc,identity,no_folate,reused_holdout,168,35.0,0.3288977566086864,0.10410795634300453,0.05664610426897004,0.6153846153846154
B12_deficiency,cbc,selected,no_folate,reused_holdout,168,35.0,0.3288977566086864,0.10410795634300453,0.05664610426897004,0.6153846153846154
B12_deficiency,cbc,identity,no_B6,reused_holdout,168,35.0,0.3288977566086864,0.10410795634300453,0.05664610426897004,0.6153846153846154
B12_deficiency,cbc,selected,no_B6,reused_holdout,168,35.0,0.3288977566086864,0.10410795634300453,0.05664610426897004,0.6153846153846154
B12_deficiency,cbc,identity,no_copper,reused_holdout,168,35.0,0.3288977566086864,0.10410795634300453,0.05664610426897004,0.6153846153846154
B12_deficiency,cbc,selected,no_copper,reused_holdout,168,35.0,0.3288977566086864,0.10410795634300453,0.05664610426897004,0.6153846153846154
B12_deficiency,cbc,identity,no_hemoglobin,reused_holdout,168,35.0,0.33897165700724363,0.10981158678605965,0.053410387483972685,0.5797101449275363
B12_deficiency,cbc,selected,no_hemoglobin,reused_holdout,168,35.0,0.33897165700724363,0.10981158678605965,0.053410387483972685,0.5797101449275363
B12_deficiency,cbc,identity,no_demographics,reused_holdout,168,35.0,0.3105196379340259,0.09712044377703195,0.0830819929907567,0.6129032258064516
B12_deficiency,cbc,selected,no_demographics,reused_holdout,168,35.0,0.3105196379340259,0.09712044377703195,0.0830819929907567,0.6129032258064516
folate_deficiency,primary,identity,available,reused_holdout,168,35.0,0.22126165048013052,0.06735411180736363,0.04983627732580853,0.7272727272727273
folate_deficiency,primary,selected,available,reused_holdout,168,35.0,0.22126165048013052,0.06735411180736363,0.04983627732580853,0.7272727272727273
folate_deficiency,primary,identity,drop30,reused_holdout,168,35.0,0.28707383903050315,0.0870870804867042,0.05342689793280354,0.6
folate_deficiency,primary,selected,drop30,reused_holdout,168,35.0,0.28707383903050315,0.0870870804867042,0.05342689793280354,0.6
folate_deficiency,primary,identity,drop60,reused_holdout,168,35.0,0.3999095105609251,0.12749918144345979,0.06667271947254057,0.2
folate_deficiency,primary,selected,drop60,reused_holdout,168,35.0,0.3999095105609251,0.12749918144345979,0.06667271947254057,0.2
folate_deficiency,primary,identity,cbc_only,reused_holdout,168,35.0,0.4655755114548293,0.1516700892082513,0.08401867830040985,0.2692307692307692
folate_deficiency,primary,selected,cbc_only,reused_holdout,168,35.0,0.4655755114548293,0.1516700892082513,0.08401867830040985,0.2692307692307692
folate_deficiency,primary,identity,hb_only,reused_holdout,168,35.0,0.5135872949031959,0.16517281669508804,0.027539157844050064,0.0
folate_deficiency,primary,selected,hb_only,reused_holdout,168,35.0,0.5135872949031959,0.16517281669508804,0.027539157844050064,0.0
folate_deficiency,primary,identity,no_iron,reused_holdout,168,35.0,0.21872337733597083,0.06710462774313271,0.054773303921005476,0.7272727272727273
folate_deficiency,primary,selected,no_iron,reused_holdout,168,35.0,0.21872337733597083,0.06710462774313271,0.054773303921005476,0.7272727272727273
folate_deficiency,primary,identity,no_B12,reused_holdout,168,35.0,0.2425983722436399,0.07283310890423597,0.06244514238702529,0.7241379310344828
folate_deficiency,primary,selected,no_B12,reused_holdout,168,35.0,0.2425983722436399,0.07283310890423597,0.06244514238702529,0.7241379310344828
folate_deficiency,primary,identity,no_folate,reused_holdout,168,35.0,0.49458879326175115,0.15584038472205478,0.12455388689171401,0.05405405405405406
folate_deficiency,primary,selected,no_folate,reused_holdout,168,35.0,0.49458879326175115,0.15584038472205478,0.12455388689171401,0.05405405405405406
folate_deficiency,primary,identity,no_B6,reused_holdout,168,35.0,0.2218267407984171,0.06759288599350766,0.049954386327030295,0.75
folate_deficiency,primary,selected,no_B6,reused_holdout,168,35.0,0.2218267407984171,0.06759288599350766,0.049954386327030295,0.75
folate_deficiency,primary,identity,no_copper,reused_holdout,168,35.0,0.21842345846690847,0.06650895254466778,0.055228465069926,0.7272727272727273
folate_deficiency,primary,selected,no_copper,reused_holdout,168,35.0,0.21842345846690847,0.06650895254466778,0.055228465069926,0.7272727272727273
folate_deficiency,primary,identity,no_hemoglobin,reused_holdout,168,35.0,0.215695554185327,0.06615232075908457,0.05331233833774809,0.7272727272727273
folate_deficiency,primary,selected,no_hemoglobin,reused_holdout,168,35.0,0.215695554185327,0.06615232075908457,0.05331233833774809,0.7272727272727273
folate_deficiency,primary,identity,no_demographics,reused_holdout,168,35.0,0.2709385643530043,0.07903379678596066,0.08817107591101123,0.6792452830188679
folate_deficiency,primary,selected,no_demographics,reused_holdout,168,35.0,0.2709385643530043,0.07903379678596066,0.08817107591101123,0.6792452830188679
folate_deficiency,cbc,identity,available,reused_holdout,168,35.0,0.4773709663906482,0.1529521702913816,0.10215901291449134,0.21739130434782608
folate_deficiency,cbc,selected,available,reused_holdout,168,35.0,0.4522206761069037,0.14739207127433654,0.03983516892115716,0.21739130434782608
folate_deficiency,cbc,identity,drop30,reused_holdout,168,35.0,0.6184843411763941,0.17660574758311312,0.13987278510332743,0.05
folate_deficiency,cbc,selected,drop30,reused_holdout,168,35.0,0.5397366136205173,0.1671101697545581,0.1168136189056281,0.05
folate_deficiency,cbc,identity,drop60,reused_holdout,168,35.0,0.7281569435808628,0.1910056367390022,0.18022557047787413,0.0
folate_deficiency,cbc,selected,drop60,reused_holdout,168,35.0,0.6077868466691124,0.1802006862527547,0.16224610926344427,0.0
folate_deficiency,cbc,identity,cbc_only,reused_holdout,168,35.0,0.4773709663906482,0.1529521702913816,0.10215901291449134,0.21739130434782608
folate_deficiency,cbc,selected,cbc_only,reused_holdout,168,35.0,0.4522206761069037,0.14739207127433654,0.03983516892115716,0.21739130434782608
folate_deficiency,cbc,identity,hb_only,reused_holdout,168,35.0,0.7371099284019648,0.19470079826729905,0.16788209202681278,0.0
folate_deficiency,cbc,selected,hb_only,reused_holdout,168,35.0,0.6157163149611449,0.18391554176713557,0.12880477123193237,0.0
folate_deficiency,cbc,identity,no_iron,reused_holdout,168,35.0,0.4773709663906482,0.1529521702913816,0.10215901291449134,0.21739130434782608
folate_deficiency,cbc,selected,no_iron,reused_holdout,168,35.0,0.4522206761069037,0.14739207127433654,0.03983516892115716,0.21739130434782608
folate_deficiency,cbc,identity,no_B12,reused_holdout,168,35.0,0.4773709663906482,0.1529521702913816,0.10215901291449134,0.21739130434782608
folate_deficiency,cbc,selected,no_B12,reused_holdout,168,35.0,0.4522206761069037,0.14739207127433654,0.03983516892115716,0.21739130434782608
folate_deficiency,cbc,identity,no_folate,reused_holdout,168,35.0,0.4773709663906482,0.1529521702913816,0.10215901291449134,0.21739130434782608
folate_deficiency,cbc,selected,no_folate,reused_holdout,168,35.0,0.4522206761069037,0.14739207127433654,0.03983516892115716,0.21739130434782608
folate_deficiency,cbc,identity,no_B6,reused_holdout,168,35.0,0.4773709663906482,0.1529521702913816,0.10215901291449134,0.21739130434782608
folate_deficiency,cbc,selected,no_B6,reused_holdout,168,35.0,0.4522206761069037,0.14739207127433654,0.03983516892115716,0.21739130434782608
folate_deficiency,cbc,identity,no_copper,reused_holdout,168,35.0,0.4773709663906482,0.1529521702913816,0.10215901291449134,0.21739130434782608
folate_deficiency,cbc,selected,no_copper,reused_holdout,168,35.0,0.4522206761069037,0.14739207127433654,0.03983516892115716,0.21739130434782608
folate_deficiency,cbc,identity,no_hemoglobin,reused_holdout,168,35.0,0.4677533758138311,0.15068250900970817,0.08160173937921725,0.18604651162790697
folate_deficiency,cbc,selected,no_hemoglobin,reused_holdout,168,35.0,0.44504405623058724,0.1452321615736828,0.04211120581228441,0.18604651162790697
folate_deficiency,cbc,identity,no_demographics,reused_holdout,168,35.0,0.4929940856706093,0.15862558734889207,0.13713181739405758,0.14285714285714285
folate_deficiency,cbc,selected,no_demographics,reused_holdout,168,35.0,0.4499529444912464,0.14869803100568282,0.08048286481991902,0.14285714285714285
B6_deficiency,primary,identity,available,reused_holdout,168,7.0,0.04374917906728154,0.00646870112308924,0.005265677503937289,0.9230769230769231
B6_deficiency,primary,selected,available,reused_holdout,168,7.0,0.04431524512693499,0.006687636604708747,0.008942427969369605,0.9230769230769231
B6_deficiency,primary,identity,drop30,reused_holdout,168,7.0,0.10263432560229935,0.017841150877335135,0.011217034433274087,0.7272727272727273
B6_deficiency,primary,selected,drop30,reused_holdout,168,7.0,0.09592400235762433,0.018057350584071978,0.003825773451810986,0.7272727272727273
B6_deficiency,primary,identity,drop60,reused_holdout,168,7.0,0.12082908274058916,0.02372389269754333,0.011983567377411216,0.6
B6_deficiency,primary,selected,drop60,reused_holdout,168,7.0,0.11619071921117834,0.024096391245716314,0.008007199953263811,0.6
B6_deficiency,primary,identity,cbc_only,reused_holdout,168,7.0,0.21362331806817483,0.04076858827257314,0.03787130945509934,0.0
B6_deficiency,primary,selected,cbc_only,reused_holdout,168,7.0,0.17636095018248701,0.03974048494364348,0.030838000173433737,0.0
B6_deficiency,primary,identity,hb_only,reused_holdout,168,7.0,0.19944015050259656,0.04140822237563093,0.019090309591745742,0.0
B6_deficiency,primary,selected,hb_only,reused_holdout,168,7.0,0.18805064626138726,0.04213349980547164,0.02871743986413966,0.0
B6_deficiency,primary,identity,no_iron,reused_holdout,168,7.0,0.04142835428826481,0.0063447215054770485,0.004433531774108624,0.9230769230769231
B6_deficiency,primary,selected,no_iron,reused_holdout,168,7.0,0.04331551661159022,0.006619181385762426,0.010188024089507211,0.9230769230769231
B6_deficiency,primary,identity,no_B12,reused_holdout,168,7.0,0.04408167842498724,0.0064982369175424475,0.005932454231157219,0.9230769230769231
B6_deficiency,primary,selected,no_B12,reused_holdout,168,7.0,0.04375264009437933,0.006667607410247915,0.007749683380045756,0.9230769230769231
B6_deficiency,primary,identity,no_folate,reused_holdout,168,7.0,0.043545427847326,0.006470304294122058,0.005482484436109128,0.9230769230769231
B6_deficiency,primary,selected,no_folate,reused_holdout,168,7.0,0.043844361017312684,0.006669175932802784,0.008480480580484244,0.9230769230769231
B6_deficiency,primary,identity,no_B6,reused_holdout,168,7.0,0.21027239354786448,0.04074937585229241,0.03749981748481493,0.0
B6_deficiency,primary,selected,no_B6,reused_holdout,168,7.0,0.1743962962838826,0.03967302729154955,0.029741389855711037,0.0
B6_deficiency,primary,identity,no_copper,reused_holdout,168,7.0,0.043730397006268164,0.00646740857056913,0.005283782469842223,0.9230769230769231
B6_deficiency,primary,selected,no_copper,reused_holdout,168,7.0,0.0442773841917738,0.006683765632647016,0.008906693429448316,0.9230769230769231
B6_deficiency,primary,identity,no_hemoglobin,reused_holdout,168,7.0,0.044228517279148616,0.006526301830496577,0.005420468011035813,0.9230769230769231
B6_deficiency,primary,selected,no_hemoglobin,reused_holdout,168,7.0,0.04468049702808896,0.006740633389300281,0.009011671892223858,0.9230769230769231
B6_deficiency,primary,identity,no_demographics,reused_holdout,168,7.0,0.043040068494807626,0.0064949122953764276,0.0060086417855720565,0.9230769230769231
B6_deficiency,primary,selected,no_demographics,reused_holdout,168,7.0,0.04277281389461463,0.00663556530958458,0.0075241529241379815,0.9230769230769231
B6_deficiency,cbc,identity,available,reused_holdout,168,7.0,0.14119375321514419,0.03401934278431406,0.030716699186599493,0.25
B6_deficiency,cbc,selected,available,reused_holdout,168,7.0,0.13169399865418963,0.03394496090044507,0.022292133078709534,0.25
B6_deficiency,cbc,identity,drop30,reused_holdout,168,7.0,0.16067707848296658,0.03863775188306394,0.028850486194070987,0.0
B6_deficiency,cbc,selected,drop30,reused_holdout,168,7.0,0.17857419249340845,0.04325647972211487,0.058003784191854736,0.0
B6_deficiency,cbc,identity,drop60,reused_holdout,168,7.0,0.19743484506701445,0.04963819425016035,0.052463473269626935,0.0
B6_deficiency,cbc,selected,drop60,reused_holdout,168,7.0,0.23053251753150625,0.05754095880324236,0.10189352648179482,0.0
B6_deficiency,cbc,identity,cbc_only,reused_holdout,168,7.0,0.14119375321514419,0.03401934278431406,0.030716699186599493,0.25
B6_deficiency,cbc,selected,cbc_only,reused_holdout,168,7.0,0.13169399865418963,0.03394496090044507,0.022292133078709534,0.25
B6_deficiency,cbc,identity,hb_only,reused_holdout,168,7.0,0.2660462498566083,0.06514894873168643,0.12243664042611145,0.0
B6_deficiency,cbc,selected,hb_only,reused_holdout,168,7.0,0.32057832656714763,0.08235093092695767,0.183667985894055,0.0
B6_deficiency,cbc,identity,no_iron,reused_holdout,168,7.0,0.14119375321514419,0.03401934278431406,0.030716699186599493,0.25
B6_deficiency,cbc,selected,no_iron,reused_holdout,168,7.0,0.13169399865418963,0.03394496090044507,0.022292133078709534,0.25
B6_deficiency,cbc,identity,no_B12,reused_holdout,168,7.0,0.14119375321514419,0.03401934278431406,0.030716699186599493,0.25
B6_deficiency,cbc,selected,no_B12,reused_holdout,168,7.0,0.13169399865418963,0.03394496090044507,0.022292133078709534,0.25
B6_deficiency,cbc,identity,no_folate,reused_holdout,168,7.0,0.14119375321514419,0.03401934278431406,0.030716699186599493,0.25
B6_deficiency,cbc,selected,no_folate,reused_holdout,168,7.0,0.13169399865418963,0.03394496090044507,0.022292133078709534,0.25
B6_deficiency,cbc,identity,no_B6,reused_holdout,168,7.0,0.14119375321514419,0.03401934278431406,0.030716699186599493,0.25
B6_deficiency,cbc,selected,no_B6,reused_holdout,168,7.0,0.13169399865418963,0.03394496090044507,0.022292133078709534,0.25
B6_deficiency,cbc,identity,no_copper,reused_holdout,168,7.0,0.14119375321514419,0.03401934278431406,0.030716699186599493,0.25
B6_deficiency,cbc,selected,no_copper,reused_holdout,168,7.0,0.13169399865418963,0.03394496090044507,0.022292133078709534,0.25
B6_deficiency,cbc,identity,no_hemoglobin,reused_holdout,168,7.0,0.14683084146943126,0.03571894753574725,0.02235485833269482,0.0
B6_deficiency,cbc,selected,no_hemoglobin,reused_holdout,168,7.0,0.13887273824080862,0.03588696387175029,0.01644297894098208,0.0
B6_deficiency,cbc,identity,no_demographics,reused_holdout,168,7.0,0.14828676450637598,0.03427271696749704,0.026394213094340663,0.25
B6_deficiency,cbc,selected,no_demographics,reused_holdout,168,7.0,0.13114478761096093,0.033658297383423866,0.020637073520695385,0.25
copper_deficiency,primary,identity,available,reused_holdout,168,7.0,0.053829796506717875,0.011791795251920197,0.013738924852747605,0.8333333333333334
copper_deficiency,primary,selected,available,reused_holdout,168,7.0,0.044869488454092894,0.010703851951194623,0.01117641815375737,0.8333333333333334
copper_deficiency,primary,identity,drop30,reused_holdout,168,7.0,0.13687193927715985,0.018732223778470652,0.017325348628535603,0.7272727272727273
copper_deficiency,primary,selected,drop30,reused_holdout,168,7.0,0.11552466886877255,0.018754065171992268,0.01335930663710894,0.7272727272727273
copper_deficiency,primary,identity,drop60,reused_holdout,168,7.0,0.16296870060516483,0.02470406833979258,0.02141811196842461,0.6
copper_deficiency,primary,selected,drop60,reused_holdout,168,7.0,0.14015207987887454,0.024861728656582545,0.01747272740995057,0.6
copper_deficiency,primary,identity,cbc_only,reused_holdout,168,7.0,0.3135859063243283,0.04161754880654473,0.041303685766145556,0.0
copper_deficiency,primary,selected,cbc_only,reused_holdout,168,7.0,0.2511538080164866,0.041448858263819326,0.03991482983699919,0.0
copper_deficiency,primary,identity,hb_only,reused_holdout,168,7.0,0.23300095578915453,0.04134173898136081,0.03759538431297357,0.0
copper_deficiency,primary,selected,hb_only,reused_holdout,168,7.0,0.19282486826649953,0.04073477940219887,0.028460625136823042,0.0
copper_deficiency,primary,identity,no_iron,reused_holdout,168,7.0,0.054252108301838985,0.012001049695000607,0.013800706583580005,0.8333333333333334
copper_deficiency,primary,selected,no_iron,reused_holdout,168,7.0,0.04542328165692338,0.010861057112425288,0.010963526544608799,0.8333333333333334
copper_deficiency,primary,identity,no_B12,reused_holdout,168,7.0,0.053399567358160024,0.011616061502996152,0.013549816874563837,0.8333333333333334
copper_deficiency,primary,selected,no_B12,reused_holdout,168,7.0,0.044590118257870716,0.01056859207811529,0.010973072287338728,0.8333333333333334
copper_deficiency,primary,identity,no_folate,reused_holdout,168,7.0,0.05351520013477494,0.011691431589231286,0.013643189612605461,0.8333333333333334
copper_deficiency,primary,selected,no_folate,reused_holdout,168,7.0,0.04473271898577029,0.010609382970231606,0.010996165712655418,0.8333333333333334
copper_deficiency,primary,identity,no_B6,reused_holdout,168,7.0,0.05380333850971769,0.011786016186220227,0.013735297119301215,0.8333333333333334
copper_deficiency,primary,selected,no_B6,reused_holdout,168,7.0,0.04484984897186435,0.01069739504054714,0.011171608698266075,0.8333333333333334
copper_deficiency,primary,identity,no_copper,reused_holdout,168,7.0,0.31104588361274066,0.041597440572507395,0.04135649483250502,0.0
copper_deficiency,primary,selected,no_copper,reused_holdout,168,7.0,0.2488653392058135,0.04138730292365,0.04014159141301474,0.0
copper_deficiency,primary,identity,no_hemoglobin,reused_holdout,168,7.0,0.05378334554520202,0.011876457164644985,0.013701150168527307,0.8333333333333334
copper_deficiency,primary,selected,no_hemoglobin,reused_holdout,168,7.0,0.044988352840817133,0.010823426587615073,0.011006687778510224,0.8333333333333334
copper_deficiency,primary,identity,no_demographics,reused_holdout,168,7.0,0.05127951292960152,0.011312858263398798,0.01325945106841019,0.8333333333333334
copper_deficiency,primary,selected,no_demographics,reused_holdout,168,7.0,0.043021737712199935,0.010227387124198108,0.01053223067620524,0.8333333333333334
copper_deficiency,cbc,identity,available,reused_holdout,168,7.0,0.18431623237865052,0.041441669078446625,0.039491058558600946,0.0
copper_deficiency,cbc,selected,available,reused_holdout,168,7.0,0.16617853179095726,0.04126766843976618,0.04078909721506943,0.0
copper_deficiency,cbc,identity,drop30,reused_holdout,168,7.0,0.3137542891849471,0.09942831234666291,0.14423656014206668,0.06451612903225806
copper_deficiency,cbc,selected,drop30,reused_holdout,168,7.0,0.3104109942663178,0.09908107363308999,0.1515298766324899,0.06451612903225806
copper_deficiency,cbc,identity,drop60,reused_holdout,168,7.0,0.5831472469573336,0.2060699914909135,0.31745101086587646,0.0
copper_deficiency,cbc,selected,drop60,reused_holdout,168,7.0,0.5670762807734058,0.20058533748752294,0.3213435422538827,0.0
copper_deficiency,cbc,identity,cbc_only,reused_holdout,168,7.0,0.18431623237865052,0.041441669078446625,0.039491058558600946,0.0
copper_deficiency,cbc,selected,cbc_only,reused_holdout,168,7.0,0.16617853179095726,0.04126766843976618,0.04078909721506943,0.0
copper_deficiency,cbc,identity,hb_only,reused_holdout,168,7.0,0.7598031289617821,0.28208999927383627,0.4878768926513751,0.10909090909090909
copper_deficiency,cbc,selected,hb_only,reused_holdout,168,7.0,0.7448280008486612,0.275204999963975,0.4824677960200674,0.10909090909090909
copper_deficiency,cbc,identity,no_iron,reused_holdout,168,7.0,0.18431623237865052,0.041441669078446625,0.039491058558600946,0.0
copper_deficiency,cbc,selected,no_iron,reused_holdout,168,7.0,0.16617853179095726,0.04126766843976618,0.04078909721506943,0.0
copper_deficiency,cbc,identity,no_B12,reused_holdout,168,7.0,0.18431623237865052,0.041441669078446625,0.039491058558600946,0.0
copper_deficiency,cbc,selected,no_B12,reused_holdout,168,7.0,0.16617853179095726,0.04126766843976618,0.04078909721506943,0.0
copper_deficiency,cbc,identity,no_folate,reused_holdout,168,7.0,0.18431623237865052,0.041441669078446625,0.039491058558600946,0.0
copper_deficiency,cbc,selected,no_folate,reused_holdout,168,7.0,0.16617853179095726,0.04126766843976618,0.04078909721506943,0.0
copper_deficiency,cbc,identity,no_B6,reused_holdout,168,7.0,0.18431623237865052,0.041441669078446625,0.039491058558600946,0.0
copper_deficiency,cbc,selected,no_B6,reused_holdout,168,7.0,0.16617853179095726,0.04126766843976618,0.04078909721506943,0.0
copper_deficiency,cbc,identity,no_copper,reused_holdout,168,7.0,0.18431623237865052,0.041441669078446625,0.039491058558600946,0.0
copper_deficiency,cbc,selected,no_copper,reused_holdout,168,7.0,0.16617853179095726,0.04126766843976618,0.04078909721506943,0.0
copper_deficiency,cbc,identity,no_hemoglobin,reused_holdout,168,7.0,0.19379239901307474,0.04163876421045861,0.03783498758109266,0.0
copper_deficiency,cbc,selected,no_hemoglobin,reused_holdout,168,7.0,0.17493157392210779,0.04168766836538808,0.036168396305113565,0.0
copper_deficiency,cbc,identity,no_demographics,reused_holdout,168,7.0,0.1678688914214302,0.040955673619005685,0.0398243090630742,0.0
copper_deficiency,cbc,selected,no_demographics,reused_holdout,168,7.0,0.15714720030595683,0.040784682252526815,0.019763107961931974,0.0
inflammation_anemia,primary,identity,available,reused_holdout,168,13.0,0.007649493955604632,0.0008505172762341355,0.007132441735936297,1.0
inflammation_anemia,primary,selected,available,reused_holdout,168,13.0,0.006432984390390821,0.0006125404312833956,0.006082105249338438,1.0
inflammation_anemia,primary,identity,drop30,reused_holdout,168,13.0,0.027173060328039164,0.006425150887733246,0.0183485848172619,0.96
inflammation_anemia,primary,selected,drop30,reused_holdout,168,13.0,0.02388501842166896,0.005590485749998274,0.016007624270263195,0.96
inflammation_anemia,primary,identity,drop60,reused_holdout,168,13.0,0.08888468412469684,0.02491450830768152,0.017146902063855836,0.7619047619047619
inflammation_anemia,primary,selected,drop60,reused_holdout,168,13.0,0.0855658880598466,0.024076150147121913,0.01999966064451843,0.782608695652174
inflammation_anemia,primary,identity,cbc_only,reused_holdout,168,13.0,0.1343431523688314,0.0428397791338498,0.04802701657374038,0.5
inflammation_anemia,primary,selected,cbc_only,reused_holdout,168,13.0,0.13313637505168038,0.04222889943399079,0.045379108544111695,0.47619047619047616
inflammation_anemia,primary,identity,hb_only,reused_holdout,168,13.0,0.27953665935920113,0.07272112158826903,0.05451574360278788,0.0
inflammation_anemia,primary,selected,hb_only,reused_holdout,168,13.0,0.2813196886137463,0.07283784616627546,0.05522732117026424,0.0
inflammation_anemia,primary,identity,no_iron,reused_holdout,168,13.0,0.02138016063739448,0.003643065364537911,0.019024333559858136,1.0
inflammation_anemia,primary,selected,no_iron,reused_holdout,168,13.0,0.020963496239206937,0.0038873824753156865,0.01842298084187652,1.0
inflammation_anemia,primary,identity,no_B12,reused_holdout,168,13.0,0.007611598950086019,0.0007987572068855075,0.007133063803548692,1.0
inflammation_anemia,primary,selected,no_B12,reused_holdout,168,13.0,0.006439100335417947,0.0005768886317677897,0.006112542960990548,1.0
inflammation_anemia,primary,identity,no_folate,reused_holdout,168,13.0,0.007752210421008371,0.0008979040331309733,0.007198994513502281,1.0
inflammation_anemia,primary,selected,no_folate,reused_holdout,168,13.0,0.006514311674406067,0.0006419749930999606,0.006143266367866722,1.0
inflammation_anemia,primary,identity,no_B6,reused_holdout,168,13.0,0.007735179557719518,0.000861936384141768,0.007211943500089225,1.0
inflammation_anemia,primary,selected,no_B6,reused_holdout,168,13.0,0.006563047145151972,0.0006285082716640354,0.006203554229031556,1.0
inflammation_anemia,primary,identity,no_copper,reused_holdout,168,13.0,0.007632794170580102,0.0008483691986709389,0.007116983622461366,1.0
inflammation_anemia,primary,selected,no_copper,reused_holdout,168,13.0,0.006415811801180105,0.0006097328511399995,0.006066587333332066,1.0
inflammation_anemia,primary,identity,no_hemoglobin,reused_holdout,168,13.0,0.00819076866667304,0.0008173185322680756,0.0077016236971625815,1.0
inflammation_anemia,primary,selected,no_hemoglobin,reused_holdout,168,13.0,0.006916758527730963,0.0006022926340333333,0.0065750381546764635,1.0
inflammation_anemia,primary,identity,no_demographics,reused_holdout,168,13.0,0.01420314190743341,0.0020317069372799497,0.012850148589414719,1.0
inflammation_anemia,primary,selected,no_demographics,reused_holdout,168,13.0,0.013503254603421526,0.002142111826074477,0.011980591003331082,0.9629629629629629
inflammation_anemia,cbc,identity,available,reused_holdout,168,13.0,0.16393075293357193,0.05087947350589762,0.040877507039936735,0.5217391304347826
inflammation_anemia,cbc,selected,available,reused_holdout,168,13.0,0.1597586201401678,0.04988021023060812,0.05984673656527127,0.5217391304347826
inflammation_anemia,cbc,identity,drop30,reused_holdout,168,13.0,0.18829041629552362,0.05782066291713163,0.04411217445996438,0.3333333333333333
inflammation_anemia,cbc,selected,drop30,reused_holdout,168,13.0,0.18085207580755408,0.055858216618420484,0.03636632142543569,0.3333333333333333
inflammation_anemia,cbc,identity,drop60,reused_holdout,168,13.0,0.27294646346104906,0.06726778218096183,0.05713890292415265,0.14285714285714285
inflammation_anemia,cbc,selected,drop60,reused_holdout,168,13.0,0.24300530374066387,0.06572680703491769,0.043675800508537435,0.14285714285714285
inflammation_anemia,cbc,identity,cbc_only,reused_holdout,168,13.0,0.16393075293357193,0.05087947350589762,0.040877507039936735,0.5217391304347826
inflammation_anemia,cbc,selected,cbc_only,reused_holdout,168,13.0,0.1597586201401678,0.04988021023060812,0.05984673656527127,0.5217391304347826
inflammation_anemia,cbc,identity,hb_only,reused_holdout,168,13.0,0.3330743567144352,0.07515205610076754,0.0670768956747621,0.0
inflammation_anemia,cbc,selected,hb_only,reused_holdout,168,13.0,0.27623659651377225,0.07247658549879422,0.05217213248003234,0.0
inflammation_anemia,cbc,identity,no_iron,reused_holdout,168,13.0,0.16393075293357193,0.05087947350589762,0.040877507039936735,0.5217391304347826
inflammation_anemia,cbc,selected,no_iron,reused_holdout,168,13.0,0.1597586201401678,0.04988021023060812,0.05984673656527127,0.5217391304347826
inflammation_anemia,cbc,identity,no_B12,reused_holdout,168,13.0,0.16393075293357193,0.05087947350589762,0.040877507039936735,0.5217391304347826
inflammation_anemia,cbc,selected,no_B12,reused_holdout,168,13.0,0.1597586201401678,0.04988021023060812,0.05984673656527127,0.5217391304347826
inflammation_anemia,cbc,identity,no_folate,reused_holdout,168,13.0,0.16393075293357193,0.05087947350589762,0.040877507039936735,0.5217391304347826
inflammation_anemia,cbc,selected,no_folate,reused_holdout,168,13.0,0.1597586201401678,0.04988021023060812,0.05984673656527127,0.5217391304347826
inflammation_anemia,cbc,identity,no_B6,reused_holdout,168,13.0,0.16393075293357193,0.05087947350589762,0.040877507039936735,0.5217391304347826
inflammation_anemia,cbc,selected,no_B6,reused_holdout,168,13.0,0.1597586201401678,0.04988021023060812,0.05984673656527127,0.5217391304347826
inflammation_anemia,cbc,identity,no_copper,reused_holdout,168,13.0,0.16393075293357193,0.05087947350589762,0.040877507039936735,0.5217391304347826
inflammation_anemia,cbc,selected,no_copper,reused_holdout,168,13.0,0.1597586201401678,0.04988021023060812,0.05984673656527127,0.5217391304347826
inflammation_anemia,cbc,identity,no_hemoglobin,reused_holdout,168,13.0,0.17261375588441558,0.0511981316843491,0.03917984173898069,0.5454545454545454
inflammation_anemia,cbc,selected,no_hemoglobin,reused_holdout,168,13.0,0.1788296352326587,0.05154875707843217,0.049247837696268615,0.5454545454545454
inflammation_anemia,cbc,identity,no_demographics,reused_holdout,168,13.0,0.1775417778911781,0.05315497924853566,0.03318279386882382,0.5217391304347826
inflammation_anemia,cbc,selected,no_demographics,reused_holdout,168,13.0,0.17931952246343433,0.05270979109647154,0.05281073894919388,0.5217391304347826
