target,route,method,scenario,partition,bin,n,mean_score,observed
anemia_class,primary,identity,available,nested_development_oof,1,2,0.18083738759619736,0.0
anemia_class,primary,identity,available,nested_development_oof,2,54,0.26322129116735593,0.5185185185185185
anemia_class,primary,identity,available,nested_development_oof,3,86,0.3487330955369947,0.7441860465116279
anemia_class,primary,identity,available,nested_development_oof,4,94,0.4509770671152935,0.7872340425531915
anemia_class,primary,identity,available,nested_development_oof,5,97,0.5497766952477836,0.9175257731958762
anemia_class,primary,identity,available,nested_development_oof,6,103,0.6483629332296965,0.970873786407767
anemia_class,primary,identity,available,nested_development_oof,7,101,0.7533075935455633,0.9702970297029703
anemia_class,primary,identity,available,nested_development_oof,8,95,0.8462561700149087,1.0
anemia_class,primary,identity,available,nested_development_oof,9,40,0.9343726284760144,1.0
anemia_class,primary,identity,drop30,nested_development_oof,1,21,0.18143073261733994,0.38095238095238093
anemia_class,primary,identity,drop30,nested_development_oof,2,153,0.2541661699765952,0.43137254901960786
anemia_class,primary,identity,drop30,nested_development_oof,3,142,0.35186515962475184,0.6971830985915493
anemia_class,primary,identity,drop30,nested_development_oof,4,135,0.45035395380930904,0.8148148148148148
anemia_class,primary,identity,drop30,nested_development_oof,5,100,0.5440786448747859,0.87
anemia_class,primary,identity,drop30,nested_development_oof,6,61,0.6519416480678978,0.9836065573770492
anemia_class,primary,identity,drop30,nested_development_oof,7,36,0.7549276827145862,0.9166666666666666
anemia_class,primary,identity,drop30,nested_development_oof,8,21,0.8449581000883386,1.0
anemia_class,primary,identity,drop30,nested_development_oof,9,3,0.9177820458757914,1.0
anemia_class,primary,identity,drop60,nested_development_oof,1,43,0.18042489108953946,0.2558139534883721
anemia_class,primary,identity,drop60,nested_development_oof,2,277,0.2522097756227926,0.2924187725631769
anemia_class,primary,identity,drop60,nested_development_oof,3,194,0.3435042555179215,0.5567010309278351
anemia_class,primary,identity,drop60,nested_development_oof,4,84,0.4436692164258219,0.6904761904761905
anemia_class,primary,identity,drop60,nested_development_oof,5,39,0.541271863055312,0.8205128205128205
anemia_class,primary,identity,drop60,nested_development_oof,6,20,0.639830469661963,0.95
anemia_class,primary,identity,drop60,nested_development_oof,7,11,0.7328445725987706,1.0
anemia_class,primary,identity,drop60,nested_development_oof,8,4,0.8621053743587164,1.0
anemia_class,primary,identity,cbc_only,nested_development_oof,1,17,0.18189102175781532,0.17647058823529413
anemia_class,primary,identity,cbc_only,nested_development_oof,2,185,0.2574770574601257,0.31891891891891894
anemia_class,primary,identity,cbc_only,nested_development_oof,3,207,0.34753965574096446,0.3188405797101449
anemia_class,primary,identity,cbc_only,nested_development_oof,4,114,0.44516058108794687,0.45614035087719296
anemia_class,primary,identity,cbc_only,nested_development_oof,5,44,0.5329086621160105,0.3181818181818182
anemia_class,primary,identity,cbc_only,nested_development_oof,6,27,0.6452173214495247,0.5925925925925926
anemia_class,primary,identity,cbc_only,nested_development_oof,7,31,0.7566515887425234,0.5806451612903226
anemia_class,primary,identity,cbc_only,nested_development_oof,8,26,0.8542693044215501,0.8076923076923077
anemia_class,primary,identity,cbc_only,nested_development_oof,9,21,0.9187342474848614,0.9047619047619048
anemia_class,primary,identity,hb_only,nested_development_oof,1,20,0.19048064758943015,0.15
anemia_class,primary,identity,hb_only,nested_development_oof,2,359,0.25913777242209357,0.16991643454038996
anemia_class,primary,identity,hb_only,nested_development_oof,3,274,0.3361305509433489,0.30656934306569344
anemia_class,primary,identity,hb_only,nested_development_oof,4,19,0.43339815908062257,0.5263157894736842
anemia_class,primary,identity,no_iron,nested_development_oof,1,9,0.17951269541477527,0.2222222222222222
anemia_class,primary,identity,no_iron,nested_development_oof,2,116,0.2593633009644244,0.5344827586206896
anemia_class,primary,identity,no_iron,nested_development_oof,3,147,0.3454957228121596,0.6598639455782312
anemia_class,primary,identity,no_iron,nested_development_oof,4,115,0.4489007301027582,0.7391304347826086
anemia_class,primary,identity,no_iron,nested_development_oof,5,70,0.5570808702934013,0.8
anemia_class,primary,identity,no_iron,nested_development_oof,6,78,0.6514319192462434,0.8717948717948718
anemia_class,primary,identity,no_iron,nested_development_oof,7,75,0.753389400828336,0.92
anemia_class,primary,identity,no_iron,nested_development_oof,8,53,0.8466013373888929,0.9245283018867925
anemia_class,primary,identity,no_iron,nested_development_oof,9,9,0.9113654805933168,1.0
anemia_class,primary,identity,no_B12,nested_development_oof,1,4,0.17446343395877364,0.0
anemia_class,primary,identity,no_B12,nested_development_oof,2,65,0.26561800162557647,0.5230769230769231
anemia_class,primary,identity,no_B12,nested_development_oof,3,105,0.34790045941991943,0.5904761904761905
anemia_class,primary,identity,no_B12,nested_development_oof,4,99,0.45345897551409736,0.6363636363636364
anemia_class,primary,identity,no_B12,nested_development_oof,5,97,0.545590801368207,0.7938144329896907
anemia_class,primary,identity,no_B12,nested_development_oof,6,92,0.6503900904175264,0.8695652173913043
anemia_class,primary,identity,no_B12,nested_development_oof,7,78,0.7509151147771036,0.8974358974358975
anemia_class,primary,identity,no_B12,nested_development_oof,8,89,0.8480313914906749,1.0
anemia_class,primary,identity,no_B12,nested_development_oof,9,43,0.9340405517410203,1.0
anemia_class,primary,identity,no_folate,nested_development_oof,1,7,0.1770242399993054,0.2857142857142857
anemia_class,primary,identity,no_folate,nested_development_oof,2,62,0.2638732486889343,0.5483870967741935
anemia_class,primary,identity,no_folate,nested_development_oof,3,79,0.3453682098640976,0.5949367088607594
anemia_class,primary,identity,no_folate,nested_development_oof,4,91,0.45099442195123385,0.7142857142857143
anemia_class,primary,identity,no_folate,nested_development_oof,5,100,0.5492456801862288,0.81
anemia_class,primary,identity,no_folate,nested_development_oof,6,90,0.6465046523232445,0.8555555555555555
anemia_class,primary,identity,no_folate,nested_development_oof,7,97,0.7513645248640637,0.8762886597938144
anemia_class,primary,identity,no_folate,nested_development_oof,8,103,0.8446835591163367,0.9611650485436893
anemia_class,primary,identity,no_folate,nested_development_oof,9,43,0.9347904528267338,1.0
anemia_class,primary,identity,no_B6,nested_development_oof,1,4,0.17935650297417363,0.0
anemia_class,primary,identity,no_B6,nested_development_oof,2,61,0.26297383529025486,0.4426229508196721
anemia_class,primary,identity,no_B6,nested_development_oof,3,85,0.3471016311044185,0.6588235294117647
anemia_class,primary,identity,no_B6,nested_development_oof,4,89,0.4515528204182083,0.7528089887640449
anemia_class,primary,identity,no_B6,nested_development_oof,5,95,0.5514383308878076,0.9052631578947369
anemia_class,primary,identity,no_B6,nested_development_oof,6,105,0.6487992307385277,0.9523809523809523
anemia_class,primary,identity,no_B6,nested_development_oof,7,97,0.7534312360672224,0.9690721649484536
anemia_class,primary,identity,no_B6,nested_development_oof,8,93,0.8477902190629303,1.0
anemia_class,primary,identity,no_B6,nested_development_oof,9,43,0.9332289988779778,1.0
anemia_class,primary,identity,no_copper,nested_development_oof,1,4,0.1772270810397797,0.0
anemia_class,primary,identity,no_copper,nested_development_oof,2,57,0.266655022835782,0.43859649122807015
anemia_class,primary,identity,no_copper,nested_development_oof,3,85,0.34966640031263907,0.6588235294117647
anemia_class,primary,identity,no_copper,nested_development_oof,4,98,0.44675309172213745,0.7448979591836735
anemia_class,primary,identity,no_copper,nested_development_oof,5,93,0.5482279539586523,0.9032258064516129
anemia_class,primary,identity,no_copper,nested_development_oof,6,94,0.6480118737904401,0.9787234042553191
anemia_class,primary,identity,no_copper,nested_development_oof,7,103,0.7503434477906067,0.9611650485436893
anemia_class,primary,identity,no_copper,nested_development_oof,8,97,0.8461307550907722,1.0
anemia_class,primary,identity,no_copper,nested_development_oof,9,41,0.9348004568094287,1.0
anemia_class,primary,identity,no_hemoglobin,nested_development_oof,1,32,0.17977631063214244,0.34375
anemia_class,primary,identity,no_hemoglobin,nested_development_oof,2,143,0.2572316965344393,0.5874125874125874
anemia_class,primary,identity,no_hemoglobin,nested_development_oof,3,114,0.3443295156568513,0.7456140350877193
anemia_class,primary,identity,no_hemoglobin,nested_development_oof,4,103,0.44791925422476675,0.8058252427184466
anemia_class,primary,identity,no_hemoglobin,nested_development_oof,5,62,0.5446884880107664,0.9193548387096774
anemia_class,primary,identity,no_hemoglobin,nested_development_oof,6,74,0.6485866744332685,0.9459459459459459
anemia_class,primary,identity,no_hemoglobin,nested_development_oof,7,76,0.7525153002712317,0.9868421052631579
anemia_class,primary,identity,no_hemoglobin,nested_development_oof,8,53,0.8488842008762585,1.0
anemia_class,primary,identity,no_hemoglobin,nested_development_oof,9,15,0.9300156040801485,1.0
anemia_class,primary,identity,no_demographics,nested_development_oof,1,2,0.1879476114074738,0.0
anemia_class,primary,identity,no_demographics,nested_development_oof,2,51,0.2637550291890294,0.5098039215686274
anemia_class,primary,identity,no_demographics,nested_development_oof,3,87,0.3455653321978519,0.7011494252873564
anemia_class,primary,identity,no_demographics,nested_development_oof,4,90,0.4495133344009276,0.8
anemia_class,primary,identity,no_demographics,nested_development_oof,5,104,0.5501294012517958,0.9038461538461539
anemia_class,primary,identity,no_demographics,nested_development_oof,6,98,0.6496499115222474,0.9795918367346939
anemia_class,primary,identity,no_demographics,nested_development_oof,7,98,0.7502510582018702,0.9591836734693877
anemia_class,primary,identity,no_demographics,nested_development_oof,8,100,0.8463793620101633,1.0
anemia_class,primary,identity,no_demographics,nested_development_oof,9,42,0.9353760608053805,1.0
anemia_class,primary,temperature,available,nested_development_oof,2,2,0.27791765308579613,0.0
anemia_class,primary,temperature,available,nested_development_oof,3,20,0.361356391595234,0.4
anemia_class,primary,temperature,available,nested_development_oof,4,54,0.4492371125105688,0.5370370370370371
anemia_class,primary,temperature,available,nested_development_oof,5,65,0.5544839664288302,0.7538461538461538
anemia_class,primary,temperature,available,nested_development_oof,6,56,0.6488775732595737,0.75
anemia_class,primary,temperature,available,nested_development_oof,7,72,0.7590859488214343,0.9166666666666666
anemia_class,primary,temperature,available,nested_development_oof,8,117,0.8592202926424722,0.9572649572649573
anemia_class,primary,temperature,available,nested_development_oof,9,286,0.9658970678635908,0.986013986013986
anemia_class,primary,temperature,drop30,nested_development_oof,2,22,0.268537153653859,0.36363636363636365
anemia_class,primary,temperature,drop30,nested_development_oof,3,74,0.3573233206446592,0.3783783783783784
anemia_class,primary,temperature,drop30,nested_development_oof,4,84,0.45406475542734703,0.47619047619047616
anemia_class,primary,temperature,drop30,nested_development_oof,5,96,0.552347305902208,0.6041666666666666
anemia_class,primary,temperature,drop30,nested_development_oof,6,90,0.6556648450476682,0.8444444444444444
anemia_class,primary,temperature,drop30,nested_development_oof,7,86,0.7461454856787207,0.8255813953488372
anemia_class,primary,temperature,drop30,nested_development_oof,8,107,0.8471858314014473,0.9158878504672897
anemia_class,primary,temperature,drop30,nested_development_oof,9,113,0.9551432358768713,0.9557522123893806
anemia_class,primary,temperature,drop60,nested_development_oof,1,2,0.18999998046593075,0.0
anemia_class,primary,temperature,drop60,nested_development_oof,2,36,0.2653639549758201,0.2777777777777778
anemia_class,primary,temperature,drop60,nested_development_oof,3,128,0.360538418972262,0.296875
anemia_class,primary,temperature,drop60,nested_development_oof,4,155,0.4453952895498105,0.2903225806451613
anemia_class,primary,temperature,drop60,nested_development_oof,5,108,0.5481463797419069,0.5092592592592593
anemia_class,primary,temperature,drop60,nested_development_oof,6,98,0.6444019127021323,0.5918367346938775
anemia_class,primary,temperature,drop60,nested_development_oof,7,62,0.7523842125640527,0.7419354838709677
anemia_class,primary,temperature,drop60,nested_development_oof,8,46,0.844943898010015,0.7608695652173914
anemia_class,primary,temperature,drop60,nested_development_oof,9,37,0.9455675617087983,1.0
anemia_class,primary,temperature,cbc_only,nested_development_oof,2,20,0.2640907966874402,0.2
anemia_class,primary,temperature,cbc_only,nested_development_oof,3,66,0.3639588436167498,0.30303030303030304
anemia_class,primary,temperature,cbc_only,nested_development_oof,4,122,0.44954518984126235,0.28688524590163933
anemia_class,primary,temperature,cbc_only,nested_development_oof,5,118,0.5473279843193088,0.3050847457627119
anemia_class,primary,temperature,cbc_only,nested_development_oof,6,104,0.652733380698957,0.33653846153846156
anemia_class,primary,temperature,cbc_only,nested_development_oof,7,90,0.752202065055585,0.4888888888888889
anemia_class,primary,temperature,cbc_only,nested_development_oof,8,56,0.839266056444963,0.42857142857142855
anemia_class,primary,temperature,cbc_only,nested_development_oof,9,96,0.9711531868476317,0.7291666666666666
anemia_class,primary,temperature,hb_only,nested_development_oof,2,10,0.28518286906998036,0.1
anemia_class,primary,temperature,hb_only,nested_development_oof,3,132,0.3661020631282923,0.17424242424242425
anemia_class,primary,temperature,hb_only,nested_development_oof,4,199,0.45731055852731484,0.17587939698492464
anemia_class,primary,temperature,hb_only,nested_development_oof,5,145,0.543442144449569,0.22758620689655173
anemia_class,primary,temperature,hb_only,nested_development_oof,6,129,0.6298399780960925,0.2713178294573643
anemia_class,primary,temperature,hb_only,nested_development_oof,7,44,0.7352099371951901,0.5227272727272727
anemia_class,primary,temperature,hb_only,nested_development_oof,8,13,0.8411992581642873,0.6153846153846154
anemia_class,primary,temperature,no_iron,nested_development_oof,2,11,0.2710926973565962,0.18181818181818182
anemia_class,primary,temperature,no_iron,nested_development_oof,3,46,0.36560739388821456,0.41304347826086957
anemia_class,primary,temperature,no_iron,nested_development_oof,4,96,0.45314949947464234,0.5729166666666666
anemia_class,primary,temperature,no_iron,nested_development_oof,5,88,0.5472030065804886,0.6818181818181818
anemia_class,primary,temperature,no_iron,nested_development_oof,6,73,0.652775764964735,0.684931506849315
anemia_class,primary,temperature,no_iron,nested_development_oof,7,83,0.7530640913757536,0.7951807228915663
anemia_class,primary,temperature,no_iron,nested_development_oof,8,72,0.8582048932457382,0.8333333333333334
anemia_class,primary,temperature,no_iron,nested_development_oof,9,203,0.96128130185434,0.9113300492610837
anemia_class,primary,temperature,no_B12,nested_development_oof,2,5,0.26734516453115437,0.0
anemia_class,primary,temperature,no_B12,nested_development_oof,3,24,0.3600226562908704,0.375
anemia_class,primary,temperature,no_B12,nested_development_oof,4,63,0.45154616019610727,0.5079365079365079
anemia_class,primary,temperature,no_B12,nested_development_oof,5,83,0.5538873666796542,0.5903614457831325
anemia_class,primary,temperature,no_B12,nested_development_oof,6,55,0.6461208244967156,0.6363636363636364
anemia_class,primary,temperature,no_B12,nested_development_oof,7,71,0.7548800685400371,0.704225352112676
anemia_class,primary,temperature,no_B12,nested_development_oof,8,115,0.8533574709196258,0.8695652173913043
anemia_class,primary,temperature,no_B12,nested_development_oof,9,256,0.9676541089653021,0.94921875
anemia_class,primary,temperature,no_folate,nested_development_oof,2,7,0.2568902558042036,0.2857142857142857
anemia_class,primary,temperature,no_folate,nested_development_oof,3,23,0.35649975866879613,0.4782608695652174
anemia_class,primary,temperature,no_folate,nested_development_oof,4,49,0.45164694788584675,0.5306122448979592
anemia_class,primary,temperature,no_folate,nested_development_oof,5,67,0.5526608252841362,0.6417910447761194
anemia_class,primary,temperature,no_folate,nested_development_oof,6,53,0.6463771800590712,0.5660377358490566
anemia_class,primary,temperature,no_folate,nested_development_oof,7,68,0.7516422982906548,0.8088235294117647
anemia_class,primary,temperature,no_folate,nested_development_oof,8,111,0.8541034755926897,0.8558558558558559
anemia_class,primary,temperature,no_folate,nested_development_oof,9,294,0.966483930489027,0.9217687074829932
anemia_class,primary,temperature,no_B6,nested_development_oof,2,4,0.27050321333518657,0.0
anemia_class,primary,temperature,no_B6,nested_development_oof,3,23,0.3605081104692965,0.34782608695652173
anemia_class,primary,temperature,no_B6,nested_development_oof,4,57,0.44884975706564306,0.45614035087719296
anemia_class,primary,temperature,no_B6,nested_development_oof,5,64,0.554332447209001,0.703125
anemia_class,primary,temperature,no_B6,nested_development_oof,6,53,0.6477233519111151,0.6981132075471698
anemia_class,primary,temperature,no_B6,nested_development_oof,7,67,0.7578305895050156,0.8955223880597015
anemia_class,primary,temperature,no_B6,nested_development_oof,8,119,0.8580527741437926,0.9243697478991597
anemia_class,primary,temperature,no_B6,nested_development_oof,9,285,0.9657564007373165,0.9824561403508771
anemia_class,primary,temperature,no_copper,nested_development_oof,2,3,0.26524994492816084,0.0
anemia_class,primary,temperature,no_copper,nested_development_oof,3,19,0.3609815555130734,0.3684210526315789
anemia_class,primary,temperature,no_copper,nested_development_oof,4,57,0.4491901994421321,0.43859649122807015
anemia_class,primary,temperature,no_copper,nested_development_oof,5,67,0.5551267747949393,0.7014925373134329
anemia_class,primary,temperature,no_copper,nested_development_oof,6,58,0.6513763575655499,0.6724137931034483
anemia_class,primary,temperature,no_copper,nested_development_oof,7,74,0.7583316358929835,0.8783783783783784
anemia_class,primary,temperature,no_copper,nested_development_oof,8,110,0.8586104031675535,0.9454545454545454
anemia_class,primary,temperature,no_copper,nested_development_oof,9,284,0.966432580313504,0.9859154929577465
anemia_class,primary,temperature,no_hemoglobin,nested_development_oof,1,2,0.1804663676052129,0.0
anemia_class,primary,temperature,no_hemoglobin,nested_development_oof,2,27,0.2642856091722365,0.25925925925925924
anemia_class,primary,temperature,no_hemoglobin,nested_development_oof,3,53,0.35969655581920235,0.5471698113207547
anemia_class,primary,temperature,no_hemoglobin,nested_development_oof,4,97,0.45494367945138514,0.5773195876288659
anemia_class,primary,temperature,no_hemoglobin,nested_development_oof,5,116,0.551997141524419,0.7672413793103449
anemia_class,primary,temperature,no_hemoglobin,nested_development_oof,6,61,0.6451125348891624,0.8360655737704918
anemia_class,primary,temperature,no_hemoglobin,nested_development_oof,7,57,0.7503674543459707,0.8771929824561403
anemia_class,primary,temperature,no_hemoglobin,nested_development_oof,8,75,0.8556635546693464,0.92
anemia_class,primary,temperature,no_hemoglobin,nested_development_oof,9,184,0.9595199578012132,0.9891304347826086
anemia_class,primary,temperature,no_demographics,nested_development_oof,2,2,0.2884512286918044,0.0
anemia_class,primary,temperature,no_demographics,nested_development_oof,3,20,0.3632927675979712,0.35
anemia_class,primary,temperature,no_demographics,nested_development_oof,4,53,0.4526327867674741,0.5849056603773585
anemia_class,primary,temperature,no_demographics,nested_development_oof,5,66,0.553770514404844,0.7121212121212122
anemia_class,primary,temperature,no_demographics,nested_development_oof,6,52,0.6487015103711837,0.7307692307692307
anemia_class,primary,temperature,no_demographics,nested_development_oof,7,72,0.753741838055446,0.9027777777777778
anemia_class,primary,temperature,no_demographics,nested_development_oof,8,116,0.8576499897654518,0.9568965517241379
anemia_class,primary,temperature,no_demographics,nested_development_oof,9,291,0.9654771485809732,0.9828178694158075
anemia_class,cbc,identity,available,nested_development_oof,1,5,0.1838757456167718,0.4
anemia_class,cbc,identity,available,nested_development_oof,2,48,0.2646575016748994,0.25
anemia_class,cbc,identity,available,nested_development_oof,3,121,0.3551019834869314,0.36363636363636365
anemia_class,cbc,identity,available,nested_development_oof,4,144,0.4491283555714845,0.4930555555555556
anemia_class,cbc,identity,available,nested_development_oof,5,130,0.5476178108587876,0.5615384615384615
anemia_class,cbc,identity,available,nested_development_oof,6,79,0.6469923313351713,0.6708860759493671
anemia_class,cbc,identity,available,nested_development_oof,7,75,0.7466950492200378,0.8266666666666667
anemia_class,cbc,identity,available,nested_development_oof,8,58,0.8490087285885413,0.8448275862068966
anemia_class,cbc,identity,available,nested_development_oof,9,12,0.9228742594144331,0.9166666666666666
anemia_class,cbc,identity,drop30,nested_development_oof,1,40,0.18051042271906798,0.125
anemia_class,cbc,identity,drop30,nested_development_oof,2,149,0.25534903179334273,0.2214765100671141
anemia_class,cbc,identity,drop30,nested_development_oof,3,198,0.34502151626088806,0.29292929292929293
anemia_class,cbc,identity,drop30,nested_development_oof,4,117,0.44700689805177735,0.36752136752136755
anemia_class,cbc,identity,drop30,nested_development_oof,5,73,0.545009474720167,0.5068493150684932
anemia_class,cbc,identity,drop30,nested_development_oof,6,40,0.6487208384525516,0.475
anemia_class,cbc,identity,drop30,nested_development_oof,7,25,0.7368535844725497,0.52
anemia_class,cbc,identity,drop30,nested_development_oof,8,26,0.8509519635732823,0.7307692307692307
anemia_class,cbc,identity,drop30,nested_development_oof,9,4,0.9237316391232899,1.0
anemia_class,cbc,identity,drop60,nested_development_oof,1,40,0.17797671788960728,0.15
anemia_class,cbc,identity,drop60,nested_development_oof,2,250,0.25519805125576583,0.172
anemia_class,cbc,identity,drop60,nested_development_oof,3,203,0.34215895005726743,0.18226600985221675
anemia_class,cbc,identity,drop60,nested_development_oof,4,89,0.4405233592662575,0.20224719101123595
anemia_class,cbc,identity,drop60,nested_development_oof,5,41,0.5373452844252589,0.2926829268292683
anemia_class,cbc,identity,drop60,nested_development_oof,6,20,0.6507261655142895,0.3
anemia_class,cbc,identity,drop60,nested_development_oof,7,15,0.7409368594203526,0.5333333333333333
anemia_class,cbc,identity,drop60,nested_development_oof,8,11,0.8559902721491519,0.2727272727272727
anemia_class,cbc,identity,drop60,nested_development_oof,9,3,0.9180354438522853,0.6666666666666666
anemia_class,cbc,identity,cbc_only,nested_development_oof,1,5,0.1838757456167718,0.4
anemia_class,cbc,identity,cbc_only,nested_development_oof,2,48,0.2646575016748994,0.25
anemia_class,cbc,identity,cbc_only,nested_development_oof,3,121,0.3551019834869314,0.36363636363636365
anemia_class,cbc,identity,cbc_only,nested_development_oof,4,144,0.4491283555714845,0.4930555555555556
anemia_class,cbc,identity,cbc_only,nested_development_oof,5,130,0.5476178108587876,0.5615384615384615
anemia_class,cbc,identity,cbc_only,nested_development_oof,6,79,0.6469923313351713,0.6708860759493671
anemia_class,cbc,identity,cbc_only,nested_development_oof,7,75,0.7466950492200378,0.8266666666666667
anemia_class,cbc,identity,cbc_only,nested_development_oof,8,58,0.8490087285885413,0.8448275862068966
anemia_class,cbc,identity,cbc_only,nested_development_oof,9,12,0.9228742594144331,0.9166666666666666
anemia_class,cbc,identity,hb_only,nested_development_oof,1,106,0.1780850095472241,0.03773584905660377
anemia_class,cbc,identity,hb_only,nested_development_oof,2,403,0.2491604308763614,0.10918114143920596
anemia_class,cbc,identity,hb_only,nested_development_oof,3,120,0.3303000377054765,0.23333333333333334
anemia_class,cbc,identity,hb_only,nested_development_oof,4,43,0.4241473304127352,0.16279069767441862
anemia_class,cbc,identity,no_iron,nested_development_oof,1,5,0.1838757456167718,0.4
anemia_class,cbc,identity,no_iron,nested_development_oof,2,48,0.2646575016748994,0.25
anemia_class,cbc,identity,no_iron,nested_development_oof,3,121,0.3551019834869314,0.36363636363636365
anemia_class,cbc,identity,no_iron,nested_development_oof,4,144,0.4491283555714845,0.4930555555555556
anemia_class,cbc,identity,no_iron,nested_development_oof,5,130,0.5476178108587876,0.5615384615384615
anemia_class,cbc,identity,no_iron,nested_development_oof,6,79,0.6469923313351713,0.6708860759493671
anemia_class,cbc,identity,no_iron,nested_development_oof,7,75,0.7466950492200378,0.8266666666666667
anemia_class,cbc,identity,no_iron,nested_development_oof,8,58,0.8490087285885413,0.8448275862068966
anemia_class,cbc,identity,no_iron,nested_development_oof,9,12,0.9228742594144331,0.9166666666666666
anemia_class,cbc,identity,no_B12,nested_development_oof,1,5,0.1838757456167718,0.4
anemia_class,cbc,identity,no_B12,nested_development_oof,2,48,0.2646575016748994,0.25
anemia_class,cbc,identity,no_B12,nested_development_oof,3,121,0.3551019834869314,0.36363636363636365
anemia_class,cbc,identity,no_B12,nested_development_oof,4,144,0.4491283555714845,0.4930555555555556
anemia_class,cbc,identity,no_B12,nested_development_oof,5,130,0.5476178108587876,0.5615384615384615
anemia_class,cbc,identity,no_B12,nested_development_oof,6,79,0.6469923313351713,0.6708860759493671
anemia_class,cbc,identity,no_B12,nested_development_oof,7,75,0.7466950492200378,0.8266666666666667
anemia_class,cbc,identity,no_B12,nested_development_oof,8,58,0.8490087285885413,0.8448275862068966
anemia_class,cbc,identity,no_B12,nested_development_oof,9,12,0.9228742594144331,0.9166666666666666
anemia_class,cbc,identity,no_folate,nested_development_oof,1,5,0.1838757456167718,0.4
anemia_class,cbc,identity,no_folate,nested_development_oof,2,48,0.2646575016748994,0.25
anemia_class,cbc,identity,no_folate,nested_development_oof,3,121,0.3551019834869314,0.36363636363636365
anemia_class,cbc,identity,no_folate,nested_development_oof,4,144,0.4491283555714845,0.4930555555555556
anemia_class,cbc,identity,no_folate,nested_development_oof,5,130,0.5476178108587876,0.5615384615384615
anemia_class,cbc,identity,no_folate,nested_development_oof,6,79,0.6469923313351713,0.6708860759493671
anemia_class,cbc,identity,no_folate,nested_development_oof,7,75,0.7466950492200378,0.8266666666666667
anemia_class,cbc,identity,no_folate,nested_development_oof,8,58,0.8490087285885413,0.8448275862068966
anemia_class,cbc,identity,no_folate,nested_development_oof,9,12,0.9228742594144331,0.9166666666666666
anemia_class,cbc,identity,no_B6,nested_development_oof,1,5,0.1838757456167718,0.4
anemia_class,cbc,identity,no_B6,nested_development_oof,2,48,0.2646575016748994,0.25
anemia_class,cbc,identity,no_B6,nested_development_oof,3,121,0.3551019834869314,0.36363636363636365
anemia_class,cbc,identity,no_B6,nested_development_oof,4,144,0.4491283555714845,0.4930555555555556
anemia_class,cbc,identity,no_B6,nested_development_oof,5,130,0.5476178108587876,0.5615384615384615
anemia_class,cbc,identity,no_B6,nested_development_oof,6,79,0.6469923313351713,0.6708860759493671
anemia_class,cbc,identity,no_B6,nested_development_oof,7,75,0.7466950492200378,0.8266666666666667
anemia_class,cbc,identity,no_B6,nested_development_oof,8,58,0.8490087285885413,0.8448275862068966
anemia_class,cbc,identity,no_B6,nested_development_oof,9,12,0.9228742594144331,0.9166666666666666
anemia_class,cbc,identity,no_copper,nested_development_oof,1,5,0.1838757456167718,0.4
anemia_class,cbc,identity,no_copper,nested_development_oof,2,48,0.2646575016748994,0.25
anemia_class,cbc,identity,no_copper,nested_development_oof,3,121,0.3551019834869314,0.36363636363636365
anemia_class,cbc,identity,no_copper,nested_development_oof,4,144,0.4491283555714845,0.4930555555555556
anemia_class,cbc,identity,no_copper,nested_development_oof,5,130,0.5476178108587876,0.5615384615384615
anemia_class,cbc,identity,no_copper,nested_development_oof,6,79,0.6469923313351713,0.6708860759493671
anemia_class,cbc,identity,no_copper,nested_development_oof,7,75,0.7466950492200378,0.8266666666666667
anemia_class,cbc,identity,no_copper,nested_development_oof,8,58,0.8490087285885413,0.8448275862068966
anemia_class,cbc,identity,no_copper,nested_development_oof,9,12,0.9228742594144331,0.9166666666666666
anemia_class,cbc,identity,no_hemoglobin,nested_development_oof,1,57,0.17696240788655157,0.22807017543859648
anemia_class,cbc,identity,no_hemoglobin,nested_development_oof,2,140,0.24856838020465086,0.16428571428571428
anemia_class,cbc,identity,no_hemoglobin,nested_development_oof,3,134,0.34952863627737857,0.3208955223880597
anemia_class,cbc,identity,no_hemoglobin,nested_development_oof,4,119,0.4488478934530965,0.44537815126050423
anemia_class,cbc,identity,no_hemoglobin,nested_development_oof,5,92,0.5493313051096212,0.5108695652173914
anemia_class,cbc,identity,no_hemoglobin,nested_development_oof,6,49,0.6422187783441383,0.6326530612244898
anemia_class,cbc,identity,no_hemoglobin,nested_development_oof,7,43,0.7410996339071494,0.7906976744186046
anemia_class,cbc,identity,no_hemoglobin,nested_development_oof,8,28,0.849595210615739,0.7857142857142857
anemia_class,cbc,identity,no_hemoglobin,nested_development_oof,9,10,0.9227747596876767,1.0
anemia_class,cbc,identity,no_demographics,nested_development_oof,1,7,0.17404219115755618,0.0
anemia_class,cbc,identity,no_demographics,nested_development_oof,2,52,0.2657597606012182,0.34615384615384615
anemia_class,cbc,identity,no_demographics,nested_development_oof,3,120,0.34832782390042755,0.3
anemia_class,cbc,identity,no_demographics,nested_development_oof,4,141,0.45045553662477644,0.5106382978723404
anemia_class,cbc,identity,no_demographics,nested_development_oof,5,114,0.5465179811239779,0.543859649122807
anemia_class,cbc,identity,no_demographics,nested_development_oof,6,78,0.6469161577142035,0.6025641025641025
anemia_class,cbc,identity,no_demographics,nested_development_oof,7,72,0.7454445869462599,0.75
anemia_class,cbc,identity,no_demographics,nested_development_oof,8,72,0.8482588389508247,0.8888888888888888
anemia_class,cbc,identity,no_demographics,nested_development_oof,9,16,0.9204728503722456,0.9375
anemia_class,cbc,temperature,available,nested_development_oof,1,1,0.18762800557812298,1.0
anemia_class,cbc,temperature,available,nested_development_oof,2,24,0.25882827852254015,0.20833333333333334
anemia_class,cbc,temperature,available,nested_development_oof,3,75,0.35342742531427995,0.26666666666666666
anemia_class,cbc,temperature,available,nested_development_oof,4,133,0.45152422945104176,0.45864661654135336
anemia_class,cbc,temperature,available,nested_development_oof,5,122,0.5492948526795856,0.5163934426229508
anemia_class,cbc,temperature,available,nested_development_oof,6,100,0.6479115553759877,0.56
anemia_class,cbc,temperature,available,nested_development_oof,7,77,0.7510890092451985,0.7012987012987013
anemia_class,cbc,temperature,available,nested_development_oof,8,86,0.8485685641325537,0.813953488372093
anemia_class,cbc,temperature,available,nested_development_oof,9,54,0.9348012432515346,0.8703703703703703
anemia_class,cbc,temperature,drop30,nested_development_oof,1,13,0.17763250869692138,0.07692307692307693
anemia_class,cbc,temperature,drop30,nested_development_oof,2,107,0.2535210708074515,0.16822429906542055
anemia_class,cbc,temperature,drop30,nested_development_oof,3,163,0.350729108472231,0.2883435582822086
anemia_class,cbc,temperature,drop30,nested_development_oof,4,146,0.44723062767063987,0.3219178082191781
anemia_class,cbc,temperature,drop30,nested_development_oof,5,91,0.5502316829182596,0.3956043956043956
anemia_class,cbc,temperature,drop30,nested_development_oof,6,63,0.650108808700546,0.4603174603174603
anemia_class,cbc,temperature,drop30,nested_development_oof,7,35,0.7529953081152468,0.5428571428571428
anemia_class,cbc,temperature,drop30,nested_development_oof,8,29,0.8430062866163219,0.5517241379310345
anemia_class,cbc,temperature,drop30,nested_development_oof,9,25,0.9315546991020587,0.72
anemia_class,cbc,temperature,drop60,nested_development_oof,1,20,0.18325807483423656,0.05
anemia_class,cbc,temperature,drop60,nested_development_oof,2,157,0.2613391424765001,0.19745222929936307
anemia_class,cbc,temperature,drop60,nested_development_oof,3,217,0.34717734459959754,0.17050691244239632
anemia_class,cbc,temperature,drop60,nested_development_oof,4,131,0.4464270184707996,0.19083969465648856
anemia_class,cbc,temperature,drop60,nested_development_oof,5,63,0.5461526747841882,0.2222222222222222
anemia_class,cbc,temperature,drop60,nested_development_oof,6,36,0.6452508579923545,0.25
anemia_class,cbc,temperature,drop60,nested_development_oof,7,21,0.754832202119409,0.23809523809523808
anemia_class,cbc,temperature,drop60,nested_development_oof,8,15,0.8473458477447758,0.5333333333333333
anemia_class,cbc,temperature,drop60,nested_development_oof,9,12,0.9395987924765081,0.4166666666666667
anemia_class,cbc,temperature,cbc_only,nested_development_oof,1,1,0.18762800557812298,1.0
anemia_class,cbc,temperature,cbc_only,nested_development_oof,2,24,0.25882827852254015,0.20833333333333334
anemia_class,cbc,temperature,cbc_only,nested_development_oof,3,75,0.35342742531427995,0.26666666666666666
anemia_class,cbc,temperature,cbc_only,nested_development_oof,4,133,0.45152422945104176,0.45864661654135336
anemia_class,cbc,temperature,cbc_only,nested_development_oof,5,122,0.5492948526795856,0.5163934426229508
anemia_class,cbc,temperature,cbc_only,nested_development_oof,6,100,0.6479115553759877,0.56
anemia_class,cbc,temperature,cbc_only,nested_development_oof,7,77,0.7510890092451985,0.7012987012987013
anemia_class,cbc,temperature,cbc_only,nested_development_oof,8,86,0.8485685641325537,0.813953488372093
anemia_class,cbc,temperature,cbc_only,nested_development_oof,9,54,0.9348012432515346,0.8703703703703703
anemia_class,cbc,temperature,hb_only,nested_development_oof,1,49,0.18306639907621608,0.061224489795918366
anemia_class,cbc,temperature,hb_only,nested_development_oof,2,293,0.25418347412944353,0.06143344709897611
anemia_class,cbc,temperature,hb_only,nested_development_oof,3,242,0.33738039610761283,0.1652892561983471
anemia_class,cbc,temperature,hb_only,nested_development_oof,4,49,0.43639518622905343,0.30612244897959184
anemia_class,cbc,temperature,hb_only,nested_development_oof,5,39,0.5270795368823767,0.1794871794871795
anemia_class,cbc,temperature,no_iron,nested_development_oof,1,1,0.18762800557812298,1.0
anemia_class,cbc,temperature,no_iron,nested_development_oof,2,24,0.25882827852254015,0.20833333333333334
anemia_class,cbc,temperature,no_iron,nested_development_oof,3,75,0.35342742531427995,0.26666666666666666
anemia_class,cbc,temperature,no_iron,nested_development_oof,4,133,0.45152422945104176,0.45864661654135336
anemia_class,cbc,temperature,no_iron,nested_development_oof,5,122,0.5492948526795856,0.5163934426229508
anemia_class,cbc,temperature,no_iron,nested_development_oof,6,100,0.6479115553759877,0.56
anemia_class,cbc,temperature,no_iron,nested_development_oof,7,77,0.7510890092451985,0.7012987012987013
anemia_class,cbc,temperature,no_iron,nested_development_oof,8,86,0.8485685641325537,0.813953488372093
anemia_class,cbc,temperature,no_iron,nested_development_oof,9,54,0.9348012432515346,0.8703703703703703
anemia_class,cbc,temperature,no_B12,nested_development_oof,1,1,0.18762800557812298,1.0
anemia_class,cbc,temperature,no_B12,nested_development_oof,2,24,0.25882827852254015,0.20833333333333334
anemia_class,cbc,temperature,no_B12,nested_development_oof,3,75,0.35342742531427995,0.26666666666666666
anemia_class,cbc,temperature,no_B12,nested_development_oof,4,133,0.45152422945104176,0.45864661654135336
anemia_class,cbc,temperature,no_B12,nested_development_oof,5,122,0.5492948526795856,0.5163934426229508
anemia_class,cbc,temperature,no_B12,nested_development_oof,6,100,0.6479115553759877,0.56
anemia_class,cbc,temperature,no_B12,nested_development_oof,7,77,0.7510890092451985,0.7012987012987013
anemia_class,cbc,temperature,no_B12,nested_development_oof,8,86,0.8485685641325537,0.813953488372093
anemia_class,cbc,temperature,no_B12,nested_development_oof,9,54,0.9348012432515346,0.8703703703703703
anemia_class,cbc,temperature,no_folate,nested_development_oof,1,1,0.18762800557812298,1.0
anemia_class,cbc,temperature,no_folate,nested_development_oof,2,24,0.25882827852254015,0.20833333333333334
anemia_class,cbc,temperature,no_folate,nested_development_oof,3,75,0.35342742531427995,0.26666666666666666
anemia_class,cbc,temperature,no_folate,nested_development_oof,4,133,0.45152422945104176,0.45864661654135336
anemia_class,cbc,temperature,no_folate,nested_development_oof,5,122,0.5492948526795856,0.5163934426229508
anemia_class,cbc,temperature,no_folate,nested_development_oof,6,100,0.6479115553759877,0.56
anemia_class,cbc,temperature,no_folate,nested_development_oof,7,77,0.7510890092451985,0.7012987012987013
anemia_class,cbc,temperature,no_folate,nested_development_oof,8,86,0.8485685641325537,0.813953488372093
anemia_class,cbc,temperature,no_folate,nested_development_oof,9,54,0.9348012432515346,0.8703703703703703
anemia_class,cbc,temperature,no_B6,nested_development_oof,1,1,0.18762800557812298,1.0
anemia_class,cbc,temperature,no_B6,nested_development_oof,2,24,0.25882827852254015,0.20833333333333334
anemia_class,cbc,temperature,no_B6,nested_development_oof,3,75,0.35342742531427995,0.26666666666666666
anemia_class,cbc,temperature,no_B6,nested_development_oof,4,133,0.45152422945104176,0.45864661654135336
anemia_class,cbc,temperature,no_B6,nested_development_oof,5,122,0.5492948526795856,0.5163934426229508
anemia_class,cbc,temperature,no_B6,nested_development_oof,6,100,0.6479115553759877,0.56
anemia_class,cbc,temperature,no_B6,nested_development_oof,7,77,0.7510890092451985,0.7012987012987013
anemia_class,cbc,temperature,no_B6,nested_development_oof,8,86,0.8485685641325537,0.813953488372093
anemia_class,cbc,temperature,no_B6,nested_development_oof,9,54,0.9348012432515346,0.8703703703703703
anemia_class,cbc,temperature,no_copper,nested_development_oof,1,1,0.18762800557812298,1.0
anemia_class,cbc,temperature,no_copper,nested_development_oof,2,24,0.25882827852254015,0.20833333333333334
anemia_class,cbc,temperature,no_copper,nested_development_oof,3,75,0.35342742531427995,0.26666666666666666
anemia_class,cbc,temperature,no_copper,nested_development_oof,4,133,0.45152422945104176,0.45864661654135336
anemia_class,cbc,temperature,no_copper,nested_development_oof,5,122,0.5492948526795856,0.5163934426229508
anemia_class,cbc,temperature,no_copper,nested_development_oof,6,100,0.6479115553759877,0.56
anemia_class,cbc,temperature,no_copper,nested_development_oof,7,77,0.7510890092451985,0.7012987012987013
anemia_class,cbc,temperature,no_copper,nested_development_oof,8,86,0.8485685641325537,0.813953488372093
anemia_class,cbc,temperature,no_copper,nested_development_oof,9,54,0.9348012432515346,0.8703703703703703
anemia_class,cbc,temperature,no_hemoglobin,nested_development_oof,1,30,0.18349106112913416,0.16666666666666666
anemia_class,cbc,temperature,no_hemoglobin,nested_development_oof,2,115,0.2527288147126946,0.17391304347826086
anemia_class,cbc,temperature,no_hemoglobin,nested_development_oof,3,121,0.3551000239725777,0.2396694214876033
anemia_class,cbc,temperature,no_hemoglobin,nested_development_oof,4,113,0.45628773157196095,0.40707964601769914
anemia_class,cbc,temperature,no_hemoglobin,nested_development_oof,5,96,0.5469017959937457,0.4479166666666667
anemia_class,cbc,temperature,no_hemoglobin,nested_development_oof,6,73,0.6493060099551731,0.547945205479452
anemia_class,cbc,temperature,no_hemoglobin,nested_development_oof,7,46,0.7499721691518625,0.6521739130434783
anemia_class,cbc,temperature,no_hemoglobin,nested_development_oof,8,47,0.842209481730571,0.7872340425531915
anemia_class,cbc,temperature,no_hemoglobin,nested_development_oof,9,31,0.9390758264181192,0.8387096774193549
anemia_class,cbc,temperature,no_demographics,nested_development_oof,1,4,0.1837296238729783,0.0
anemia_class,cbc,temperature,no_demographics,nested_development_oof,2,25,0.26279414596001593,0.36
anemia_class,cbc,temperature,no_demographics,nested_development_oof,3,91,0.35520657985478715,0.2857142857142857
anemia_class,cbc,temperature,no_demographics,nested_development_oof,4,114,0.454557524628132,0.39473684210526316
anemia_class,cbc,temperature,no_demographics,nested_development_oof,5,114,0.5471139650588791,0.5350877192982456
anemia_class,cbc,temperature,no_demographics,nested_development_oof,6,100,0.6499964366074353,0.55
anemia_class,cbc,temperature,no_demographics,nested_development_oof,7,69,0.7502384883412594,0.6086956521739131
anemia_class,cbc,temperature,no_demographics,nested_development_oof,8,84,0.8485659272194568,0.8095238095238095
anemia_class,cbc,temperature,no_demographics,nested_development_oof,9,71,0.9328239425654433,0.8732394366197183
iron_deficiency,primary,identity,available,nested_development_oof,0,395,0.012746260018201644,0.005063291139240506
iron_deficiency,primary,identity,available,nested_development_oof,1,36,0.14336118983078963,0.027777777777777776
iron_deficiency,primary,identity,available,nested_development_oof,2,3,0.2320340678090728,0.0
iron_deficiency,primary,identity,available,nested_development_oof,3,3,0.34963535206206536,0.0
iron_deficiency,primary,identity,available,nested_development_oof,4,1,0.42682420469973836,1.0
iron_deficiency,primary,identity,available,nested_development_oof,5,6,0.5390983299556867,0.5
iron_deficiency,primary,identity,available,nested_development_oof,6,1,0.6658354855970675,1.0
iron_deficiency,primary,identity,available,nested_development_oof,7,4,0.7540343006986617,1.0
iron_deficiency,primary,identity,available,nested_development_oof,8,14,0.8515328344351112,0.8571428571428571
iron_deficiency,primary,identity,available,nested_development_oof,9,209,0.988337712994487,1.0
iron_deficiency,primary,identity,drop30,nested_development_oof,0,357,0.023146323523082234,0.0056022408963585435
iron_deficiency,primary,identity,drop30,nested_development_oof,1,48,0.13832101741413672,0.020833333333333332
iron_deficiency,primary,identity,drop30,nested_development_oof,2,21,0.2539482086224406,0.19047619047619047
iron_deficiency,primary,identity,drop30,nested_development_oof,3,13,0.33535563736382196,0.23076923076923078
iron_deficiency,primary,identity,drop30,nested_development_oof,4,6,0.44426269844541455,0.5
iron_deficiency,primary,identity,drop30,nested_development_oof,5,6,0.5503742634863648,0.6666666666666666
iron_deficiency,primary,identity,drop30,nested_development_oof,6,11,0.6476427708948964,0.8181818181818182
iron_deficiency,primary,identity,drop30,nested_development_oof,7,8,0.7693315331041066,0.875
iron_deficiency,primary,identity,drop30,nested_development_oof,8,18,0.8599417665823736,1.0
iron_deficiency,primary,identity,drop30,nested_development_oof,9,184,0.9759697805969669,0.9891304347826086
iron_deficiency,primary,identity,drop60,nested_development_oof,0,271,0.03473191468610534,0.01845018450184502
iron_deficiency,primary,identity,drop60,nested_development_oof,1,95,0.1479576699701041,0.05263157894736842
iron_deficiency,primary,identity,drop60,nested_development_oof,2,54,0.2485294955443013,0.3148148148148148
iron_deficiency,primary,identity,drop60,nested_development_oof,3,33,0.34735507750214933,0.21212121212121213
iron_deficiency,primary,identity,drop60,nested_development_oof,4,14,0.4340627486992318,0.7142857142857143
iron_deficiency,primary,identity,drop60,nested_development_oof,5,16,0.5474766218082345,0.5625
iron_deficiency,primary,identity,drop60,nested_development_oof,6,19,0.645962918678243,0.7368421052631579
iron_deficiency,primary,identity,drop60,nested_development_oof,7,27,0.7539558437915205,0.9259259259259259
iron_deficiency,primary,identity,drop60,nested_development_oof,8,29,0.8459179370073564,0.9655172413793104
iron_deficiency,primary,identity,drop60,nested_development_oof,9,114,0.9613818850326067,0.9912280701754386
iron_deficiency,primary,identity,cbc_only,nested_development_oof,0,258,0.038677840014846615,0.05426356589147287
iron_deficiency,primary,identity,cbc_only,nested_development_oof,1,90,0.14568019768654514,0.18888888888888888
iron_deficiency,primary,identity,cbc_only,nested_development_oof,2,66,0.25027270492944187,0.24242424242424243
iron_deficiency,primary,identity,cbc_only,nested_development_oof,3,38,0.34796701541881525,0.2894736842105263
iron_deficiency,primary,identity,cbc_only,nested_development_oof,4,28,0.4433151808541479,0.5714285714285714
iron_deficiency,primary,identity,cbc_only,nested_development_oof,5,27,0.5537299180002737,0.6666666666666666
iron_deficiency,primary,identity,cbc_only,nested_development_oof,6,27,0.6574794970088205,0.7037037037037037
iron_deficiency,primary,identity,cbc_only,nested_development_oof,7,24,0.7607136174061871,0.75
iron_deficiency,primary,identity,cbc_only,nested_development_oof,8,44,0.8547133814751228,0.8863636363636364
iron_deficiency,primary,identity,cbc_only,nested_development_oof,9,70,0.9413187568798991,0.9285714285714286
iron_deficiency,primary,identity,hb_only,nested_development_oof,1,281,0.168281933086259,0.3309608540925267
iron_deficiency,primary,identity,hb_only,nested_development_oof,2,337,0.2445316598368486,0.34421364985163205
iron_deficiency,primary,identity,hb_only,nested_development_oof,3,48,0.3258979154152409,0.4791666666666667
iron_deficiency,primary,identity,hb_only,nested_development_oof,4,5,0.4323687817702628,0.2
iron_deficiency,primary,identity,hb_only,nested_development_oof,5,1,0.5256288010532142,0.0
iron_deficiency,primary,identity,no_iron,nested_development_oof,0,328,0.03523954354267705,0.057926829268292686
iron_deficiency,primary,identity,no_iron,nested_development_oof,1,79,0.14323538536843652,0.22784810126582278
iron_deficiency,primary,identity,no_iron,nested_development_oof,2,44,0.24984556084443463,0.4318181818181818
iron_deficiency,primary,identity,no_iron,nested_development_oof,3,29,0.35201504317414856,0.5862068965517241
iron_deficiency,primary,identity,no_iron,nested_development_oof,4,32,0.45329327371879213,0.625
iron_deficiency,primary,identity,no_iron,nested_development_oof,5,17,0.5583065414501346,0.6470588235294118
iron_deficiency,primary,identity,no_iron,nested_development_oof,6,20,0.6460035348137475,0.9
iron_deficiency,primary,identity,no_iron,nested_development_oof,7,29,0.7510734044939781,0.896551724137931
iron_deficiency,primary,identity,no_iron,nested_development_oof,8,44,0.8481920115680517,0.8636363636363636
iron_deficiency,primary,identity,no_iron,nested_development_oof,9,50,0.9361758022678789,0.94
iron_deficiency,primary,identity,no_B12,nested_development_oof,0,396,0.013905720150050758,0.005050505050505051
iron_deficiency,primary,identity,no_B12,nested_development_oof,1,34,0.1484204889631003,0.029411764705882353
iron_deficiency,primary,identity,no_B12,nested_development_oof,2,3,0.21884198074369454,0.0
iron_deficiency,primary,identity,no_B12,nested_development_oof,3,3,0.3312284839619574,0.0
iron_deficiency,primary,identity,no_B12,nested_development_oof,4,2,0.41399871021446466,0.5
iron_deficiency,primary,identity,no_B12,nested_development_oof,5,6,0.5508211700500932,0.5
iron_deficiency,primary,identity,no_B12,nested_development_oof,7,5,0.7576225186243777,1.0
iron_deficiency,primary,identity,no_B12,nested_development_oof,8,10,0.8562081647033976,0.9
iron_deficiency,primary,identity,no_B12,nested_development_oof,9,213,0.9876601017595176,0.9953051643192489
iron_deficiency,primary,identity,no_folate,nested_development_oof,0,394,0.013169651680266597,0.005076142131979695
iron_deficiency,primary,identity,no_folate,nested_development_oof,1,34,0.14793064274470502,0.029411764705882353
iron_deficiency,primary,identity,no_folate,nested_development_oof,2,6,0.2210356311436358,0.0
iron_deficiency,primary,identity,no_folate,nested_development_oof,3,2,0.3463028597684885,0.0
iron_deficiency,primary,identity,no_folate,nested_development_oof,4,2,0.41503704779609707,0.5
iron_deficiency,primary,identity,no_folate,nested_development_oof,5,6,0.5496387273858981,0.5
iron_deficiency,primary,identity,no_folate,nested_development_oof,6,1,0.6648382249297581,1.0
iron_deficiency,primary,identity,no_folate,nested_development_oof,7,4,0.7552103938038547,1.0
iron_deficiency,primary,identity,no_folate,nested_development_oof,8,11,0.856203816880965,0.9090909090909091
iron_deficiency,primary,identity,no_folate,nested_development_oof,9,212,0.9878175042506182,0.9952830188679245
iron_deficiency,primary,identity,no_B6,nested_development_oof,0,394,0.01259661979250947,0.005076142131979695
iron_deficiency,primary,identity,no_B6,nested_development_oof,1,37,0.14628593354261452,0.02702702702702703
iron_deficiency,primary,identity,no_B6,nested_development_oof,2,3,0.2301791160552298,0.0
iron_deficiency,primary,identity,no_B6,nested_development_oof,3,3,0.34963535206206536,0.0
iron_deficiency,primary,identity,no_B6,nested_development_oof,4,1,0.42682420469973836,1.0
iron_deficiency,primary,identity,no_B6,nested_development_oof,5,5,0.5366487301877193,0.6
iron_deficiency,primary,identity,no_B6,nested_development_oof,6,2,0.6403924165719606,0.5
iron_deficiency,primary,identity,no_B6,nested_development_oof,7,4,0.7574223016818075,1.0
iron_deficiency,primary,identity,no_B6,nested_development_oof,8,14,0.8529100578729906,0.8571428571428571
iron_deficiency,primary,identity,no_B6,nested_development_oof,9,209,0.9884360856237644,1.0
iron_deficiency,primary,identity,no_copper,nested_development_oof,0,396,0.012850146090936309,0.005050505050505051
iron_deficiency,primary,identity,no_copper,nested_development_oof,1,35,0.14247714010056994,0.02857142857142857
iron_deficiency,primary,identity,no_copper,nested_development_oof,2,3,0.2320340678090728,0.0
iron_deficiency,primary,identity,no_copper,nested_development_oof,3,3,0.34963535206206536,0.0
iron_deficiency,primary,identity,no_copper,nested_development_oof,4,1,0.42682420469973836,1.0
iron_deficiency,primary,identity,no_copper,nested_development_oof,5,6,0.5390983299556867,0.5
iron_deficiency,primary,identity,no_copper,nested_development_oof,6,1,0.6658354855970675,1.0
iron_deficiency,primary,identity,no_copper,nested_development_oof,7,4,0.754745096004832,1.0
iron_deficiency,primary,identity,no_copper,nested_development_oof,8,14,0.8517544255061106,0.8571428571428571
iron_deficiency,primary,identity,no_copper,nested_development_oof,9,209,0.9882460061985517,1.0
iron_deficiency,primary,identity,no_hemoglobin,nested_development_oof,0,398,0.013243646256901215,0.005025125628140704
iron_deficiency,primary,identity,no_hemoglobin,nested_development_oof,1,30,0.14016027202745837,0.03333333333333333
iron_deficiency,primary,identity,no_hemoglobin,nested_development_oof,2,8,0.2449983524065807,0.0
iron_deficiency,primary,identity,no_hemoglobin,nested_development_oof,3,1,0.3353773979079642,0.0
iron_deficiency,primary,identity,no_hemoglobin,nested_development_oof,4,1,0.42474706219224245,1.0
iron_deficiency,primary,identity,no_hemoglobin,nested_development_oof,5,6,0.556950606597913,0.6666666666666666
iron_deficiency,primary,identity,no_hemoglobin,nested_development_oof,6,2,0.6389094603685079,0.5
iron_deficiency,primary,identity,no_hemoglobin,nested_development_oof,7,6,0.7472245351652117,0.8333333333333334
iron_deficiency,primary,identity,no_hemoglobin,nested_development_oof,8,11,0.8646222614062696,0.9090909090909091
iron_deficiency,primary,identity,no_hemoglobin,nested_development_oof,9,209,0.9886940578900969,1.0
iron_deficiency,primary,identity,no_demographics,nested_development_oof,0,388,0.014598476420377298,0.005154639175257732
iron_deficiency,primary,identity,no_demographics,nested_development_oof,1,32,0.1419700013198224,0.0
iron_deficiency,primary,identity,no_demographics,nested_development_oof,2,12,0.2430760953811557,0.08333333333333333
iron_deficiency,primary,identity,no_demographics,nested_development_oof,3,2,0.3488118718863677,0.5
iron_deficiency,primary,identity,no_demographics,nested_development_oof,4,3,0.4231552545508539,0.0
iron_deficiency,primary,identity,no_demographics,nested_development_oof,5,3,0.5622113930261253,0.3333333333333333
iron_deficiency,primary,identity,no_demographics,nested_development_oof,6,3,0.6684098234978348,0.6666666666666666
iron_deficiency,primary,identity,no_demographics,nested_development_oof,7,8,0.7609745510505659,0.75
iron_deficiency,primary,identity,no_demographics,nested_development_oof,8,8,0.8639419422430168,1.0
iron_deficiency,primary,identity,no_demographics,nested_development_oof,9,213,0.9890534235318099,0.9953051643192489
iron_deficiency,primary,temperature,available,nested_development_oof,0,422,0.007630022822333564,0.0071090047393364926
iron_deficiency,primary,temperature,available,nested_development_oof,1,12,0.12303315289638683,0.0
iron_deficiency,primary,temperature,available,nested_development_oof,2,2,0.28609871468816483,0.0
iron_deficiency,primary,temperature,available,nested_development_oof,3,1,0.3143207645697963,0.0
iron_deficiency,primary,temperature,available,nested_development_oof,4,1,0.40338628245887065,1.0
iron_deficiency,primary,temperature,available,nested_development_oof,5,4,0.5261964531103596,0.5
iron_deficiency,primary,temperature,available,nested_development_oof,6,2,0.6135759547642057,0.5
iron_deficiency,primary,temperature,available,nested_development_oof,7,3,0.7664664906592927,1.0
iron_deficiency,primary,temperature,available,nested_development_oof,8,7,0.8777675190658717,1.0
iron_deficiency,primary,temperature,available,nested_development_oof,9,218,0.9936999027607644,0.9908256880733946
iron_deficiency,primary,temperature,drop30,nested_development_oof,0,398,0.01354592129103803,0.007537688442211055
iron_deficiency,primary,temperature,drop30,nested_development_oof,1,22,0.1524771628238296,0.13636363636363635
iron_deficiency,primary,temperature,drop30,nested_development_oof,2,16,0.25030498769982645,0.25
iron_deficiency,primary,temperature,drop30,nested_development_oof,3,4,0.3285101577101216,0.0
iron_deficiency,primary,temperature,drop30,nested_development_oof,4,5,0.4343943264050839,0.6
iron_deficiency,primary,temperature,drop30,nested_development_oof,5,3,0.5338344086913996,0.6666666666666666
iron_deficiency,primary,temperature,drop30,nested_development_oof,6,8,0.6424044850278725,0.625
iron_deficiency,primary,temperature,drop30,nested_development_oof,7,6,0.7241482311579378,1.0
iron_deficiency,primary,temperature,drop30,nested_development_oof,8,10,0.8500693571459227,0.9
iron_deficiency,primary,temperature,drop30,nested_development_oof,9,200,0.9868601505195238,0.99
iron_deficiency,primary,temperature,drop60,nested_development_oof,0,342,0.024235479612902195,0.02631578947368421
iron_deficiency,primary,temperature,drop60,nested_development_oof,1,61,0.1414108973628616,0.22950819672131148
iron_deficiency,primary,temperature,drop60,nested_development_oof,2,34,0.2424014517945616,0.2647058823529412
iron_deficiency,primary,temperature,drop60,nested_development_oof,3,23,0.3406791411438146,0.2608695652173913
iron_deficiency,primary,temperature,drop60,nested_development_oof,4,7,0.4423064594386516,0.8571428571428571
iron_deficiency,primary,temperature,drop60,nested_development_oof,5,12,0.5475050313981672,0.6666666666666666
iron_deficiency,primary,temperature,drop60,nested_development_oof,6,15,0.6551856517569374,0.5333333333333333
iron_deficiency,primary,temperature,drop60,nested_development_oof,7,11,0.7494031784234793,0.9090909090909091
iron_deficiency,primary,temperature,drop60,nested_development_oof,8,33,0.8433545273742675,0.9393939393939394
iron_deficiency,primary,temperature,drop60,nested_development_oof,9,134,0.9777099624247473,0.9850746268656716
iron_deficiency,primary,temperature,cbc_only,nested_development_oof,0,326,0.02491159637174365,0.08282208588957055
iron_deficiency,primary,temperature,cbc_only,nested_development_oof,1,64,0.1441592263162793,0.203125
iron_deficiency,primary,temperature,cbc_only,nested_development_oof,2,46,0.24333923735184085,0.2826086956521739
iron_deficiency,primary,temperature,cbc_only,nested_development_oof,3,29,0.3557325404844551,0.4482758620689655
iron_deficiency,primary,temperature,cbc_only,nested_development_oof,4,15,0.45432662686256925,0.5333333333333333
iron_deficiency,primary,temperature,cbc_only,nested_development_oof,5,20,0.5553557906578586,0.75
iron_deficiency,primary,temperature,cbc_only,nested_development_oof,6,17,0.6550657093974958,0.5882352941176471
iron_deficiency,primary,temperature,cbc_only,nested_development_oof,7,21,0.7432740867715947,0.7619047619047619
iron_deficiency,primary,temperature,cbc_only,nested_development_oof,8,29,0.8597435746380957,0.7586206896551724
iron_deficiency,primary,temperature,cbc_only,nested_development_oof,9,105,0.9611722818228976,0.9142857142857143
iron_deficiency,primary,temperature,hb_only,nested_development_oof,0,133,0.07757105454632107,0.3533834586466165
iron_deficiency,primary,temperature,hb_only,nested_development_oof,1,392,0.1421922446031134,0.3239795918367347
iron_deficiency,primary,temperature,hb_only,nested_development_oof,2,132,0.22851326820514895,0.4015151515151515
iron_deficiency,primary,temperature,hb_only,nested_development_oof,3,12,0.34200408679842664,0.5
iron_deficiency,primary,temperature,hb_only,nested_development_oof,4,2,0.4632016664925057,0.0
iron_deficiency,primary,temperature,hb_only,nested_development_oof,5,1,0.5347506680578565,0.0
iron_deficiency,primary,temperature,no_iron,nested_development_oof,0,386,0.02029751390684583,0.09067357512953368
iron_deficiency,primary,temperature,no_iron,nested_development_oof,1,51,0.1390732609368288,0.29411764705882354
iron_deficiency,primary,temperature,no_iron,nested_development_oof,2,26,0.23787838014126775,0.38461538461538464
iron_deficiency,primary,temperature,no_iron,nested_development_oof,3,25,0.3445185265962408,0.68
iron_deficiency,primary,temperature,no_iron,nested_development_oof,4,24,0.4546950656261184,0.6666666666666666
iron_deficiency,primary,temperature,no_iron,nested_development_oof,5,10,0.5521810923247968,0.5
iron_deficiency,primary,temperature,no_iron,nested_development_oof,6,17,0.6487107064950687,0.8823529411764706
iron_deficiency,primary,temperature,no_iron,nested_development_oof,7,16,0.7519804935121013,0.875
iron_deficiency,primary,temperature,no_iron,nested_development_oof,8,35,0.8487242891168811,0.9142857142857143
iron_deficiency,primary,temperature,no_iron,nested_development_oof,9,82,0.9563402300652062,0.9024390243902439
iron_deficiency,primary,temperature,no_B12,nested_development_oof,0,418,0.007234413877848698,0.004784688995215311
iron_deficiency,primary,temperature,no_B12,nested_development_oof,1,15,0.12075157795458943,0.06666666666666667
iron_deficiency,primary,temperature,no_B12,nested_development_oof,2,3,0.27129910043254535,0.0
iron_deficiency,primary,temperature,no_B12,nested_development_oof,3,2,0.3826419481036501,0.5
iron_deficiency,primary,temperature,no_B12,nested_development_oof,5,4,0.549303925332344,0.5
iron_deficiency,primary,temperature,no_B12,nested_development_oof,6,2,0.6169029866703898,0.5
iron_deficiency,primary,temperature,no_B12,nested_development_oof,7,2,0.7835694408525957,1.0
iron_deficiency,primary,temperature,no_B12,nested_development_oof,8,4,0.8659435512907845,1.0
iron_deficiency,primary,temperature,no_B12,nested_development_oof,9,222,0.9930560044342556,0.990990990990991
iron_deficiency,primary,temperature,no_folate,nested_development_oof,0,421,0.008173414741515497,0.007125890736342043
iron_deficiency,primary,temperature,no_folate,nested_development_oof,1,13,0.1298272780048316,0.0
iron_deficiency,primary,temperature,no_folate,nested_development_oof,2,2,0.2866790005459102,0.0
iron_deficiency,primary,temperature,no_folate,nested_development_oof,3,1,0.37341730934245326,0.0
iron_deficiency,primary,temperature,no_folate,nested_development_oof,4,1,0.40274217533220164,1.0
iron_deficiency,primary,temperature,no_folate,nested_development_oof,5,4,0.5459408575443506,0.5
iron_deficiency,primary,temperature,no_folate,nested_development_oof,6,2,0.6180131950403599,0.5
iron_deficiency,primary,temperature,no_folate,nested_development_oof,7,2,0.7414957583237326,1.0
iron_deficiency,primary,temperature,no_folate,nested_development_oof,8,5,0.8650013600598687,1.0
iron_deficiency,primary,temperature,no_folate,nested_development_oof,9,221,0.993190678002642,0.9909502262443439
iron_deficiency,primary,temperature,no_B6,nested_development_oof,0,420,0.007394100118166291,0.007142857142857143
iron_deficiency,primary,temperature,no_B6,nested_development_oof,1,14,0.12336135019925785,0.0
iron_deficiency,primary,temperature,no_B6,nested_development_oof,2,2,0.28609871468816483,0.0
iron_deficiency,primary,temperature,no_B6,nested_development_oof,3,1,0.3143207645697963,0.0
iron_deficiency,primary,temperature,no_B6,nested_development_oof,4,1,0.40338628245887065,1.0
iron_deficiency,primary,temperature,no_B6,nested_development_oof,5,4,0.5381093836826665,0.5
iron_deficiency,primary,temperature,no_B6,nested_development_oof,6,2,0.6335642543674289,0.5
iron_deficiency,primary,temperature,no_B6,nested_development_oof,7,2,0.754915336696287,1.0
iron_deficiency,primary,temperature,no_B6,nested_development_oof,8,8,0.8695304088460247,1.0
iron_deficiency,primary,temperature,no_B6,nested_development_oof,9,218,0.9938019485527642,0.9908256880733946
iron_deficiency,primary,temperature,no_copper,nested_development_oof,0,423,0.0077107439074893345,0.0070921985815602835
iron_deficiency,primary,temperature,no_copper,nested_development_oof,1,11,0.12290613098174528,0.0
iron_deficiency,primary,temperature,no_copper,nested_development_oof,2,2,0.28609871468816483,0.0
iron_deficiency,primary,temperature,no_copper,nested_development_oof,3,1,0.3143207645697963,0.0
iron_deficiency,primary,temperature,no_copper,nested_development_oof,4,1,0.40338628245887065,1.0
iron_deficiency,primary,temperature,no_copper,nested_development_oof,5,4,0.5261964531103596,0.5
iron_deficiency,primary,temperature,no_copper,nested_development_oof,6,2,0.6135759547642057,0.5
iron_deficiency,primary,temperature,no_copper,nested_development_oof,7,3,0.7675222831287655,1.0
iron_deficiency,primary,temperature,no_copper,nested_development_oof,8,7,0.8771489272605077,1.0
iron_deficiency,primary,temperature,no_copper,nested_development_oof,9,218,0.9936592299737748,0.9908256880733946
iron_deficiency,primary,temperature,no_hemoglobin,nested_development_oof,0,423,0.007545373750025649,0.0070921985815602835
iron_deficiency,primary,temperature,no_hemoglobin,nested_development_oof,1,11,0.13664081406886222,0.0
iron_deficiency,primary,temperature,no_hemoglobin,nested_development_oof,2,3,0.23025993913450726,0.0
iron_deficiency,primary,temperature,no_hemoglobin,nested_development_oof,4,1,0.40067499982063687,1.0
iron_deficiency,primary,temperature,no_hemoglobin,nested_development_oof,5,3,0.5413396231371358,0.6666666666666666
iron_deficiency,primary,temperature,no_hemoglobin,nested_development_oof,6,4,0.6310329772911462,0.5
iron_deficiency,primary,temperature,no_hemoglobin,nested_development_oof,7,4,0.7613479414791576,0.75
iron_deficiency,primary,temperature,no_hemoglobin,nested_development_oof,8,4,0.8571308163756878,1.0
iron_deficiency,primary,temperature,no_hemoglobin,nested_development_oof,9,219,0.9935315939422759,0.9954337899543378
iron_deficiency,primary,temperature,no_demographics,nested_development_oof,0,415,0.008509321352847914,0.004819277108433735
iron_deficiency,primary,temperature,no_demographics,nested_development_oof,1,15,0.14487831968884066,0.06666666666666667
iron_deficiency,primary,temperature,no_demographics,nested_development_oof,2,3,0.23778616913729303,0.0
iron_deficiency,primary,temperature,no_demographics,nested_development_oof,3,3,0.3577052987063352,0.3333333333333333
iron_deficiency,primary,temperature,no_demographics,nested_development_oof,4,1,0.41855533464374667,0.0
iron_deficiency,primary,temperature,no_demographics,nested_development_oof,5,1,0.5411754394172925,0.0
iron_deficiency,primary,temperature,no_demographics,nested_development_oof,6,3,0.6363148034553245,0.6666666666666666
iron_deficiency,primary,temperature,no_demographics,nested_development_oof,7,3,0.7493424349389756,0.6666666666666666
iron_deficiency,primary,temperature,no_demographics,nested_development_oof,8,10,0.8570082853621279,0.8
iron_deficiency,primary,temperature,no_demographics,nested_development_oof,9,218,0.9954080199554709,0.9954128440366973
iron_deficiency,primary,sigmoid_logit,available,nested_development_oof,0,419,0.007744366785919048,0.00477326968973747
iron_deficiency,primary,sigmoid_logit,available,nested_development_oof,1,14,0.12714894288830464,0.07142857142857142
iron_deficiency,primary,sigmoid_logit,available,nested_development_oof,2,1,0.22804416865264693,0.0
iron_deficiency,primary,sigmoid_logit,available,nested_development_oof,3,3,0.33448782787437065,0.0
iron_deficiency,primary,sigmoid_logit,available,nested_development_oof,4,1,0.43714926364908846,1.0
iron_deficiency,primary,sigmoid_logit,available,nested_development_oof,5,3,0.5708283368088366,0.3333333333333333
iron_deficiency,primary,sigmoid_logit,available,nested_development_oof,6,3,0.6548134913297995,0.6666666666666666
iron_deficiency,primary,sigmoid_logit,available,nested_development_oof,7,1,0.7667211003848311,1.0
iron_deficiency,primary,sigmoid_logit,available,nested_development_oof,8,5,0.8606524518096226,1.0
iron_deficiency,primary,sigmoid_logit,available,nested_development_oof,9,222,0.993858847608193,0.990990990990991
iron_deficiency,primary,sigmoid_logit,drop30,nested_development_oof,0,393,0.013831323653839678,0.007633587786259542
iron_deficiency,primary,sigmoid_logit,drop30,nested_development_oof,1,22,0.14860613996682018,0.045454545454545456
iron_deficiency,primary,sigmoid_logit,drop30,nested_development_oof,2,16,0.2509438580391291,0.3125
iron_deficiency,primary,sigmoid_logit,drop30,nested_development_oof,3,8,0.33578624857872763,0.125
iron_deficiency,primary,sigmoid_logit,drop30,nested_development_oof,4,5,0.45696479128776896,0.4
iron_deficiency,primary,sigmoid_logit,drop30,nested_development_oof,5,3,0.5477092094919521,0.6666666666666666
iron_deficiency,primary,sigmoid_logit,drop30,nested_development_oof,6,5,0.6625687241362732,0.6
iron_deficiency,primary,sigmoid_logit,drop30,nested_development_oof,7,10,0.7449499359741356,0.9
iron_deficiency,primary,sigmoid_logit,drop30,nested_development_oof,8,7,0.8657161586087879,0.8571428571428571
iron_deficiency,primary,sigmoid_logit,drop30,nested_development_oof,9,203,0.9890062439263557,0.9901477832512315
iron_deficiency,primary,sigmoid_logit,drop60,nested_development_oof,0,325,0.022819498620216302,0.021538461538461538
iron_deficiency,primary,sigmoid_logit,drop60,nested_development_oof,1,68,0.14016225742009225,0.14705882352941177
iron_deficiency,primary,sigmoid_logit,drop60,nested_development_oof,2,37,0.24918313761470395,0.3783783783783784
iron_deficiency,primary,sigmoid_logit,drop60,nested_development_oof,3,22,0.3522391830157963,0.13636363636363635
iron_deficiency,primary,sigmoid_logit,drop60,nested_development_oof,4,14,0.4451805965703319,0.6428571428571429
iron_deficiency,primary,sigmoid_logit,drop60,nested_development_oof,5,9,0.5639103859635165,0.7777777777777778
iron_deficiency,primary,sigmoid_logit,drop60,nested_development_oof,6,9,0.6570903240238681,0.4444444444444444
iron_deficiency,primary,sigmoid_logit,drop60,nested_development_oof,7,17,0.7442651807716828,0.7058823529411765
iron_deficiency,primary,sigmoid_logit,drop60,nested_development_oof,8,29,0.8550404638922671,0.9310344827586207
iron_deficiency,primary,sigmoid_logit,drop60,nested_development_oof,9,142,0.9793960241118782,0.9859154929577465
iron_deficiency,primary,sigmoid_logit,cbc_only,nested_development_oof,0,316,0.02521820507086482,0.0759493670886076
iron_deficiency,primary,sigmoid_logit,cbc_only,nested_development_oof,1,67,0.1501740884369658,0.22388059701492538
iron_deficiency,primary,sigmoid_logit,cbc_only,nested_development_oof,2,44,0.25494326242500587,0.22727272727272727
iron_deficiency,primary,sigmoid_logit,cbc_only,nested_development_oof,3,23,0.3565128763682663,0.391304347826087
iron_deficiency,primary,sigmoid_logit,cbc_only,nested_development_oof,4,22,0.44482354735425605,0.5
iron_deficiency,primary,sigmoid_logit,cbc_only,nested_development_oof,5,14,0.5547888815877092,0.6428571428571429
iron_deficiency,primary,sigmoid_logit,cbc_only,nested_development_oof,6,22,0.6419284509079859,0.6363636363636364
iron_deficiency,primary,sigmoid_logit,cbc_only,nested_development_oof,7,22,0.7540885047906464,0.7272727272727273
iron_deficiency,primary,sigmoid_logit,cbc_only,nested_development_oof,8,26,0.8560005296178521,0.8076923076923077
iron_deficiency,primary,sigmoid_logit,cbc_only,nested_development_oof,9,116,0.9654602742771965,0.896551724137931
iron_deficiency,primary,sigmoid_logit,hb_only,nested_development_oof,0,103,0.08203173852597073,0.3786407766990291
iron_deficiency,primary,sigmoid_logit,hb_only,nested_development_oof,1,339,0.14562416589415783,0.30678466076696165
iron_deficiency,primary,sigmoid_logit,hb_only,nested_development_oof,2,206,0.23593130162585926,0.3883495145631068
iron_deficiency,primary,sigmoid_logit,hb_only,nested_development_oof,3,17,0.33725042231578745,0.47058823529411764
iron_deficiency,primary,sigmoid_logit,hb_only,nested_development_oof,4,4,0.40669923539424696,0.5
iron_deficiency,primary,sigmoid_logit,hb_only,nested_development_oof,5,3,0.5445774741259256,0.0
iron_deficiency,primary,sigmoid_logit,no_iron,nested_development_oof,0,379,0.020881185546356033,0.08970976253298153
iron_deficiency,primary,sigmoid_logit,no_iron,nested_development_oof,1,49,0.14037120736836237,0.2653061224489796
iron_deficiency,primary,sigmoid_logit,no_iron,nested_development_oof,2,31,0.25003117875503256,0.3870967741935484
iron_deficiency,primary,sigmoid_logit,no_iron,nested_development_oof,3,20,0.35799191030076366,0.65
iron_deficiency,primary,sigmoid_logit,no_iron,nested_development_oof,4,16,0.4449788311710969,0.625
iron_deficiency,primary,sigmoid_logit,no_iron,nested_development_oof,5,22,0.5357562335496171,0.6363636363636364
iron_deficiency,primary,sigmoid_logit,no_iron,nested_development_oof,6,14,0.6601234648896577,0.7142857142857143
iron_deficiency,primary,sigmoid_logit,no_iron,nested_development_oof,7,15,0.7406196626310468,0.8666666666666667
iron_deficiency,primary,sigmoid_logit,no_iron,nested_development_oof,8,34,0.8561722729350559,0.9117647058823529
iron_deficiency,primary,sigmoid_logit,no_iron,nested_development_oof,9,92,0.9609492130980662,0.9021739130434783
iron_deficiency,primary,sigmoid_logit,no_B12,nested_development_oof,0,417,0.007758761573351854,0.004796163069544364
iron_deficiency,primary,sigmoid_logit,no_B12,nested_development_oof,1,16,0.1354808054323346,0.0625
iron_deficiency,primary,sigmoid_logit,no_B12,nested_development_oof,2,1,0.2796040385090929,0.0
iron_deficiency,primary,sigmoid_logit,no_B12,nested_development_oof,3,2,0.32382600744776147,0.0
iron_deficiency,primary,sigmoid_logit,no_B12,nested_development_oof,4,2,0.4242618210846184,0.5
iron_deficiency,primary,sigmoid_logit,no_B12,nested_development_oof,5,1,0.5846544922067939,1.0
iron_deficiency,primary,sigmoid_logit,no_B12,nested_development_oof,6,5,0.6383357291238,0.4
iron_deficiency,primary,sigmoid_logit,no_B12,nested_development_oof,8,4,0.8476451863164304,1.0
iron_deficiency,primary,sigmoid_logit,no_B12,nested_development_oof,9,224,0.994041534410116,0.9910714285714286
iron_deficiency,primary,sigmoid_logit,no_folate,nested_development_oof,0,414,0.007407906522099163,0.004830917874396135
iron_deficiency,primary,sigmoid_logit,no_folate,nested_development_oof,1,19,0.12915067961230645,0.05263157894736842
iron_deficiency,primary,sigmoid_logit,no_folate,nested_development_oof,2,1,0.22804416865264693,0.0
iron_deficiency,primary,sigmoid_logit,no_folate,nested_development_oof,3,2,0.3308016335652413,0.0
iron_deficiency,primary,sigmoid_logit,no_folate,nested_development_oof,4,2,0.42112238448261585,0.5
iron_deficiency,primary,sigmoid_logit,no_folate,nested_development_oof,5,2,0.579377918849594,0.5
iron_deficiency,primary,sigmoid_logit,no_folate,nested_development_oof,6,4,0.6514726365169052,0.5
iron_deficiency,primary,sigmoid_logit,no_folate,nested_development_oof,7,1,0.7655970221782207,1.0
iron_deficiency,primary,sigmoid_logit,no_folate,nested_development_oof,8,3,0.8410480363157987,1.0
iron_deficiency,primary,sigmoid_logit,no_folate,nested_development_oof,9,224,0.993811042481964,0.9910714285714286
iron_deficiency,primary,sigmoid_logit,no_B6,nested_development_oof,0,418,0.007704353883770813,0.004784688995215311
iron_deficiency,primary,sigmoid_logit,no_B6,nested_development_oof,1,15,0.13088916858147218,0.06666666666666667
iron_deficiency,primary,sigmoid_logit,no_B6,nested_development_oof,2,1,0.22804416865264693,0.0
iron_deficiency,primary,sigmoid_logit,no_B6,nested_development_oof,3,3,0.33448782787437065,0.0
iron_deficiency,primary,sigmoid_logit,no_B6,nested_development_oof,4,1,0.43714926364908846,1.0
iron_deficiency,primary,sigmoid_logit,no_B6,nested_development_oof,5,2,0.5758547815600543,0.5
iron_deficiency,primary,sigmoid_logit,no_B6,nested_development_oof,6,3,0.6325331381857056,0.6666666666666666
iron_deficiency,primary,sigmoid_logit,no_B6,nested_development_oof,7,2,0.7401780116001474,0.5
iron_deficiency,primary,sigmoid_logit,no_B6,nested_development_oof,8,5,0.8632956202426106,1.0
iron_deficiency,primary,sigmoid_logit,no_B6,nested_development_oof,9,222,0.9939681464252009,0.990990990990991
iron_deficiency,primary,sigmoid_logit,no_copper,nested_development_oof,0,419,0.007589259785553788,0.00477326968973747
iron_deficiency,primary,sigmoid_logit,no_copper,nested_development_oof,1,14,0.12513920976521878,0.07142857142857142
iron_deficiency,primary,sigmoid_logit,no_copper,nested_development_oof,2,1,0.22804416865264693,0.0
iron_deficiency,primary,sigmoid_logit,no_copper,nested_development_oof,3,3,0.33448782787437065,0.0
iron_deficiency,primary,sigmoid_logit,no_copper,nested_development_oof,4,1,0.43714926364908846,1.0
iron_deficiency,primary,sigmoid_logit,no_copper,nested_development_oof,5,3,0.5708283368088366,0.3333333333333333
iron_deficiency,primary,sigmoid_logit,no_copper,nested_development_oof,6,3,0.6548134913297995,0.6666666666666666
iron_deficiency,primary,sigmoid_logit,no_copper,nested_development_oof,7,1,0.7667211003848311,1.0
iron_deficiency,primary,sigmoid_logit,no_copper,nested_development_oof,8,5,0.861233351448018,1.0
iron_deficiency,primary,sigmoid_logit,no_copper,nested_development_oof,9,222,0.9938062026319842,0.990990990990991
iron_deficiency,primary,sigmoid_logit,no_hemoglobin,nested_development_oof,0,420,0.0076522738402355905,0.004761904761904762
iron_deficiency,primary,sigmoid_logit,no_hemoglobin,nested_development_oof,1,12,0.13528429261065963,0.08333333333333333
iron_deficiency,primary,sigmoid_logit,no_hemoglobin,nested_development_oof,2,4,0.22224337179105758,0.0
iron_deficiency,primary,sigmoid_logit,no_hemoglobin,nested_development_oof,3,1,0.315576957771977,0.0
iron_deficiency,primary,sigmoid_logit,no_hemoglobin,nested_development_oof,4,1,0.43432045569165323,1.0
iron_deficiency,primary,sigmoid_logit,no_hemoglobin,nested_development_oof,5,2,0.5698146994008383,0.5
iron_deficiency,primary,sigmoid_logit,no_hemoglobin,nested_development_oof,6,4,0.6696681585431101,0.75
iron_deficiency,primary,sigmoid_logit,no_hemoglobin,nested_development_oof,7,2,0.7286206868768306,0.5
iron_deficiency,primary,sigmoid_logit,no_hemoglobin,nested_development_oof,8,6,0.8475268341502903,0.8333333333333334
iron_deficiency,primary,sigmoid_logit,no_hemoglobin,nested_development_oof,9,220,0.9947618135957654,0.9954545454545455
iron_deficiency,primary,sigmoid_logit,no_demographics,nested_development_oof,0,412,0.008734076415350777,0.0048543689320388345
iron_deficiency,primary,sigmoid_logit,no_demographics,nested_development_oof,1,14,0.14103888990313326,0.0
iron_deficiency,primary,sigmoid_logit,no_demographics,nested_development_oof,2,6,0.22296382236256673,0.16666666666666666
iron_deficiency,primary,sigmoid_logit,no_demographics,nested_development_oof,3,2,0.33434188904631285,0.5
iron_deficiency,primary,sigmoid_logit,no_demographics,nested_development_oof,4,3,0.44778518947010554,0.0
iron_deficiency,primary,sigmoid_logit,no_demographics,nested_development_oof,5,1,0.5976859806375645,0.0
iron_deficiency,primary,sigmoid_logit,no_demographics,nested_development_oof,6,2,0.6588963613581745,0.5
iron_deficiency,primary,sigmoid_logit,no_demographics,nested_development_oof,7,2,0.741535704542504,1.0
iron_deficiency,primary,sigmoid_logit,no_demographics,nested_development_oof,8,8,0.8530538117110976,0.625
iron_deficiency,primary,sigmoid_logit,no_demographics,nested_development_oof,9,222,0.9951142356537418,0.9954954954954955
iron_deficiency,cbc,identity,available,nested_development_oof,0,200,0.04309158212703277,0.035
iron_deficiency,cbc,identity,available,nested_development_oof,1,110,0.14585741024238358,0.08181818181818182
iron_deficiency,cbc,identity,available,nested_development_oof,2,79,0.2449838015042466,0.189873417721519
iron_deficiency,cbc,identity,available,nested_development_oof,3,45,0.3497914378763781,0.4
iron_deficiency,cbc,identity,available,nested_development_oof,4,32,0.4441984884232044,0.40625
iron_deficiency,cbc,identity,available,nested_development_oof,5,39,0.5516520835452042,0.6666666666666666
iron_deficiency,cbc,identity,available,nested_development_oof,6,30,0.6384537929087987,0.6666666666666666
iron_deficiency,cbc,identity,available,nested_development_oof,7,37,0.7566616001729087,0.8918918918918919
iron_deficiency,cbc,identity,available,nested_development_oof,8,52,0.8582323355949886,0.9038461538461539
iron_deficiency,cbc,identity,available,nested_development_oof,9,48,0.9369167197942788,0.9375
iron_deficiency,cbc,identity,drop30,nested_development_oof,0,129,0.05078481066512145,0.031007751937984496
iron_deficiency,cbc,identity,drop30,nested_development_oof,1,124,0.14653518499634963,0.10483870967741936
iron_deficiency,cbc,identity,drop30,nested_development_oof,2,116,0.24672032580038533,0.20689655172413793
iron_deficiency,cbc,identity,drop30,nested_development_oof,3,82,0.34708643839685166,0.4634146341463415
iron_deficiency,cbc,identity,drop30,nested_development_oof,4,62,0.4498924579008159,0.5645161290322581
iron_deficiency,cbc,identity,drop30,nested_development_oof,5,46,0.5534546215074171,0.5652173913043478
iron_deficiency,cbc,identity,drop30,nested_development_oof,6,34,0.6462534931853984,0.6470588235294118
iron_deficiency,cbc,identity,drop30,nested_development_oof,7,31,0.7399821163230638,0.8709677419354839
iron_deficiency,cbc,identity,drop30,nested_development_oof,8,33,0.8479806624592923,0.9090909090909091
iron_deficiency,cbc,identity,drop30,nested_development_oof,9,15,0.9298028565526605,0.9333333333333333
iron_deficiency,cbc,identity,drop60,nested_development_oof,0,60,0.060822529714165206,0.016666666666666666
iron_deficiency,cbc,identity,drop60,nested_development_oof,1,133,0.15610339641537171,0.15037593984962405
iron_deficiency,cbc,identity,drop60,nested_development_oof,2,158,0.24996791750449393,0.2721518987341772
iron_deficiency,cbc,identity,drop60,nested_development_oof,3,131,0.34212164991434757,0.40458015267175573
iron_deficiency,cbc,identity,drop60,nested_development_oof,4,98,0.44627368338761214,0.46938775510204084
iron_deficiency,cbc,identity,drop60,nested_development_oof,5,39,0.5485253414149545,0.6923076923076923
iron_deficiency,cbc,identity,drop60,nested_development_oof,6,18,0.657467918752666,0.7777777777777778
iron_deficiency,cbc,identity,drop60,nested_development_oof,7,20,0.7469683591654201,0.7
iron_deficiency,cbc,identity,drop60,nested_development_oof,8,14,0.8382988919249419,1.0
iron_deficiency,cbc,identity,drop60,nested_development_oof,9,1,0.9290317460317459,1.0
iron_deficiency,cbc,identity,cbc_only,nested_development_oof,0,200,0.04309158212703277,0.035
iron_deficiency,cbc,identity,cbc_only,nested_development_oof,1,110,0.14585741024238358,0.08181818181818182
iron_deficiency,cbc,identity,cbc_only,nested_development_oof,2,79,0.2449838015042466,0.189873417721519
iron_deficiency,cbc,identity,cbc_only,nested_development_oof,3,45,0.3497914378763781,0.4
iron_deficiency,cbc,identity,cbc_only,nested_development_oof,4,32,0.4441984884232044,0.40625
iron_deficiency,cbc,identity,cbc_only,nested_development_oof,5,39,0.5516520835452042,0.6666666666666666
iron_deficiency,cbc,identity,cbc_only,nested_development_oof,6,30,0.6384537929087987,0.6666666666666666
iron_deficiency,cbc,identity,cbc_only,nested_development_oof,7,37,0.7566616001729086,0.8918918918918919
iron_deficiency,cbc,identity,cbc_only,nested_development_oof,8,52,0.8582323355949886,0.9038461538461539
iron_deficiency,cbc,identity,cbc_only,nested_development_oof,9,48,0.9369167197942788,0.9375
iron_deficiency,cbc,identity,hb_only,nested_development_oof,1,27,0.1917845251505098,0.2962962962962963
iron_deficiency,cbc,identity,hb_only,nested_development_oof,2,360,0.2548394902591243,0.3416666666666667
iron_deficiency,cbc,identity,hb_only,nested_development_oof,3,248,0.33957095096254447,0.375
iron_deficiency,cbc,identity,hb_only,nested_development_oof,4,37,0.4235603582461616,0.24324324324324326
iron_deficiency,cbc,identity,no_iron,nested_development_oof,0,200,0.04309158212703277,0.035
iron_deficiency,cbc,identity,no_iron,nested_development_oof,1,110,0.14585741024238358,0.08181818181818182
iron_deficiency,cbc,identity,no_iron,nested_development_oof,2,79,0.2449838015042466,0.189873417721519
iron_deficiency,cbc,identity,no_iron,nested_development_oof,3,45,0.3497914378763781,0.4
iron_deficiency,cbc,identity,no_iron,nested_development_oof,4,32,0.4441984884232044,0.40625
iron_deficiency,cbc,identity,no_iron,nested_development_oof,5,39,0.5516520835452042,0.6666666666666666
iron_deficiency,cbc,identity,no_iron,nested_development_oof,6,30,0.6384537929087987,0.6666666666666666
iron_deficiency,cbc,identity,no_iron,nested_development_oof,7,37,0.7566616001729086,0.8918918918918919
iron_deficiency,cbc,identity,no_iron,nested_development_oof,8,52,0.8582323355949886,0.9038461538461539
iron_deficiency,cbc,identity,no_iron,nested_development_oof,9,48,0.9369167197942788,0.9375
iron_deficiency,cbc,identity,no_B12,nested_development_oof,0,200,0.04309158212703277,0.035
iron_deficiency,cbc,identity,no_B12,nested_development_oof,1,110,0.14585741024238358,0.08181818181818182
iron_deficiency,cbc,identity,no_B12,nested_development_oof,2,79,0.2449838015042466,0.189873417721519
iron_deficiency,cbc,identity,no_B12,nested_development_oof,3,45,0.3497914378763781,0.4
iron_deficiency,cbc,identity,no_B12,nested_development_oof,4,32,0.4441984884232044,0.40625
iron_deficiency,cbc,identity,no_B12,nested_development_oof,5,39,0.5516520835452042,0.6666666666666666
iron_deficiency,cbc,identity,no_B12,nested_development_oof,6,30,0.6384537929087987,0.6666666666666666
iron_deficiency,cbc,identity,no_B12,nested_development_oof,7,37,0.7566616001729086,0.8918918918918919
iron_deficiency,cbc,identity,no_B12,nested_development_oof,8,52,0.8582323355949886,0.9038461538461539
iron_deficiency,cbc,identity,no_B12,nested_development_oof,9,48,0.9369167197942788,0.9375
iron_deficiency,cbc,identity,no_folate,nested_development_oof,0,200,0.04309158212703277,0.035
iron_deficiency,cbc,identity,no_folate,nested_development_oof,1,110,0.14585741024238358,0.08181818181818182
iron_deficiency,cbc,identity,no_folate,nested_development_oof,2,79,0.2449838015042466,0.189873417721519
iron_deficiency,cbc,identity,no_folate,nested_development_oof,3,45,0.3497914378763781,0.4
iron_deficiency,cbc,identity,no_folate,nested_development_oof,4,32,0.4441984884232044,0.40625
iron_deficiency,cbc,identity,no_folate,nested_development_oof,5,39,0.5516520835452042,0.6666666666666666
iron_deficiency,cbc,identity,no_folate,nested_development_oof,6,30,0.6384537929087987,0.6666666666666666
iron_deficiency,cbc,identity,no_folate,nested_development_oof,7,37,0.7566616001729086,0.8918918918918919
iron_deficiency,cbc,identity,no_folate,nested_development_oof,8,52,0.8582323355949886,0.9038461538461539
iron_deficiency,cbc,identity,no_folate,nested_development_oof,9,48,0.9369167197942788,0.9375
iron_deficiency,cbc,identity,no_B6,nested_development_oof,0,200,0.04309158212703277,0.035
iron_deficiency,cbc,identity,no_B6,nested_development_oof,1,110,0.14585741024238358,0.08181818181818182
iron_deficiency,cbc,identity,no_B6,nested_development_oof,2,79,0.2449838015042466,0.189873417721519
iron_deficiency,cbc,identity,no_B6,nested_development_oof,3,45,0.3497914378763781,0.4
iron_deficiency,cbc,identity,no_B6,nested_development_oof,4,32,0.4441984884232044,0.40625
iron_deficiency,cbc,identity,no_B6,nested_development_oof,5,39,0.5516520835452042,0.6666666666666666
iron_deficiency,cbc,identity,no_B6,nested_development_oof,6,30,0.6384537929087987,0.6666666666666666
iron_deficiency,cbc,identity,no_B6,nested_development_oof,7,37,0.7566616001729087,0.8918918918918919
iron_deficiency,cbc,identity,no_B6,nested_development_oof,8,52,0.8582323355949886,0.9038461538461539
iron_deficiency,cbc,identity,no_B6,nested_development_oof,9,48,0.9369167197942788,0.9375
iron_deficiency,cbc,identity,no_copper,nested_development_oof,0,200,0.04309158212703277,0.035
iron_deficiency,cbc,identity,no_copper,nested_development_oof,1,110,0.14585741024238358,0.08181818181818182
iron_deficiency,cbc,identity,no_copper,nested_development_oof,2,79,0.2449838015042466,0.189873417721519
iron_deficiency,cbc,identity,no_copper,nested_development_oof,3,45,0.3497914378763781,0.4
iron_deficiency,cbc,identity,no_copper,nested_development_oof,4,32,0.4441984884232044,0.40625
iron_deficiency,cbc,identity,no_copper,nested_development_oof,5,39,0.5516520835452042,0.6666666666666666
iron_deficiency,cbc,identity,no_copper,nested_development_oof,6,30,0.6384537929087987,0.6666666666666666
iron_deficiency,cbc,identity,no_copper,nested_development_oof,7,37,0.7566616001729086,0.8918918918918919
iron_deficiency,cbc,identity,no_copper,nested_development_oof,8,52,0.8582323355949886,0.9038461538461539
iron_deficiency,cbc,identity,no_copper,nested_development_oof,9,48,0.9369167197942788,0.9375
iron_deficiency,cbc,identity,no_hemoglobin,nested_development_oof,0,208,0.04214382314331312,0.038461538461538464
iron_deficiency,cbc,identity,no_hemoglobin,nested_development_oof,1,117,0.14861526059546945,0.10256410256410256
iron_deficiency,cbc,identity,no_hemoglobin,nested_development_oof,2,69,0.2476093194334994,0.18840579710144928
iron_deficiency,cbc,identity,no_hemoglobin,nested_development_oof,3,54,0.3455781796724247,0.46296296296296297
iron_deficiency,cbc,identity,no_hemoglobin,nested_development_oof,4,28,0.4569928376531554,0.2857142857142857
iron_deficiency,cbc,identity,no_hemoglobin,nested_development_oof,5,39,0.5443698878872086,0.7435897435897436
iron_deficiency,cbc,identity,no_hemoglobin,nested_development_oof,6,33,0.6490248701333261,0.7575757575757576
iron_deficiency,cbc,identity,no_hemoglobin,nested_development_oof,7,31,0.7487472404339258,0.8709677419354839
iron_deficiency,cbc,identity,no_hemoglobin,nested_development_oof,8,55,0.8549260858991067,0.8909090909090909
iron_deficiency,cbc,identity,no_hemoglobin,nested_development_oof,9,38,0.9316646876103521,0.9736842105263158
iron_deficiency,cbc,identity,no_demographics,nested_development_oof,0,186,0.04027264377350895,0.026881720430107527
iron_deficiency,cbc,identity,no_demographics,nested_development_oof,1,126,0.14858804282523513,0.09523809523809523
iron_deficiency,cbc,identity,no_demographics,nested_development_oof,2,72,0.2473333019486065,0.20833333333333334
iron_deficiency,cbc,identity,no_demographics,nested_development_oof,3,39,0.34456092622024126,0.2564102564102564
iron_deficiency,cbc,identity,no_demographics,nested_development_oof,4,37,0.44002059900993296,0.4594594594594595
iron_deficiency,cbc,identity,no_demographics,nested_development_oof,5,37,0.5480387440685733,0.6486486486486487
iron_deficiency,cbc,identity,no_demographics,nested_development_oof,6,25,0.645789433899569,0.6
iron_deficiency,cbc,identity,no_demographics,nested_development_oof,7,39,0.7582336072319381,0.8205128205128205
iron_deficiency,cbc,identity,no_demographics,nested_development_oof,8,60,0.8604746926904823,0.9333333333333333
iron_deficiency,cbc,identity,no_demographics,nested_development_oof,9,51,0.9438491134210608,0.9215686274509803
iron_deficiency,cbc,temperature,available,nested_development_oof,0,251,0.034035405192879814,0.0398406374501992
iron_deficiency,cbc,temperature,available,nested_development_oof,1,95,0.13974345260967738,0.12631578947368421
iron_deficiency,cbc,temperature,available,nested_development_oof,2,61,0.24119996906213434,0.26229508196721313
iron_deficiency,cbc,temperature,available,nested_development_oof,3,36,0.3560628517673426,0.4166666666666667
iron_deficiency,cbc,temperature,available,nested_development_oof,4,23,0.4456850605220783,0.391304347826087
iron_deficiency,cbc,temperature,available,nested_development_oof,5,32,0.5525976751431477,0.65625
iron_deficiency,cbc,temperature,available,nested_development_oof,6,28,0.6383938289483153,0.6071428571428571
iron_deficiency,cbc,temperature,available,nested_development_oof,7,25,0.7561540348924417,0.8
iron_deficiency,cbc,temperature,available,nested_development_oof,8,43,0.8475889973772486,0.9534883720930233
iron_deficiency,cbc,temperature,available,nested_development_oof,9,78,0.9484384583565484,0.9230769230769231
iron_deficiency,cbc,temperature,drop30,nested_development_oof,0,190,0.04400517589566115,0.042105263157894736
iron_deficiency,cbc,temperature,drop30,nested_development_oof,1,124,0.14962893020169454,0.18548387096774194
iron_deficiency,cbc,temperature,drop30,nested_development_oof,2,86,0.24638964795681434,0.26744186046511625
iron_deficiency,cbc,temperature,drop30,nested_development_oof,3,62,0.3462690418003535,0.532258064516129
iron_deficiency,cbc,temperature,drop30,nested_development_oof,4,51,0.44875197142597684,0.5294117647058824
iron_deficiency,cbc,temperature,drop30,nested_development_oof,5,35,0.5516217801815265,0.5142857142857142
iron_deficiency,cbc,temperature,drop30,nested_development_oof,6,35,0.6436839866333782,0.6
iron_deficiency,cbc,temperature,drop30,nested_development_oof,7,29,0.7499191725481638,0.8275862068965517
iron_deficiency,cbc,temperature,drop30,nested_development_oof,8,27,0.8418581652098914,0.9259259259259259
iron_deficiency,cbc,temperature,drop30,nested_development_oof,9,33,0.9352760575858664,0.9393939393939394
iron_deficiency,cbc,temperature,drop60,nested_development_oof,0,103,0.05235030379134589,0.02912621359223301
iron_deficiency,cbc,temperature,drop60,nested_development_oof,1,165,0.14787466330093663,0.24242424242424243
iron_deficiency,cbc,temperature,drop60,nested_development_oof,2,137,0.2503264454809357,0.30656934306569344
iron_deficiency,cbc,temperature,drop60,nested_development_oof,3,99,0.34221769886922265,0.42424242424242425
iron_deficiency,cbc,temperature,drop60,nested_development_oof,4,76,0.4468116551674392,0.47368421052631576
iron_deficiency,cbc,temperature,drop60,nested_development_oof,5,31,0.5468780360015162,0.6774193548387096
iron_deficiency,cbc,temperature,drop60,nested_development_oof,6,18,0.641726194554003,0.7222222222222222
iron_deficiency,cbc,temperature,drop60,nested_development_oof,7,20,0.7515904263785735,0.85
iron_deficiency,cbc,temperature,drop60,nested_development_oof,8,18,0.8514277046592343,0.7777777777777778
iron_deficiency,cbc,temperature,drop60,nested_development_oof,9,5,0.9225840896580122,1.0
iron_deficiency,cbc,temperature,cbc_only,nested_development_oof,0,251,0.034035405192879814,0.0398406374501992
iron_deficiency,cbc,temperature,cbc_only,nested_development_oof,1,95,0.13974345260967738,0.12631578947368421
iron_deficiency,cbc,temperature,cbc_only,nested_development_oof,2,61,0.24119996906213437,0.26229508196721313
iron_deficiency,cbc,temperature,cbc_only,nested_development_oof,3,36,0.3560628517673426,0.4166666666666667
iron_deficiency,cbc,temperature,cbc_only,nested_development_oof,4,23,0.4456850605220783,0.391304347826087
iron_deficiency,cbc,temperature,cbc_only,nested_development_oof,5,32,0.5525976751431477,0.65625
iron_deficiency,cbc,temperature,cbc_only,nested_development_oof,6,28,0.6383938289483153,0.6071428571428571
iron_deficiency,cbc,temperature,cbc_only,nested_development_oof,7,25,0.7561540348924418,0.8
iron_deficiency,cbc,temperature,cbc_only,nested_development_oof,8,43,0.8475889973772486,0.9534883720930233
iron_deficiency,cbc,temperature,cbc_only,nested_development_oof,9,78,0.9484384583565484,0.9230769230769231
iron_deficiency,cbc,temperature,hb_only,nested_development_oof,1,160,0.16506297226471806,0.3375
iron_deficiency,cbc,temperature,hb_only,nested_development_oof,2,332,0.24570703410998332,0.3463855421686747
iron_deficiency,cbc,temperature,hb_only,nested_development_oof,3,160,0.33467016920814247,0.35
iron_deficiency,cbc,temperature,hb_only,nested_development_oof,4,20,0.421889563824586,0.4
iron_deficiency,cbc,temperature,no_iron,nested_development_oof,0,251,0.034035405192879814,0.0398406374501992
iron_deficiency,cbc,temperature,no_iron,nested_development_oof,1,95,0.13974345260967738,0.12631578947368421
iron_deficiency,cbc,temperature,no_iron,nested_development_oof,2,61,0.24119996906213437,0.26229508196721313
iron_deficiency,cbc,temperature,no_iron,nested_development_oof,3,36,0.3560628517673426,0.4166666666666667
iron_deficiency,cbc,temperature,no_iron,nested_development_oof,4,23,0.4456850605220783,0.391304347826087
iron_deficiency,cbc,temperature,no_iron,nested_development_oof,5,32,0.5525976751431477,0.65625
iron_deficiency,cbc,temperature,no_iron,nested_development_oof,6,28,0.6383938289483153,0.6071428571428571
iron_deficiency,cbc,temperature,no_iron,nested_development_oof,7,25,0.7561540348924418,0.8
iron_deficiency,cbc,temperature,no_iron,nested_development_oof,8,43,0.8475889973772486,0.9534883720930233
iron_deficiency,cbc,temperature,no_iron,nested_development_oof,9,78,0.9484384583565484,0.9230769230769231
iron_deficiency,cbc,temperature,no_B12,nested_development_oof,0,251,0.034035405192879814,0.0398406374501992
iron_deficiency,cbc,temperature,no_B12,nested_development_oof,1,95,0.13974345260967738,0.12631578947368421
iron_deficiency,cbc,temperature,no_B12,nested_development_oof,2,61,0.24119996906213434,0.26229508196721313
iron_deficiency,cbc,temperature,no_B12,nested_development_oof,3,36,0.3560628517673426,0.4166666666666667
iron_deficiency,cbc,temperature,no_B12,nested_development_oof,4,23,0.4456850605220783,0.391304347826087
iron_deficiency,cbc,temperature,no_B12,nested_development_oof,5,32,0.5525976751431477,0.65625
iron_deficiency,cbc,temperature,no_B12,nested_development_oof,6,28,0.6383938289483153,0.6071428571428571
iron_deficiency,cbc,temperature,no_B12,nested_development_oof,7,25,0.7561540348924418,0.8
iron_deficiency,cbc,temperature,no_B12,nested_development_oof,8,43,0.8475889973772486,0.9534883720930233
iron_deficiency,cbc,temperature,no_B12,nested_development_oof,9,78,0.9484384583565484,0.9230769230769231
iron_deficiency,cbc,temperature,no_folate,nested_development_oof,0,251,0.034035405192879814,0.0398406374501992
iron_deficiency,cbc,temperature,no_folate,nested_development_oof,1,95,0.13974345260967738,0.12631578947368421
iron_deficiency,cbc,temperature,no_folate,nested_development_oof,2,61,0.24119996906213437,0.26229508196721313
iron_deficiency,cbc,temperature,no_folate,nested_development_oof,3,36,0.3560628517673426,0.4166666666666667
iron_deficiency,cbc,temperature,no_folate,nested_development_oof,4,23,0.4456850605220783,0.391304347826087
iron_deficiency,cbc,temperature,no_folate,nested_development_oof,5,32,0.5525976751431477,0.65625
iron_deficiency,cbc,temperature,no_folate,nested_development_oof,6,28,0.6383938289483153,0.6071428571428571
iron_deficiency,cbc,temperature,no_folate,nested_development_oof,7,25,0.7561540348924418,0.8
iron_deficiency,cbc,temperature,no_folate,nested_development_oof,8,43,0.8475889973772486,0.9534883720930233
iron_deficiency,cbc,temperature,no_folate,nested_development_oof,9,78,0.9484384583565484,0.9230769230769231
iron_deficiency,cbc,temperature,no_B6,nested_development_oof,0,251,0.034035405192879814,0.0398406374501992
iron_deficiency,cbc,temperature,no_B6,nested_development_oof,1,95,0.13974345260967738,0.12631578947368421
iron_deficiency,cbc,temperature,no_B6,nested_development_oof,2,61,0.24119996906213437,0.26229508196721313
iron_deficiency,cbc,temperature,no_B6,nested_development_oof,3,36,0.3560628517673426,0.4166666666666667
iron_deficiency,cbc,temperature,no_B6,nested_development_oof,4,23,0.4456850605220783,0.391304347826087
iron_deficiency,cbc,temperature,no_B6,nested_development_oof,5,32,0.5525976751431477,0.65625
iron_deficiency,cbc,temperature,no_B6,nested_development_oof,6,28,0.6383938289483153,0.6071428571428571
iron_deficiency,cbc,temperature,no_B6,nested_development_oof,7,25,0.7561540348924418,0.8
iron_deficiency,cbc,temperature,no_B6,nested_development_oof,8,43,0.8475889973772486,0.9534883720930233
iron_deficiency,cbc,temperature,no_B6,nested_development_oof,9,78,0.9484384583565484,0.9230769230769231
iron_deficiency,cbc,temperature,no_copper,nested_development_oof,0,251,0.034035405192879814,0.0398406374501992
iron_deficiency,cbc,temperature,no_copper,nested_development_oof,1,95,0.13974345260967738,0.12631578947368421
iron_deficiency,cbc,temperature,no_copper,nested_development_oof,2,61,0.24119996906213434,0.26229508196721313
iron_deficiency,cbc,temperature,no_copper,nested_development_oof,3,36,0.3560628517673426,0.4166666666666667
iron_deficiency,cbc,temperature,no_copper,nested_development_oof,4,23,0.4456850605220783,0.391304347826087
iron_deficiency,cbc,temperature,no_copper,nested_development_oof,5,32,0.5525976751431477,0.65625
iron_deficiency,cbc,temperature,no_copper,nested_development_oof,6,28,0.6383938289483153,0.6071428571428571
iron_deficiency,cbc,temperature,no_copper,nested_development_oof,7,25,0.7561540348924418,0.8
iron_deficiency,cbc,temperature,no_copper,nested_development_oof,8,43,0.8475889973772486,0.9534883720930233
iron_deficiency,cbc,temperature,no_copper,nested_development_oof,9,78,0.9484384583565484,0.9230769230769231
iron_deficiency,cbc,temperature,no_hemoglobin,nested_development_oof,0,266,0.03474301741960925,0.04887218045112782
iron_deficiency,cbc,temperature,no_hemoglobin,nested_development_oof,1,91,0.14546881440448928,0.10989010989010989
iron_deficiency,cbc,temperature,no_hemoglobin,nested_development_oof,2,59,0.24399700157771093,0.3220338983050847
iron_deficiency,cbc,temperature,no_hemoglobin,nested_development_oof,3,37,0.34411011710273004,0.43243243243243246
iron_deficiency,cbc,temperature,no_hemoglobin,nested_development_oof,4,23,0.4594547223677278,0.34782608695652173
iron_deficiency,cbc,temperature,no_hemoglobin,nested_development_oof,5,36,0.5498255814964468,0.7222222222222222
iron_deficiency,cbc,temperature,no_hemoglobin,nested_development_oof,6,24,0.6534285339271318,0.6666666666666666
iron_deficiency,cbc,temperature,no_hemoglobin,nested_development_oof,7,30,0.7515018401782813,0.9
iron_deficiency,cbc,temperature,no_hemoglobin,nested_development_oof,8,39,0.8547306865872963,0.8974358974358975
iron_deficiency,cbc,temperature,no_hemoglobin,nested_development_oof,9,67,0.9447361164850777,0.9402985074626866
iron_deficiency,cbc,temperature,no_demographics,nested_development_oof,0,245,0.0352940556770327,0.036734693877551024
iron_deficiency,cbc,temperature,no_demographics,nested_development_oof,1,104,0.14325725797734237,0.125
iron_deficiency,cbc,temperature,no_demographics,nested_development_oof,2,53,0.24581914797522197,0.32075471698113206
iron_deficiency,cbc,temperature,no_demographics,nested_development_oof,3,33,0.35786765293138123,0.21212121212121213
iron_deficiency,cbc,temperature,no_demographics,nested_development_oof,4,25,0.4453500371116759,0.52
iron_deficiency,cbc,temperature,no_demographics,nested_development_oof,5,28,0.5427787320638886,0.6428571428571429
iron_deficiency,cbc,temperature,no_demographics,nested_development_oof,6,25,0.6373226845242667,0.6
iron_deficiency,cbc,temperature,no_demographics,nested_development_oof,7,26,0.7552971831707402,0.7692307692307693
iron_deficiency,cbc,temperature,no_demographics,nested_development_oof,8,47,0.8535026621479879,0.8936170212765957
iron_deficiency,cbc,temperature,no_demographics,nested_development_oof,9,86,0.9503794654492966,0.9186046511627907
iron_deficiency,cbc,sigmoid_logit,available,nested_development_oof,0,247,0.034234560604154404,0.03643724696356275
iron_deficiency,cbc,sigmoid_logit,available,nested_development_oof,1,97,0.14362280135786049,0.12371134020618557
iron_deficiency,cbc,sigmoid_logit,available,nested_development_oof,2,59,0.24892823638139022,0.2711864406779661
iron_deficiency,cbc,sigmoid_logit,available,nested_development_oof,3,32,0.3557423897915267,0.40625
iron_deficiency,cbc,sigmoid_logit,available,nested_development_oof,4,25,0.4408492965351201,0.4
iron_deficiency,cbc,sigmoid_logit,available,nested_development_oof,5,29,0.5516029315756374,0.5172413793103449
iron_deficiency,cbc,sigmoid_logit,available,nested_development_oof,6,37,0.64902362464487,0.6756756756756757
iron_deficiency,cbc,sigmoid_logit,available,nested_development_oof,7,19,0.7646617117521866,0.8947368421052632
iron_deficiency,cbc,sigmoid_logit,available,nested_development_oof,8,42,0.8472439305591299,0.9047619047619048
iron_deficiency,cbc,sigmoid_logit,available,nested_development_oof,9,85,0.950522452868574,0.9176470588235294
iron_deficiency,cbc,sigmoid_logit,drop30,nested_development_oof,0,184,0.043964046660742884,0.03804347826086957
iron_deficiency,cbc,sigmoid_logit,drop30,nested_development_oof,1,117,0.14886133907912863,0.1623931623931624
iron_deficiency,cbc,sigmoid_logit,drop30,nested_development_oof,2,90,0.2480872573978623,0.2777777777777778
iron_deficiency,cbc,sigmoid_logit,drop30,nested_development_oof,3,61,0.347578726537491,0.47540983606557374
iron_deficiency,cbc,sigmoid_logit,drop30,nested_development_oof,4,54,0.45288111115721136,0.5740740740740741
iron_deficiency,cbc,sigmoid_logit,drop30,nested_development_oof,5,32,0.549748980890658,0.5
iron_deficiency,cbc,sigmoid_logit,drop30,nested_development_oof,6,40,0.6487297461180092,0.6
iron_deficiency,cbc,sigmoid_logit,drop30,nested_development_oof,7,30,0.753683258269509,0.8
iron_deficiency,cbc,sigmoid_logit,drop30,nested_development_oof,8,29,0.8455586997019372,0.896551724137931
iron_deficiency,cbc,sigmoid_logit,drop30,nested_development_oof,9,35,0.9414290668392239,0.9142857142857143
iron_deficiency,cbc,sigmoid_logit,drop60,nested_development_oof,0,99,0.052565908414587185,0.030303030303030304
iron_deficiency,cbc,sigmoid_logit,drop60,nested_development_oof,1,149,0.14761933434331695,0.22818791946308725
iron_deficiency,cbc,sigmoid_logit,drop60,nested_development_oof,2,136,0.2478011920495269,0.29411764705882354
iron_deficiency,cbc,sigmoid_logit,drop60,nested_development_oof,3,99,0.33870386053453005,0.41414141414141414
iron_deficiency,cbc,sigmoid_logit,drop60,nested_development_oof,4,80,0.4435900693177322,0.4375
iron_deficiency,cbc,sigmoid_logit,drop60,nested_development_oof,5,42,0.540984868933789,0.6190476190476191
iron_deficiency,cbc,sigmoid_logit,drop60,nested_development_oof,6,19,0.6360909042627029,0.7894736842105263
iron_deficiency,cbc,sigmoid_logit,drop60,nested_development_oof,7,21,0.7491861059684647,0.8095238095238095
iron_deficiency,cbc,sigmoid_logit,drop60,nested_development_oof,8,21,0.8524318210150907,0.7619047619047619
iron_deficiency,cbc,sigmoid_logit,drop60,nested_development_oof,9,6,0.9292673426108978,1.0
iron_deficiency,cbc,sigmoid_logit,cbc_only,nested_development_oof,0,247,0.034234560604154404,0.03643724696356275
iron_deficiency,cbc,sigmoid_logit,cbc_only,nested_development_oof,1,97,0.14362280135786049,0.12371134020618557
iron_deficiency,cbc,sigmoid_logit,cbc_only,nested_development_oof,2,59,0.24892823638139022,0.2711864406779661
iron_deficiency,cbc,sigmoid_logit,cbc_only,nested_development_oof,3,32,0.3557423897915267,0.40625
iron_deficiency,cbc,sigmoid_logit,cbc_only,nested_development_oof,4,25,0.4408492965351201,0.4
iron_deficiency,cbc,sigmoid_logit,cbc_only,nested_development_oof,5,29,0.5516029315756374,0.5172413793103449
iron_deficiency,cbc,sigmoid_logit,cbc_only,nested_development_oof,6,37,0.64902362464487,0.6756756756756757
iron_deficiency,cbc,sigmoid_logit,cbc_only,nested_development_oof,7,19,0.7646617117521866,0.8947368421052632
iron_deficiency,cbc,sigmoid_logit,cbc_only,nested_development_oof,8,42,0.8472439305591299,0.9047619047619048
iron_deficiency,cbc,sigmoid_logit,cbc_only,nested_development_oof,9,85,0.950522452868574,0.9176470588235294
iron_deficiency,cbc,sigmoid_logit,hb_only,nested_development_oof,1,135,0.16896394993376046,0.3111111111111111
iron_deficiency,cbc,sigmoid_logit,hb_only,nested_development_oof,2,332,0.24935520957590815,0.3614457831325301
iron_deficiency,cbc,sigmoid_logit,hb_only,nested_development_oof,3,166,0.34180400077797435,0.3614457831325301
iron_deficiency,cbc,sigmoid_logit,hb_only,nested_development_oof,4,39,0.43305338324195514,0.28205128205128205
iron_deficiency,cbc,sigmoid_logit,no_iron,nested_development_oof,0,247,0.034234560604154404,0.03643724696356275
iron_deficiency,cbc,sigmoid_logit,no_iron,nested_development_oof,1,97,0.14362280135786046,0.12371134020618557
iron_deficiency,cbc,sigmoid_logit,no_iron,nested_development_oof,2,59,0.24892823638139022,0.2711864406779661
iron_deficiency,cbc,sigmoid_logit,no_iron,nested_development_oof,3,32,0.3557423897915267,0.40625
iron_deficiency,cbc,sigmoid_logit,no_iron,nested_development_oof,4,25,0.4408492965351201,0.4
iron_deficiency,cbc,sigmoid_logit,no_iron,nested_development_oof,5,29,0.5516029315756374,0.5172413793103449
iron_deficiency,cbc,sigmoid_logit,no_iron,nested_development_oof,6,37,0.64902362464487,0.6756756756756757
iron_deficiency,cbc,sigmoid_logit,no_iron,nested_development_oof,7,19,0.7646617117521867,0.8947368421052632
iron_deficiency,cbc,sigmoid_logit,no_iron,nested_development_oof,8,42,0.8472439305591299,0.9047619047619048
iron_deficiency,cbc,sigmoid_logit,no_iron,nested_development_oof,9,85,0.950522452868574,0.9176470588235294
iron_deficiency,cbc,sigmoid_logit,no_B12,nested_development_oof,0,247,0.034234560604154404,0.03643724696356275
iron_deficiency,cbc,sigmoid_logit,no_B12,nested_development_oof,1,97,0.14362280135786049,0.12371134020618557
iron_deficiency,cbc,sigmoid_logit,no_B12,nested_development_oof,2,59,0.24892823638139022,0.2711864406779661
iron_deficiency,cbc,sigmoid_logit,no_B12,nested_development_oof,3,32,0.3557423897915267,0.40625
iron_deficiency,cbc,sigmoid_logit,no_B12,nested_development_oof,4,25,0.4408492965351201,0.4
iron_deficiency,cbc,sigmoid_logit,no_B12,nested_development_oof,5,29,0.5516029315756374,0.5172413793103449
iron_deficiency,cbc,sigmoid_logit,no_B12,nested_development_oof,6,37,0.64902362464487,0.6756756756756757
iron_deficiency,cbc,sigmoid_logit,no_B12,nested_development_oof,7,19,0.7646617117521866,0.8947368421052632
iron_deficiency,cbc,sigmoid_logit,no_B12,nested_development_oof,8,42,0.8472439305591299,0.9047619047619048
iron_deficiency,cbc,sigmoid_logit,no_B12,nested_development_oof,9,85,0.950522452868574,0.9176470588235294
iron_deficiency,cbc,sigmoid_logit,no_folate,nested_development_oof,0,247,0.034234560604154404,0.03643724696356275
iron_deficiency,cbc,sigmoid_logit,no_folate,nested_development_oof,1,97,0.14362280135786046,0.12371134020618557
iron_deficiency,cbc,sigmoid_logit,no_folate,nested_development_oof,2,59,0.24892823638139022,0.2711864406779661
iron_deficiency,cbc,sigmoid_logit,no_folate,nested_development_oof,3,32,0.3557423897915267,0.40625
iron_deficiency,cbc,sigmoid_logit,no_folate,nested_development_oof,4,25,0.4408492965351202,0.4
iron_deficiency,cbc,sigmoid_logit,no_folate,nested_development_oof,5,29,0.5516029315756374,0.5172413793103449
iron_deficiency,cbc,sigmoid_logit,no_folate,nested_development_oof,6,37,0.64902362464487,0.6756756756756757
iron_deficiency,cbc,sigmoid_logit,no_folate,nested_development_oof,7,19,0.7646617117521867,0.8947368421052632
iron_deficiency,cbc,sigmoid_logit,no_folate,nested_development_oof,8,42,0.8472439305591299,0.9047619047619048
iron_deficiency,cbc,sigmoid_logit,no_folate,nested_development_oof,9,85,0.950522452868574,0.9176470588235294
iron_deficiency,cbc,sigmoid_logit,no_B6,nested_development_oof,0,247,0.034234560604154404,0.03643724696356275
iron_deficiency,cbc,sigmoid_logit,no_B6,nested_development_oof,1,97,0.14362280135786049,0.12371134020618557
iron_deficiency,cbc,sigmoid_logit,no_B6,nested_development_oof,2,59,0.24892823638139022,0.2711864406779661
iron_deficiency,cbc,sigmoid_logit,no_B6,nested_development_oof,3,32,0.3557423897915267,0.40625
iron_deficiency,cbc,sigmoid_logit,no_B6,nested_development_oof,4,25,0.4408492965351202,0.4
iron_deficiency,cbc,sigmoid_logit,no_B6,nested_development_oof,5,29,0.5516029315756374,0.5172413793103449
iron_deficiency,cbc,sigmoid_logit,no_B6,nested_development_oof,6,37,0.64902362464487,0.6756756756756757
iron_deficiency,cbc,sigmoid_logit,no_B6,nested_development_oof,7,19,0.7646617117521866,0.8947368421052632
iron_deficiency,cbc,sigmoid_logit,no_B6,nested_development_oof,8,42,0.8472439305591299,0.9047619047619048
iron_deficiency,cbc,sigmoid_logit,no_B6,nested_development_oof,9,85,0.950522452868574,0.9176470588235294
iron_deficiency,cbc,sigmoid_logit,no_copper,nested_development_oof,0,247,0.034234560604154404,0.03643724696356275
iron_deficiency,cbc,sigmoid_logit,no_copper,nested_development_oof,1,97,0.14362280135786046,0.12371134020618557
iron_deficiency,cbc,sigmoid_logit,no_copper,nested_development_oof,2,59,0.24892823638139022,0.2711864406779661
iron_deficiency,cbc,sigmoid_logit,no_copper,nested_development_oof,3,32,0.3557423897915267,0.40625
iron_deficiency,cbc,sigmoid_logit,no_copper,nested_development_oof,4,25,0.4408492965351201,0.4
iron_deficiency,cbc,sigmoid_logit,no_copper,nested_development_oof,5,29,0.5516029315756374,0.5172413793103449
iron_deficiency,cbc,sigmoid_logit,no_copper,nested_development_oof,6,37,0.64902362464487,0.6756756756756757
iron_deficiency,cbc,sigmoid_logit,no_copper,nested_development_oof,7,19,0.7646617117521866,0.8947368421052632
iron_deficiency,cbc,sigmoid_logit,no_copper,nested_development_oof,8,42,0.8472439305591299,0.9047619047619048
iron_deficiency,cbc,sigmoid_logit,no_copper,nested_development_oof,9,85,0.950522452868574,0.9176470588235294
iron_deficiency,cbc,sigmoid_logit,no_hemoglobin,nested_development_oof,0,263,0.03530393830253141,0.045627376425855515
iron_deficiency,cbc,sigmoid_logit,no_hemoglobin,nested_development_oof,1,91,0.14928064958690274,0.12087912087912088
iron_deficiency,cbc,sigmoid_logit,no_hemoglobin,nested_development_oof,2,56,0.24982766675567883,0.30357142857142855
iron_deficiency,cbc,sigmoid_logit,no_hemoglobin,nested_development_oof,3,38,0.34608135566298587,0.47368421052631576
iron_deficiency,cbc,sigmoid_logit,no_hemoglobin,nested_development_oof,4,22,0.4594465304048313,0.18181818181818182
iron_deficiency,cbc,sigmoid_logit,no_hemoglobin,nested_development_oof,5,38,0.5583775107875033,0.7105263157894737
iron_deficiency,cbc,sigmoid_logit,no_hemoglobin,nested_development_oof,6,22,0.6527640038195668,0.7272727272727273
iron_deficiency,cbc,sigmoid_logit,no_hemoglobin,nested_development_oof,7,29,0.7496780324496228,0.8275862068965517
iron_deficiency,cbc,sigmoid_logit,no_hemoglobin,nested_development_oof,8,40,0.8530698788883975,0.925
iron_deficiency,cbc,sigmoid_logit,no_hemoglobin,nested_development_oof,9,73,0.9475748456471905,0.9178082191780822
iron_deficiency,cbc,sigmoid_logit,no_demographics,nested_development_oof,0,237,0.03442839473789145,0.0379746835443038
iron_deficiency,cbc,sigmoid_logit,no_demographics,nested_development_oof,1,104,0.1424432662321026,0.125
iron_deficiency,cbc,sigmoid_logit,no_demographics,nested_development_oof,2,56,0.24736329870581136,0.25
iron_deficiency,cbc,sigmoid_logit,no_demographics,nested_development_oof,3,32,0.3585875048431135,0.25
iron_deficiency,cbc,sigmoid_logit,no_demographics,nested_development_oof,4,26,0.44512909388575495,0.4230769230769231
iron_deficiency,cbc,sigmoid_logit,no_demographics,nested_development_oof,5,27,0.546607996842761,0.6296296296296297
iron_deficiency,cbc,sigmoid_logit,no_demographics,nested_development_oof,6,30,0.6495894707297647,0.6666666666666666
iron_deficiency,cbc,sigmoid_logit,no_demographics,nested_development_oof,7,21,0.7616315074024297,0.6666666666666666
iron_deficiency,cbc,sigmoid_logit,no_demographics,nested_development_oof,8,45,0.852566466241125,0.8888888888888888
iron_deficiency,cbc,sigmoid_logit,no_demographics,nested_development_oof,9,94,0.9522220603862496,0.925531914893617
B12_deficiency,primary,identity,available,nested_development_oof,0,474,0.01632927020453868,0.004219409282700422
B12_deficiency,primary,identity,available,nested_development_oof,1,15,0.14139358036840394,0.0
B12_deficiency,primary,identity,available,nested_development_oof,2,13,0.23968894662354917,0.07692307692307693
B12_deficiency,primary,identity,available,nested_development_oof,3,9,0.34780533764631805,0.1111111111111111
B12_deficiency,primary,identity,available,nested_development_oof,4,6,0.4471922750554523,0.3333333333333333
B12_deficiency,primary,identity,available,nested_development_oof,5,7,0.5582697416592703,0.7142857142857143
B12_deficiency,primary,identity,available,nested_development_oof,6,11,0.6586636970288855,0.8181818181818182
B12_deficiency,primary,identity,available,nested_development_oof,7,6,0.7512640145832541,1.0
B12_deficiency,primary,identity,available,nested_development_oof,8,15,0.8507246035052488,1.0
B12_deficiency,primary,identity,available,nested_development_oof,9,116,0.9795374371934856,0.9827586206896551
B12_deficiency,primary,identity,drop30,nested_development_oof,0,442,0.026685048748619666,0.01809954751131222
B12_deficiency,primary,identity,drop30,nested_development_oof,1,51,0.1430377452787675,0.13725490196078433
B12_deficiency,primary,identity,drop30,nested_development_oof,2,22,0.23356377261031575,0.22727272727272727
B12_deficiency,primary,identity,drop30,nested_development_oof,3,11,0.35391433158497315,0.18181818181818182
B12_deficiency,primary,identity,drop30,nested_development_oof,4,15,0.4616545931937644,0.6
B12_deficiency,primary,identity,drop30,nested_development_oof,5,12,0.5395922101904392,0.6666666666666666
B12_deficiency,primary,identity,drop30,nested_development_oof,6,3,0.6662984583351607,0.6666666666666666
B12_deficiency,primary,identity,drop30,nested_development_oof,7,10,0.7564711882172193,0.9
B12_deficiency,primary,identity,drop30,nested_development_oof,8,23,0.8590029608984693,1.0
B12_deficiency,primary,identity,drop30,nested_development_oof,9,83,0.9761986646795968,0.9879518072289156
B12_deficiency,primary,identity,drop60,nested_development_oof,0,389,0.041629397891944815,0.02570694087403599
B12_deficiency,primary,identity,drop60,nested_development_oof,1,106,0.13813975718640198,0.12264150943396226
B12_deficiency,primary,identity,drop60,nested_development_oof,2,30,0.24663763725660762,0.36666666666666664
B12_deficiency,primary,identity,drop60,nested_development_oof,3,29,0.33588745324534586,0.5517241379310345
B12_deficiency,primary,identity,drop60,nested_development_oof,4,8,0.4671411999382981,0.625
B12_deficiency,primary,identity,drop60,nested_development_oof,5,13,0.5698336801720377,0.6153846153846154
B12_deficiency,primary,identity,drop60,nested_development_oof,6,14,0.644881076455062,0.8571428571428571
B12_deficiency,primary,identity,drop60,nested_development_oof,7,19,0.7552554963303887,0.9473684210526315
B12_deficiency,primary,identity,drop60,nested_development_oof,8,21,0.8507958226132535,0.9523809523809523
B12_deficiency,primary,identity,drop60,nested_development_oof,9,43,0.9650261687284715,0.9767441860465116
B12_deficiency,primary,identity,cbc_only,nested_development_oof,0,337,0.04291813418300337,0.03857566765578635
B12_deficiency,primary,identity,cbc_only,nested_development_oof,1,106,0.14079835845960623,0.2358490566037736
B12_deficiency,primary,identity,cbc_only,nested_development_oof,2,58,0.24481642746317497,0.3620689655172414
B12_deficiency,primary,identity,cbc_only,nested_development_oof,3,38,0.3438434724656783,0.42105263157894735
B12_deficiency,primary,identity,cbc_only,nested_development_oof,4,27,0.4412957446347439,0.4074074074074074
B12_deficiency,primary,identity,cbc_only,nested_development_oof,5,32,0.5503751115716979,0.5625
B12_deficiency,primary,identity,cbc_only,nested_development_oof,6,25,0.6587008332227857,0.68
B12_deficiency,primary,identity,cbc_only,nested_development_oof,7,22,0.7416660897182875,0.5
B12_deficiency,primary,identity,cbc_only,nested_development_oof,8,12,0.8472354428986084,0.8333333333333334
B12_deficiency,primary,identity,cbc_only,nested_development_oof,9,15,0.9536862875444524,0.8666666666666667
B12_deficiency,primary,identity,hb_only,nested_development_oof,0,93,0.07671268963550315,0.0967741935483871
B12_deficiency,primary,identity,hb_only,nested_development_oof,1,557,0.15002664266271706,0.2513464991023339
B12_deficiency,primary,identity,hb_only,nested_development_oof,2,20,0.2122418050144487,0.25
B12_deficiency,primary,identity,hb_only,nested_development_oof,4,2,0.4804936510838519,0.5
B12_deficiency,primary,identity,no_iron,nested_development_oof,0,457,0.020024823908219348,0.00437636761487965
B12_deficiency,primary,identity,no_iron,nested_development_oof,1,23,0.13516542814940616,0.0
B12_deficiency,primary,identity,no_iron,nested_development_oof,2,16,0.2483980003180367,0.0625
B12_deficiency,primary,identity,no_iron,nested_development_oof,3,9,0.3530515559863327,0.0
B12_deficiency,primary,identity,no_iron,nested_development_oof,4,6,0.4527371022802733,0.0
B12_deficiency,primary,identity,no_iron,nested_development_oof,5,8,0.5589010284980361,0.75
B12_deficiency,primary,identity,no_iron,nested_development_oof,6,6,0.6348111326356657,0.5
B12_deficiency,primary,identity,no_iron,nested_development_oof,7,9,0.7607972666850088,0.7777777777777778
B12_deficiency,primary,identity,no_iron,nested_development_oof,8,14,0.853717014306606,1.0
B12_deficiency,primary,identity,no_iron,nested_development_oof,9,124,0.9830448671400647,0.9838709677419355
B12_deficiency,primary,identity,no_B12,nested_development_oof,0,444,0.027543132789996976,0.05405405405405406
B12_deficiency,primary,identity,no_B12,nested_development_oof,1,72,0.13536762312519646,0.2916666666666667
B12_deficiency,primary,identity,no_B12,nested_development_oof,2,36,0.25287195318583305,0.4166666666666667
B12_deficiency,primary,identity,no_B12,nested_development_oof,3,18,0.3501460478472849,0.3888888888888889
B12_deficiency,primary,identity,no_B12,nested_development_oof,4,16,0.4429117706008877,0.625
B12_deficiency,primary,identity,no_B12,nested_development_oof,5,8,0.5490110914452094,0.75
B12_deficiency,primary,identity,no_B12,nested_development_oof,6,13,0.6646945551252554,0.9230769230769231
B12_deficiency,primary,identity,no_B12,nested_development_oof,7,14,0.7603798046858425,0.7857142857142857
B12_deficiency,primary,identity,no_B12,nested_development_oof,8,11,0.850772097967888,0.9090909090909091
B12_deficiency,primary,identity,no_B12,nested_development_oof,9,40,0.9650501081087928,0.975
B12_deficiency,primary,identity,no_folate,nested_development_oof,0,472,0.015842567126123013,0.00423728813559322
B12_deficiency,primary,identity,no_folate,nested_development_oof,1,24,0.13015519543214185,0.125
B12_deficiency,primary,identity,no_folate,nested_development_oof,2,11,0.26445394115535964,0.09090909090909091
B12_deficiency,primary,identity,no_folate,nested_development_oof,3,7,0.34525165855355283,0.2857142857142857
B12_deficiency,primary,identity,no_folate,nested_development_oof,4,9,0.45025603371556866,0.4444444444444444
B12_deficiency,primary,identity,no_folate,nested_development_oof,5,9,0.5627072224729913,0.8888888888888888
B12_deficiency,primary,identity,no_folate,nested_development_oof,6,11,0.6595241881707087,0.7272727272727273
B12_deficiency,primary,identity,no_folate,nested_development_oof,7,9,0.7552864030898109,0.8888888888888888
B12_deficiency,primary,identity,no_folate,nested_development_oof,8,10,0.8645981550458386,1.0
B12_deficiency,primary,identity,no_folate,nested_development_oof,9,110,0.976505473901434,0.990909090909091
B12_deficiency,primary,identity,no_B6,nested_development_oof,0,473,0.01635302265223013,0.004228329809725159
B12_deficiency,primary,identity,no_B6,nested_development_oof,1,15,0.1367201984135029,0.0
B12_deficiency,primary,identity,no_B6,nested_development_oof,2,13,0.237862168358495,0.07692307692307693
B12_deficiency,primary,identity,no_B6,nested_development_oof,3,10,0.34572319424382875,0.1
B12_deficiency,primary,identity,no_B6,nested_development_oof,4,6,0.4566535858257164,0.3333333333333333
B12_deficiency,primary,identity,no_B6,nested_development_oof,5,7,0.5582697416592703,0.7142857142857143
B12_deficiency,primary,identity,no_B6,nested_development_oof,6,10,0.6558062262897693,0.8
B12_deficiency,primary,identity,no_B6,nested_development_oof,7,6,0.7447701575374247,1.0
B12_deficiency,primary,identity,no_B6,nested_development_oof,8,16,0.8481970292931281,1.0
B12_deficiency,primary,identity,no_B6,nested_development_oof,9,116,0.9796650311769267,0.9827586206896551
B12_deficiency,primary,identity,no_copper,nested_development_oof,0,473,0.01655796849573945,0.004228329809725159
B12_deficiency,primary,identity,no_copper,nested_development_oof,1,16,0.13901426796548036,0.0
B12_deficiency,primary,identity,no_copper,nested_development_oof,2,13,0.24877468232219832,0.07692307692307693
B12_deficiency,primary,identity,no_copper,nested_development_oof,3,9,0.34780533764631805,0.1111111111111111
B12_deficiency,primary,identity,no_copper,nested_development_oof,4,5,0.4556193426441822,0.4
B12_deficiency,primary,identity,no_copper,nested_development_oof,5,8,0.5574803126265587,0.625
B12_deficiency,primary,identity,no_copper,nested_development_oof,6,11,0.6586636970288855,0.8181818181818182
B12_deficiency,primary,identity,no_copper,nested_development_oof,7,6,0.7567829324896395,1.0
B12_deficiency,primary,identity,no_copper,nested_development_oof,8,15,0.8516995693413923,1.0
B12_deficiency,primary,identity,no_copper,nested_development_oof,9,116,0.9799593968374546,0.9827586206896551
B12_deficiency,primary,identity,no_hemoglobin,nested_development_oof,0,475,0.015819213029752827,0.004210526315789474
B12_deficiency,primary,identity,no_hemoglobin,nested_development_oof,1,18,0.1509236049563594,0.0
B12_deficiency,primary,identity,no_hemoglobin,nested_development_oof,2,12,0.23103514204231593,0.0
B12_deficiency,primary,identity,no_hemoglobin,nested_development_oof,3,10,0.3297963882082852,0.3
B12_deficiency,primary,identity,no_hemoglobin,nested_development_oof,4,4,0.43564932659270245,0.5
B12_deficiency,primary,identity,no_hemoglobin,nested_development_oof,5,7,0.5454725610822723,0.8571428571428571
B12_deficiency,primary,identity,no_hemoglobin,nested_development_oof,6,9,0.6624383470933533,0.7777777777777778
B12_deficiency,primary,identity,no_hemoglobin,nested_development_oof,7,9,0.7703014585625103,1.0
B12_deficiency,primary,identity,no_hemoglobin,nested_development_oof,8,14,0.8574665489030556,1.0
B12_deficiency,primary,identity,no_hemoglobin,nested_development_oof,9,114,0.9778937579479884,0.9824561403508771
B12_deficiency,primary,identity,no_demographics,nested_development_oof,0,483,0.013797882840836615,0.004140786749482402
B12_deficiency,primary,identity,no_demographics,nested_development_oof,1,15,0.15155542882501843,0.13333333333333333
B12_deficiency,primary,identity,no_demographics,nested_development_oof,2,16,0.25130457298777215,0.125
B12_deficiency,primary,identity,no_demographics,nested_development_oof,3,3,0.3563040668406156,0.6666666666666666
B12_deficiency,primary,identity,no_demographics,nested_development_oof,4,5,0.43795776342682535,0.4
B12_deficiency,primary,identity,no_demographics,nested_development_oof,5,9,0.5468344099772876,0.6666666666666666
B12_deficiency,primary,identity,no_demographics,nested_development_oof,6,8,0.67025566631688,1.0
B12_deficiency,primary,identity,no_demographics,nested_development_oof,7,10,0.757725834692932,1.0
B12_deficiency,primary,identity,no_demographics,nested_development_oof,8,15,0.8618141982701961,0.8666666666666667
B12_deficiency,primary,identity,no_demographics,nested_development_oof,9,108,0.9781511925489971,1.0
B12_deficiency,primary,temperature,available,nested_development_oof,0,480,0.011747806467783794,0.004166666666666667
B12_deficiency,primary,temperature,available,nested_development_oof,1,11,0.1423739251118502,0.0
B12_deficiency,primary,temperature,available,nested_development_oof,2,12,0.22904521131462344,0.08333333333333333
B12_deficiency,primary,temperature,available,nested_development_oof,3,8,0.33441895547764344,0.125
B12_deficiency,primary,temperature,available,nested_development_oof,4,6,0.4414223076608132,0.3333333333333333
B12_deficiency,primary,temperature,available,nested_development_oof,5,5,0.5471433595557663,0.8
B12_deficiency,primary,temperature,available,nested_development_oof,6,8,0.6418216097207439,0.625
B12_deficiency,primary,temperature,available,nested_development_oof,7,10,0.740158322057827,1.0
B12_deficiency,primary,temperature,available,nested_development_oof,8,12,0.8612953555446891,1.0
B12_deficiency,primary,temperature,available,nested_development_oof,9,120,0.9838525863823965,0.9833333333333333
B12_deficiency,primary,temperature,drop30,nested_development_oof,0,455,0.020015625589610432,0.02197802197802198
B12_deficiency,primary,temperature,drop30,nested_development_oof,1,48,0.13981128722055272,0.125
B12_deficiency,primary,temperature,drop30,nested_development_oof,2,15,0.23947928528431764,0.26666666666666666
B12_deficiency,primary,temperature,drop30,nested_development_oof,3,10,0.36459306997311913,0.3
B12_deficiency,primary,temperature,drop30,nested_development_oof,4,13,0.46290292970164937,0.6153846153846154
B12_deficiency,primary,temperature,drop30,nested_development_oof,5,12,0.5448285360092474,0.6666666666666666
B12_deficiency,primary,temperature,drop30,nested_development_oof,6,1,0.6264536982100196,0.0
B12_deficiency,primary,temperature,drop30,nested_development_oof,7,8,0.7483057938995501,0.875
B12_deficiency,primary,temperature,drop30,nested_development_oof,8,18,0.8580241484676839,1.0
B12_deficiency,primary,temperature,drop30,nested_development_oof,9,92,0.9766016064480446,0.9891304347826086
B12_deficiency,primary,temperature,drop60,nested_development_oof,0,437,0.03571588114634336,0.029748283752860413
B12_deficiency,primary,temperature,drop60,nested_development_oof,1,69,0.14166712249426902,0.18840579710144928
B12_deficiency,primary,temperature,drop60,nested_development_oof,2,27,0.25446543918487047,0.4444444444444444
B12_deficiency,primary,temperature,drop60,nested_development_oof,3,21,0.3302582852013736,0.5714285714285714
B12_deficiency,primary,temperature,drop60,nested_development_oof,4,8,0.4622627702437536,0.625
B12_deficiency,primary,temperature,drop60,nested_development_oof,5,9,0.5671893963419606,0.5555555555555556
B12_deficiency,primary,temperature,drop60,nested_development_oof,6,15,0.6408511290864305,0.8
B12_deficiency,primary,temperature,drop60,nested_development_oof,7,14,0.7477701767317216,0.9285714285714286
B12_deficiency,primary,temperature,drop60,nested_development_oof,8,24,0.8471316668383748,0.9583333333333334
B12_deficiency,primary,temperature,drop60,nested_development_oof,9,48,0.968639405422925,0.9791666666666666
B12_deficiency,primary,temperature,cbc_only,nested_development_oof,0,376,0.03602810465529941,0.05585106382978723
B12_deficiency,primary,temperature,cbc_only,nested_development_oof,1,87,0.14538789923375237,0.21839080459770116
B12_deficiency,primary,temperature,cbc_only,nested_development_oof,2,46,0.24688360932463746,0.5217391304347826
B12_deficiency,primary,temperature,cbc_only,nested_development_oof,3,33,0.3397063688660886,0.36363636363636365
B12_deficiency,primary,temperature,cbc_only,nested_development_oof,4,24,0.43980503143835414,0.4166666666666667
B12_deficiency,primary,temperature,cbc_only,nested_development_oof,5,27,0.5481468617385225,0.5925925925925926
B12_deficiency,primary,temperature,cbc_only,nested_development_oof,6,26,0.6560241691207451,0.6153846153846154
B12_deficiency,primary,temperature,cbc_only,nested_development_oof,7,22,0.7476763196069711,0.5909090909090909
B12_deficiency,primary,temperature,cbc_only,nested_development_oof,8,14,0.84748330864322,0.6428571428571429
B12_deficiency,primary,temperature,cbc_only,nested_development_oof,9,17,0.9626413851336799,0.8823529411764706
B12_deficiency,primary,temperature,hb_only,nested_development_oof,0,208,0.0746598990424219,0.13942307692307693
B12_deficiency,primary,temperature,hb_only,nested_development_oof,1,459,0.13468877564720336,0.2701525054466231
B12_deficiency,primary,temperature,hb_only,nested_development_oof,2,3,0.2064268124233307,0.3333333333333333
B12_deficiency,primary,temperature,hb_only,nested_development_oof,4,2,0.4764363346358264,0.5
B12_deficiency,primary,temperature,no_iron,nested_development_oof,0,469,0.01536581652065702,0.0042643923240938165
B12_deficiency,primary,temperature,no_iron,nested_development_oof,1,13,0.14115204717644944,0.0
B12_deficiency,primary,temperature,no_iron,nested_development_oof,2,16,0.23930831127047236,0.0625
B12_deficiency,primary,temperature,no_iron,nested_development_oof,3,9,0.3575840418712761,0.0
B12_deficiency,primary,temperature,no_iron,nested_development_oof,4,4,0.47300866284246723,0.0
B12_deficiency,primary,temperature,no_iron,nested_development_oof,5,7,0.5587300454468114,0.7142857142857143
B12_deficiency,primary,temperature,no_iron,nested_development_oof,6,7,0.6437087511064109,0.5714285714285714
B12_deficiency,primary,temperature,no_iron,nested_development_oof,7,5,0.7703921066843511,0.6
B12_deficiency,primary,temperature,no_iron,nested_development_oof,8,13,0.8470458512370646,1.0
B12_deficiency,primary,temperature,no_iron,nested_development_oof,9,129,0.9861148514327709,0.9844961240310077
B12_deficiency,primary,temperature,no_B12,nested_development_oof,0,474,0.02313627814562818,0.06540084388185655
B12_deficiency,primary,temperature,no_B12,nested_development_oof,1,47,0.1351681553330023,0.3617021276595745
B12_deficiency,primary,temperature,no_B12,nested_development_oof,2,35,0.24070307833756965,0.37142857142857144
B12_deficiency,primary,temperature,no_B12,nested_development_oof,3,15,0.3501959708447357,0.4666666666666667
B12_deficiency,primary,temperature,no_B12,nested_development_oof,4,15,0.43826743012033037,0.6
B12_deficiency,primary,temperature,no_B12,nested_development_oof,5,6,0.5391124911689097,0.6666666666666666
B12_deficiency,primary,temperature,no_B12,nested_development_oof,6,9,0.648289386037046,0.8888888888888888
B12_deficiency,primary,temperature,no_B12,nested_development_oof,7,14,0.7419549209877818,0.7857142857142857
B12_deficiency,primary,temperature,no_B12,nested_development_oof,8,15,0.8503533278754762,0.9333333333333333
B12_deficiency,primary,temperature,no_B12,nested_development_oof,9,42,0.9722955695141092,0.9761904761904762
B12_deficiency,primary,temperature,no_folate,nested_development_oof,0,484,0.01228575461768616,0.006198347107438017
B12_deficiency,primary,temperature,no_folate,nested_development_oof,1,13,0.13169060807909447,0.15384615384615385
B12_deficiency,primary,temperature,no_folate,nested_development_oof,2,12,0.25485744776637315,0.08333333333333333
B12_deficiency,primary,temperature,no_folate,nested_development_oof,3,5,0.3367280038653549,0.4
B12_deficiency,primary,temperature,no_folate,nested_development_oof,4,9,0.44496827965812913,0.4444444444444444
B12_deficiency,primary,temperature,no_folate,nested_development_oof,5,7,0.5585021657247804,0.8571428571428571
B12_deficiency,primary,temperature,no_folate,nested_development_oof,6,8,0.6386471469501329,0.75
B12_deficiency,primary,temperature,no_folate,nested_development_oof,7,11,0.7439593655090689,0.8181818181818182
B12_deficiency,primary,temperature,no_folate,nested_development_oof,8,8,0.8477519695932559,1.0
B12_deficiency,primary,temperature,no_folate,nested_development_oof,9,115,0.980962744822081,0.991304347826087
B12_deficiency,primary,temperature,no_B6,nested_development_oof,0,480,0.011929283758271096,0.004166666666666667
B12_deficiency,primary,temperature,no_B6,nested_development_oof,1,11,0.14388763236071506,0.0
B12_deficiency,primary,temperature,no_B6,nested_development_oof,2,12,0.23578958703381403,0.08333333333333333
B12_deficiency,primary,temperature,no_B6,nested_development_oof,3,8,0.33797195009221437,0.125
B12_deficiency,primary,temperature,no_B6,nested_development_oof,4,6,0.45182219224323417,0.3333333333333333
B12_deficiency,primary,temperature,no_B6,nested_development_oof,5,5,0.5471433595557663,0.8
B12_deficiency,primary,temperature,no_B6,nested_development_oof,6,8,0.6418216097207439,0.625
B12_deficiency,primary,temperature,no_B6,nested_development_oof,7,9,0.7391184355758562,1.0
B12_deficiency,primary,temperature,no_B6,nested_development_oof,8,13,0.8596809676390573,1.0
B12_deficiency,primary,temperature,no_B6,nested_development_oof,9,120,0.9839226604090405,0.9833333333333333
B12_deficiency,primary,temperature,no_copper,nested_development_oof,0,480,0.01202681890916989,0.004166666666666667
B12_deficiency,primary,temperature,no_copper,nested_development_oof,1,10,0.13805459867443354,0.0
B12_deficiency,primary,temperature,no_copper,nested_development_oof,2,13,0.23515064569151384,0.07692307692307693
B12_deficiency,primary,temperature,no_copper,nested_development_oof,3,8,0.33441895547764344,0.125
B12_deficiency,primary,temperature,no_copper,nested_development_oof,4,5,0.45057432866296876,0.4
B12_deficiency,primary,temperature,no_copper,nested_development_oof,5,6,0.5488115571441718,0.6666666666666666
B12_deficiency,primary,temperature,no_copper,nested_development_oof,6,8,0.6418216097207439,0.625
B12_deficiency,primary,temperature,no_copper,nested_development_oof,7,9,0.7373206756374532,1.0
B12_deficiency,primary,temperature,no_copper,nested_development_oof,8,12,0.8540046722672575,1.0
B12_deficiency,primary,temperature,no_copper,nested_development_oof,9,121,0.9834381172356872,0.9834710743801653
B12_deficiency,primary,temperature,no_hemoglobin,nested_development_oof,0,480,0.011128571580625326,0.004166666666666667
B12_deficiency,primary,temperature,no_hemoglobin,nested_development_oof,1,18,0.15267092531579396,0.0
B12_deficiency,primary,temperature,no_hemoglobin,nested_development_oof,2,12,0.25246759904140476,0.25
B12_deficiency,primary,temperature,no_hemoglobin,nested_development_oof,3,5,0.33159449012802283,0.0
B12_deficiency,primary,temperature,no_hemoglobin,nested_development_oof,4,4,0.428753105684599,0.5
B12_deficiency,primary,temperature,no_hemoglobin,nested_development_oof,5,5,0.5293620403776802,1.0
B12_deficiency,primary,temperature,no_hemoglobin,nested_development_oof,6,8,0.6533557963571175,0.625
B12_deficiency,primary,temperature,no_hemoglobin,nested_development_oof,7,7,0.747807178005278,1.0
B12_deficiency,primary,temperature,no_hemoglobin,nested_development_oof,8,14,0.848413198237918,1.0
B12_deficiency,primary,temperature,no_hemoglobin,nested_development_oof,9,119,0.9821093497448233,0.9831932773109243
B12_deficiency,primary,temperature,no_demographics,nested_development_oof,0,485,0.009358400458991363,0.004123711340206186
B12_deficiency,primary,temperature,no_demographics,nested_development_oof,1,16,0.14131765657632991,0.1875
B12_deficiency,primary,temperature,no_demographics,nested_development_oof,2,13,0.23749998653925383,0.07692307692307693
B12_deficiency,primary,temperature,no_demographics,nested_development_oof,3,3,0.3428568297089168,0.6666666666666666
B12_deficiency,primary,temperature,no_demographics,nested_development_oof,4,5,0.43131259677342326,0.4
B12_deficiency,primary,temperature,no_demographics,nested_development_oof,5,7,0.5368914047814053,0.5714285714285714
B12_deficiency,primary,temperature,no_demographics,nested_development_oof,6,6,0.6550289844348267,1.0
B12_deficiency,primary,temperature,no_demographics,nested_development_oof,7,8,0.725149617469514,1.0
B12_deficiency,primary,temperature,no_demographics,nested_development_oof,8,14,0.8426921849557745,0.9285714285714286
B12_deficiency,primary,temperature,no_demographics,nested_development_oof,9,115,0.9807129929777865,0.991304347826087
B12_deficiency,primary,sigmoid_logit,available,nested_development_oof,0,478,0.01189058100332888,0.0041841004184100415
B12_deficiency,primary,sigmoid_logit,available,nested_development_oof,1,10,0.14973211412593662,0.0
B12_deficiency,primary,sigmoid_logit,available,nested_development_oof,2,12,0.26315677319451874,0.08333333333333333
B12_deficiency,primary,sigmoid_logit,available,nested_development_oof,3,3,0.32951106427768867,0.0
B12_deficiency,primary,sigmoid_logit,available,nested_development_oof,4,8,0.4234066248966386,0.125
B12_deficiency,primary,sigmoid_logit,available,nested_development_oof,5,7,0.550874856623383,0.2857142857142857
B12_deficiency,primary,sigmoid_logit,available,nested_development_oof,6,3,0.6489867392313723,1.0
B12_deficiency,primary,sigmoid_logit,available,nested_development_oof,7,8,0.7390478778528974,0.75
B12_deficiency,primary,sigmoid_logit,available,nested_development_oof,8,14,0.8467466627930929,0.9285714285714286
B12_deficiency,primary,sigmoid_logit,available,nested_development_oof,9,129,0.987935690005011,0.9844961240310077
B12_deficiency,primary,sigmoid_logit,drop30,nested_development_oof,0,445,0.019543827135268952,0.020224719101123594
B12_deficiency,primary,sigmoid_logit,drop30,nested_development_oof,1,41,0.13661806136034027,0.07317073170731707
B12_deficiency,primary,sigmoid_logit,drop30,nested_development_oof,2,24,0.2351076656671276,0.25
B12_deficiency,primary,sigmoid_logit,drop30,nested_development_oof,3,9,0.33501491585018867,0.2222222222222222
B12_deficiency,primary,sigmoid_logit,drop30,nested_development_oof,4,7,0.45259832808953177,0.2857142857142857
B12_deficiency,primary,sigmoid_logit,drop30,nested_development_oof,5,11,0.5466551472162832,0.5454545454545454
B12_deficiency,primary,sigmoid_logit,drop30,nested_development_oof,6,14,0.641204790190791,0.6428571428571429
B12_deficiency,primary,sigmoid_logit,drop30,nested_development_oof,7,3,0.7268283904981994,0.6666666666666666
B12_deficiency,primary,sigmoid_logit,drop30,nested_development_oof,8,12,0.8526316665057808,0.9166666666666666
B12_deficiency,primary,sigmoid_logit,drop30,nested_development_oof,9,106,0.9810041515258422,0.9905660377358491
B12_deficiency,primary,sigmoid_logit,drop60,nested_development_oof,0,403,0.03414114513780617,0.02729528535980149
B12_deficiency,primary,sigmoid_logit,drop60,nested_development_oof,1,83,0.13751880693488608,0.13253012048192772
B12_deficiency,primary,sigmoid_logit,drop60,nested_development_oof,2,29,0.23707092217594,0.3448275862068966
B12_deficiency,primary,sigmoid_logit,drop60,nested_development_oof,3,24,0.354478128534453,0.4166666666666667
B12_deficiency,primary,sigmoid_logit,drop60,nested_development_oof,4,15,0.42874092991392965,0.5333333333333333
B12_deficiency,primary,sigmoid_logit,drop60,nested_development_oof,5,6,0.554718959567751,0.6666666666666666
B12_deficiency,primary,sigmoid_logit,drop60,nested_development_oof,6,9,0.6500555241792022,0.5555555555555556
B12_deficiency,primary,sigmoid_logit,drop60,nested_development_oof,7,17,0.7445732515403217,0.7647058823529411
B12_deficiency,primary,sigmoid_logit,drop60,nested_development_oof,8,23,0.8595268350659346,0.9130434782608695
B12_deficiency,primary,sigmoid_logit,drop60,nested_development_oof,9,63,0.9704384745465462,0.9841269841269841
B12_deficiency,primary,sigmoid_logit,cbc_only,nested_development_oof,0,351,0.0353058389819921,0.045584045584045586
B12_deficiency,primary,sigmoid_logit,cbc_only,nested_development_oof,1,84,0.14296711395978884,0.23809523809523808
B12_deficiency,primary,sigmoid_logit,cbc_only,nested_development_oof,2,48,0.24588575699112217,0.3333333333333333
B12_deficiency,primary,sigmoid_logit,cbc_only,nested_development_oof,3,34,0.3501939262411813,0.47058823529411764
B12_deficiency,primary,sigmoid_logit,cbc_only,nested_development_oof,4,26,0.44487728434441937,0.3076923076923077
B12_deficiency,primary,sigmoid_logit,cbc_only,nested_development_oof,5,23,0.5454289984068708,0.43478260869565216
B12_deficiency,primary,sigmoid_logit,cbc_only,nested_development_oof,6,23,0.6531514745930689,0.5652173913043478
B12_deficiency,primary,sigmoid_logit,cbc_only,nested_development_oof,7,31,0.754089018641922,0.6451612903225806
B12_deficiency,primary,sigmoid_logit,cbc_only,nested_development_oof,8,25,0.8494301393626984,0.52
B12_deficiency,primary,sigmoid_logit,cbc_only,nested_development_oof,9,27,0.9591965546427377,0.8518518518518519
B12_deficiency,primary,sigmoid_logit,hb_only,nested_development_oof,0,125,0.0743065481294076,0.088
B12_deficiency,primary,sigmoid_logit,hb_only,nested_development_oof,1,492,0.1505915588247143,0.2682926829268293
B12_deficiency,primary,sigmoid_logit,hb_only,nested_development_oof,2,53,0.2152966746598785,0.20754716981132076
B12_deficiency,primary,sigmoid_logit,hb_only,nested_development_oof,5,1,0.5672812083004679,0.0
B12_deficiency,primary,sigmoid_logit,hb_only,nested_development_oof,6,1,0.6127528282670993,1.0
B12_deficiency,primary,sigmoid_logit,no_iron,nested_development_oof,0,462,0.01499160894445705,0.004329004329004329
B12_deficiency,primary,sigmoid_logit,no_iron,nested_development_oof,1,16,0.13711218657338092,0.0
B12_deficiency,primary,sigmoid_logit,no_iron,nested_development_oof,2,13,0.2549744333007919,0.07692307692307693
B12_deficiency,primary,sigmoid_logit,no_iron,nested_development_oof,3,9,0.34833362195734086,0.0
B12_deficiency,primary,sigmoid_logit,no_iron,nested_development_oof,4,5,0.45441579441999547,0.0
B12_deficiency,primary,sigmoid_logit,no_iron,nested_development_oof,5,3,0.5085627871606507,0.0
B12_deficiency,primary,sigmoid_logit,no_iron,nested_development_oof,6,9,0.6380044823207366,0.4444444444444444
B12_deficiency,primary,sigmoid_logit,no_iron,nested_development_oof,7,8,0.7482935062400935,0.625
B12_deficiency,primary,sigmoid_logit,no_iron,nested_development_oof,8,7,0.8674089473471324,0.7142857142857143
B12_deficiency,primary,sigmoid_logit,no_iron,nested_development_oof,9,140,0.9875334604595672,0.9857142857142858
B12_deficiency,primary,sigmoid_logit,no_B12,nested_development_oof,0,458,0.022252273005348214,0.05895196506550218
B12_deficiency,primary,sigmoid_logit,no_B12,nested_development_oof,1,55,0.14100951463809364,0.3090909090909091
B12_deficiency,primary,sigmoid_logit,no_B12,nested_development_oof,2,25,0.25840700933050187,0.4
B12_deficiency,primary,sigmoid_logit,no_B12,nested_development_oof,3,22,0.34260420301671346,0.4090909090909091
B12_deficiency,primary,sigmoid_logit,no_B12,nested_development_oof,4,11,0.4540209974451351,0.45454545454545453
B12_deficiency,primary,sigmoid_logit,no_B12,nested_development_oof,5,14,0.5392911394959344,0.5714285714285714
B12_deficiency,primary,sigmoid_logit,no_B12,nested_development_oof,6,7,0.6416918057887205,0.7142857142857143
B12_deficiency,primary,sigmoid_logit,no_B12,nested_development_oof,7,8,0.7506792567702614,0.875
B12_deficiency,primary,sigmoid_logit,no_B12,nested_development_oof,8,19,0.8449856206123346,0.8421052631578947
B12_deficiency,primary,sigmoid_logit,no_B12,nested_development_oof,9,53,0.9738687424767866,0.9622641509433962
B12_deficiency,primary,sigmoid_logit,no_folate,nested_development_oof,0,480,0.012123673674638895,0.004166666666666667
B12_deficiency,primary,sigmoid_logit,no_folate,nested_development_oof,1,15,0.13985333924395593,0.2
B12_deficiency,primary,sigmoid_logit,no_folate,nested_development_oof,2,5,0.26314942616738274,0.0
B12_deficiency,primary,sigmoid_logit,no_folate,nested_development_oof,3,10,0.34046502276437407,0.2
B12_deficiency,primary,sigmoid_logit,no_folate,nested_development_oof,4,4,0.4356860887360188,0.25
B12_deficiency,primary,sigmoid_logit,no_folate,nested_development_oof,5,9,0.5489024033011153,0.4444444444444444
B12_deficiency,primary,sigmoid_logit,no_folate,nested_development_oof,6,6,0.6561578362004502,0.8333333333333334
B12_deficiency,primary,sigmoid_logit,no_folate,nested_development_oof,7,10,0.7464341249764757,0.7
B12_deficiency,primary,sigmoid_logit,no_folate,nested_development_oof,8,14,0.8560710686647175,0.9285714285714286
B12_deficiency,primary,sigmoid_logit,no_folate,nested_development_oof,9,119,0.9889645596016085,0.9915966386554622
B12_deficiency,primary,sigmoid_logit,no_B6,nested_development_oof,0,477,0.01191905073315039,0.0041928721174004195
B12_deficiency,primary,sigmoid_logit,no_B6,nested_development_oof,1,11,0.1454141106436984,0.0
B12_deficiency,primary,sigmoid_logit,no_B6,nested_development_oof,2,10,0.2599475167486154,0.1
B12_deficiency,primary,sigmoid_logit,no_B6,nested_development_oof,3,5,0.3345372314643272,0.0
B12_deficiency,primary,sigmoid_logit,no_B6,nested_development_oof,4,8,0.42763698270097117,0.125
B12_deficiency,primary,sigmoid_logit,no_B6,nested_development_oof,5,6,0.5539938523749138,0.16666666666666666
B12_deficiency,primary,sigmoid_logit,no_B6,nested_development_oof,6,4,0.6369367592428232,1.0
B12_deficiency,primary,sigmoid_logit,no_B6,nested_development_oof,7,8,0.7390478778528974,0.75
B12_deficiency,primary,sigmoid_logit,no_B6,nested_development_oof,8,13,0.8464194733282354,0.9230769230769231
B12_deficiency,primary,sigmoid_logit,no_B6,nested_development_oof,9,130,0.9874129162894598,0.9846153846153847
B12_deficiency,primary,sigmoid_logit,no_copper,nested_development_oof,0,478,0.012210699396472038,0.0041841004184100415
B12_deficiency,primary,sigmoid_logit,no_copper,nested_development_oof,1,10,0.14973211412593662,0.0
B12_deficiency,primary,sigmoid_logit,no_copper,nested_development_oof,2,10,0.26436346709730224,0.1
B12_deficiency,primary,sigmoid_logit,no_copper,nested_development_oof,3,5,0.33242706247753784,0.0
B12_deficiency,primary,sigmoid_logit,no_copper,nested_development_oof,4,8,0.4234066248966386,0.125
B12_deficiency,primary,sigmoid_logit,no_copper,nested_development_oof,5,5,0.5538704127752923,0.4
B12_deficiency,primary,sigmoid_logit,no_copper,nested_development_oof,6,5,0.6414829847385831,0.6
B12_deficiency,primary,sigmoid_logit,no_copper,nested_development_oof,7,8,0.7390478778528974,0.75
B12_deficiency,primary,sigmoid_logit,no_copper,nested_development_oof,8,14,0.8486220422463585,0.9285714285714286
B12_deficiency,primary,sigmoid_logit,no_copper,nested_development_oof,9,129,0.9881215199166371,0.9844961240310077
B12_deficiency,primary,sigmoid_logit,no_hemoglobin,nested_development_oof,0,479,0.011381312305062828,0.0041753653444676405
B12_deficiency,primary,sigmoid_logit,no_hemoglobin,nested_development_oof,1,11,0.15940843528434767,0.0
B12_deficiency,primary,sigmoid_logit,no_hemoglobin,nested_development_oof,2,13,0.2428931685946504,0.0
B12_deficiency,primary,sigmoid_logit,no_hemoglobin,nested_development_oof,3,8,0.35450168191404574,0.375
B12_deficiency,primary,sigmoid_logit,no_hemoglobin,nested_development_oof,4,4,0.4214304778055857,0.0
B12_deficiency,primary,sigmoid_logit,no_hemoglobin,nested_development_oof,5,5,0.5378895594470312,0.6
B12_deficiency,primary,sigmoid_logit,no_hemoglobin,nested_development_oof,6,4,0.6514132644672936,1.0
B12_deficiency,primary,sigmoid_logit,no_hemoglobin,nested_development_oof,7,7,0.7543980578728514,0.7142857142857143
B12_deficiency,primary,sigmoid_logit,no_hemoglobin,nested_development_oof,8,13,0.8559752063162678,0.9230769230769231
B12_deficiency,primary,sigmoid_logit,no_hemoglobin,nested_development_oof,9,128,0.9869386743410304,0.984375
B12_deficiency,primary,sigmoid_logit,no_demographics,nested_development_oof,0,483,0.00929362106492817,0.004140786749482402
B12_deficiency,primary,sigmoid_logit,no_demographics,nested_development_oof,1,14,0.1500444930146636,0.07142857142857142
B12_deficiency,primary,sigmoid_logit,no_demographics,nested_development_oof,2,8,0.25163595124759514,0.25
B12_deficiency,primary,sigmoid_logit,no_demographics,nested_development_oof,3,10,0.3235289398448935,0.1
B12_deficiency,primary,sigmoid_logit,no_demographics,nested_development_oof,4,4,0.4601345338961386,0.5
B12_deficiency,primary,sigmoid_logit,no_demographics,nested_development_oof,5,3,0.5501929012396931,0.6666666666666666
B12_deficiency,primary,sigmoid_logit,no_demographics,nested_development_oof,6,6,0.6379296399531535,0.5
B12_deficiency,primary,sigmoid_logit,no_demographics,nested_development_oof,7,7,0.7557020615269899,1.0
B12_deficiency,primary,sigmoid_logit,no_demographics,nested_development_oof,8,14,0.8491684130580524,1.0
B12_deficiency,primary,sigmoid_logit,no_demographics,nested_development_oof,9,123,0.9864560101098756,0.983739837398374
B12_deficiency,cbc,identity,available,nested_development_oof,0,311,0.04497010210873796,0.03536977491961415
B12_deficiency,cbc,identity,available,nested_development_oof,1,116,0.1381588588753076,0.16379310344827586
B12_deficiency,cbc,identity,available,nested_development_oof,2,56,0.24600823582409775,0.26785714285714285
B12_deficiency,cbc,identity,available,nested_development_oof,3,47,0.3489217485059274,0.5319148936170213
B12_deficiency,cbc,identity,available,nested_development_oof,4,30,0.44502275720991974,0.43333333333333335
B12_deficiency,cbc,identity,available,nested_development_oof,5,26,0.561945528337501,0.5
B12_deficiency,cbc,identity,available,nested_development_oof,6,25,0.6454521127021465,0.52
B12_deficiency,cbc,identity,available,nested_development_oof,7,25,0.7581467718804269,0.68
B12_deficiency,cbc,identity,available,nested_development_oof,8,21,0.8596663161454687,0.7619047619047619
B12_deficiency,cbc,identity,available,nested_development_oof,9,15,0.9309597678311726,0.8666666666666667
B12_deficiency,cbc,identity,drop30,nested_development_oof,0,324,0.04547208530993735,0.08024691358024691
B12_deficiency,cbc,identity,drop30,nested_development_oof,1,143,0.1433946514229927,0.21678321678321677
B12_deficiency,cbc,identity,drop30,nested_development_oof,2,69,0.24234690356044408,0.391304347826087
B12_deficiency,cbc,identity,drop30,nested_development_oof,3,42,0.3493776484895758,0.40476190476190477
B12_deficiency,cbc,identity,drop30,nested_development_oof,4,25,0.4501648900824074,0.52
B12_deficiency,cbc,identity,drop30,nested_development_oof,5,31,0.5509897295448616,0.45161290322580644
B12_deficiency,cbc,identity,drop30,nested_development_oof,6,16,0.6400386743723371,0.5625
B12_deficiency,cbc,identity,drop30,nested_development_oof,7,8,0.7438690971433026,0.5
B12_deficiency,cbc,identity,drop30,nested_development_oof,8,10,0.8621796900429537,1.0
B12_deficiency,cbc,identity,drop30,nested_development_oof,9,4,0.94903371450511,1.0
B12_deficiency,cbc,identity,drop60,nested_development_oof,0,375,0.050662086845013554,0.144
B12_deficiency,cbc,identity,drop60,nested_development_oof,1,163,0.14068545075051464,0.22699386503067484
B12_deficiency,cbc,identity,drop60,nested_development_oof,2,64,0.23988463550869565,0.390625
B12_deficiency,cbc,identity,drop60,nested_development_oof,3,24,0.34730101806281616,0.4583333333333333
B12_deficiency,cbc,identity,drop60,nested_development_oof,4,18,0.4409631079602711,0.6666666666666666
B12_deficiency,cbc,identity,drop60,nested_development_oof,5,16,0.5455161891147927,0.5
B12_deficiency,cbc,identity,drop60,nested_development_oof,6,7,0.6568640347236067,0.5714285714285714
B12_deficiency,cbc,identity,drop60,nested_development_oof,7,1,0.7353436776089647,1.0
B12_deficiency,cbc,identity,drop60,nested_development_oof,8,3,0.8589714266883538,1.0
B12_deficiency,cbc,identity,drop60,nested_development_oof,9,1,0.9583571094414192,0.0
B12_deficiency,cbc,identity,cbc_only,nested_development_oof,0,311,0.04497010210873796,0.03536977491961415
B12_deficiency,cbc,identity,cbc_only,nested_development_oof,1,116,0.1381588588753076,0.16379310344827586
B12_deficiency,cbc,identity,cbc_only,nested_development_oof,2,56,0.24600823582409775,0.26785714285714285
B12_deficiency,cbc,identity,cbc_only,nested_development_oof,3,47,0.3489217485059274,0.5319148936170213
B12_deficiency,cbc,identity,cbc_only,nested_development_oof,4,30,0.44502275720991974,0.43333333333333335
B12_deficiency,cbc,identity,cbc_only,nested_development_oof,5,26,0.561945528337501,0.5
B12_deficiency,cbc,identity,cbc_only,nested_development_oof,6,25,0.6454521127021465,0.52
B12_deficiency,cbc,identity,cbc_only,nested_development_oof,7,25,0.7581467718804269,0.68
B12_deficiency,cbc,identity,cbc_only,nested_development_oof,8,21,0.8596663161454687,0.7619047619047619
B12_deficiency,cbc,identity,cbc_only,nested_development_oof,9,15,0.9309597678311726,0.8666666666666667
B12_deficiency,cbc,identity,hb_only,nested_development_oof,0,417,0.05781103131516735,0.24700239808153476
B12_deficiency,cbc,identity,hb_only,nested_development_oof,1,225,0.13682239449203212,0.2222222222222222
B12_deficiency,cbc,identity,hb_only,nested_development_oof,2,27,0.2439787821736605,0.07407407407407407
B12_deficiency,cbc,identity,hb_only,nested_development_oof,3,3,0.3463651733526327,0.0
B12_deficiency,cbc,identity,no_iron,nested_development_oof,0,311,0.04497010210873796,0.03536977491961415
B12_deficiency,cbc,identity,no_iron,nested_development_oof,1,116,0.1381588588753076,0.16379310344827586
B12_deficiency,cbc,identity,no_iron,nested_development_oof,2,56,0.24600823582409775,0.26785714285714285
B12_deficiency,cbc,identity,no_iron,nested_development_oof,3,47,0.3489217485059274,0.5319148936170213
B12_deficiency,cbc,identity,no_iron,nested_development_oof,4,30,0.44502275720991974,0.43333333333333335
B12_deficiency,cbc,identity,no_iron,nested_development_oof,5,26,0.561945528337501,0.5
B12_deficiency,cbc,identity,no_iron,nested_development_oof,6,25,0.6454521127021465,0.52
B12_deficiency,cbc,identity,no_iron,nested_development_oof,7,25,0.7581467718804269,0.68
B12_deficiency,cbc,identity,no_iron,nested_development_oof,8,21,0.8596663161454687,0.7619047619047619
B12_deficiency,cbc,identity,no_iron,nested_development_oof,9,15,0.9309597678311726,0.8666666666666667
B12_deficiency,cbc,identity,no_B12,nested_development_oof,0,311,0.04497010210873796,0.03536977491961415
B12_deficiency,cbc,identity,no_B12,nested_development_oof,1,116,0.1381588588753076,0.16379310344827586
B12_deficiency,cbc,identity,no_B12,nested_development_oof,2,56,0.24600823582409775,0.26785714285714285
B12_deficiency,cbc,identity,no_B12,nested_development_oof,3,47,0.3489217485059274,0.5319148936170213
B12_deficiency,cbc,identity,no_B12,nested_development_oof,4,30,0.44502275720991974,0.43333333333333335
B12_deficiency,cbc,identity,no_B12,nested_development_oof,5,26,0.561945528337501,0.5
B12_deficiency,cbc,identity,no_B12,nested_development_oof,6,25,0.6454521127021465,0.52
B12_deficiency,cbc,identity,no_B12,nested_development_oof,7,25,0.7581467718804269,0.68
B12_deficiency,cbc,identity,no_B12,nested_development_oof,8,21,0.8596663161454687,0.7619047619047619
B12_deficiency,cbc,identity,no_B12,nested_development_oof,9,15,0.9309597678311726,0.8666666666666667
B12_deficiency,cbc,identity,no_folate,nested_development_oof,0,311,0.04497010210873796,0.03536977491961415
B12_deficiency,cbc,identity,no_folate,nested_development_oof,1,116,0.1381588588753076,0.16379310344827586
B12_deficiency,cbc,identity,no_folate,nested_development_oof,2,56,0.24600823582409775,0.26785714285714285
B12_deficiency,cbc,identity,no_folate,nested_development_oof,3,47,0.3489217485059274,0.5319148936170213
B12_deficiency,cbc,identity,no_folate,nested_development_oof,4,30,0.44502275720991974,0.43333333333333335
B12_deficiency,cbc,identity,no_folate,nested_development_oof,5,26,0.561945528337501,0.5
B12_deficiency,cbc,identity,no_folate,nested_development_oof,6,25,0.6454521127021465,0.52
B12_deficiency,cbc,identity,no_folate,nested_development_oof,7,25,0.7581467718804269,0.68
B12_deficiency,cbc,identity,no_folate,nested_development_oof,8,21,0.8596663161454687,0.7619047619047619
B12_deficiency,cbc,identity,no_folate,nested_development_oof,9,15,0.9309597678311726,0.8666666666666667
B12_deficiency,cbc,identity,no_B6,nested_development_oof,0,311,0.04497010210873796,0.03536977491961415
B12_deficiency,cbc,identity,no_B6,nested_development_oof,1,116,0.1381588588753076,0.16379310344827586
B12_deficiency,cbc,identity,no_B6,nested_development_oof,2,56,0.24600823582409775,0.26785714285714285
B12_deficiency,cbc,identity,no_B6,nested_development_oof,3,47,0.3489217485059274,0.5319148936170213
B12_deficiency,cbc,identity,no_B6,nested_development_oof,4,30,0.44502275720991974,0.43333333333333335
B12_deficiency,cbc,identity,no_B6,nested_development_oof,5,26,0.561945528337501,0.5
B12_deficiency,cbc,identity,no_B6,nested_development_oof,6,25,0.6454521127021465,0.52
B12_deficiency,cbc,identity,no_B6,nested_development_oof,7,25,0.7581467718804269,0.68
B12_deficiency,cbc,identity,no_B6,nested_development_oof,8,21,0.8596663161454687,0.7619047619047619
B12_deficiency,cbc,identity,no_B6,nested_development_oof,9,15,0.9309597678311726,0.8666666666666667
B12_deficiency,cbc,identity,no_copper,nested_development_oof,0,311,0.04497010210873796,0.03536977491961415
B12_deficiency,cbc,identity,no_copper,nested_development_oof,1,116,0.1381588588753076,0.16379310344827586
B12_deficiency,cbc,identity,no_copper,nested_development_oof,2,56,0.24600823582409775,0.26785714285714285
B12_deficiency,cbc,identity,no_copper,nested_development_oof,3,47,0.3489217485059274,0.5319148936170213
B12_deficiency,cbc,identity,no_copper,nested_development_oof,4,30,0.44502275720991974,0.43333333333333335
B12_deficiency,cbc,identity,no_copper,nested_development_oof,5,26,0.561945528337501,0.5
B12_deficiency,cbc,identity,no_copper,nested_development_oof,6,25,0.6454521127021465,0.52
B12_deficiency,cbc,identity,no_copper,nested_development_oof,7,25,0.7581467718804269,0.68
B12_deficiency,cbc,identity,no_copper,nested_development_oof,8,21,0.8596663161454687,0.7619047619047619
B12_deficiency,cbc,identity,no_copper,nested_development_oof,9,15,0.9309597678311726,0.8666666666666667
B12_deficiency,cbc,identity,no_hemoglobin,nested_development_oof,0,322,0.041486931251638444,0.040372670807453416
B12_deficiency,cbc,identity,no_hemoglobin,nested_development_oof,1,111,0.13687981084205206,0.17117117117117117
B12_deficiency,cbc,identity,no_hemoglobin,nested_development_oof,2,42,0.2411257914894375,0.30952380952380953
B12_deficiency,cbc,identity,no_hemoglobin,nested_development_oof,3,45,0.3438387098111848,0.4
B12_deficiency,cbc,identity,no_hemoglobin,nested_development_oof,4,33,0.4459975654270902,0.5151515151515151
B12_deficiency,cbc,identity,no_hemoglobin,nested_development_oof,5,25,0.5564743544401116,0.52
B12_deficiency,cbc,identity,no_hemoglobin,nested_development_oof,6,23,0.6461718273916317,0.5217391304347826
B12_deficiency,cbc,identity,no_hemoglobin,nested_development_oof,7,24,0.754461976439127,0.5
B12_deficiency,cbc,identity,no_hemoglobin,nested_development_oof,8,28,0.8498694451817898,0.6785714285714286
B12_deficiency,cbc,identity,no_hemoglobin,nested_development_oof,9,19,0.9348618451672545,1.0
B12_deficiency,cbc,identity,no_demographics,nested_development_oof,0,324,0.04663592122154509,0.030864197530864196
B12_deficiency,cbc,identity,no_demographics,nested_development_oof,1,109,0.13781945438024057,0.22018348623853212
B12_deficiency,cbc,identity,no_demographics,nested_development_oof,2,58,0.25134135584742573,0.2413793103448276
B12_deficiency,cbc,identity,no_demographics,nested_development_oof,3,39,0.35325199231972537,0.5128205128205128
B12_deficiency,cbc,identity,no_demographics,nested_development_oof,4,29,0.4392263158785907,0.4827586206896552
B12_deficiency,cbc,identity,no_demographics,nested_development_oof,5,22,0.5483928889762664,0.5909090909090909
B12_deficiency,cbc,identity,no_demographics,nested_development_oof,6,33,0.6402073745102752,0.48484848484848486
B12_deficiency,cbc,identity,no_demographics,nested_development_oof,7,25,0.7547067033301081,0.64
B12_deficiency,cbc,identity,no_demographics,nested_development_oof,8,21,0.8488795606861546,0.7619047619047619
B12_deficiency,cbc,identity,no_demographics,nested_development_oof,9,12,0.9343425532635682,1.0
B12_deficiency,cbc,temperature,available,nested_development_oof,0,283,0.04958248857521646,0.028268551236749116
B12_deficiency,cbc,temperature,available,nested_development_oof,1,133,0.14052021930074207,0.15037593984962405
B12_deficiency,cbc,temperature,available,nested_development_oof,2,61,0.24651021926710956,0.21311475409836064
B12_deficiency,cbc,temperature,available,nested_development_oof,3,49,0.3487048077022972,0.5306122448979592
B12_deficiency,cbc,temperature,available,nested_development_oof,4,34,0.4435356523797595,0.47058823529411764
B12_deficiency,cbc,temperature,available,nested_development_oof,5,28,0.5604641219401006,0.5
B12_deficiency,cbc,temperature,available,nested_development_oof,6,25,0.6434905042537524,0.56
B12_deficiency,cbc,temperature,available,nested_development_oof,7,23,0.748319195277473,0.6521739130434783
B12_deficiency,cbc,temperature,available,nested_development_oof,8,23,0.8462261740204413,0.7391304347826086
B12_deficiency,cbc,temperature,available,nested_development_oof,9,13,0.9254393608366441,0.9230769230769231
B12_deficiency,cbc,temperature,drop30,nested_development_oof,0,290,0.04954445759469896,0.07586206896551724
B12_deficiency,cbc,temperature,drop30,nested_development_oof,1,165,0.14531372005185397,0.2
B12_deficiency,cbc,temperature,drop30,nested_development_oof,2,74,0.2450945296952635,0.35135135135135137
B12_deficiency,cbc,temperature,drop30,nested_development_oof,3,48,0.350560807486293,0.4166666666666667
B12_deficiency,cbc,temperature,drop30,nested_development_oof,4,26,0.45129734963604784,0.5
B12_deficiency,cbc,temperature,drop30,nested_development_oof,5,33,0.5503920875275555,0.45454545454545453
B12_deficiency,cbc,temperature,drop30,nested_development_oof,6,15,0.639479285458613,0.5333333333333333
B12_deficiency,cbc,temperature,drop30,nested_development_oof,7,8,0.741562293103322,0.625
B12_deficiency,cbc,temperature,drop30,nested_development_oof,8,9,0.854797567314815,1.0
B12_deficiency,cbc,temperature,drop30,nested_development_oof,9,4,0.9404505318581527,1.0
B12_deficiency,cbc,temperature,drop60,nested_development_oof,0,330,0.05512590692514849,0.13636363636363635
B12_deficiency,cbc,temperature,drop60,nested_development_oof,1,198,0.1429765461271525,0.2222222222222222
B12_deficiency,cbc,temperature,drop60,nested_development_oof,2,70,0.24399314068367253,0.35714285714285715
B12_deficiency,cbc,temperature,drop60,nested_development_oof,3,26,0.3461675033176998,0.4230769230769231
B12_deficiency,cbc,temperature,drop60,nested_development_oof,4,20,0.44182262173698084,0.7
B12_deficiency,cbc,temperature,drop60,nested_development_oof,5,17,0.5453676170707497,0.5294117647058824
B12_deficiency,cbc,temperature,drop60,nested_development_oof,6,6,0.656006226513137,0.5
B12_deficiency,cbc,temperature,drop60,nested_development_oof,7,1,0.7139793474011409,1.0
B12_deficiency,cbc,temperature,drop60,nested_development_oof,8,3,0.842461605163806,1.0
B12_deficiency,cbc,temperature,drop60,nested_development_oof,9,1,0.9513016997349876,0.0
B12_deficiency,cbc,temperature,cbc_only,nested_development_oof,0,283,0.04958248857521646,0.028268551236749116
B12_deficiency,cbc,temperature,cbc_only,nested_development_oof,1,133,0.14052021930074207,0.15037593984962405
B12_deficiency,cbc,temperature,cbc_only,nested_development_oof,2,61,0.24651021926710956,0.21311475409836064
B12_deficiency,cbc,temperature,cbc_only,nested_development_oof,3,49,0.3487048077022972,0.5306122448979592
B12_deficiency,cbc,temperature,cbc_only,nested_development_oof,4,34,0.4435356523797595,0.47058823529411764
B12_deficiency,cbc,temperature,cbc_only,nested_development_oof,5,28,0.5604641219401006,0.5
B12_deficiency,cbc,temperature,cbc_only,nested_development_oof,6,25,0.6434905042537524,0.56
B12_deficiency,cbc,temperature,cbc_only,nested_development_oof,7,23,0.748319195277473,0.6521739130434783
B12_deficiency,cbc,temperature,cbc_only,nested_development_oof,8,23,0.8462261740204413,0.7391304347826086
B12_deficiency,cbc,temperature,cbc_only,nested_development_oof,9,13,0.9254393608366441,0.9230769230769231
B12_deficiency,cbc,temperature,hb_only,nested_development_oof,0,347,0.06154432211381612,0.24495677233429394
B12_deficiency,cbc,temperature,hb_only,nested_development_oof,1,282,0.13965750865072563,0.23049645390070922
B12_deficiency,cbc,temperature,hb_only,nested_development_oof,2,38,0.23673206056126658,0.13157894736842105
B12_deficiency,cbc,temperature,hb_only,nested_development_oof,3,5,0.33309614689387657,0.0
B12_deficiency,cbc,temperature,no_iron,nested_development_oof,0,283,0.04958248857521646,0.028268551236749116
B12_deficiency,cbc,temperature,no_iron,nested_development_oof,1,133,0.14052021930074207,0.15037593984962405
B12_deficiency,cbc,temperature,no_iron,nested_development_oof,2,61,0.24651021926710956,0.21311475409836064
B12_deficiency,cbc,temperature,no_iron,nested_development_oof,3,49,0.3487048077022972,0.5306122448979592
B12_deficiency,cbc,temperature,no_iron,nested_development_oof,4,34,0.4435356523797595,0.47058823529411764
B12_deficiency,cbc,temperature,no_iron,nested_development_oof,5,28,0.5604641219401006,0.5
B12_deficiency,cbc,temperature,no_iron,nested_development_oof,6,25,0.6434905042537524,0.56
B12_deficiency,cbc,temperature,no_iron,nested_development_oof,7,23,0.748319195277473,0.6521739130434783
B12_deficiency,cbc,temperature,no_iron,nested_development_oof,8,23,0.8462261740204413,0.7391304347826086
B12_deficiency,cbc,temperature,no_iron,nested_development_oof,9,13,0.9254393608366441,0.9230769230769231
B12_deficiency,cbc,temperature,no_B12,nested_development_oof,0,283,0.04958248857521646,0.028268551236749116
B12_deficiency,cbc,temperature,no_B12,nested_development_oof,1,133,0.14052021930074207,0.15037593984962405
B12_deficiency,cbc,temperature,no_B12,nested_development_oof,2,61,0.24651021926710956,0.21311475409836064
B12_deficiency,cbc,temperature,no_B12,nested_development_oof,3,49,0.3487048077022972,0.5306122448979592
B12_deficiency,cbc,temperature,no_B12,nested_development_oof,4,34,0.4435356523797595,0.47058823529411764
B12_deficiency,cbc,temperature,no_B12,nested_development_oof,5,28,0.5604641219401006,0.5
B12_deficiency,cbc,temperature,no_B12,nested_development_oof,6,25,0.6434905042537524,0.56
B12_deficiency,cbc,temperature,no_B12,nested_development_oof,7,23,0.748319195277473,0.6521739130434783
B12_deficiency,cbc,temperature,no_B12,nested_development_oof,8,23,0.8462261740204413,0.7391304347826086
B12_deficiency,cbc,temperature,no_B12,nested_development_oof,9,13,0.9254393608366441,0.9230769230769231
B12_deficiency,cbc,temperature,no_folate,nested_development_oof,0,283,0.04958248857521646,0.028268551236749116
B12_deficiency,cbc,temperature,no_folate,nested_development_oof,1,133,0.14052021930074207,0.15037593984962405
B12_deficiency,cbc,temperature,no_folate,nested_development_oof,2,61,0.24651021926710956,0.21311475409836064
B12_deficiency,cbc,temperature,no_folate,nested_development_oof,3,49,0.3487048077022972,0.5306122448979592
B12_deficiency,cbc,temperature,no_folate,nested_development_oof,4,34,0.4435356523797595,0.47058823529411764
B12_deficiency,cbc,temperature,no_folate,nested_development_oof,5,28,0.5604641219401006,0.5
B12_deficiency,cbc,temperature,no_folate,nested_development_oof,6,25,0.6434905042537524,0.56
B12_deficiency,cbc,temperature,no_folate,nested_development_oof,7,23,0.748319195277473,0.6521739130434783
B12_deficiency,cbc,temperature,no_folate,nested_development_oof,8,23,0.8462261740204413,0.7391304347826086
B12_deficiency,cbc,temperature,no_folate,nested_development_oof,9,13,0.9254393608366441,0.9230769230769231
B12_deficiency,cbc,temperature,no_B6,nested_development_oof,0,283,0.04958248857521646,0.028268551236749116
B12_deficiency,cbc,temperature,no_B6,nested_development_oof,1,133,0.14052021930074207,0.15037593984962405
B12_deficiency,cbc,temperature,no_B6,nested_development_oof,2,61,0.24651021926710956,0.21311475409836064
B12_deficiency,cbc,temperature,no_B6,nested_development_oof,3,49,0.3487048077022972,0.5306122448979592
B12_deficiency,cbc,temperature,no_B6,nested_development_oof,4,34,0.4435356523797595,0.47058823529411764
B12_deficiency,cbc,temperature,no_B6,nested_development_oof,5,28,0.5604641219401006,0.5
B12_deficiency,cbc,temperature,no_B6,nested_development_oof,6,25,0.6434905042537524,0.56
B12_deficiency,cbc,temperature,no_B6,nested_development_oof,7,23,0.748319195277473,0.6521739130434783
B12_deficiency,cbc,temperature,no_B6,nested_development_oof,8,23,0.8462261740204413,0.7391304347826086
B12_deficiency,cbc,temperature,no_B6,nested_development_oof,9,13,0.9254393608366441,0.9230769230769231
B12_deficiency,cbc,temperature,no_copper,nested_development_oof,0,283,0.04958248857521646,0.028268551236749116
B12_deficiency,cbc,temperature,no_copper,nested_development_oof,1,133,0.14052021930074207,0.15037593984962405
B12_deficiency,cbc,temperature,no_copper,nested_development_oof,2,61,0.24651021926710956,0.21311475409836064
B12_deficiency,cbc,temperature,no_copper,nested_development_oof,3,49,0.3487048077022972,0.5306122448979592
B12_deficiency,cbc,temperature,no_copper,nested_development_oof,4,34,0.4435356523797595,0.47058823529411764
B12_deficiency,cbc,temperature,no_copper,nested_development_oof,5,28,0.5604641219401006,0.5
B12_deficiency,cbc,temperature,no_copper,nested_development_oof,6,25,0.6434905042537524,0.56
B12_deficiency,cbc,temperature,no_copper,nested_development_oof,7,23,0.748319195277473,0.6521739130434783
B12_deficiency,cbc,temperature,no_copper,nested_development_oof,8,23,0.8462261740204413,0.7391304347826086
B12_deficiency,cbc,temperature,no_copper,nested_development_oof,9,13,0.9254393608366441,0.9230769230769231
B12_deficiency,cbc,temperature,no_hemoglobin,nested_development_oof,0,292,0.045163138094829414,0.030821917808219176
B12_deficiency,cbc,temperature,no_hemoglobin,nested_development_oof,1,129,0.13780988771126296,0.16279069767441862
B12_deficiency,cbc,temperature,no_hemoglobin,nested_development_oof,2,51,0.24227388492197818,0.29411764705882354
B12_deficiency,cbc,temperature,no_hemoglobin,nested_development_oof,3,46,0.3479024632411258,0.34782608695652173
B12_deficiency,cbc,temperature,no_hemoglobin,nested_development_oof,4,35,0.4470747208171752,0.5428571428571428
B12_deficiency,cbc,temperature,no_hemoglobin,nested_development_oof,5,27,0.5555830354003066,0.5555555555555556
B12_deficiency,cbc,temperature,no_hemoglobin,nested_development_oof,6,24,0.6476852914725143,0.4166666666666667
B12_deficiency,cbc,temperature,no_hemoglobin,nested_development_oof,7,26,0.755329910667402,0.6153846153846154
B12_deficiency,cbc,temperature,no_hemoglobin,nested_development_oof,8,28,0.8521202331108361,0.7142857142857143
B12_deficiency,cbc,temperature,no_hemoglobin,nested_development_oof,9,14,0.9344956884481875,1.0
B12_deficiency,cbc,temperature,no_demographics,nested_development_oof,0,289,0.050550960981590586,0.02768166089965398
B12_deficiency,cbc,temperature,no_demographics,nested_development_oof,1,130,0.13652664957714672,0.18461538461538463
B12_deficiency,cbc,temperature,no_demographics,nested_development_oof,2,63,0.24605329489804645,0.20634920634920634
B12_deficiency,cbc,temperature,no_demographics,nested_development_oof,3,45,0.34970085748607693,0.4888888888888889
B12_deficiency,cbc,temperature,no_demographics,nested_development_oof,4,32,0.44003422673651493,0.46875
B12_deficiency,cbc,temperature,no_demographics,nested_development_oof,5,26,0.5527443621173677,0.5769230769230769
B12_deficiency,cbc,temperature,no_demographics,nested_development_oof,6,32,0.6418677897426601,0.5
B12_deficiency,cbc,temperature,no_demographics,nested_development_oof,7,25,0.7517493676187997,0.64
B12_deficiency,cbc,temperature,no_demographics,nested_development_oof,8,19,0.8420954164818399,0.7894736842105263
B12_deficiency,cbc,temperature,no_demographics,nested_development_oof,9,11,0.9247608960275099,1.0
B12_deficiency,cbc,sigmoid_logit,available,nested_development_oof,0,287,0.05002626923176637,0.0313588850174216
B12_deficiency,cbc,sigmoid_logit,available,nested_development_oof,1,132,0.1393501151536896,0.15151515151515152
B12_deficiency,cbc,sigmoid_logit,available,nested_development_oof,2,63,0.24596209460650148,0.23809523809523808
B12_deficiency,cbc,sigmoid_logit,available,nested_development_oof,3,50,0.34731422871768863,0.56
B12_deficiency,cbc,sigmoid_logit,available,nested_development_oof,4,30,0.43814175462725713,0.43333333333333335
B12_deficiency,cbc,sigmoid_logit,available,nested_development_oof,5,32,0.5562138470213385,0.5
B12_deficiency,cbc,sigmoid_logit,available,nested_development_oof,6,23,0.6433075120963438,0.5652173913043478
B12_deficiency,cbc,sigmoid_logit,available,nested_development_oof,7,24,0.7522301726250165,0.6666666666666666
B12_deficiency,cbc,sigmoid_logit,available,nested_development_oof,8,20,0.8466205818884524,0.7
B12_deficiency,cbc,sigmoid_logit,available,nested_development_oof,9,11,0.9235449473894053,1.0
B12_deficiency,cbc,sigmoid_logit,drop30,nested_development_oof,0,294,0.049962623475203756,0.07482993197278912
B12_deficiency,cbc,sigmoid_logit,drop30,nested_development_oof,1,165,0.14385623429606412,0.2
B12_deficiency,cbc,sigmoid_logit,drop30,nested_development_oof,2,76,0.24278404613992552,0.3815789473684211
B12_deficiency,cbc,sigmoid_logit,drop30,nested_development_oof,3,45,0.3479186566733625,0.37777777777777777
B12_deficiency,cbc,sigmoid_logit,drop30,nested_development_oof,4,28,0.45214450856945165,0.5714285714285714
B12_deficiency,cbc,sigmoid_logit,drop30,nested_development_oof,5,32,0.5468503483729727,0.46875
B12_deficiency,cbc,sigmoid_logit,drop30,nested_development_oof,6,12,0.6347619830738233,0.5
B12_deficiency,cbc,sigmoid_logit,drop30,nested_development_oof,7,8,0.7369009881479744,0.625
B12_deficiency,cbc,sigmoid_logit,drop30,nested_development_oof,8,8,0.8483925802934269,1.0
B12_deficiency,cbc,sigmoid_logit,drop30,nested_development_oof,9,4,0.9364105103572888,1.0
B12_deficiency,cbc,sigmoid_logit,drop60,nested_development_oof,0,337,0.055659527310754436,0.14540059347181009
B12_deficiency,cbc,sigmoid_logit,drop60,nested_development_oof,1,197,0.14216954928548825,0.2131979695431472
B12_deficiency,cbc,sigmoid_logit,drop60,nested_development_oof,2,68,0.24289641607741086,0.36764705882352944
B12_deficiency,cbc,sigmoid_logit,drop60,nested_development_oof,3,25,0.34573228229519715,0.48
B12_deficiency,cbc,sigmoid_logit,drop60,nested_development_oof,4,21,0.43974904197862485,0.6190476190476191
B12_deficiency,cbc,sigmoid_logit,drop60,nested_development_oof,5,13,0.5396838034285047,0.5384615384615384
B12_deficiency,cbc,sigmoid_logit,drop60,nested_development_oof,6,7,0.6477888843768894,0.5714285714285714
B12_deficiency,cbc,sigmoid_logit,drop60,nested_development_oof,7,1,0.7843283300487891,1.0
B12_deficiency,cbc,sigmoid_logit,drop60,nested_development_oof,8,2,0.8498047124247579,1.0
B12_deficiency,cbc,sigmoid_logit,drop60,nested_development_oof,9,1,0.946019713350243,0.0
B12_deficiency,cbc,sigmoid_logit,cbc_only,nested_development_oof,0,287,0.05002626923176637,0.0313588850174216
B12_deficiency,cbc,sigmoid_logit,cbc_only,nested_development_oof,1,132,0.1393501151536896,0.15151515151515152
B12_deficiency,cbc,sigmoid_logit,cbc_only,nested_development_oof,2,63,0.24596209460650148,0.23809523809523808
B12_deficiency,cbc,sigmoid_logit,cbc_only,nested_development_oof,3,50,0.34731422871768863,0.56
B12_deficiency,cbc,sigmoid_logit,cbc_only,nested_development_oof,4,30,0.43814175462725713,0.43333333333333335
B12_deficiency,cbc,sigmoid_logit,cbc_only,nested_development_oof,5,32,0.5562138470213385,0.5
B12_deficiency,cbc,sigmoid_logit,cbc_only,nested_development_oof,6,23,0.6433075120963438,0.5652173913043478
B12_deficiency,cbc,sigmoid_logit,cbc_only,nested_development_oof,7,24,0.7522301726250165,0.6666666666666666
B12_deficiency,cbc,sigmoid_logit,cbc_only,nested_development_oof,8,20,0.8466205818884524,0.7
B12_deficiency,cbc,sigmoid_logit,cbc_only,nested_development_oof,9,11,0.9235449473894053,1.0
B12_deficiency,cbc,sigmoid_logit,hb_only,nested_development_oof,0,356,0.061987992570467124,0.2443820224719101
B12_deficiency,cbc,sigmoid_logit,hb_only,nested_development_oof,1,278,0.137874441822747,0.22661870503597123
B12_deficiency,cbc,sigmoid_logit,hb_only,nested_development_oof,2,35,0.23749409252734296,0.14285714285714285
B12_deficiency,cbc,sigmoid_logit,hb_only,nested_development_oof,3,3,0.34406708500141975,0.0
B12_deficiency,cbc,sigmoid_logit,no_iron,nested_development_oof,0,287,0.05002626923176637,0.0313588850174216
B12_deficiency,cbc,sigmoid_logit,no_iron,nested_development_oof,1,132,0.1393501151536896,0.15151515151515152
B12_deficiency,cbc,sigmoid_logit,no_iron,nested_development_oof,2,63,0.24596209460650148,0.23809523809523808
B12_deficiency,cbc,sigmoid_logit,no_iron,nested_development_oof,3,50,0.34731422871768863,0.56
B12_deficiency,cbc,sigmoid_logit,no_iron,nested_development_oof,4,30,0.43814175462725713,0.43333333333333335
B12_deficiency,cbc,sigmoid_logit,no_iron,nested_development_oof,5,32,0.5562138470213385,0.5
B12_deficiency,cbc,sigmoid_logit,no_iron,nested_development_oof,6,23,0.6433075120963438,0.5652173913043478
B12_deficiency,cbc,sigmoid_logit,no_iron,nested_development_oof,7,24,0.7522301726250165,0.6666666666666666
B12_deficiency,cbc,sigmoid_logit,no_iron,nested_development_oof,8,20,0.8466205818884524,0.7
B12_deficiency,cbc,sigmoid_logit,no_iron,nested_development_oof,9,11,0.9235449473894053,1.0
B12_deficiency,cbc,sigmoid_logit,no_B12,nested_development_oof,0,287,0.05002626923176637,0.0313588850174216
B12_deficiency,cbc,sigmoid_logit,no_B12,nested_development_oof,1,132,0.1393501151536896,0.15151515151515152
B12_deficiency,cbc,sigmoid_logit,no_B12,nested_development_oof,2,63,0.24596209460650148,0.23809523809523808
B12_deficiency,cbc,sigmoid_logit,no_B12,nested_development_oof,3,50,0.34731422871768863,0.56
B12_deficiency,cbc,sigmoid_logit,no_B12,nested_development_oof,4,30,0.43814175462725713,0.43333333333333335
B12_deficiency,cbc,sigmoid_logit,no_B12,nested_development_oof,5,32,0.5562138470213385,0.5
B12_deficiency,cbc,sigmoid_logit,no_B12,nested_development_oof,6,23,0.6433075120963438,0.5652173913043478
B12_deficiency,cbc,sigmoid_logit,no_B12,nested_development_oof,7,24,0.7522301726250165,0.6666666666666666
B12_deficiency,cbc,sigmoid_logit,no_B12,nested_development_oof,8,20,0.8466205818884524,0.7
B12_deficiency,cbc,sigmoid_logit,no_B12,nested_development_oof,9,11,0.9235449473894053,1.0
B12_deficiency,cbc,sigmoid_logit,no_folate,nested_development_oof,0,287,0.05002626923176637,0.0313588850174216
B12_deficiency,cbc,sigmoid_logit,no_folate,nested_development_oof,1,132,0.1393501151536896,0.15151515151515152
B12_deficiency,cbc,sigmoid_logit,no_folate,nested_development_oof,2,63,0.24596209460650148,0.23809523809523808
B12_deficiency,cbc,sigmoid_logit,no_folate,nested_development_oof,3,50,0.34731422871768863,0.56
B12_deficiency,cbc,sigmoid_logit,no_folate,nested_development_oof,4,30,0.43814175462725713,0.43333333333333335
B12_deficiency,cbc,sigmoid_logit,no_folate,nested_development_oof,5,32,0.5562138470213385,0.5
B12_deficiency,cbc,sigmoid_logit,no_folate,nested_development_oof,6,23,0.6433075120963438,0.5652173913043478
B12_deficiency,cbc,sigmoid_logit,no_folate,nested_development_oof,7,24,0.7522301726250165,0.6666666666666666
B12_deficiency,cbc,sigmoid_logit,no_folate,nested_development_oof,8,20,0.8466205818884524,0.7
B12_deficiency,cbc,sigmoid_logit,no_folate,nested_development_oof,9,11,0.9235449473894053,1.0
B12_deficiency,cbc,sigmoid_logit,no_B6,nested_development_oof,0,287,0.05002626923176637,0.0313588850174216
B12_deficiency,cbc,sigmoid_logit,no_B6,nested_development_oof,1,132,0.1393501151536896,0.15151515151515152
B12_deficiency,cbc,sigmoid_logit,no_B6,nested_development_oof,2,63,0.24596209460650148,0.23809523809523808
B12_deficiency,cbc,sigmoid_logit,no_B6,nested_development_oof,3,50,0.34731422871768863,0.56
B12_deficiency,cbc,sigmoid_logit,no_B6,nested_development_oof,4,30,0.43814175462725713,0.43333333333333335
B12_deficiency,cbc,sigmoid_logit,no_B6,nested_development_oof,5,32,0.5562138470213385,0.5
B12_deficiency,cbc,sigmoid_logit,no_B6,nested_development_oof,6,23,0.6433075120963438,0.5652173913043478
B12_deficiency,cbc,sigmoid_logit,no_B6,nested_development_oof,7,24,0.7522301726250165,0.6666666666666666
B12_deficiency,cbc,sigmoid_logit,no_B6,nested_development_oof,8,20,0.8466205818884524,0.7
B12_deficiency,cbc,sigmoid_logit,no_B6,nested_development_oof,9,11,0.9235449473894053,1.0
B12_deficiency,cbc,sigmoid_logit,no_copper,nested_development_oof,0,287,0.05002626923176637,0.0313588850174216
B12_deficiency,cbc,sigmoid_logit,no_copper,nested_development_oof,1,132,0.1393501151536896,0.15151515151515152
B12_deficiency,cbc,sigmoid_logit,no_copper,nested_development_oof,2,63,0.24596209460650148,0.23809523809523808
B12_deficiency,cbc,sigmoid_logit,no_copper,nested_development_oof,3,50,0.34731422871768863,0.56
B12_deficiency,cbc,sigmoid_logit,no_copper,nested_development_oof,4,30,0.43814175462725713,0.43333333333333335
B12_deficiency,cbc,sigmoid_logit,no_copper,nested_development_oof,5,32,0.5562138470213385,0.5
B12_deficiency,cbc,sigmoid_logit,no_copper,nested_development_oof,6,23,0.6433075120963438,0.5652173913043478
B12_deficiency,cbc,sigmoid_logit,no_copper,nested_development_oof,7,24,0.7522301726250165,0.6666666666666666
B12_deficiency,cbc,sigmoid_logit,no_copper,nested_development_oof,8,20,0.8466205818884524,0.7
B12_deficiency,cbc,sigmoid_logit,no_copper,nested_development_oof,9,11,0.9235449473894053,1.0
B12_deficiency,cbc,sigmoid_logit,no_hemoglobin,nested_development_oof,0,297,0.04591897305600163,0.03367003367003367
B12_deficiency,cbc,sigmoid_logit,no_hemoglobin,nested_development_oof,1,130,0.13843811782503365,0.15384615384615385
B12_deficiency,cbc,sigmoid_logit,no_hemoglobin,nested_development_oof,2,48,0.24346483634189584,0.3125
B12_deficiency,cbc,sigmoid_logit,no_hemoglobin,nested_development_oof,3,48,0.3449314942384553,0.4166666666666667
B12_deficiency,cbc,sigmoid_logit,no_hemoglobin,nested_development_oof,4,34,0.44433774977466645,0.5
B12_deficiency,cbc,sigmoid_logit,no_hemoglobin,nested_development_oof,5,29,0.5518137666148292,0.5862068965517241
B12_deficiency,cbc,sigmoid_logit,no_hemoglobin,nested_development_oof,6,20,0.6484223078011402,0.35
B12_deficiency,cbc,sigmoid_logit,no_hemoglobin,nested_development_oof,7,30,0.7529538701446121,0.6333333333333333
B12_deficiency,cbc,sigmoid_logit,no_hemoglobin,nested_development_oof,8,26,0.8577378161164272,0.7692307692307693
B12_deficiency,cbc,sigmoid_logit,no_hemoglobin,nested_development_oof,9,10,0.941882678867325,1.0
B12_deficiency,cbc,sigmoid_logit,no_demographics,nested_development_oof,0,294,0.051101883392992764,0.027210884353741496
B12_deficiency,cbc,sigmoid_logit,no_demographics,nested_development_oof,1,131,0.13717868534245997,0.19083969465648856
B12_deficiency,cbc,sigmoid_logit,no_demographics,nested_development_oof,2,63,0.24879256252225607,0.23809523809523808
B12_deficiency,cbc,sigmoid_logit,no_demographics,nested_development_oof,3,45,0.3498118883762158,0.5111111111111111
B12_deficiency,cbc,sigmoid_logit,no_demographics,nested_development_oof,4,31,0.4396401804920519,0.4838709677419355
B12_deficiency,cbc,sigmoid_logit,no_demographics,nested_development_oof,5,30,0.556815992199842,0.43333333333333335
B12_deficiency,cbc,sigmoid_logit,no_demographics,nested_development_oof,6,27,0.6451177854623874,0.6296296296296297
B12_deficiency,cbc,sigmoid_logit,no_demographics,nested_development_oof,7,25,0.752002687059484,0.64
B12_deficiency,cbc,sigmoid_logit,no_demographics,nested_development_oof,8,17,0.8454216276124176,0.8235294117647058
B12_deficiency,cbc,sigmoid_logit,no_demographics,nested_development_oof,9,9,0.9231059669786118,1.0
folate_deficiency,primary,identity,available,nested_development_oof,0,477,0.025954104120320065,0.016771488469601678
folate_deficiency,primary,identity,available,nested_development_oof,1,43,0.14864570167303626,0.11627906976744186
folate_deficiency,primary,identity,available,nested_development_oof,2,26,0.240898547641225,0.4230769230769231
folate_deficiency,primary,identity,available,nested_development_oof,3,19,0.3349724798122087,0.2631578947368421
folate_deficiency,primary,identity,available,nested_development_oof,4,18,0.45628946011074817,0.5
folate_deficiency,primary,identity,available,nested_development_oof,5,7,0.5579167478998717,0.42857142857142855
folate_deficiency,primary,identity,available,nested_development_oof,6,11,0.6461257527848935,0.8181818181818182
folate_deficiency,primary,identity,available,nested_development_oof,7,13,0.7612882849660749,0.9230769230769231
folate_deficiency,primary,identity,available,nested_development_oof,8,16,0.8675078067432347,1.0
folate_deficiency,primary,identity,available,nested_development_oof,9,42,0.9579376314166191,1.0
folate_deficiency,primary,identity,drop30,nested_development_oof,0,432,0.033614490240755496,0.037037037037037035
folate_deficiency,primary,identity,drop30,nested_development_oof,1,89,0.13511433711691684,0.15730337078651685
folate_deficiency,primary,identity,drop30,nested_development_oof,2,40,0.2392993384604784,0.225
folate_deficiency,primary,identity,drop30,nested_development_oof,3,19,0.349772524933917,0.2631578947368421
folate_deficiency,primary,identity,drop30,nested_development_oof,4,17,0.44368526089158333,0.6470588235294118
folate_deficiency,primary,identity,drop30,nested_development_oof,5,13,0.5377810345293237,0.5384615384615384
folate_deficiency,primary,identity,drop30,nested_development_oof,6,7,0.6512742649425503,0.5714285714285714
folate_deficiency,primary,identity,drop30,nested_development_oof,7,11,0.7587963751315695,0.9090909090909091
folate_deficiency,primary,identity,drop30,nested_development_oof,8,12,0.846790654856279,1.0
folate_deficiency,primary,identity,drop30,nested_development_oof,9,32,0.9492562879248515,1.0
folate_deficiency,primary,identity,drop60,nested_development_oof,0,384,0.04809009642294589,0.06770833333333333
folate_deficiency,primary,identity,drop60,nested_development_oof,1,151,0.14163435141182282,0.16556291390728478
folate_deficiency,primary,identity,drop60,nested_development_oof,2,58,0.24867238738601738,0.20689655172413793
folate_deficiency,primary,identity,drop60,nested_development_oof,3,24,0.352434799192156,0.4166666666666667
folate_deficiency,primary,identity,drop60,nested_development_oof,4,7,0.43046020991715,0.42857142857142855
folate_deficiency,primary,identity,drop60,nested_development_oof,5,11,0.5392490528130757,0.7272727272727273
folate_deficiency,primary,identity,drop60,nested_development_oof,6,3,0.6695194560647743,0.6666666666666666
folate_deficiency,primary,identity,drop60,nested_development_oof,7,8,0.7405450098167035,1.0
folate_deficiency,primary,identity,drop60,nested_development_oof,8,11,0.8500259133296361,1.0
folate_deficiency,primary,identity,drop60,nested_development_oof,9,15,0.9341555708653525,1.0
folate_deficiency,primary,identity,cbc_only,nested_development_oof,0,356,0.04591780959473423,0.06179775280898876
folate_deficiency,primary,identity,cbc_only,nested_development_oof,1,127,0.1420366721677128,0.1732283464566929
folate_deficiency,primary,identity,cbc_only,nested_development_oof,2,62,0.2472921408388628,0.3225806451612903
folate_deficiency,primary,identity,cbc_only,nested_development_oof,3,41,0.34616352007572015,0.2926829268292683
folate_deficiency,primary,identity,cbc_only,nested_development_oof,4,34,0.46292384805240594,0.4411764705882353
folate_deficiency,primary,identity,cbc_only,nested_development_oof,5,24,0.5442766533392392,0.5416666666666666
folate_deficiency,primary,identity,cbc_only,nested_development_oof,6,18,0.6354114277689865,0.6666666666666666
folate_deficiency,primary,identity,cbc_only,nested_development_oof,7,9,0.7437493351977089,0.3333333333333333
folate_deficiency,primary,identity,cbc_only,nested_development_oof,8,1,0.8192307384751997,1.0
folate_deficiency,primary,identity,hb_only,nested_development_oof,0,238,0.07132932553194242,0.10084033613445378
folate_deficiency,primary,identity,hb_only,nested_development_oof,1,291,0.140722791743013,0.21993127147766323
folate_deficiency,primary,identity,hb_only,nested_development_oof,2,142,0.22421194783476686,0.22535211267605634
folate_deficiency,primary,identity,hb_only,nested_development_oof,4,1,0.4336231486273516,0.0
folate_deficiency,primary,identity,no_iron,nested_development_oof,0,467,0.027280521560644356,0.01284796573875803
folate_deficiency,primary,identity,no_iron,nested_development_oof,1,51,0.14754854825073338,0.13725490196078433
folate_deficiency,primary,identity,no_iron,nested_development_oof,2,30,0.24385205677194585,0.36666666666666664
folate_deficiency,primary,identity,no_iron,nested_development_oof,3,18,0.3328700581988031,0.3333333333333333
folate_deficiency,primary,identity,no_iron,nested_development_oof,4,12,0.4449663592386283,0.4166666666666667
folate_deficiency,primary,identity,no_iron,nested_development_oof,5,15,0.5430634844693913,0.5333333333333333
folate_deficiency,primary,identity,no_iron,nested_development_oof,6,9,0.6482608156528935,0.7777777777777778
folate_deficiency,primary,identity,no_iron,nested_development_oof,7,6,0.7568339322072667,1.0
folate_deficiency,primary,identity,no_iron,nested_development_oof,8,21,0.8563195512023779,1.0
folate_deficiency,primary,identity,no_iron,nested_development_oof,9,43,0.960408083272328,1.0
folate_deficiency,primary,identity,no_B12,nested_development_oof,0,457,0.026262617039899763,0.019693654266958426
folate_deficiency,primary,identity,no_B12,nested_development_oof,1,51,0.14237233160667945,0.0784313725490196
folate_deficiency,primary,identity,no_B12,nested_development_oof,2,33,0.24483550035228635,0.30303030303030304
folate_deficiency,primary,identity,no_B12,nested_development_oof,3,23,0.3621136721961065,0.2608695652173913
folate_deficiency,primary,identity,no_B12,nested_development_oof,4,12,0.4467727707644898,0.5833333333333334
folate_deficiency,primary,identity,no_B12,nested_development_oof,5,16,0.543296039143715,0.5625
folate_deficiency,primary,identity,no_B12,nested_development_oof,6,14,0.6418137019631606,0.7142857142857143
folate_deficiency,primary,identity,no_B12,nested_development_oof,7,10,0.7542447147160154,0.9
folate_deficiency,primary,identity,no_B12,nested_development_oof,8,13,0.8686841937329164,1.0
folate_deficiency,primary,identity,no_B12,nested_development_oof,9,43,0.9520833423639417,1.0
folate_deficiency,primary,identity,no_folate,nested_development_oof,0,473,0.03645938510474006,0.0824524312896406
folate_deficiency,primary,identity,no_folate,nested_development_oof,1,90,0.14144256728518873,0.2777777777777778
folate_deficiency,primary,identity,no_folate,nested_development_oof,2,35,0.2509524363268468,0.4
folate_deficiency,primary,identity,no_folate,nested_development_oof,3,34,0.34557605938144725,0.5882352941176471
folate_deficiency,primary,identity,no_folate,nested_development_oof,4,19,0.462042019574836,0.42105263157894735
folate_deficiency,primary,identity,no_folate,nested_development_oof,5,12,0.5485943483890549,0.5833333333333334
folate_deficiency,primary,identity,no_folate,nested_development_oof,6,5,0.6624752079173755,1.0
folate_deficiency,primary,identity,no_folate,nested_development_oof,7,4,0.7467270807226322,0.5
folate_deficiency,primary,identity,no_B6,nested_development_oof,0,475,0.025836056326479673,0.014736842105263158
folate_deficiency,primary,identity,no_B6,nested_development_oof,1,44,0.14626426039312543,0.13636363636363635
folate_deficiency,primary,identity,no_B6,nested_development_oof,2,27,0.24190416087041008,0.4074074074074074
folate_deficiency,primary,identity,no_B6,nested_development_oof,3,17,0.3316725176985879,0.23529411764705882
folate_deficiency,primary,identity,no_B6,nested_development_oof,4,18,0.44981426357983323,0.4444444444444444
folate_deficiency,primary,identity,no_B6,nested_development_oof,5,9,0.5706005101212058,0.5555555555555556
folate_deficiency,primary,identity,no_B6,nested_development_oof,6,12,0.6427435966965286,0.75
folate_deficiency,primary,identity,no_B6,nested_development_oof,7,12,0.7721655897787395,1.0
folate_deficiency,primary,identity,no_B6,nested_development_oof,8,16,0.8713228375428996,1.0
folate_deficiency,primary,identity,no_B6,nested_development_oof,9,42,0.9588942964663454,1.0
folate_deficiency,primary,identity,no_copper,nested_development_oof,0,475,0.026042804364681326,0.016842105263157894
folate_deficiency,primary,identity,no_copper,nested_development_oof,1,41,0.14694469219388967,0.12195121951219512
folate_deficiency,primary,identity,no_copper,nested_development_oof,2,30,0.24582032915903185,0.36666666666666664
folate_deficiency,primary,identity,no_copper,nested_development_oof,3,20,0.338992495736696,0.3
folate_deficiency,primary,identity,no_copper,nested_development_oof,4,13,0.46261874711162326,0.46153846153846156
folate_deficiency,primary,identity,no_copper,nested_development_oof,5,10,0.5495239325012953,0.4
folate_deficiency,primary,identity,no_copper,nested_development_oof,6,12,0.6473969976374285,0.8333333333333334
folate_deficiency,primary,identity,no_copper,nested_development_oof,7,11,0.7548718168955394,0.9090909090909091
folate_deficiency,primary,identity,no_copper,nested_development_oof,8,17,0.8599607430444042,1.0
folate_deficiency,primary,identity,no_copper,nested_development_oof,9,43,0.9574952439031447,1.0
folate_deficiency,primary,identity,no_hemoglobin,nested_development_oof,0,462,0.026040993635714653,0.012987012987012988
folate_deficiency,primary,identity,no_hemoglobin,nested_development_oof,1,50,0.1427538889803165,0.1
folate_deficiency,primary,identity,no_hemoglobin,nested_development_oof,2,32,0.2342584873808179,0.375
folate_deficiency,primary,identity,no_hemoglobin,nested_development_oof,3,18,0.34768873341267686,0.3333333333333333
folate_deficiency,primary,identity,no_hemoglobin,nested_development_oof,4,18,0.44809860456214273,0.4444444444444444
folate_deficiency,primary,identity,no_hemoglobin,nested_development_oof,5,7,0.5213189140810124,0.2857142857142857
folate_deficiency,primary,identity,no_hemoglobin,nested_development_oof,6,11,0.6443087372707361,0.7272727272727273
folate_deficiency,primary,identity,no_hemoglobin,nested_development_oof,7,12,0.7631793934327641,0.9166666666666666
folate_deficiency,primary,identity,no_hemoglobin,nested_development_oof,8,17,0.8517954537401525,1.0
folate_deficiency,primary,identity,no_hemoglobin,nested_development_oof,9,45,0.9576414633149058,1.0
folate_deficiency,primary,identity,no_demographics,nested_development_oof,0,512,0.01940625349156682,0.03125
folate_deficiency,primary,identity,no_demographics,nested_development_oof,1,48,0.1461692788307262,0.3125
folate_deficiency,primary,identity,no_demographics,nested_development_oof,2,17,0.25058197090034157,0.29411764705882354
folate_deficiency,primary,identity,no_demographics,nested_development_oof,3,13,0.3378905520110683,0.3076923076923077
folate_deficiency,primary,identity,no_demographics,nested_development_oof,4,9,0.4497999071937857,0.7777777777777778
folate_deficiency,primary,identity,no_demographics,nested_development_oof,5,6,0.5605360858700255,1.0
folate_deficiency,primary,identity,no_demographics,nested_development_oof,6,7,0.667525308824796,1.0
folate_deficiency,primary,identity,no_demographics,nested_development_oof,7,12,0.7624257072245024,1.0
folate_deficiency,primary,identity,no_demographics,nested_development_oof,8,19,0.8510829447011012,1.0
folate_deficiency,primary,identity,no_demographics,nested_development_oof,9,29,0.9467685886217292,1.0
folate_deficiency,primary,temperature,available,nested_development_oof,0,455,0.02915845089832198,0.015384615384615385
folate_deficiency,primary,temperature,available,nested_development_oof,1,60,0.1408939219005442,0.08333333333333333
folate_deficiency,primary,temperature,available,nested_development_oof,2,28,0.24199453157799505,0.39285714285714285
folate_deficiency,primary,temperature,available,nested_development_oof,3,22,0.34110141563954866,0.2727272727272727
folate_deficiency,primary,temperature,available,nested_development_oof,4,18,0.4599175820924728,0.5
folate_deficiency,primary,temperature,available,nested_development_oof,5,8,0.5595211528177202,0.5
folate_deficiency,primary,temperature,available,nested_development_oof,6,11,0.6446238767605182,0.7272727272727273
folate_deficiency,primary,temperature,available,nested_development_oof,7,13,0.751880912852894,1.0
folate_deficiency,primary,temperature,available,nested_development_oof,8,17,0.8591766739576993,1.0
folate_deficiency,primary,temperature,available,nested_development_oof,9,40,0.9518002608673424,1.0
folate_deficiency,primary,temperature,drop30,nested_development_oof,0,401,0.03666347149153377,0.032418952618453865
folate_deficiency,primary,temperature,drop30,nested_development_oof,1,114,0.13729251921614635,0.13157894736842105
folate_deficiency,primary,temperature,drop30,nested_development_oof,2,41,0.24165696068603507,0.1951219512195122
folate_deficiency,primary,temperature,drop30,nested_development_oof,3,23,0.34627859901457453,0.34782608695652173
folate_deficiency,primary,temperature,drop30,nested_development_oof,4,18,0.4456265882171565,0.6111111111111112
folate_deficiency,primary,temperature,drop30,nested_development_oof,5,15,0.5423771042998405,0.5333333333333333
folate_deficiency,primary,temperature,drop30,nested_development_oof,6,6,0.6656591555497389,0.6666666666666666
folate_deficiency,primary,temperature,drop30,nested_development_oof,7,12,0.7528854490122118,0.9166666666666666
folate_deficiency,primary,temperature,drop30,nested_development_oof,8,15,0.855064083103844,1.0
folate_deficiency,primary,temperature,drop30,nested_development_oof,9,27,0.9481886764696904,1.0
folate_deficiency,primary,temperature,drop60,nested_development_oof,0,346,0.05322569479668931,0.057803468208092484
folate_deficiency,primary,temperature,drop60,nested_development_oof,1,171,0.1423810868430728,0.15789473684210525
folate_deficiency,primary,temperature,drop60,nested_development_oof,2,67,0.24346405712754746,0.22388059701492538
folate_deficiency,primary,temperature,drop60,nested_development_oof,3,31,0.3433281033284939,0.2903225806451613
folate_deficiency,primary,temperature,drop60,nested_development_oof,4,9,0.42976702284738066,0.5555555555555556
folate_deficiency,primary,temperature,drop60,nested_development_oof,5,11,0.5368484261879455,0.7272727272727273
folate_deficiency,primary,temperature,drop60,nested_development_oof,6,4,0.6636904627186242,0.75
folate_deficiency,primary,temperature,drop60,nested_development_oof,7,9,0.7435494853820538,1.0
folate_deficiency,primary,temperature,drop60,nested_development_oof,8,11,0.8507314657998606,1.0
folate_deficiency,primary,temperature,drop60,nested_development_oof,9,13,0.9256209071550028,1.0
folate_deficiency,primary,temperature,cbc_only,nested_development_oof,0,319,0.05033712996945563,0.06583072100313479
folate_deficiency,primary,temperature,cbc_only,nested_development_oof,1,153,0.1425894416944879,0.13071895424836602
folate_deficiency,primary,temperature,cbc_only,nested_development_oof,2,65,0.24890532050865657,0.2923076923076923
folate_deficiency,primary,temperature,cbc_only,nested_development_oof,3,49,0.34869969319580657,0.32653061224489793
folate_deficiency,primary,temperature,cbc_only,nested_development_oof,4,34,0.4655235172697779,0.4411764705882353
folate_deficiency,primary,temperature,cbc_only,nested_development_oof,5,27,0.5470020119816148,0.5555555555555556
folate_deficiency,primary,temperature,cbc_only,nested_development_oof,6,17,0.6394162646480683,0.6470588235294118
folate_deficiency,primary,temperature,cbc_only,nested_development_oof,7,8,0.7467783452939889,0.375
folate_deficiency,primary,temperature,hb_only,nested_development_oof,0,175,0.07707358618610803,0.10857142857142857
folate_deficiency,primary,temperature,hb_only,nested_development_oof,1,317,0.14181745580380353,0.1892744479495268
folate_deficiency,primary,temperature,hb_only,nested_development_oof,2,179,0.23408946946344267,0.22905027932960895
folate_deficiency,primary,temperature,hb_only,nested_development_oof,4,1,0.4396844621027406,0.0
folate_deficiency,primary,temperature,no_iron,nested_development_oof,0,451,0.031755827420853554,0.013303769401330377
folate_deficiency,primary,temperature,no_iron,nested_development_oof,1,60,0.1448468303631288,0.05
folate_deficiency,primary,temperature,no_iron,nested_development_oof,2,35,0.24566967477998058,0.4
folate_deficiency,primary,temperature,no_iron,nested_development_oof,3,19,0.33817710276130214,0.3684210526315789
folate_deficiency,primary,temperature,no_iron,nested_development_oof,4,13,0.4454081630612726,0.38461538461538464
folate_deficiency,primary,temperature,no_iron,nested_development_oof,5,16,0.5432071970787082,0.5625
folate_deficiency,primary,temperature,no_iron,nested_development_oof,6,10,0.6534797958623091,0.8
folate_deficiency,primary,temperature,no_iron,nested_development_oof,7,8,0.7764179603168736,1.0
folate_deficiency,primary,temperature,no_iron,nested_development_oof,8,19,0.8563386790421098,1.0
folate_deficiency,primary,temperature,no_iron,nested_development_oof,9,41,0.954130926952083,1.0
folate_deficiency,primary,temperature,no_B12,nested_development_oof,0,442,0.030639755222848734,0.01809954751131222
folate_deficiency,primary,temperature,no_B12,nested_development_oof,1,57,0.1382547291315059,0.08771929824561403
folate_deficiency,primary,temperature,no_B12,nested_development_oof,2,40,0.24609622895756633,0.225
folate_deficiency,primary,temperature,no_B12,nested_development_oof,3,22,0.3615765837867879,0.2727272727272727
folate_deficiency,primary,temperature,no_B12,nested_development_oof,4,15,0.4415077292327157,0.5333333333333333
folate_deficiency,primary,temperature,no_B12,nested_development_oof,5,19,0.5482646533508968,0.631578947368421
folate_deficiency,primary,temperature,no_B12,nested_development_oof,6,12,0.6462242065269699,0.5833333333333334
folate_deficiency,primary,temperature,no_B12,nested_development_oof,7,10,0.7478469963476697,1.0
folate_deficiency,primary,temperature,no_B12,nested_development_oof,8,17,0.8668434133699853,1.0
folate_deficiency,primary,temperature,no_B12,nested_development_oof,9,38,0.9492130809666489,1.0
folate_deficiency,primary,temperature,no_folate,nested_development_oof,0,446,0.04154338384387602,0.07623318385650224
folate_deficiency,primary,temperature,no_folate,nested_development_oof,1,108,0.14093423152353088,0.25
folate_deficiency,primary,temperature,no_folate,nested_development_oof,2,36,0.2425307660186398,0.4166666666666667
folate_deficiency,primary,temperature,no_folate,nested_development_oof,3,39,0.34412791067118037,0.5128205128205128
folate_deficiency,primary,temperature,no_folate,nested_development_oof,4,22,0.45608510966998544,0.45454545454545453
folate_deficiency,primary,temperature,no_folate,nested_development_oof,5,12,0.5454413699887495,0.5833333333333334
folate_deficiency,primary,temperature,no_folate,nested_development_oof,6,6,0.6560409405199116,0.8333333333333334
folate_deficiency,primary,temperature,no_folate,nested_development_oof,7,3,0.7378192420016282,0.6666666666666666
folate_deficiency,primary,temperature,no_B6,nested_development_oof,0,453,0.02901628675281576,0.01545253863134658
folate_deficiency,primary,temperature,no_B6,nested_development_oof,1,62,0.14053017530941442,0.08064516129032258
folate_deficiency,primary,temperature,no_B6,nested_development_oof,2,27,0.2422784427349814,0.37037037037037035
folate_deficiency,primary,temperature,no_B6,nested_development_oof,3,21,0.3367236551003018,0.2857142857142857
folate_deficiency,primary,temperature,no_B6,nested_development_oof,4,18,0.453759527985008,0.4444444444444444
folate_deficiency,primary,temperature,no_B6,nested_development_oof,5,11,0.5718945905450727,0.5454545454545454
folate_deficiency,primary,temperature,no_B6,nested_development_oof,6,10,0.6388441298428655,0.8
folate_deficiency,primary,temperature,no_B6,nested_development_oof,7,13,0.7581692381839183,1.0
folate_deficiency,primary,temperature,no_B6,nested_development_oof,8,17,0.8628635414718795,1.0
folate_deficiency,primary,temperature,no_B6,nested_development_oof,9,40,0.9529510865373425,1.0
folate_deficiency,primary,temperature,no_copper,nested_development_oof,0,452,0.029120441300742605,0.015486725663716814
folate_deficiency,primary,temperature,no_copper,nested_development_oof,1,60,0.1389548094742361,0.08333333333333333
folate_deficiency,primary,temperature,no_copper,nested_development_oof,2,31,0.24986145960361505,0.3548387096774194
folate_deficiency,primary,temperature,no_copper,nested_development_oof,3,22,0.3420156165277817,0.3181818181818182
folate_deficiency,primary,temperature,no_copper,nested_development_oof,4,14,0.4611011441097945,0.42857142857142855
folate_deficiency,primary,temperature,no_copper,nested_development_oof,5,11,0.5506964133972173,0.45454545454545453
folate_deficiency,primary,temperature,no_copper,nested_development_oof,6,12,0.6451745732557093,0.75
folate_deficiency,primary,temperature,no_copper,nested_development_oof,7,13,0.753177303521305,1.0
folate_deficiency,primary,temperature,no_copper,nested_development_oof,8,16,0.8593091399203341,1.0
folate_deficiency,primary,temperature,no_copper,nested_development_oof,9,41,0.9512844760367872,1.0
folate_deficiency,primary,temperature,no_hemoglobin,nested_development_oof,0,442,0.02957083056654078,0.013574660633484163
folate_deficiency,primary,temperature,no_hemoglobin,nested_development_oof,1,60,0.13430563242307722,0.06666666666666667
folate_deficiency,primary,temperature,no_hemoglobin,nested_development_oof,2,40,0.23661449468413673,0.3
folate_deficiency,primary,temperature,no_hemoglobin,nested_development_oof,3,19,0.35091213074425043,0.3684210526315789
folate_deficiency,primary,temperature,no_hemoglobin,nested_development_oof,4,19,0.4497399687478791,0.42105263157894735
folate_deficiency,primary,temperature,no_hemoglobin,nested_development_oof,5,7,0.5199586578612626,0.2857142857142857
folate_deficiency,primary,temperature,no_hemoglobin,nested_development_oof,6,11,0.634156758179159,0.7272727272727273
folate_deficiency,primary,temperature,no_hemoglobin,nested_development_oof,7,15,0.7557158723374173,0.9333333333333333
folate_deficiency,primary,temperature,no_hemoglobin,nested_development_oof,8,18,0.8553931244781733,1.0
folate_deficiency,primary,temperature,no_hemoglobin,nested_development_oof,9,41,0.9536608684225307,1.0
folate_deficiency,primary,temperature,no_demographics,nested_development_oof,0,496,0.022151534796931875,0.02217741935483871
folate_deficiency,primary,temperature,no_demographics,nested_development_oof,1,54,0.13882709292073933,0.3333333333333333
folate_deficiency,primary,temperature,no_demographics,nested_development_oof,2,25,0.2395693372270263,0.24
folate_deficiency,primary,temperature,no_demographics,nested_development_oof,3,13,0.33340604812494967,0.3076923076923077
folate_deficiency,primary,temperature,no_demographics,nested_development_oof,4,11,0.44501710775108433,0.7272727272727273
folate_deficiency,primary,temperature,no_demographics,nested_development_oof,5,6,0.5558309784905179,1.0
folate_deficiency,primary,temperature,no_demographics,nested_development_oof,6,9,0.6636912438675876,1.0
folate_deficiency,primary,temperature,no_demographics,nested_development_oof,7,14,0.7667991444990274,1.0
folate_deficiency,primary,temperature,no_demographics,nested_development_oof,8,16,0.8502328462413251,1.0
folate_deficiency,primary,temperature,no_demographics,nested_development_oof,9,28,0.9376625650286121,1.0
folate_deficiency,primary,sigmoid_logit,available,nested_development_oof,0,450,0.027823861722830526,0.015555555555555555
folate_deficiency,primary,sigmoid_logit,available,nested_development_oof,1,55,0.13722013993283252,0.03636363636363636
folate_deficiency,primary,sigmoid_logit,available,nested_development_oof,2,32,0.24709826312452174,0.40625
folate_deficiency,primary,sigmoid_logit,available,nested_development_oof,3,20,0.35189365062901007,0.2
folate_deficiency,primary,sigmoid_logit,available,nested_development_oof,4,13,0.4374717716424707,0.3076923076923077
folate_deficiency,primary,sigmoid_logit,available,nested_development_oof,5,13,0.5336606314979669,0.6153846153846154
folate_deficiency,primary,sigmoid_logit,available,nested_development_oof,6,14,0.6536001752719656,0.5714285714285714
folate_deficiency,primary,sigmoid_logit,available,nested_development_oof,7,9,0.7637428082090509,0.8888888888888888
folate_deficiency,primary,sigmoid_logit,available,nested_development_oof,8,16,0.845441668714045,1.0
folate_deficiency,primary,sigmoid_logit,available,nested_development_oof,9,50,0.9591277163054032,1.0
folate_deficiency,primary,sigmoid_logit,drop30,nested_development_oof,0,395,0.03542378508521369,0.03291139240506329
folate_deficiency,primary,sigmoid_logit,drop30,nested_development_oof,1,114,0.14286914235198794,0.10526315789473684
folate_deficiency,primary,sigmoid_logit,drop30,nested_development_oof,2,38,0.25208145270239274,0.23684210526315788
folate_deficiency,primary,sigmoid_logit,drop30,nested_development_oof,3,20,0.34358784053483804,0.35
folate_deficiency,primary,sigmoid_logit,drop30,nested_development_oof,4,20,0.4397006989116673,0.4
folate_deficiency,primary,sigmoid_logit,drop30,nested_development_oof,5,18,0.551451620841014,0.5555555555555556
folate_deficiency,primary,sigmoid_logit,drop30,nested_development_oof,6,9,0.644831571379672,0.5555555555555556
folate_deficiency,primary,sigmoid_logit,drop30,nested_development_oof,7,8,0.7598322786104446,0.75
folate_deficiency,primary,sigmoid_logit,drop30,nested_development_oof,8,15,0.8504126126982597,1.0
folate_deficiency,primary,sigmoid_logit,drop30,nested_development_oof,9,35,0.9570515102365243,1.0
folate_deficiency,primary,sigmoid_logit,drop60,nested_development_oof,0,328,0.05139586222662735,0.04878048780487805
folate_deficiency,primary,sigmoid_logit,drop60,nested_development_oof,1,168,0.1419257132667963,0.17261904761904762
folate_deficiency,primary,sigmoid_logit,drop60,nested_development_oof,2,71,0.243764517198834,0.18309859154929578
folate_deficiency,primary,sigmoid_logit,drop60,nested_development_oof,3,36,0.34162758971416235,0.2222222222222222
folate_deficiency,primary,sigmoid_logit,drop60,nested_development_oof,4,19,0.4436086535859196,0.5263157894736842
folate_deficiency,primary,sigmoid_logit,drop60,nested_development_oof,5,8,0.5807857144215829,0.5
folate_deficiency,primary,sigmoid_logit,drop60,nested_development_oof,6,6,0.6501364788252257,0.8333333333333334
folate_deficiency,primary,sigmoid_logit,drop60,nested_development_oof,7,7,0.7453089193605936,0.8571428571428571
folate_deficiency,primary,sigmoid_logit,drop60,nested_development_oof,8,11,0.8571180886805063,1.0
folate_deficiency,primary,sigmoid_logit,drop60,nested_development_oof,9,18,0.9421451903541441,1.0
folate_deficiency,primary,sigmoid_logit,cbc_only,nested_development_oof,0,307,0.04877260812444608,0.06514657980456026
folate_deficiency,primary,sigmoid_logit,cbc_only,nested_development_oof,1,143,0.14192793089958577,0.11188811188811189
folate_deficiency,primary,sigmoid_logit,cbc_only,nested_development_oof,2,66,0.24388089905266477,0.30303030303030304
folate_deficiency,primary,sigmoid_logit,cbc_only,nested_development_oof,3,50,0.34787211803698115,0.24
folate_deficiency,primary,sigmoid_logit,cbc_only,nested_development_oof,4,26,0.4407537715939234,0.38461538461538464
folate_deficiency,primary,sigmoid_logit,cbc_only,nested_development_oof,5,38,0.5483880297792659,0.47368421052631576
folate_deficiency,primary,sigmoid_logit,cbc_only,nested_development_oof,6,24,0.6472281386384805,0.5416666666666666
folate_deficiency,primary,sigmoid_logit,cbc_only,nested_development_oof,7,14,0.742410732001199,0.7142857142857143
folate_deficiency,primary,sigmoid_logit,cbc_only,nested_development_oof,8,4,0.8254808659583315,0.25
folate_deficiency,primary,sigmoid_logit,hb_only,nested_development_oof,0,154,0.07714967872754314,0.09090909090909091
folate_deficiency,primary,sigmoid_logit,hb_only,nested_development_oof,1,271,0.1361975054078249,0.16236162361623616
folate_deficiency,primary,sigmoid_logit,hb_only,nested_development_oof,2,244,0.2448896706952865,0.2540983606557377
folate_deficiency,primary,sigmoid_logit,hb_only,nested_development_oof,3,2,0.3301679109234055,0.0
folate_deficiency,primary,sigmoid_logit,hb_only,nested_development_oof,5,1,0.5030758856425067,0.0
folate_deficiency,primary,sigmoid_logit,no_iron,nested_development_oof,0,445,0.030439142842487135,0.01348314606741573
folate_deficiency,primary,sigmoid_logit,no_iron,nested_development_oof,1,55,0.1409341848174194,0.05454545454545454
folate_deficiency,primary,sigmoid_logit,no_iron,nested_development_oof,2,34,0.24085005792526423,0.2647058823529412
folate_deficiency,primary,sigmoid_logit,no_iron,nested_development_oof,3,26,0.34662713973533144,0.38461538461538464
folate_deficiency,primary,sigmoid_logit,no_iron,nested_development_oof,4,14,0.4610307482016585,0.21428571428571427
folate_deficiency,primary,sigmoid_logit,no_iron,nested_development_oof,5,10,0.5623572661773139,0.6
folate_deficiency,primary,sigmoid_logit,no_iron,nested_development_oof,6,13,0.639217617889675,0.6923076923076923
folate_deficiency,primary,sigmoid_logit,no_iron,nested_development_oof,7,8,0.7440796959901497,0.875
folate_deficiency,primary,sigmoid_logit,no_iron,nested_development_oof,8,15,0.8589056720322831,1.0
folate_deficiency,primary,sigmoid_logit,no_iron,nested_development_oof,9,52,0.9593235435916388,1.0
folate_deficiency,primary,sigmoid_logit,no_B12,nested_development_oof,0,437,0.02939498203271649,0.018306636155606407
folate_deficiency,primary,sigmoid_logit,no_B12,nested_development_oof,1,56,0.13859101289462405,0.07142857142857142
folate_deficiency,primary,sigmoid_logit,no_B12,nested_development_oof,2,34,0.2507901243662718,0.17647058823529413
folate_deficiency,primary,sigmoid_logit,no_B12,nested_development_oof,3,22,0.346168947190085,0.3181818181818182
folate_deficiency,primary,sigmoid_logit,no_B12,nested_development_oof,4,22,0.45448828709281314,0.3181818181818182
folate_deficiency,primary,sigmoid_logit,no_B12,nested_development_oof,5,12,0.5609220903943514,0.6666666666666666
folate_deficiency,primary,sigmoid_logit,no_B12,nested_development_oof,6,16,0.6411417994843278,0.6875
folate_deficiency,primary,sigmoid_logit,no_B12,nested_development_oof,7,11,0.7424407621103761,0.6363636363636364
folate_deficiency,primary,sigmoid_logit,no_B12,nested_development_oof,8,12,0.8454708871105586,1.0
folate_deficiency,primary,sigmoid_logit,no_B12,nested_development_oof,9,50,0.956400657947976,1.0
folate_deficiency,primary,sigmoid_logit,no_folate,nested_development_oof,0,430,0.039212810375872834,0.07674418604651163
folate_deficiency,primary,sigmoid_logit,no_folate,nested_development_oof,1,111,0.13897716134657184,0.22522522522522523
folate_deficiency,primary,sigmoid_logit,no_folate,nested_development_oof,2,38,0.23928505445759934,0.3157894736842105
folate_deficiency,primary,sigmoid_logit,no_folate,nested_development_oof,3,35,0.34939683727904697,0.4857142857142857
folate_deficiency,primary,sigmoid_logit,no_folate,nested_development_oof,4,22,0.4376246717466959,0.5
folate_deficiency,primary,sigmoid_logit,no_folate,nested_development_oof,5,18,0.5485333162914395,0.5
folate_deficiency,primary,sigmoid_logit,no_folate,nested_development_oof,6,10,0.6325420682442061,0.7
folate_deficiency,primary,sigmoid_logit,no_folate,nested_development_oof,7,7,0.7427808164479666,0.7142857142857143
folate_deficiency,primary,sigmoid_logit,no_folate,nested_development_oof,8,1,0.8011836166579699,1.0
folate_deficiency,primary,sigmoid_logit,no_B6,nested_development_oof,0,447,0.027500429269240127,0.015659955257270694
folate_deficiency,primary,sigmoid_logit,no_B6,nested_development_oof,1,59,0.13798181407955368,0.03389830508474576
folate_deficiency,primary,sigmoid_logit,no_B6,nested_development_oof,2,30,0.2479015225156788,0.4
folate_deficiency,primary,sigmoid_logit,no_B6,nested_development_oof,3,21,0.3509721338171601,0.23809523809523808
folate_deficiency,primary,sigmoid_logit,no_B6,nested_development_oof,4,13,0.44777455239735936,0.3076923076923077
folate_deficiency,primary,sigmoid_logit,no_B6,nested_development_oof,5,12,0.5344102299005247,0.5
folate_deficiency,primary,sigmoid_logit,no_B6,nested_development_oof,6,15,0.6618150739473329,0.6666666666666666
folate_deficiency,primary,sigmoid_logit,no_B6,nested_development_oof,7,9,0.7558971938685608,0.8888888888888888
folate_deficiency,primary,sigmoid_logit,no_B6,nested_development_oof,8,16,0.8526037817539451,1.0
folate_deficiency,primary,sigmoid_logit,no_B6,nested_development_oof,9,50,0.9600401696540388,1.0
folate_deficiency,primary,sigmoid_logit,no_copper,nested_development_oof,0,447,0.02778077148777877,0.015659955257270694
folate_deficiency,primary,sigmoid_logit,no_copper,nested_development_oof,1,57,0.1374766350644585,0.03508771929824561
folate_deficiency,primary,sigmoid_logit,no_copper,nested_development_oof,2,28,0.2499349215755571,0.42857142857142855
folate_deficiency,primary,sigmoid_logit,no_copper,nested_development_oof,3,25,0.34630229651573147,0.24
folate_deficiency,primary,sigmoid_logit,no_copper,nested_development_oof,4,11,0.43241994503453507,0.36363636363636365
folate_deficiency,primary,sigmoid_logit,no_copper,nested_development_oof,5,15,0.5442465612436034,0.4666666666666667
folate_deficiency,primary,sigmoid_logit,no_copper,nested_development_oof,6,13,0.6579095347957118,0.6153846153846154
folate_deficiency,primary,sigmoid_logit,no_copper,nested_development_oof,7,9,0.7560783199110043,0.7777777777777778
folate_deficiency,primary,sigmoid_logit,no_copper,nested_development_oof,8,17,0.8438217898400255,1.0
folate_deficiency,primary,sigmoid_logit,no_copper,nested_development_oof,9,50,0.9600181802535803,1.0
folate_deficiency,primary,sigmoid_logit,no_hemoglobin,nested_development_oof,0,438,0.028340650020763497,0.0136986301369863
folate_deficiency,primary,sigmoid_logit,no_hemoglobin,nested_development_oof,1,57,0.13473754890700182,0.05263157894736842
folate_deficiency,primary,sigmoid_logit,no_hemoglobin,nested_development_oof,2,41,0.24917738988244045,0.24390243902439024
folate_deficiency,primary,sigmoid_logit,no_hemoglobin,nested_development_oof,3,19,0.3633711219282482,0.42105263157894735
folate_deficiency,primary,sigmoid_logit,no_hemoglobin,nested_development_oof,4,13,0.4504582360640524,0.23076923076923078
folate_deficiency,primary,sigmoid_logit,no_hemoglobin,nested_development_oof,5,17,0.5414377315770398,0.47058823529411764
folate_deficiency,primary,sigmoid_logit,no_hemoglobin,nested_development_oof,6,7,0.6559700037822045,0.5714285714285714
folate_deficiency,primary,sigmoid_logit,no_hemoglobin,nested_development_oof,7,9,0.7475554576049721,0.7777777777777778
folate_deficiency,primary,sigmoid_logit,no_hemoglobin,nested_development_oof,8,20,0.8399318929572459,1.0
folate_deficiency,primary,sigmoid_logit,no_hemoglobin,nested_development_oof,9,51,0.9606451406574003,1.0
folate_deficiency,primary,sigmoid_logit,no_demographics,nested_development_oof,0,495,0.021239994715917608,0.022222222222222223
folate_deficiency,primary,sigmoid_logit,no_demographics,nested_development_oof,1,49,0.14191236918685535,0.32653061224489793
folate_deficiency,primary,sigmoid_logit,no_demographics,nested_development_oof,2,25,0.24012434917106268,0.24
folate_deficiency,primary,sigmoid_logit,no_demographics,nested_development_oof,3,17,0.3514772687309757,0.29411764705882354
folate_deficiency,primary,sigmoid_logit,no_demographics,nested_development_oof,4,6,0.4506573882408642,0.5
folate_deficiency,primary,sigmoid_logit,no_demographics,nested_development_oof,5,7,0.5283505470453865,0.8571428571428571
folate_deficiency,primary,sigmoid_logit,no_demographics,nested_development_oof,6,8,0.6452973268085445,1.0
folate_deficiency,primary,sigmoid_logit,no_demographics,nested_development_oof,7,10,0.7558708182310845,1.0
folate_deficiency,primary,sigmoid_logit,no_demographics,nested_development_oof,8,20,0.8531684319795214,1.0
folate_deficiency,primary,sigmoid_logit,no_demographics,nested_development_oof,9,35,0.9515528167277724,1.0
folate_deficiency,cbc,identity,available,nested_development_oof,0,381,0.036351351492270575,0.07874015748031496
folate_deficiency,cbc,identity,available,nested_development_oof,1,112,0.14530903663808484,0.19642857142857142
folate_deficiency,cbc,identity,available,nested_development_oof,2,63,0.24653806962928349,0.2222222222222222
folate_deficiency,cbc,identity,available,nested_development_oof,3,30,0.3525475638589566,0.3333333333333333
folate_deficiency,cbc,identity,available,nested_development_oof,4,29,0.4502949691208181,0.3793103448275862
folate_deficiency,cbc,identity,available,nested_development_oof,5,21,0.5408111480755353,0.42857142857142855
folate_deficiency,cbc,identity,available,nested_development_oof,6,15,0.6368428948208545,0.5333333333333333
folate_deficiency,cbc,identity,available,nested_development_oof,7,12,0.7461687190613792,0.75
folate_deficiency,cbc,identity,available,nested_development_oof,8,9,0.8425174290084874,0.7777777777777778
folate_deficiency,cbc,identity,drop30,nested_development_oof,0,481,0.03541987320069253,0.12266112266112267
folate_deficiency,cbc,identity,drop30,nested_development_oof,1,80,0.13990852715893093,0.3
folate_deficiency,cbc,identity,drop30,nested_development_oof,2,39,0.24706982711182668,0.20512820512820512
folate_deficiency,cbc,identity,drop30,nested_development_oof,3,22,0.34394067857215255,0.2727272727272727
folate_deficiency,cbc,identity,drop30,nested_development_oof,4,15,0.44644425797146126,0.4666666666666667
folate_deficiency,cbc,identity,drop30,nested_development_oof,5,16,0.5432041891941272,0.4375
folate_deficiency,cbc,identity,drop30,nested_development_oof,6,11,0.6516621195396992,0.6363636363636364
folate_deficiency,cbc,identity,drop30,nested_development_oof,7,6,0.7546459108973113,0.16666666666666666
folate_deficiency,cbc,identity,drop30,nested_development_oof,8,2,0.8129831676710944,0.5
folate_deficiency,cbc,identity,drop60,nested_development_oof,0,546,0.02946132124985227,0.15934065934065933
folate_deficiency,cbc,identity,drop60,nested_development_oof,1,74,0.14293691295448893,0.2702702702702703
folate_deficiency,cbc,identity,drop60,nested_development_oof,2,24,0.24627529032482923,0.25
folate_deficiency,cbc,identity,drop60,nested_development_oof,3,11,0.3322201842742683,0.18181818181818182
folate_deficiency,cbc,identity,drop60,nested_development_oof,4,10,0.4416263649820354,0.1
folate_deficiency,cbc,identity,drop60,nested_development_oof,5,2,0.5551059921262387,0.5
folate_deficiency,cbc,identity,drop60,nested_development_oof,6,2,0.6610201078109619,0.5
folate_deficiency,cbc,identity,drop60,nested_development_oof,7,1,0.7894255566764081,1.0
folate_deficiency,cbc,identity,drop60,nested_development_oof,8,2,0.8012962136121641,0.5
folate_deficiency,cbc,identity,cbc_only,nested_development_oof,0,381,0.036351351492270575,0.07874015748031496
folate_deficiency,cbc,identity,cbc_only,nested_development_oof,1,112,0.14530903663808484,0.19642857142857142
folate_deficiency,cbc,identity,cbc_only,nested_development_oof,2,63,0.24653806962928349,0.2222222222222222
folate_deficiency,cbc,identity,cbc_only,nested_development_oof,3,30,0.3525475638589566,0.3333333333333333
folate_deficiency,cbc,identity,cbc_only,nested_development_oof,4,29,0.4502949691208181,0.3793103448275862
folate_deficiency,cbc,identity,cbc_only,nested_development_oof,5,21,0.5408111480755353,0.42857142857142855
folate_deficiency,cbc,identity,cbc_only,nested_development_oof,6,15,0.6368428948208545,0.5333333333333333
folate_deficiency,cbc,identity,cbc_only,nested_development_oof,7,12,0.7461687190613792,0.75
folate_deficiency,cbc,identity,cbc_only,nested_development_oof,8,9,0.8425174290084874,0.7777777777777778
folate_deficiency,cbc,identity,hb_only,nested_development_oof,0,575,0.03829248866620885,0.17739130434782607
folate_deficiency,cbc,identity,hb_only,nested_development_oof,1,91,0.1364278152920503,0.1978021978021978
folate_deficiency,cbc,identity,hb_only,nested_development_oof,2,6,0.21211873606853338,0.0
folate_deficiency,cbc,identity,no_iron,nested_development_oof,0,381,0.036351351492270575,0.07874015748031496
folate_deficiency,cbc,identity,no_iron,nested_development_oof,1,112,0.14530903663808484,0.19642857142857142
folate_deficiency,cbc,identity,no_iron,nested_development_oof,2,63,0.24653806962928349,0.2222222222222222
folate_deficiency,cbc,identity,no_iron,nested_development_oof,3,30,0.3525475638589566,0.3333333333333333
folate_deficiency,cbc,identity,no_iron,nested_development_oof,4,29,0.4502949691208181,0.3793103448275862
folate_deficiency,cbc,identity,no_iron,nested_development_oof,5,21,0.5408111480755353,0.42857142857142855
folate_deficiency,cbc,identity,no_iron,nested_development_oof,6,15,0.6368428948208545,0.5333333333333333
folate_deficiency,cbc,identity,no_iron,nested_development_oof,7,12,0.7461687190613792,0.75
folate_deficiency,cbc,identity,no_iron,nested_development_oof,8,9,0.8425174290084874,0.7777777777777778
folate_deficiency,cbc,identity,no_B12,nested_development_oof,0,381,0.036351351492270575,0.07874015748031496
folate_deficiency,cbc,identity,no_B12,nested_development_oof,1,112,0.14530903663808484,0.19642857142857142
folate_deficiency,cbc,identity,no_B12,nested_development_oof,2,63,0.24653806962928349,0.2222222222222222
folate_deficiency,cbc,identity,no_B12,nested_development_oof,3,30,0.3525475638589566,0.3333333333333333
folate_deficiency,cbc,identity,no_B12,nested_development_oof,4,29,0.4502949691208181,0.3793103448275862
folate_deficiency,cbc,identity,no_B12,nested_development_oof,5,21,0.5408111480755353,0.42857142857142855
folate_deficiency,cbc,identity,no_B12,nested_development_oof,6,15,0.6368428948208545,0.5333333333333333
folate_deficiency,cbc,identity,no_B12,nested_development_oof,7,12,0.7461687190613792,0.75
folate_deficiency,cbc,identity,no_B12,nested_development_oof,8,9,0.8425174290084874,0.7777777777777778
folate_deficiency,cbc,identity,no_folate,nested_development_oof,0,381,0.036351351492270575,0.07874015748031496
folate_deficiency,cbc,identity,no_folate,nested_development_oof,1,112,0.14530903663808484,0.19642857142857142
folate_deficiency,cbc,identity,no_folate,nested_development_oof,2,63,0.24653806962928349,0.2222222222222222
folate_deficiency,cbc,identity,no_folate,nested_development_oof,3,30,0.3525475638589566,0.3333333333333333
folate_deficiency,cbc,identity,no_folate,nested_development_oof,4,29,0.4502949691208181,0.3793103448275862
folate_deficiency,cbc,identity,no_folate,nested_development_oof,5,21,0.5408111480755353,0.42857142857142855
folate_deficiency,cbc,identity,no_folate,nested_development_oof,6,15,0.6368428948208545,0.5333333333333333
folate_deficiency,cbc,identity,no_folate,nested_development_oof,7,12,0.7461687190613792,0.75
folate_deficiency,cbc,identity,no_folate,nested_development_oof,8,9,0.8425174290084874,0.7777777777777778
folate_deficiency,cbc,identity,no_B6,nested_development_oof,0,381,0.036351351492270575,0.07874015748031496
folate_deficiency,cbc,identity,no_B6,nested_development_oof,1,112,0.14530903663808484,0.19642857142857142
folate_deficiency,cbc,identity,no_B6,nested_development_oof,2,63,0.24653806962928349,0.2222222222222222
folate_deficiency,cbc,identity,no_B6,nested_development_oof,3,30,0.3525475638589566,0.3333333333333333
folate_deficiency,cbc,identity,no_B6,nested_development_oof,4,29,0.4502949691208181,0.3793103448275862
folate_deficiency,cbc,identity,no_B6,nested_development_oof,5,21,0.5408111480755353,0.42857142857142855
folate_deficiency,cbc,identity,no_B6,nested_development_oof,6,15,0.6368428948208545,0.5333333333333333
folate_deficiency,cbc,identity,no_B6,nested_development_oof,7,12,0.7461687190613792,0.75
folate_deficiency,cbc,identity,no_B6,nested_development_oof,8,9,0.8425174290084874,0.7777777777777778
folate_deficiency,cbc,identity,no_copper,nested_development_oof,0,381,0.036351351492270575,0.07874015748031496
folate_deficiency,cbc,identity,no_copper,nested_development_oof,1,112,0.14530903663808484,0.19642857142857142
folate_deficiency,cbc,identity,no_copper,nested_development_oof,2,63,0.24653806962928349,0.2222222222222222
folate_deficiency,cbc,identity,no_copper,nested_development_oof,3,30,0.3525475638589566,0.3333333333333333
folate_deficiency,cbc,identity,no_copper,nested_development_oof,4,29,0.4502949691208181,0.3793103448275862
folate_deficiency,cbc,identity,no_copper,nested_development_oof,5,21,0.5408111480755353,0.42857142857142855
folate_deficiency,cbc,identity,no_copper,nested_development_oof,6,15,0.6368428948208545,0.5333333333333333
folate_deficiency,cbc,identity,no_copper,nested_development_oof,7,12,0.7461687190613792,0.75
folate_deficiency,cbc,identity,no_copper,nested_development_oof,8,9,0.8425174290084874,0.7777777777777778
folate_deficiency,cbc,identity,no_hemoglobin,nested_development_oof,0,370,0.0388512526137877,0.05945945945945946
folate_deficiency,cbc,identity,no_hemoglobin,nested_development_oof,1,114,0.14895051670328813,0.21929824561403508
folate_deficiency,cbc,identity,no_hemoglobin,nested_development_oof,2,57,0.244463094288468,0.2807017543859649
folate_deficiency,cbc,identity,no_hemoglobin,nested_development_oof,3,33,0.34920613867799866,0.36363636363636365
folate_deficiency,cbc,identity,no_hemoglobin,nested_development_oof,4,33,0.4452065036044744,0.36363636363636365
folate_deficiency,cbc,identity,no_hemoglobin,nested_development_oof,5,18,0.5474644120973864,0.3888888888888889
folate_deficiency,cbc,identity,no_hemoglobin,nested_development_oof,6,19,0.644948350730746,0.42105263157894735
folate_deficiency,cbc,identity,no_hemoglobin,nested_development_oof,7,15,0.7484993770117893,0.5333333333333333
folate_deficiency,cbc,identity,no_hemoglobin,nested_development_oof,8,13,0.8457533283089104,0.7692307692307693
folate_deficiency,cbc,identity,no_demographics,nested_development_oof,0,445,0.03203895660200283,0.09438202247191012
folate_deficiency,cbc,identity,no_demographics,nested_development_oof,1,103,0.13607925667489498,0.22330097087378642
folate_deficiency,cbc,identity,no_demographics,nested_development_oof,2,52,0.24145053735804803,0.38461538461538464
folate_deficiency,cbc,identity,no_demographics,nested_development_oof,3,30,0.35410998619860273,0.3333333333333333
folate_deficiency,cbc,identity,no_demographics,nested_development_oof,4,13,0.4444868639673269,0.5384615384615384
folate_deficiency,cbc,identity,no_demographics,nested_development_oof,5,11,0.5568286706253882,0.5454545454545454
folate_deficiency,cbc,identity,no_demographics,nested_development_oof,6,13,0.6420375737286574,0.5384615384615384
folate_deficiency,cbc,identity,no_demographics,nested_development_oof,7,5,0.7515337035009535,1.0
folate_deficiency,cbc,temperature,available,nested_development_oof,0,247,0.055919251992914795,0.05263157894736842
folate_deficiency,cbc,temperature,available,nested_development_oof,1,179,0.14473503773435764,0.12290502793296089
folate_deficiency,cbc,temperature,available,nested_development_oof,2,92,0.2529282291251757,0.22826086956521738
folate_deficiency,cbc,temperature,available,nested_development_oof,3,54,0.3405745749866823,0.2962962962962963
folate_deficiency,cbc,temperature,available,nested_development_oof,4,43,0.4480649271740764,0.3488372093023256
folate_deficiency,cbc,temperature,available,nested_development_oof,5,28,0.5434328073140243,0.5357142857142857
folate_deficiency,cbc,temperature,available,nested_development_oof,6,16,0.640999595049611,0.5
folate_deficiency,cbc,temperature,available,nested_development_oof,7,12,0.7474207346512468,0.75
folate_deficiency,cbc,temperature,available,nested_development_oof,8,1,0.8166534262424614,1.0
folate_deficiency,cbc,temperature,drop30,nested_development_oof,0,322,0.054131091965707194,0.10248447204968944
folate_deficiency,cbc,temperature,drop30,nested_development_oof,1,191,0.14311849934730306,0.17277486910994763
folate_deficiency,cbc,temperature,drop30,nested_development_oof,2,59,0.24236215970112931,0.3050847457627119
folate_deficiency,cbc,temperature,drop30,nested_development_oof,3,45,0.3409085767223908,0.24444444444444444
folate_deficiency,cbc,temperature,drop30,nested_development_oof,4,20,0.44884876528863993,0.45
folate_deficiency,cbc,temperature,drop30,nested_development_oof,5,18,0.5377466770842475,0.4444444444444444
folate_deficiency,cbc,temperature,drop30,nested_development_oof,6,13,0.6362940004235959,0.5384615384615384
folate_deficiency,cbc,temperature,drop30,nested_development_oof,7,4,0.7267041236259185,0.25
folate_deficiency,cbc,temperature,drop60,nested_development_oof,0,413,0.052794115772094634,0.1549636803874092
folate_deficiency,cbc,temperature,drop60,nested_development_oof,1,158,0.1359982487039568,0.189873417721519
folate_deficiency,cbc,temperature,drop60,nested_development_oof,2,56,0.23971719569660468,0.25
folate_deficiency,cbc,temperature,drop60,nested_development_oof,3,26,0.337252620951504,0.23076923076923078
folate_deficiency,cbc,temperature,drop60,nested_development_oof,4,12,0.4525266332313784,0.16666666666666666
folate_deficiency,cbc,temperature,drop60,nested_development_oof,5,3,0.5579095136722901,0.6666666666666666
folate_deficiency,cbc,temperature,drop60,nested_development_oof,6,1,0.6443662864983706,0.0
folate_deficiency,cbc,temperature,drop60,nested_development_oof,7,3,0.7276611184230669,0.6666666666666666
folate_deficiency,cbc,temperature,cbc_only,nested_development_oof,0,247,0.055919251992914795,0.05263157894736842
folate_deficiency,cbc,temperature,cbc_only,nested_development_oof,1,179,0.14473503773435764,0.12290502793296089
folate_deficiency,cbc,temperature,cbc_only,nested_development_oof,2,92,0.2529282291251757,0.22826086956521738
folate_deficiency,cbc,temperature,cbc_only,nested_development_oof,3,54,0.3405745749866823,0.2962962962962963
folate_deficiency,cbc,temperature,cbc_only,nested_development_oof,4,43,0.4480649271740764,0.3488372093023256
folate_deficiency,cbc,temperature,cbc_only,nested_development_oof,5,28,0.5434328073140243,0.5357142857142857
folate_deficiency,cbc,temperature,cbc_only,nested_development_oof,6,16,0.640999595049611,0.5
folate_deficiency,cbc,temperature,cbc_only,nested_development_oof,7,12,0.7474207346512468,0.75
folate_deficiency,cbc,temperature,cbc_only,nested_development_oof,8,1,0.8166534262424614,1.0
folate_deficiency,cbc,temperature,hb_only,nested_development_oof,0,407,0.06915791508920156,0.18181818181818182
folate_deficiency,cbc,temperature,hb_only,nested_development_oof,1,206,0.1422021868234896,0.1553398058252427
folate_deficiency,cbc,temperature,hb_only,nested_development_oof,2,59,0.23671054355027663,0.23728813559322035
folate_deficiency,cbc,temperature,no_iron,nested_development_oof,0,247,0.055919251992914795,0.05263157894736842
folate_deficiency,cbc,temperature,no_iron,nested_development_oof,1,179,0.14473503773435764,0.12290502793296089
folate_deficiency,cbc,temperature,no_iron,nested_development_oof,2,92,0.2529282291251757,0.22826086956521738
folate_deficiency,cbc,temperature,no_iron,nested_development_oof,3,54,0.3405745749866823,0.2962962962962963
folate_deficiency,cbc,temperature,no_iron,nested_development_oof,4,43,0.4480649271740764,0.3488372093023256
folate_deficiency,cbc,temperature,no_iron,nested_development_oof,5,28,0.5434328073140243,0.5357142857142857
folate_deficiency,cbc,temperature,no_iron,nested_development_oof,6,16,0.640999595049611,0.5
folate_deficiency,cbc,temperature,no_iron,nested_development_oof,7,12,0.7474207346512468,0.75
folate_deficiency,cbc,temperature,no_iron,nested_development_oof,8,1,0.8166534262424614,1.0
folate_deficiency,cbc,temperature,no_B12,nested_development_oof,0,247,0.055919251992914795,0.05263157894736842
folate_deficiency,cbc,temperature,no_B12,nested_development_oof,1,179,0.14473503773435764,0.12290502793296089
folate_deficiency,cbc,temperature,no_B12,nested_development_oof,2,92,0.2529282291251757,0.22826086956521738
folate_deficiency,cbc,temperature,no_B12,nested_development_oof,3,54,0.3405745749866823,0.2962962962962963
folate_deficiency,cbc,temperature,no_B12,nested_development_oof,4,43,0.4480649271740764,0.3488372093023256
folate_deficiency,cbc,temperature,no_B12,nested_development_oof,5,28,0.5434328073140243,0.5357142857142857
folate_deficiency,cbc,temperature,no_B12,nested_development_oof,6,16,0.640999595049611,0.5
folate_deficiency,cbc,temperature,no_B12,nested_development_oof,7,12,0.7474207346512468,0.75
folate_deficiency,cbc,temperature,no_B12,nested_development_oof,8,1,0.8166534262424614,1.0
folate_deficiency,cbc,temperature,no_folate,nested_development_oof,0,247,0.055919251992914795,0.05263157894736842
folate_deficiency,cbc,temperature,no_folate,nested_development_oof,1,179,0.14473503773435764,0.12290502793296089
folate_deficiency,cbc,temperature,no_folate,nested_development_oof,2,92,0.2529282291251757,0.22826086956521738
folate_deficiency,cbc,temperature,no_folate,nested_development_oof,3,54,0.3405745749866823,0.2962962962962963
folate_deficiency,cbc,temperature,no_folate,nested_development_oof,4,43,0.4480649271740764,0.3488372093023256
folate_deficiency,cbc,temperature,no_folate,nested_development_oof,5,28,0.5434328073140243,0.5357142857142857
folate_deficiency,cbc,temperature,no_folate,nested_development_oof,6,16,0.640999595049611,0.5
folate_deficiency,cbc,temperature,no_folate,nested_development_oof,7,12,0.7474207346512468,0.75
folate_deficiency,cbc,temperature,no_folate,nested_development_oof,8,1,0.8166534262424614,1.0
folate_deficiency,cbc,temperature,no_B6,nested_development_oof,0,247,0.055919251992914795,0.05263157894736842
folate_deficiency,cbc,temperature,no_B6,nested_development_oof,1,179,0.14473503773435764,0.12290502793296089
folate_deficiency,cbc,temperature,no_B6,nested_development_oof,2,92,0.2529282291251757,0.22826086956521738
folate_deficiency,cbc,temperature,no_B6,nested_development_oof,3,54,0.3405745749866823,0.2962962962962963
folate_deficiency,cbc,temperature,no_B6,nested_development_oof,4,43,0.4480649271740764,0.3488372093023256
folate_deficiency,cbc,temperature,no_B6,nested_development_oof,5,28,0.5434328073140243,0.5357142857142857
folate_deficiency,cbc,temperature,no_B6,nested_development_oof,6,16,0.640999595049611,0.5
folate_deficiency,cbc,temperature,no_B6,nested_development_oof,7,12,0.7474207346512468,0.75
folate_deficiency,cbc,temperature,no_B6,nested_development_oof,8,1,0.8166534262424614,1.0
folate_deficiency,cbc,temperature,no_copper,nested_development_oof,0,247,0.055919251992914795,0.05263157894736842
folate_deficiency,cbc,temperature,no_copper,nested_development_oof,1,179,0.14473503773435764,0.12290502793296089
folate_deficiency,cbc,temperature,no_copper,nested_development_oof,2,92,0.2529282291251757,0.22826086956521738
folate_deficiency,cbc,temperature,no_copper,nested_development_oof,3,54,0.3405745749866823,0.2962962962962963
folate_deficiency,cbc,temperature,no_copper,nested_development_oof,4,43,0.4480649271740764,0.3488372093023256
folate_deficiency,cbc,temperature,no_copper,nested_development_oof,5,28,0.5434328073140243,0.5357142857142857
folate_deficiency,cbc,temperature,no_copper,nested_development_oof,6,16,0.640999595049611,0.5
folate_deficiency,cbc,temperature,no_copper,nested_development_oof,7,12,0.7474207346512468,0.75
folate_deficiency,cbc,temperature,no_copper,nested_development_oof,8,1,0.8166534262424614,1.0
folate_deficiency,cbc,temperature,no_hemoglobin,nested_development_oof,0,235,0.058370763643971424,0.05531914893617021
folate_deficiency,cbc,temperature,no_hemoglobin,nested_development_oof,1,167,0.14521148364644237,0.08982035928143713
folate_deficiency,cbc,temperature,no_hemoglobin,nested_development_oof,2,106,0.24695287567626242,0.25471698113207547
folate_deficiency,cbc,temperature,no_hemoglobin,nested_development_oof,3,52,0.3438099774799106,0.2692307692307692
folate_deficiency,cbc,temperature,no_hemoglobin,nested_development_oof,4,47,0.44615545729998524,0.3829787234042553
folate_deficiency,cbc,temperature,no_hemoglobin,nested_development_oof,5,28,0.552757317745923,0.42857142857142855
folate_deficiency,cbc,temperature,no_hemoglobin,nested_development_oof,6,17,0.6456394454342907,0.47058823529411764
folate_deficiency,cbc,temperature,no_hemoglobin,nested_development_oof,7,17,0.7442369872586662,0.6470588235294118
folate_deficiency,cbc,temperature,no_hemoglobin,nested_development_oof,8,3,0.8087375339938333,0.6666666666666666
folate_deficiency,cbc,temperature,no_demographics,nested_development_oof,0,318,0.05112607871850989,0.07232704402515723
folate_deficiency,cbc,temperature,no_demographics,nested_development_oof,1,173,0.1459946695001236,0.14450867052023122
folate_deficiency,cbc,temperature,no_demographics,nested_development_oof,2,78,0.24369622406625474,0.3333333333333333
folate_deficiency,cbc,temperature,no_demographics,nested_development_oof,3,48,0.34185564095991766,0.3541666666666667
folate_deficiency,cbc,temperature,no_demographics,nested_development_oof,4,26,0.43875715873089466,0.4230769230769231
folate_deficiency,cbc,temperature,no_demographics,nested_development_oof,5,18,0.5595368358424571,0.5555555555555556
folate_deficiency,cbc,temperature,no_demographics,nested_development_oof,6,10,0.6481690849346484,0.7
folate_deficiency,cbc,temperature,no_demographics,nested_development_oof,7,1,0.7053924702790075,1.0
folate_deficiency,cbc,sigmoid_logit,available,nested_development_oof,0,249,0.058782788802447694,0.05220883534136546
folate_deficiency,cbc,sigmoid_logit,available,nested_development_oof,1,193,0.14125011941659882,0.13471502590673576
folate_deficiency,cbc,sigmoid_logit,available,nested_development_oof,2,111,0.24751540801935645,0.24324324324324326
folate_deficiency,cbc,sigmoid_logit,available,nested_development_oof,3,52,0.3548799746483645,0.3269230769230769
folate_deficiency,cbc,sigmoid_logit,available,nested_development_oof,4,34,0.4478693806157151,0.4411764705882353
folate_deficiency,cbc,sigmoid_logit,available,nested_development_oof,5,16,0.537432916307306,0.5625
folate_deficiency,cbc,sigmoid_logit,available,nested_development_oof,6,14,0.6387323554943558,0.7142857142857143
folate_deficiency,cbc,sigmoid_logit,available,nested_development_oof,7,3,0.7247940565150875,1.0
folate_deficiency,cbc,sigmoid_logit,drop30,nested_development_oof,0,326,0.057286513391522825,0.10429447852760736
folate_deficiency,cbc,sigmoid_logit,drop30,nested_development_oof,1,208,0.1412047683924625,0.1875
folate_deficiency,cbc,sigmoid_logit,drop30,nested_development_oof,2,66,0.2509950218047683,0.2727272727272727
folate_deficiency,cbc,sigmoid_logit,drop30,nested_development_oof,3,30,0.346120872353433,0.3333333333333333
folate_deficiency,cbc,sigmoid_logit,drop30,nested_development_oof,4,23,0.44299955417174525,0.43478260869565216
folate_deficiency,cbc,sigmoid_logit,drop30,nested_development_oof,5,14,0.5364447001676396,0.5714285714285714
folate_deficiency,cbc,sigmoid_logit,drop30,nested_development_oof,6,5,0.6302567185234317,0.2
folate_deficiency,cbc,sigmoid_logit,drop60,nested_development_oof,0,419,0.05604458064564886,0.15513126491646778
folate_deficiency,cbc,sigmoid_logit,drop60,nested_development_oof,1,168,0.13595684157385557,0.19047619047619047
folate_deficiency,cbc,sigmoid_logit,drop60,nested_development_oof,2,57,0.2398400344842549,0.2807017543859649
folate_deficiency,cbc,sigmoid_logit,drop60,nested_development_oof,3,19,0.3492331537448196,0.15789473684210525
folate_deficiency,cbc,sigmoid_logit,drop60,nested_development_oof,4,4,0.4398340172752734,0.25
folate_deficiency,cbc,sigmoid_logit,drop60,nested_development_oof,5,2,0.5303147243553108,0.5
folate_deficiency,cbc,sigmoid_logit,drop60,nested_development_oof,6,3,0.6308039462230823,0.6666666666666666
folate_deficiency,cbc,sigmoid_logit,cbc_only,nested_development_oof,0,249,0.058782788802447694,0.05220883534136546
folate_deficiency,cbc,sigmoid_logit,cbc_only,nested_development_oof,1,193,0.14125011941659882,0.13471502590673576
folate_deficiency,cbc,sigmoid_logit,cbc_only,nested_development_oof,2,111,0.24751540801935645,0.24324324324324326
folate_deficiency,cbc,sigmoid_logit,cbc_only,nested_development_oof,3,52,0.3548799746483645,0.3269230769230769
folate_deficiency,cbc,sigmoid_logit,cbc_only,nested_development_oof,4,34,0.4478693806157151,0.4411764705882353
folate_deficiency,cbc,sigmoid_logit,cbc_only,nested_development_oof,5,16,0.537432916307306,0.5625
folate_deficiency,cbc,sigmoid_logit,cbc_only,nested_development_oof,6,14,0.6387323554943558,0.7142857142857143
folate_deficiency,cbc,sigmoid_logit,cbc_only,nested_development_oof,7,3,0.7247940565150875,1.0
folate_deficiency,cbc,sigmoid_logit,hb_only,nested_development_oof,0,414,0.07124243411884512,0.18357487922705315
folate_deficiency,cbc,sigmoid_logit,hb_only,nested_development_oof,1,216,0.13957252335625722,0.1527777777777778
folate_deficiency,cbc,sigmoid_logit,hb_only,nested_development_oof,2,42,0.21862705988128953,0.2619047619047619
folate_deficiency,cbc,sigmoid_logit,no_iron,nested_development_oof,0,249,0.058782788802447694,0.05220883534136546
folate_deficiency,cbc,sigmoid_logit,no_iron,nested_development_oof,1,193,0.14125011941659882,0.13471502590673576
folate_deficiency,cbc,sigmoid_logit,no_iron,nested_development_oof,2,111,0.24751540801935645,0.24324324324324326
folate_deficiency,cbc,sigmoid_logit,no_iron,nested_development_oof,3,52,0.3548799746483645,0.3269230769230769
folate_deficiency,cbc,sigmoid_logit,no_iron,nested_development_oof,4,34,0.4478693806157151,0.4411764705882353
folate_deficiency,cbc,sigmoid_logit,no_iron,nested_development_oof,5,16,0.537432916307306,0.5625
folate_deficiency,cbc,sigmoid_logit,no_iron,nested_development_oof,6,14,0.6387323554943558,0.7142857142857143
folate_deficiency,cbc,sigmoid_logit,no_iron,nested_development_oof,7,3,0.7247940565150875,1.0
folate_deficiency,cbc,sigmoid_logit,no_B12,nested_development_oof,0,249,0.058782788802447694,0.05220883534136546
folate_deficiency,cbc,sigmoid_logit,no_B12,nested_development_oof,1,193,0.14125011941659882,0.13471502590673576
folate_deficiency,cbc,sigmoid_logit,no_B12,nested_development_oof,2,111,0.24751540801935645,0.24324324324324326
folate_deficiency,cbc,sigmoid_logit,no_B12,nested_development_oof,3,52,0.3548799746483645,0.3269230769230769
folate_deficiency,cbc,sigmoid_logit,no_B12,nested_development_oof,4,34,0.4478693806157151,0.4411764705882353
folate_deficiency,cbc,sigmoid_logit,no_B12,nested_development_oof,5,16,0.537432916307306,0.5625
folate_deficiency,cbc,sigmoid_logit,no_B12,nested_development_oof,6,14,0.6387323554943558,0.7142857142857143
folate_deficiency,cbc,sigmoid_logit,no_B12,nested_development_oof,7,3,0.7247940565150875,1.0
folate_deficiency,cbc,sigmoid_logit,no_folate,nested_development_oof,0,249,0.058782788802447694,0.05220883534136546
folate_deficiency,cbc,sigmoid_logit,no_folate,nested_development_oof,1,193,0.14125011941659882,0.13471502590673576
folate_deficiency,cbc,sigmoid_logit,no_folate,nested_development_oof,2,111,0.24751540801935645,0.24324324324324326
folate_deficiency,cbc,sigmoid_logit,no_folate,nested_development_oof,3,52,0.3548799746483645,0.3269230769230769
folate_deficiency,cbc,sigmoid_logit,no_folate,nested_development_oof,4,34,0.4478693806157151,0.4411764705882353
folate_deficiency,cbc,sigmoid_logit,no_folate,nested_development_oof,5,16,0.537432916307306,0.5625
folate_deficiency,cbc,sigmoid_logit,no_folate,nested_development_oof,6,14,0.6387323554943558,0.7142857142857143
folate_deficiency,cbc,sigmoid_logit,no_folate,nested_development_oof,7,3,0.7247940565150875,1.0
folate_deficiency,cbc,sigmoid_logit,no_B6,nested_development_oof,0,249,0.058782788802447694,0.05220883534136546
folate_deficiency,cbc,sigmoid_logit,no_B6,nested_development_oof,1,193,0.14125011941659882,0.13471502590673576
folate_deficiency,cbc,sigmoid_logit,no_B6,nested_development_oof,2,111,0.24751540801935645,0.24324324324324326
folate_deficiency,cbc,sigmoid_logit,no_B6,nested_development_oof,3,52,0.3548799746483645,0.3269230769230769
folate_deficiency,cbc,sigmoid_logit,no_B6,nested_development_oof,4,34,0.4478693806157151,0.4411764705882353
folate_deficiency,cbc,sigmoid_logit,no_B6,nested_development_oof,5,16,0.537432916307306,0.5625
folate_deficiency,cbc,sigmoid_logit,no_B6,nested_development_oof,6,14,0.6387323554943558,0.7142857142857143
folate_deficiency,cbc,sigmoid_logit,no_B6,nested_development_oof,7,3,0.7247940565150875,1.0
folate_deficiency,cbc,sigmoid_logit,no_copper,nested_development_oof,0,249,0.058782788802447694,0.05220883534136546
folate_deficiency,cbc,sigmoid_logit,no_copper,nested_development_oof,1,193,0.14125011941659882,0.13471502590673576
folate_deficiency,cbc,sigmoid_logit,no_copper,nested_development_oof,2,111,0.24751540801935645,0.24324324324324326
folate_deficiency,cbc,sigmoid_logit,no_copper,nested_development_oof,3,52,0.3548799746483645,0.3269230769230769
folate_deficiency,cbc,sigmoid_logit,no_copper,nested_development_oof,4,34,0.4478693806157151,0.4411764705882353
folate_deficiency,cbc,sigmoid_logit,no_copper,nested_development_oof,5,16,0.537432916307306,0.5625
folate_deficiency,cbc,sigmoid_logit,no_copper,nested_development_oof,6,14,0.6387323554943558,0.7142857142857143
folate_deficiency,cbc,sigmoid_logit,no_copper,nested_development_oof,7,3,0.7247940565150875,1.0
folate_deficiency,cbc,sigmoid_logit,no_hemoglobin,nested_development_oof,0,240,0.06156303482250477,0.05416666666666667
folate_deficiency,cbc,sigmoid_logit,no_hemoglobin,nested_development_oof,1,188,0.14516005860262474,0.11170212765957446
folate_deficiency,cbc,sigmoid_logit,no_hemoglobin,nested_development_oof,2,108,0.24281029040686586,0.25925925925925924
folate_deficiency,cbc,sigmoid_logit,no_hemoglobin,nested_development_oof,3,56,0.34890413333579345,0.3392857142857143
folate_deficiency,cbc,sigmoid_logit,no_hemoglobin,nested_development_oof,4,34,0.44077866237615315,0.4117647058823529
folate_deficiency,cbc,sigmoid_logit,no_hemoglobin,nested_development_oof,5,24,0.5427617589360967,0.4583333333333333
folate_deficiency,cbc,sigmoid_logit,no_hemoglobin,nested_development_oof,6,17,0.6446924336099196,0.5882352941176471
folate_deficiency,cbc,sigmoid_logit,no_hemoglobin,nested_development_oof,7,5,0.7427778505962628,0.8
folate_deficiency,cbc,sigmoid_logit,no_demographics,nested_development_oof,0,320,0.05418321512365999,0.071875
folate_deficiency,cbc,sigmoid_logit,no_demographics,nested_development_oof,1,193,0.14371536308813326,0.17616580310880828
folate_deficiency,cbc,sigmoid_logit,no_demographics,nested_development_oof,2,86,0.2458281173394642,0.313953488372093
folate_deficiency,cbc,sigmoid_logit,no_demographics,nested_development_oof,3,39,0.3485691090795832,0.41025641025641024
folate_deficiency,cbc,sigmoid_logit,no_demographics,nested_development_oof,4,16,0.4522503112687752,0.4375
folate_deficiency,cbc,sigmoid_logit,no_demographics,nested_development_oof,5,15,0.532150902397482,0.6666666666666666
folate_deficiency,cbc,sigmoid_logit,no_demographics,nested_development_oof,6,3,0.6320959405235421,1.0
B6_deficiency,primary,identity,available,nested_development_oof,0,648,0.003524071415855434,0.009259259259259259
B6_deficiency,primary,identity,available,nested_development_oof,1,1,0.1742569143356136,0.0
B6_deficiency,primary,identity,available,nested_development_oof,2,1,0.21833956227448537,1.0
B6_deficiency,primary,identity,available,nested_development_oof,4,1,0.48286403130682604,0.0
B6_deficiency,primary,identity,available,nested_development_oof,5,1,0.5177154815340442,1.0
B6_deficiency,primary,identity,available,nested_development_oof,6,1,0.6951168342048678,1.0
B6_deficiency,primary,identity,available,nested_development_oof,7,3,0.7669018129575403,1.0
B6_deficiency,primary,identity,available,nested_development_oof,8,7,0.8612927065687173,1.0
B6_deficiency,primary,identity,available,nested_development_oof,9,9,0.938125489537581,1.0
B6_deficiency,primary,identity,drop30,nested_development_oof,0,651,0.007190774666314329,0.019969278033794162
B6_deficiency,primary,identity,drop30,nested_development_oof,1,3,0.10366070231860824,0.0
B6_deficiency,primary,identity,drop30,nested_development_oof,2,2,0.2224749787922982,0.0
B6_deficiency,primary,identity,drop30,nested_development_oof,7,1,0.7683871198447685,1.0
B6_deficiency,primary,identity,drop30,nested_development_oof,8,5,0.8482588333949341,0.8
B6_deficiency,primary,identity,drop30,nested_development_oof,9,10,0.9349273828697896,1.0
B6_deficiency,primary,identity,drop60,nested_development_oof,0,654,0.011327926223619063,0.0290519877675841
B6_deficiency,primary,identity,drop60,nested_development_oof,1,7,0.12557745127884548,0.14285714285714285
B6_deficiency,primary,identity,drop60,nested_development_oof,3,1,0.33251955959745244,0.0
B6_deficiency,primary,identity,drop60,nested_development_oof,4,1,0.41682283288685196,0.0
B6_deficiency,primary,identity,drop60,nested_development_oof,6,1,0.6160084793429046,0.0
B6_deficiency,primary,identity,drop60,nested_development_oof,7,1,0.7726087931183039,1.0
B6_deficiency,primary,identity,drop60,nested_development_oof,8,2,0.8522355379287958,1.0
B6_deficiency,primary,identity,drop60,nested_development_oof,9,5,0.9560085407281237,1.0
B6_deficiency,primary,identity,cbc_only,nested_development_oof,0,672,0.003958809212789144,0.041666666666666664
B6_deficiency,primary,identity,hb_only,nested_development_oof,0,639,0.01829035062103007,0.04225352112676056
B6_deficiency,primary,identity,hb_only,nested_development_oof,1,28,0.15433118355465703,0.03571428571428571
B6_deficiency,primary,identity,hb_only,nested_development_oof,2,5,0.20681220461987976,0.0
B6_deficiency,primary,identity,no_iron,nested_development_oof,0,647,0.0046262146461874,0.00927357032457496
B6_deficiency,primary,identity,no_iron,nested_development_oof,1,2,0.14362032442893113,0.0
B6_deficiency,primary,identity,no_iron,nested_development_oof,2,1,0.2523121832479652,1.0
B6_deficiency,primary,identity,no_iron,nested_development_oof,5,1,0.5287436047940821,1.0
B6_deficiency,primary,identity,no_iron,nested_development_oof,6,2,0.6460607434017029,0.5
B6_deficiency,primary,identity,no_iron,nested_development_oof,8,9,0.8660895631610713,1.0
B6_deficiency,primary,identity,no_iron,nested_development_oof,9,10,0.9295954027072444,1.0
B6_deficiency,primary,identity,no_B12,nested_development_oof,0,648,0.0033066469870499694,0.009259259259259259
B6_deficiency,primary,identity,no_B12,nested_development_oof,1,1,0.1742569143356136,0.0
B6_deficiency,primary,identity,no_B12,nested_development_oof,2,1,0.21833956227448537,1.0
B6_deficiency,primary,identity,no_B12,nested_development_oof,5,2,0.5089718925575302,0.5
B6_deficiency,primary,identity,no_B12,nested_development_oof,6,1,0.6930504513050655,1.0
B6_deficiency,primary,identity,no_B12,nested_development_oof,7,2,0.7580332044054524,1.0
B6_deficiency,primary,identity,no_B12,nested_development_oof,8,7,0.8448015384586149,1.0
B6_deficiency,primary,identity,no_B12,nested_development_oof,9,10,0.9387383101270738,1.0
B6_deficiency,primary,identity,no_folate,nested_development_oof,0,648,0.003379262348920813,0.009259259259259259
B6_deficiency,primary,identity,no_folate,nested_development_oof,1,1,0.15860886138597063,0.0
B6_deficiency,primary,identity,no_folate,nested_development_oof,2,1,0.21185666978517342,1.0
B6_deficiency,primary,identity,no_folate,nested_development_oof,4,1,0.48286403130682604,0.0
B6_deficiency,primary,identity,no_folate,nested_development_oof,5,1,0.5177154815340442,1.0
B6_deficiency,primary,identity,no_folate,nested_development_oof,6,1,0.6910857311873662,1.0
B6_deficiency,primary,identity,no_folate,nested_development_oof,7,2,0.7665967070247623,1.0
B6_deficiency,primary,identity,no_folate,nested_development_oof,8,7,0.8531551223381033,1.0
B6_deficiency,primary,identity,no_folate,nested_development_oof,9,10,0.9363386129410584,1.0
B6_deficiency,primary,identity,no_B6,nested_development_oof,0,672,0.0033769464962607664,0.041666666666666664
B6_deficiency,primary,identity,no_copper,nested_development_oof,0,648,0.0034494159562324564,0.009259259259259259
B6_deficiency,primary,identity,no_copper,nested_development_oof,1,1,0.1742569143356136,0.0
B6_deficiency,primary,identity,no_copper,nested_development_oof,2,1,0.21833956227448537,1.0
B6_deficiency,primary,identity,no_copper,nested_development_oof,4,1,0.48286403130682604,0.0
B6_deficiency,primary,identity,no_copper,nested_development_oof,5,1,0.5446502634575301,1.0
B6_deficiency,primary,identity,no_copper,nested_development_oof,6,1,0.6951168342048678,1.0
B6_deficiency,primary,identity,no_copper,nested_development_oof,7,3,0.7669018129575403,1.0
B6_deficiency,primary,identity,no_copper,nested_development_oof,8,6,0.8548669324981851,1.0
B6_deficiency,primary,identity,no_copper,nested_development_oof,9,10,0.935450032746927,1.0
B6_deficiency,primary,identity,no_hemoglobin,nested_development_oof,0,648,0.0034942488247293106,0.009259259259259259
B6_deficiency,primary,identity,no_hemoglobin,nested_development_oof,1,1,0.18280869707275516,0.0
B6_deficiency,primary,identity,no_hemoglobin,nested_development_oof,2,1,0.21833956227448537,1.0
B6_deficiency,primary,identity,no_hemoglobin,nested_development_oof,4,1,0.48286403130682604,0.0
B6_deficiency,primary,identity,no_hemoglobin,nested_development_oof,5,1,0.5303120848671479,1.0
B6_deficiency,primary,identity,no_hemoglobin,nested_development_oof,6,2,0.690634711667008,1.0
B6_deficiency,primary,identity,no_hemoglobin,nested_development_oof,7,2,0.7951149878435824,1.0
B6_deficiency,primary,identity,no_hemoglobin,nested_development_oof,8,7,0.8481887361678317,1.0
B6_deficiency,primary,identity,no_hemoglobin,nested_development_oof,9,9,0.9354063294397797,1.0
B6_deficiency,primary,identity,no_demographics,nested_development_oof,0,648,0.003239620071108658,0.009259259259259259
B6_deficiency,primary,identity,no_demographics,nested_development_oof,1,1,0.16913656983167985,0.0
B6_deficiency,primary,identity,no_demographics,nested_development_oof,3,1,0.31299465688739464,1.0
B6_deficiency,primary,identity,no_demographics,nested_development_oof,4,1,0.49001976781547407,0.0
B6_deficiency,primary,identity,no_demographics,nested_development_oof,5,1,0.5171852359847476,1.0
B6_deficiency,primary,identity,no_demographics,nested_development_oof,7,4,0.744985113891401,1.0
B6_deficiency,primary,identity,no_demographics,nested_development_oof,8,9,0.8649338207050714,1.0
B6_deficiency,primary,identity,no_demographics,nested_development_oof,9,7,0.9437580635495574,1.0
B6_deficiency,primary,temperature,available,nested_development_oof,0,644,0.0120332311867213,0.009316770186335404
B6_deficiency,primary,temperature,available,nested_development_oof,1,4,0.1117287505548464,0.0
B6_deficiency,primary,temperature,available,nested_development_oof,2,2,0.24945836246681036,0.5
B6_deficiency,primary,temperature,available,nested_development_oof,4,1,0.487905609259923,0.0
B6_deficiency,primary,temperature,available,nested_development_oof,5,1,0.5129263416848426,1.0
B6_deficiency,primary,temperature,available,nested_development_oof,6,2,0.6632930975046956,1.0
B6_deficiency,primary,temperature,available,nested_development_oof,7,5,0.7513396048680142,1.0
B6_deficiency,primary,temperature,available,nested_development_oof,8,10,0.8481114506010577,1.0
B6_deficiency,primary,temperature,available,nested_development_oof,9,3,0.9282976376858435,1.0
B6_deficiency,primary,temperature,drop30,nested_development_oof,0,643,0.01995029202417871,0.02021772939346812
B6_deficiency,primary,temperature,drop30,nested_development_oof,1,11,0.13167700105015162,0.0
B6_deficiency,primary,temperature,drop30,nested_development_oof,2,2,0.28530497203729055,0.0
B6_deficiency,primary,temperature,drop30,nested_development_oof,7,5,0.7587993730346214,0.8
B6_deficiency,primary,temperature,drop30,nested_development_oof,8,9,0.8615700863669384,1.0
B6_deficiency,primary,temperature,drop30,nested_development_oof,9,2,0.9395152480797984,1.0
B6_deficiency,primary,temperature,drop60,nested_development_oof,0,636,0.028079340567337057,0.02830188679245283
B6_deficiency,primary,temperature,drop60,nested_development_oof,1,23,0.1283506862961883,0.08695652173913043
B6_deficiency,primary,temperature,drop60,nested_development_oof,2,2,0.2088846367078666,0.0
B6_deficiency,primary,temperature,drop60,nested_development_oof,3,1,0.3755831365309615,0.0
B6_deficiency,primary,temperature,drop60,nested_development_oof,4,1,0.4308765563475601,0.0
B6_deficiency,primary,temperature,drop60,nested_development_oof,5,1,0.5826153690349206,0.0
B6_deficiency,primary,temperature,drop60,nested_development_oof,7,2,0.7453512670441,1.0
B6_deficiency,primary,temperature,drop60,nested_development_oof,8,3,0.8593075235881921,1.0
B6_deficiency,primary,temperature,drop60,nested_development_oof,9,3,0.929418093205705,1.0
B6_deficiency,primary,temperature,cbc_only,nested_development_oof,0,670,0.013263137160029215,0.041791044776119404
B6_deficiency,primary,temperature,cbc_only,nested_development_oof,1,2,0.11906976932296882,0.0
B6_deficiency,primary,temperature,hb_only,nested_development_oof,0,627,0.04376805640526906,0.0430622009569378
B6_deficiency,primary,temperature,hb_only,nested_development_oof,1,24,0.1376707181850397,0.041666666666666664
B6_deficiency,primary,temperature,hb_only,nested_development_oof,2,21,0.2561912906983389,0.0
B6_deficiency,primary,temperature,no_iron,nested_development_oof,0,644,0.014630802640696905,0.009316770186335404
B6_deficiency,primary,temperature,no_iron,nested_development_oof,1,4,0.14404061786481387,0.0
B6_deficiency,primary,temperature,no_iron,nested_development_oof,2,2,0.26521205439684803,0.5
B6_deficiency,primary,temperature,no_iron,nested_development_oof,5,2,0.5477813192819243,0.5
B6_deficiency,primary,temperature,no_iron,nested_development_oof,6,1,0.6575134355760855,1.0
B6_deficiency,primary,temperature,no_iron,nested_development_oof,7,3,0.7730872496824256,1.0
B6_deficiency,primary,temperature,no_iron,nested_development_oof,8,14,0.8433047457832722,1.0
B6_deficiency,primary,temperature,no_iron,nested_development_oof,9,2,0.9196137597932503,1.0
B6_deficiency,primary,temperature,no_B12,nested_development_oof,0,645,0.011559341775748555,0.009302325581395349
B6_deficiency,primary,temperature,no_B12,nested_development_oof,1,3,0.11680119890139275,0.0
B6_deficiency,primary,temperature,no_B12,nested_development_oof,2,2,0.24945836246681036,0.5
B6_deficiency,primary,temperature,no_B12,nested_development_oof,5,2,0.5064159591534021,0.5
B6_deficiency,primary,temperature,no_B12,nested_development_oof,6,2,0.6690471855427971,1.0
B6_deficiency,primary,temperature,no_B12,nested_development_oof,7,6,0.7568992164005036,1.0
B6_deficiency,primary,temperature,no_B12,nested_development_oof,8,9,0.8597142367599288,1.0
B6_deficiency,primary,temperature,no_B12,nested_development_oof,9,3,0.9267194607860091,1.0
B6_deficiency,primary,temperature,no_folate,nested_development_oof,0,645,0.011719847791357804,0.009302325581395349
B6_deficiency,primary,temperature,no_folate,nested_development_oof,1,3,0.12675350449766393,0.0
B6_deficiency,primary,temperature,no_folate,nested_development_oof,2,2,0.23898985214477061,0.5
B6_deficiency,primary,temperature,no_folate,nested_development_oof,4,1,0.487905609259923,0.0
B6_deficiency,primary,temperature,no_folate,nested_development_oof,5,1,0.5129263416848426,1.0
B6_deficiency,primary,temperature,no_folate,nested_development_oof,6,2,0.6735450283740136,1.0
B6_deficiency,primary,temperature,no_folate,nested_development_oof,7,5,0.760971573343662,1.0
B6_deficiency,primary,temperature,no_folate,nested_development_oof,8,10,0.8490361748167956,1.0
B6_deficiency,primary,temperature,no_folate,nested_development_oof,9,3,0.9326308634163194,1.0
B6_deficiency,primary,temperature,no_B6,nested_development_oof,0,669,0.011788951499162792,0.04035874439461883
B6_deficiency,primary,temperature,no_B6,nested_development_oof,1,3,0.10685221176701852,0.3333333333333333
B6_deficiency,primary,temperature,no_copper,nested_development_oof,0,644,0.011874850389631889,0.009316770186335404
B6_deficiency,primary,temperature,no_copper,nested_development_oof,1,4,0.1117287505548464,0.0
B6_deficiency,primary,temperature,no_copper,nested_development_oof,2,2,0.24945836246681036,0.5
B6_deficiency,primary,temperature,no_copper,nested_development_oof,4,1,0.487905609259923,0.0
B6_deficiency,primary,temperature,no_copper,nested_development_oof,5,1,0.5326139222769776,1.0
B6_deficiency,primary,temperature,no_copper,nested_development_oof,6,2,0.6632930975046956,1.0
B6_deficiency,primary,temperature,no_copper,nested_development_oof,7,5,0.7513396048680142,1.0
B6_deficiency,primary,temperature,no_copper,nested_development_oof,8,10,0.8494520328808741,1.0
B6_deficiency,primary,temperature,no_copper,nested_development_oof,9,3,0.9282976376858435,1.0
B6_deficiency,primary,temperature,no_hemoglobin,nested_development_oof,0,644,0.011961987246952577,0.009316770186335404
B6_deficiency,primary,temperature,no_hemoglobin,nested_development_oof,1,4,0.11193478793288492,0.0
B6_deficiency,primary,temperature,no_hemoglobin,nested_development_oof,2,2,0.2534352906474393,0.5
B6_deficiency,primary,temperature,no_hemoglobin,nested_development_oof,4,1,0.487905609259923,0.0
B6_deficiency,primary,temperature,no_hemoglobin,nested_development_oof,5,1,0.5221259847520712,1.0
B6_deficiency,primary,temperature,no_hemoglobin,nested_development_oof,6,2,0.6538199520102685,1.0
B6_deficiency,primary,temperature,no_hemoglobin,nested_development_oof,7,7,0.7614131664669712,1.0
B6_deficiency,primary,temperature,no_hemoglobin,nested_development_oof,8,8,0.8493685114756228,1.0
B6_deficiency,primary,temperature,no_hemoglobin,nested_development_oof,9,3,0.9201239536528893,1.0
B6_deficiency,primary,temperature,no_demographics,nested_development_oof,0,646,0.011687246951448545,0.009287925696594427
B6_deficiency,primary,temperature,no_demographics,nested_development_oof,1,2,0.11995948022712499,0.0
B6_deficiency,primary,temperature,no_demographics,nested_development_oof,2,1,0.23617167482388093,0.0
B6_deficiency,primary,temperature,no_demographics,nested_development_oof,3,1,0.34266834505225297,1.0
B6_deficiency,primary,temperature,no_demographics,nested_development_oof,4,1,0.4929569699410363,0.0
B6_deficiency,primary,temperature,no_demographics,nested_development_oof,5,1,0.512539295970711,1.0
B6_deficiency,primary,temperature,no_demographics,nested_development_oof,6,2,0.6674230666988488,1.0
B6_deficiency,primary,temperature,no_demographics,nested_development_oof,7,5,0.740424129160798,1.0
B6_deficiency,primary,temperature,no_demographics,nested_development_oof,8,10,0.8420956435487021,1.0
B6_deficiency,primary,temperature,no_demographics,nested_development_oof,9,3,0.9287537542494335,1.0
B6_deficiency,primary,sigmoid_logit,available,nested_development_oof,0,644,0.012102476808952985,0.009316770186335404
B6_deficiency,primary,sigmoid_logit,available,nested_development_oof,1,4,0.1181119973344609,0.0
B6_deficiency,primary,sigmoid_logit,available,nested_development_oof,2,2,0.23504184486846708,0.5
B6_deficiency,primary,sigmoid_logit,available,nested_development_oof,5,2,0.5293281908510716,0.5
B6_deficiency,primary,sigmoid_logit,available,nested_development_oof,6,1,0.663252466288854,1.0
B6_deficiency,primary,sigmoid_logit,available,nested_development_oof,7,7,0.769352282427102,1.0
B6_deficiency,primary,sigmoid_logit,available,nested_development_oof,8,9,0.8542557028726381,1.0
B6_deficiency,primary,sigmoid_logit,available,nested_development_oof,9,3,0.9340340959658254,1.0
B6_deficiency,primary,sigmoid_logit,drop30,nested_development_oof,0,643,0.020155615101629117,0.02021772939346812
B6_deficiency,primary,sigmoid_logit,drop30,nested_development_oof,1,11,0.13507324071574908,0.0
B6_deficiency,primary,sigmoid_logit,drop30,nested_development_oof,2,1,0.2491457535179661,0.0
B6_deficiency,primary,sigmoid_logit,drop30,nested_development_oof,3,1,0.32213479823291236,0.0
B6_deficiency,primary,sigmoid_logit,drop30,nested_development_oof,7,3,0.7786892468132679,1.0
B6_deficiency,primary,sigmoid_logit,drop30,nested_development_oof,8,11,0.8593720697761874,0.9090909090909091
B6_deficiency,primary,sigmoid_logit,drop30,nested_development_oof,9,2,0.9346633855454649,1.0
B6_deficiency,primary,sigmoid_logit,drop60,nested_development_oof,0,634,0.028139649637181654,0.02996845425867508
B6_deficiency,primary,sigmoid_logit,drop60,nested_development_oof,1,26,0.13267815278040146,0.038461538461538464
B6_deficiency,primary,sigmoid_logit,drop60,nested_development_oof,2,1,0.22488509720481478,0.0
B6_deficiency,primary,sigmoid_logit,drop60,nested_development_oof,4,2,0.4137420211634117,0.0
B6_deficiency,primary,sigmoid_logit,drop60,nested_development_oof,6,1,0.603595065995645,0.0
B6_deficiency,primary,sigmoid_logit,drop60,nested_development_oof,7,2,0.7557326262059705,1.0
B6_deficiency,primary,sigmoid_logit,drop60,nested_development_oof,8,2,0.8790590850142971,1.0
B6_deficiency,primary,sigmoid_logit,drop60,nested_development_oof,9,4,0.9314805943201934,1.0
B6_deficiency,primary,sigmoid_logit,cbc_only,nested_development_oof,0,670,0.013308604807135862,0.041791044776119404
B6_deficiency,primary,sigmoid_logit,cbc_only,nested_development_oof,1,2,0.12459300984652957,0.0
B6_deficiency,primary,sigmoid_logit,hb_only,nested_development_oof,0,629,0.0443624539311348,0.04292527821939587
B6_deficiency,primary,sigmoid_logit,hb_only,nested_development_oof,1,22,0.1377942692053015,0.045454545454545456
B6_deficiency,primary,sigmoid_logit,hb_only,nested_development_oof,2,21,0.2646075723014965,0.0
B6_deficiency,primary,sigmoid_logit,no_iron,nested_development_oof,0,644,0.014756724869824205,0.009316770186335404
B6_deficiency,primary,sigmoid_logit,no_iron,nested_development_oof,1,4,0.1532718404523376,0.0
B6_deficiency,primary,sigmoid_logit,no_iron,nested_development_oof,2,2,0.25032580534159454,0.5
B6_deficiency,primary,sigmoid_logit,no_iron,nested_development_oof,5,2,0.577344642544904,0.5
B6_deficiency,primary,sigmoid_logit,no_iron,nested_development_oof,6,1,0.6446389344128802,1.0
B6_deficiency,primary,sigmoid_logit,no_iron,nested_development_oof,7,4,0.7713358567917462,1.0
B6_deficiency,primary,sigmoid_logit,no_iron,nested_development_oof,8,12,0.8545074030480722,1.0
B6_deficiency,primary,sigmoid_logit,no_iron,nested_development_oof,9,3,0.9234388064798638,1.0
B6_deficiency,primary,sigmoid_logit,no_B12,nested_development_oof,0,644,0.01148412694827602,0.009316770186335404
B6_deficiency,primary,sigmoid_logit,no_B12,nested_development_oof,1,4,0.11822183953928277,0.0
B6_deficiency,primary,sigmoid_logit,no_B12,nested_development_oof,2,2,0.23504184486846708,0.5
B6_deficiency,primary,sigmoid_logit,no_B12,nested_development_oof,5,2,0.535422848751846,0.5
B6_deficiency,primary,sigmoid_logit,no_B12,nested_development_oof,6,1,0.6765366183207059,1.0
B6_deficiency,primary,sigmoid_logit,no_B12,nested_development_oof,7,6,0.7643366894639437,1.0
B6_deficiency,primary,sigmoid_logit,no_B12,nested_development_oof,8,10,0.8533835645874687,1.0
B6_deficiency,primary,sigmoid_logit,no_B12,nested_development_oof,9,3,0.9326346673572942,1.0
B6_deficiency,primary,sigmoid_logit,no_folate,nested_development_oof,0,645,0.011776556798602006,0.009302325581395349
B6_deficiency,primary,sigmoid_logit,no_folate,nested_development_oof,1,3,0.13498009687706383,0.0
B6_deficiency,primary,sigmoid_logit,no_folate,nested_development_oof,2,2,0.22544818487187807,0.5
B6_deficiency,primary,sigmoid_logit,no_folate,nested_development_oof,5,2,0.5293281908510716,0.5
B6_deficiency,primary,sigmoid_logit,no_folate,nested_development_oof,6,1,0.687220403177638,1.0
B6_deficiency,primary,sigmoid_logit,no_folate,nested_development_oof,7,6,0.7658472545933415,1.0
B6_deficiency,primary,sigmoid_logit,no_folate,nested_development_oof,8,10,0.8526952928352305,1.0
B6_deficiency,primary,sigmoid_logit,no_folate,nested_development_oof,9,3,0.9386337358559533,1.0
B6_deficiency,primary,sigmoid_logit,no_B6,nested_development_oof,0,669,0.011864513440023415,0.04035874439461883
B6_deficiency,primary,sigmoid_logit,no_B6,nested_development_oof,1,3,0.10653874268949781,0.3333333333333333
B6_deficiency,primary,sigmoid_logit,no_copper,nested_development_oof,0,644,0.01194480018598575,0.009316770186335404
B6_deficiency,primary,sigmoid_logit,no_copper,nested_development_oof,1,4,0.1181119973344609,0.0
B6_deficiency,primary,sigmoid_logit,no_copper,nested_development_oof,2,2,0.23504184486846708,0.5
B6_deficiency,primary,sigmoid_logit,no_copper,nested_development_oof,5,2,0.5393606496517453,0.5
B6_deficiency,primary,sigmoid_logit,no_copper,nested_development_oof,6,1,0.663252466288854,1.0
B6_deficiency,primary,sigmoid_logit,no_copper,nested_development_oof,7,7,0.769352282427102,1.0
B6_deficiency,primary,sigmoid_logit,no_copper,nested_development_oof,8,9,0.8557043654061823,1.0
B6_deficiency,primary,sigmoid_logit,no_copper,nested_development_oof,9,3,0.9340340959658254,1.0
B6_deficiency,primary,sigmoid_logit,no_hemoglobin,nested_development_oof,0,644,0.012031385118456256,0.009316770186335404
B6_deficiency,primary,sigmoid_logit,no_hemoglobin,nested_development_oof,1,4,0.11833863565981917,0.0
B6_deficiency,primary,sigmoid_logit,no_hemoglobin,nested_development_oof,2,2,0.2386037041614657,0.5
B6_deficiency,primary,sigmoid_logit,no_hemoglobin,nested_development_oof,5,2,0.5340240932880663,0.5
B6_deficiency,primary,sigmoid_logit,no_hemoglobin,nested_development_oof,6,1,0.6503999188108174,1.0
B6_deficiency,primary,sigmoid_logit,no_hemoglobin,nested_development_oof,7,7,0.765422145097933,1.0
B6_deficiency,primary,sigmoid_logit,no_hemoglobin,nested_development_oof,8,9,0.8452560314274481,1.0
B6_deficiency,primary,sigmoid_logit,no_hemoglobin,nested_development_oof,9,3,0.926836494678087,1.0
B6_deficiency,primary,sigmoid_logit,no_demographics,nested_development_oof,0,646,0.011759300549871973,0.009287925696594427
B6_deficiency,primary,sigmoid_logit,no_demographics,nested_development_oof,1,2,0.13203176686505952,0.0
B6_deficiency,primary,sigmoid_logit,no_demographics,nested_development_oof,2,1,0.2145736984310199,0.0
B6_deficiency,primary,sigmoid_logit,no_demographics,nested_development_oof,3,1,0.3336064844505404,1.0
B6_deficiency,primary,sigmoid_logit,no_demographics,nested_development_oof,5,2,0.5317067285654073,0.5
B6_deficiency,primary,sigmoid_logit,no_demographics,nested_development_oof,6,1,0.6675549726457642,1.0
B6_deficiency,primary,sigmoid_logit,no_demographics,nested_development_oof,7,9,0.7693999160376211,1.0
B6_deficiency,primary,sigmoid_logit,no_demographics,nested_development_oof,8,7,0.8618301123742116,1.0
B6_deficiency,primary,sigmoid_logit,no_demographics,nested_development_oof,9,3,0.9344661106368551,1.0
B6_deficiency,cbc,identity,available,nested_development_oof,0,636,0.012334989062609207,0.031446540880503145
B6_deficiency,cbc,identity,available,nested_development_oof,1,23,0.14916889385825322,0.08695652173913043
B6_deficiency,cbc,identity,available,nested_development_oof,2,3,0.23783111648903463,0.3333333333333333
B6_deficiency,cbc,identity,available,nested_development_oof,3,1,0.3388296276638696,0.0
B6_deficiency,cbc,identity,available,nested_development_oof,4,1,0.47973130959253196,1.0
B6_deficiency,cbc,identity,available,nested_development_oof,5,4,0.5534942744415999,0.75
B6_deficiency,cbc,identity,available,nested_development_oof,6,1,0.6423709143606574,0.0
B6_deficiency,cbc,identity,available,nested_development_oof,7,1,0.7453334841825299,0.0
B6_deficiency,cbc,identity,available,nested_development_oof,8,2,0.8311306378079477,0.5
B6_deficiency,cbc,identity,drop30,nested_development_oof,0,541,0.02542370935326737,0.029574861367837338
B6_deficiency,cbc,identity,drop30,nested_development_oof,1,73,0.13601318263810844,0.0821917808219178
B6_deficiency,cbc,identity,drop30,nested_development_oof,2,24,0.24837717429171188,0.08333333333333333
B6_deficiency,cbc,identity,drop30,nested_development_oof,3,17,0.3497176479541125,0.058823529411764705
B6_deficiency,cbc,identity,drop30,nested_development_oof,4,7,0.4405855166265717,0.14285714285714285
B6_deficiency,cbc,identity,drop30,nested_development_oof,5,5,0.5395391116726239,0.2
B6_deficiency,cbc,identity,drop30,nested_development_oof,6,2,0.6213858615358568,0.0
B6_deficiency,cbc,identity,drop30,nested_development_oof,7,2,0.7731138716000996,0.5
B6_deficiency,cbc,identity,drop30,nested_development_oof,9,1,0.9033926606170072,0.0
B6_deficiency,cbc,identity,drop60,nested_development_oof,0,477,0.038523259503893785,0.0440251572327044
B6_deficiency,cbc,identity,drop60,nested_development_oof,1,98,0.14005086175137993,0.01020408163265306
B6_deficiency,cbc,identity,drop60,nested_development_oof,2,54,0.24245545974391455,0.037037037037037035
B6_deficiency,cbc,identity,drop60,nested_development_oof,3,24,0.3389423333175933,0.041666666666666664
B6_deficiency,cbc,identity,drop60,nested_development_oof,4,7,0.43837186495311437,0.14285714285714285
B6_deficiency,cbc,identity,drop60,nested_development_oof,5,4,0.5593370911476536,0.0
B6_deficiency,cbc,identity,drop60,nested_development_oof,6,5,0.6159966569693378,0.0
B6_deficiency,cbc,identity,drop60,nested_development_oof,7,1,0.7022570017792183,1.0
B6_deficiency,cbc,identity,drop60,nested_development_oof,8,2,0.8384631681640797,0.5
B6_deficiency,cbc,identity,cbc_only,nested_development_oof,0,636,0.012334989062609207,0.031446540880503145
B6_deficiency,cbc,identity,cbc_only,nested_development_oof,1,23,0.14916889385825322,0.08695652173913043
B6_deficiency,cbc,identity,cbc_only,nested_development_oof,2,3,0.23783111648903463,0.3333333333333333
B6_deficiency,cbc,identity,cbc_only,nested_development_oof,3,1,0.3388296276638696,0.0
B6_deficiency,cbc,identity,cbc_only,nested_development_oof,4,1,0.47973130959253196,1.0
B6_deficiency,cbc,identity,cbc_only,nested_development_oof,5,4,0.5534942744415999,0.75
B6_deficiency,cbc,identity,cbc_only,nested_development_oof,6,1,0.6423709143606574,0.0
B6_deficiency,cbc,identity,cbc_only,nested_development_oof,7,1,0.7453334841825299,0.0
B6_deficiency,cbc,identity,cbc_only,nested_development_oof,8,2,0.8311306378079477,0.5
B6_deficiency,cbc,identity,hb_only,nested_development_oof,0,269,0.06676700351242487,0.03717472118959108
B6_deficiency,cbc,identity,hb_only,nested_development_oof,1,248,0.1417374162464403,0.04435483870967742
B6_deficiency,cbc,identity,hb_only,nested_development_oof,2,99,0.24474212690013455,0.04040404040404041
B6_deficiency,cbc,identity,hb_only,nested_development_oof,3,41,0.3403121812724603,0.07317073170731707
B6_deficiency,cbc,identity,hb_only,nested_development_oof,4,13,0.44270746145042084,0.0
B6_deficiency,cbc,identity,hb_only,nested_development_oof,5,2,0.5105293747819477,0.0
B6_deficiency,cbc,identity,no_iron,nested_development_oof,0,636,0.012334989062609207,0.031446540880503145
B6_deficiency,cbc,identity,no_iron,nested_development_oof,1,23,0.14916889385825322,0.08695652173913043
B6_deficiency,cbc,identity,no_iron,nested_development_oof,2,3,0.23783111648903463,0.3333333333333333
B6_deficiency,cbc,identity,no_iron,nested_development_oof,3,1,0.3388296276638696,0.0
B6_deficiency,cbc,identity,no_iron,nested_development_oof,4,1,0.47973130959253196,1.0
B6_deficiency,cbc,identity,no_iron,nested_development_oof,5,4,0.5534942744415999,0.75
B6_deficiency,cbc,identity,no_iron,nested_development_oof,6,1,0.6423709143606574,0.0
B6_deficiency,cbc,identity,no_iron,nested_development_oof,7,1,0.7453334841825299,0.0
B6_deficiency,cbc,identity,no_iron,nested_development_oof,8,2,0.8311306378079477,0.5
B6_deficiency,cbc,identity,no_B12,nested_development_oof,0,636,0.012334989062609207,0.031446540880503145
B6_deficiency,cbc,identity,no_B12,nested_development_oof,1,23,0.14916889385825322,0.08695652173913043
B6_deficiency,cbc,identity,no_B12,nested_development_oof,2,3,0.23783111648903463,0.3333333333333333
B6_deficiency,cbc,identity,no_B12,nested_development_oof,3,1,0.3388296276638696,0.0
B6_deficiency,cbc,identity,no_B12,nested_development_oof,4,1,0.47973130959253196,1.0
B6_deficiency,cbc,identity,no_B12,nested_development_oof,5,4,0.5534942744415999,0.75
B6_deficiency,cbc,identity,no_B12,nested_development_oof,6,1,0.6423709143606574,0.0
B6_deficiency,cbc,identity,no_B12,nested_development_oof,7,1,0.7453334841825299,0.0
B6_deficiency,cbc,identity,no_B12,nested_development_oof,8,2,0.8311306378079477,0.5
B6_deficiency,cbc,identity,no_folate,nested_development_oof,0,636,0.012334989062609207,0.031446540880503145
B6_deficiency,cbc,identity,no_folate,nested_development_oof,1,23,0.14916889385825322,0.08695652173913043
B6_deficiency,cbc,identity,no_folate,nested_development_oof,2,3,0.23783111648903463,0.3333333333333333
B6_deficiency,cbc,identity,no_folate,nested_development_oof,3,1,0.3388296276638696,0.0
B6_deficiency,cbc,identity,no_folate,nested_development_oof,4,1,0.47973130959253196,1.0
B6_deficiency,cbc,identity,no_folate,nested_development_oof,5,4,0.5534942744415999,0.75
B6_deficiency,cbc,identity,no_folate,nested_development_oof,6,1,0.6423709143606574,0.0
B6_deficiency,cbc,identity,no_folate,nested_development_oof,7,1,0.7453334841825299,0.0
B6_deficiency,cbc,identity,no_folate,nested_development_oof,8,2,0.8311306378079477,0.5
B6_deficiency,cbc,identity,no_B6,nested_development_oof,0,636,0.012334989062609207,0.031446540880503145
B6_deficiency,cbc,identity,no_B6,nested_development_oof,1,23,0.14916889385825322,0.08695652173913043
B6_deficiency,cbc,identity,no_B6,nested_development_oof,2,3,0.23783111648903463,0.3333333333333333
B6_deficiency,cbc,identity,no_B6,nested_development_oof,3,1,0.3388296276638696,0.0
B6_deficiency,cbc,identity,no_B6,nested_development_oof,4,1,0.47973130959253196,1.0
B6_deficiency,cbc,identity,no_B6,nested_development_oof,5,4,0.5534942744415999,0.75
B6_deficiency,cbc,identity,no_B6,nested_development_oof,6,1,0.6423709143606574,0.0
B6_deficiency,cbc,identity,no_B6,nested_development_oof,7,1,0.7453334841825299,0.0
B6_deficiency,cbc,identity,no_B6,nested_development_oof,8,2,0.8311306378079477,0.5
B6_deficiency,cbc,identity,no_copper,nested_development_oof,0,636,0.012334989062609207,0.031446540880503145
B6_deficiency,cbc,identity,no_copper,nested_development_oof,1,23,0.14916889385825322,0.08695652173913043
B6_deficiency,cbc,identity,no_copper,nested_development_oof,2,3,0.23783111648903463,0.3333333333333333
B6_deficiency,cbc,identity,no_copper,nested_development_oof,3,1,0.3388296276638696,0.0
B6_deficiency,cbc,identity,no_copper,nested_development_oof,4,1,0.47973130959253196,1.0
B6_deficiency,cbc,identity,no_copper,nested_development_oof,5,4,0.5534942744415999,0.75
B6_deficiency,cbc,identity,no_copper,nested_development_oof,6,1,0.6423709143606574,0.0
B6_deficiency,cbc,identity,no_copper,nested_development_oof,7,1,0.7453334841825299,0.0
B6_deficiency,cbc,identity,no_copper,nested_development_oof,8,2,0.8311306378079477,0.5
B6_deficiency,cbc,identity,no_hemoglobin,nested_development_oof,0,634,0.013851990446128084,0.033123028391167195
B6_deficiency,cbc,identity,no_hemoglobin,nested_development_oof,1,26,0.13602142662274452,0.07692307692307693
B6_deficiency,cbc,identity,no_hemoglobin,nested_development_oof,2,5,0.2638809184697274,0.4
B6_deficiency,cbc,identity,no_hemoglobin,nested_development_oof,3,4,0.3438247096815111,0.5
B6_deficiency,cbc,identity,no_hemoglobin,nested_development_oof,4,1,0.4960662985673541,0.0
B6_deficiency,cbc,identity,no_hemoglobin,nested_development_oof,6,1,0.6846115482733899,0.0
B6_deficiency,cbc,identity,no_hemoglobin,nested_development_oof,7,1,0.7963116373316597,1.0
B6_deficiency,cbc,identity,no_demographics,nested_development_oof,0,652,0.009754840906620382,0.03374233128834356
B6_deficiency,cbc,identity,no_demographics,nested_development_oof,1,8,0.1441468077928195,0.0
B6_deficiency,cbc,identity,no_demographics,nested_development_oof,2,5,0.2502758647768856,0.6
B6_deficiency,cbc,identity,no_demographics,nested_development_oof,3,2,0.3371317435540706,0.0
B6_deficiency,cbc,identity,no_demographics,nested_development_oof,5,4,0.5540052962577211,0.5
B6_deficiency,cbc,identity,no_demographics,nested_development_oof,7,1,0.7370443174169076,1.0
B6_deficiency,cbc,temperature,available,nested_development_oof,0,582,0.0270227138724953,0.029209621993127148
B6_deficiency,cbc,temperature,available,nested_development_oof,1,57,0.13718973624559924,0.05263157894736842
B6_deficiency,cbc,temperature,available,nested_development_oof,2,21,0.23692268976865444,0.09523809523809523
B6_deficiency,cbc,temperature,available,nested_development_oof,3,3,0.34205243850178,0.3333333333333333
B6_deficiency,cbc,temperature,available,nested_development_oof,4,1,0.48569670482314664,1.0
B6_deficiency,cbc,temperature,available,nested_development_oof,5,4,0.5375931610648865,0.75
B6_deficiency,cbc,temperature,available,nested_development_oof,6,2,0.64481632200151,0.0
B6_deficiency,cbc,temperature,available,nested_development_oof,7,2,0.7572618623651095,0.5
B6_deficiency,cbc,temperature,drop30,nested_development_oof,0,404,0.0409257723726503,0.024752475247524754
B6_deficiency,cbc,temperature,drop30,nested_development_oof,1,164,0.14089472445320317,0.04878048780487805
B6_deficiency,cbc,temperature,drop30,nested_development_oof,2,55,0.23963664227800718,0.09090909090909091
B6_deficiency,cbc,temperature,drop30,nested_development_oof,3,25,0.35035710506768747,0.08
B6_deficiency,cbc,temperature,drop30,nested_development_oof,4,14,0.4349401398088983,0.07142857142857142
B6_deficiency,cbc,temperature,drop30,nested_development_oof,5,7,0.5449063397790822,0.14285714285714285
B6_deficiency,cbc,temperature,drop30,nested_development_oof,6,1,0.6919370392928399,1.0
B6_deficiency,cbc,temperature,drop30,nested_development_oof,7,1,0.7020237196139929,0.0
B6_deficiency,cbc,temperature,drop30,nested_development_oof,8,1,0.8274850262972566,0.0
B6_deficiency,cbc,temperature,drop60,nested_development_oof,0,279,0.05567056029011292,0.017921146953405017
B6_deficiency,cbc,temperature,drop60,nested_development_oof,1,225,0.14201972712347669,0.07555555555555556
B6_deficiency,cbc,temperature,drop60,nested_development_oof,2,90,0.24176856664006385,0.0
B6_deficiency,cbc,temperature,drop60,nested_development_oof,3,55,0.34460061598592123,0.05454545454545454
B6_deficiency,cbc,temperature,drop60,nested_development_oof,4,11,0.4399229135331532,0.09090909090909091
B6_deficiency,cbc,temperature,drop60,nested_development_oof,5,9,0.5646707325624176,0.0
B6_deficiency,cbc,temperature,drop60,nested_development_oof,6,1,0.6468813830177906,1.0
B6_deficiency,cbc,temperature,drop60,nested_development_oof,7,2,0.7590950735468898,0.5
B6_deficiency,cbc,temperature,cbc_only,nested_development_oof,0,582,0.0270227138724953,0.029209621993127148
B6_deficiency,cbc,temperature,cbc_only,nested_development_oof,1,57,0.13718973624559924,0.05263157894736842
B6_deficiency,cbc,temperature,cbc_only,nested_development_oof,2,21,0.23692268976865444,0.09523809523809523
B6_deficiency,cbc,temperature,cbc_only,nested_development_oof,3,3,0.34205243850178,0.3333333333333333
B6_deficiency,cbc,temperature,cbc_only,nested_development_oof,4,1,0.48569670482314664,1.0
B6_deficiency,cbc,temperature,cbc_only,nested_development_oof,5,4,0.5375931610648865,0.75
B6_deficiency,cbc,temperature,cbc_only,nested_development_oof,6,2,0.64481632200151,0.0
B6_deficiency,cbc,temperature,cbc_only,nested_development_oof,7,2,0.7572618623651095,0.5
B6_deficiency,cbc,temperature,hb_only,nested_development_oof,0,27,0.07511296019617142,0.0
B6_deficiency,cbc,temperature,hb_only,nested_development_oof,1,310,0.15232950933790693,0.035483870967741936
B6_deficiency,cbc,temperature,hb_only,nested_development_oof,2,216,0.24178244066472784,0.05092592592592592
B6_deficiency,cbc,temperature,hb_only,nested_development_oof,3,94,0.34325395426619876,0.05319148936170213
B6_deficiency,cbc,temperature,hb_only,nested_development_oof,4,23,0.4393658730492791,0.043478260869565216
B6_deficiency,cbc,temperature,hb_only,nested_development_oof,5,2,0.5074083570295753,0.0
B6_deficiency,cbc,temperature,no_iron,nested_development_oof,0,582,0.0270227138724953,0.029209621993127148
B6_deficiency,cbc,temperature,no_iron,nested_development_oof,1,57,0.13718973624559924,0.05263157894736842
B6_deficiency,cbc,temperature,no_iron,nested_development_oof,2,21,0.23692268976865444,0.09523809523809523
B6_deficiency,cbc,temperature,no_iron,nested_development_oof,3,3,0.34205243850178,0.3333333333333333
B6_deficiency,cbc,temperature,no_iron,nested_development_oof,4,1,0.48569670482314664,1.0
B6_deficiency,cbc,temperature,no_iron,nested_development_oof,5,4,0.5375931610648865,0.75
B6_deficiency,cbc,temperature,no_iron,nested_development_oof,6,2,0.64481632200151,0.0
B6_deficiency,cbc,temperature,no_iron,nested_development_oof,7,2,0.7572618623651095,0.5
B6_deficiency,cbc,temperature,no_B12,nested_development_oof,0,582,0.0270227138724953,0.029209621993127148
B6_deficiency,cbc,temperature,no_B12,nested_development_oof,1,57,0.13718973624559924,0.05263157894736842
B6_deficiency,cbc,temperature,no_B12,nested_development_oof,2,21,0.23692268976865444,0.09523809523809523
B6_deficiency,cbc,temperature,no_B12,nested_development_oof,3,3,0.34205243850178,0.3333333333333333
B6_deficiency,cbc,temperature,no_B12,nested_development_oof,4,1,0.48569670482314664,1.0
B6_deficiency,cbc,temperature,no_B12,nested_development_oof,5,4,0.5375931610648865,0.75
B6_deficiency,cbc,temperature,no_B12,nested_development_oof,6,2,0.64481632200151,0.0
B6_deficiency,cbc,temperature,no_B12,nested_development_oof,7,2,0.7572618623651095,0.5
B6_deficiency,cbc,temperature,no_folate,nested_development_oof,0,582,0.0270227138724953,0.029209621993127148
B6_deficiency,cbc,temperature,no_folate,nested_development_oof,1,57,0.13718973624559924,0.05263157894736842
B6_deficiency,cbc,temperature,no_folate,nested_development_oof,2,21,0.23692268976865444,0.09523809523809523
B6_deficiency,cbc,temperature,no_folate,nested_development_oof,3,3,0.34205243850178,0.3333333333333333
B6_deficiency,cbc,temperature,no_folate,nested_development_oof,4,1,0.48569670482314664,1.0
B6_deficiency,cbc,temperature,no_folate,nested_development_oof,5,4,0.5375931610648865,0.75
B6_deficiency,cbc,temperature,no_folate,nested_development_oof,6,2,0.64481632200151,0.0
B6_deficiency,cbc,temperature,no_folate,nested_development_oof,7,2,0.7572618623651095,0.5
B6_deficiency,cbc,temperature,no_B6,nested_development_oof,0,582,0.0270227138724953,0.029209621993127148
B6_deficiency,cbc,temperature,no_B6,nested_development_oof,1,57,0.13718973624559924,0.05263157894736842
B6_deficiency,cbc,temperature,no_B6,nested_development_oof,2,21,0.23692268976865444,0.09523809523809523
B6_deficiency,cbc,temperature,no_B6,nested_development_oof,3,3,0.34205243850178,0.3333333333333333
B6_deficiency,cbc,temperature,no_B6,nested_development_oof,4,1,0.48569670482314664,1.0
B6_deficiency,cbc,temperature,no_B6,nested_development_oof,5,4,0.5375931610648865,0.75
B6_deficiency,cbc,temperature,no_B6,nested_development_oof,6,2,0.64481632200151,0.0
B6_deficiency,cbc,temperature,no_B6,nested_development_oof,7,2,0.7572618623651095,0.5
B6_deficiency,cbc,temperature,no_copper,nested_development_oof,0,582,0.0270227138724953,0.029209621993127148
B6_deficiency,cbc,temperature,no_copper,nested_development_oof,1,57,0.13718973624559924,0.05263157894736842
B6_deficiency,cbc,temperature,no_copper,nested_development_oof,2,21,0.23692268976865444,0.09523809523809523
B6_deficiency,cbc,temperature,no_copper,nested_development_oof,3,3,0.34205243850178,0.3333333333333333
B6_deficiency,cbc,temperature,no_copper,nested_development_oof,4,1,0.48569670482314664,1.0
B6_deficiency,cbc,temperature,no_copper,nested_development_oof,5,4,0.5375931610648865,0.75
B6_deficiency,cbc,temperature,no_copper,nested_development_oof,6,2,0.64481632200151,0.0
B6_deficiency,cbc,temperature,no_copper,nested_development_oof,7,2,0.7572618623651095,0.5
B6_deficiency,cbc,temperature,no_hemoglobin,nested_development_oof,0,563,0.027912633512124637,0.02486678507992895
B6_deficiency,cbc,temperature,no_hemoglobin,nested_development_oof,1,83,0.1412788630250002,0.0963855421686747
B6_deficiency,cbc,temperature,no_hemoglobin,nested_development_oof,2,15,0.23778708248985617,0.13333333333333333
B6_deficiency,cbc,temperature,no_hemoglobin,nested_development_oof,3,7,0.35512985306486894,0.2857142857142857
B6_deficiency,cbc,temperature,no_hemoglobin,nested_development_oof,4,2,0.45959691167669914,0.5
B6_deficiency,cbc,temperature,no_hemoglobin,nested_development_oof,6,1,0.6326475652145698,0.0
B6_deficiency,cbc,temperature,no_hemoglobin,nested_development_oof,7,1,0.7285501557255203,1.0
B6_deficiency,cbc,temperature,no_demographics,nested_development_oof,0,620,0.025355845358826495,0.03225806451612903
B6_deficiency,cbc,temperature,no_demographics,nested_development_oof,1,34,0.141324225476871,0.058823529411764705
B6_deficiency,cbc,temperature,no_demographics,nested_development_oof,2,6,0.23325841020715235,0.0
B6_deficiency,cbc,temperature,no_demographics,nested_development_oof,3,6,0.3228633267040541,0.5
B6_deficiency,cbc,temperature,no_demographics,nested_development_oof,4,1,0.4087553025427626,0.0
B6_deficiency,cbc,temperature,no_demographics,nested_development_oof,5,4,0.5378658942452643,0.5
B6_deficiency,cbc,temperature,no_demographics,nested_development_oof,6,1,0.6783794035416859,1.0
B6_deficiency,cbc,sigmoid_logit,available,nested_development_oof,0,587,0.027442670293234522,0.028960817717206135
B6_deficiency,cbc,sigmoid_logit,available,nested_development_oof,1,59,0.13603281726174027,0.05084745762711865
B6_deficiency,cbc,sigmoid_logit,available,nested_development_oof,2,16,0.23172421296634382,0.1875
B6_deficiency,cbc,sigmoid_logit,available,nested_development_oof,3,1,0.3053307945512276,0.0
B6_deficiency,cbc,sigmoid_logit,available,nested_development_oof,4,4,0.46742884955285474,1.0
B6_deficiency,cbc,sigmoid_logit,available,nested_development_oof,5,2,0.5414925840123834,0.0
B6_deficiency,cbc,sigmoid_logit,available,nested_development_oof,6,2,0.6561910274343083,0.0
B6_deficiency,cbc,sigmoid_logit,available,nested_development_oof,7,1,0.7442352821564695,1.0
B6_deficiency,cbc,sigmoid_logit,drop30,nested_development_oof,0,423,0.04248391363121402,0.026004728132387706
B6_deficiency,cbc,sigmoid_logit,drop30,nested_development_oof,1,167,0.14099645443231512,0.059880239520958084
B6_deficiency,cbc,sigmoid_logit,drop30,nested_development_oof,2,42,0.24765373071948235,0.047619047619047616
B6_deficiency,cbc,sigmoid_logit,drop30,nested_development_oof,3,22,0.3404583933250479,0.13636363636363635
B6_deficiency,cbc,sigmoid_logit,drop30,nested_development_oof,4,13,0.43678101694633786,0.07692307692307693
B6_deficiency,cbc,sigmoid_logit,drop30,nested_development_oof,5,3,0.554505595747648,0.3333333333333333
B6_deficiency,cbc,sigmoid_logit,drop30,nested_development_oof,7,2,0.7315879269248428,0.0
B6_deficiency,cbc,sigmoid_logit,drop60,nested_development_oof,0,295,0.05608318849727382,0.020338983050847456
B6_deficiency,cbc,sigmoid_logit,drop60,nested_development_oof,1,236,0.140232252952984,0.06779661016949153
B6_deficiency,cbc,sigmoid_logit,drop60,nested_development_oof,2,89,0.24606029067994545,0.011235955056179775
B6_deficiency,cbc,sigmoid_logit,drop60,nested_development_oof,3,35,0.33672770316262685,0.05714285714285714
B6_deficiency,cbc,sigmoid_logit,drop60,nested_development_oof,4,7,0.4475270741271799,0.14285714285714285
B6_deficiency,cbc,sigmoid_logit,drop60,nested_development_oof,5,7,0.5330215967879605,0.0
B6_deficiency,cbc,sigmoid_logit,drop60,nested_development_oof,6,2,0.6466338575975586,1.0
B6_deficiency,cbc,sigmoid_logit,drop60,nested_development_oof,7,1,0.7520221237298744,0.0
B6_deficiency,cbc,sigmoid_logit,cbc_only,nested_development_oof,0,587,0.027442670293234522,0.028960817717206135
B6_deficiency,cbc,sigmoid_logit,cbc_only,nested_development_oof,1,59,0.13603281726174027,0.05084745762711865
B6_deficiency,cbc,sigmoid_logit,cbc_only,nested_development_oof,2,16,0.23172421296634382,0.1875
B6_deficiency,cbc,sigmoid_logit,cbc_only,nested_development_oof,3,1,0.3053307945512276,0.0
B6_deficiency,cbc,sigmoid_logit,cbc_only,nested_development_oof,4,4,0.46742884955285474,1.0
B6_deficiency,cbc,sigmoid_logit,cbc_only,nested_development_oof,5,2,0.5414925840123834,0.0
B6_deficiency,cbc,sigmoid_logit,cbc_only,nested_development_oof,6,2,0.6561910274343083,0.0
B6_deficiency,cbc,sigmoid_logit,cbc_only,nested_development_oof,7,1,0.7442352821564695,1.0
B6_deficiency,cbc,sigmoid_logit,hb_only,nested_development_oof,0,39,0.0810867096104597,0.0
B6_deficiency,cbc,sigmoid_logit,hb_only,nested_development_oof,1,371,0.14985669919400896,0.0431266846361186
B6_deficiency,cbc,sigmoid_logit,hb_only,nested_development_oof,2,190,0.24555100816404024,0.04736842105263158
B6_deficiency,cbc,sigmoid_logit,hb_only,nested_development_oof,3,65,0.3461037629011146,0.046153846153846156
B6_deficiency,cbc,sigmoid_logit,hb_only,nested_development_oof,4,7,0.4287349532841479,0.0
B6_deficiency,cbc,sigmoid_logit,no_iron,nested_development_oof,0,587,0.027442670293234522,0.028960817717206135
B6_deficiency,cbc,sigmoid_logit,no_iron,nested_development_oof,1,59,0.13603281726174027,0.05084745762711865
B6_deficiency,cbc,sigmoid_logit,no_iron,nested_development_oof,2,16,0.23172421296634382,0.1875
B6_deficiency,cbc,sigmoid_logit,no_iron,nested_development_oof,3,1,0.3053307945512276,0.0
B6_deficiency,cbc,sigmoid_logit,no_iron,nested_development_oof,4,4,0.46742884955285474,1.0
B6_deficiency,cbc,sigmoid_logit,no_iron,nested_development_oof,5,2,0.5414925840123834,0.0
B6_deficiency,cbc,sigmoid_logit,no_iron,nested_development_oof,6,2,0.6561910274343083,0.0
B6_deficiency,cbc,sigmoid_logit,no_iron,nested_development_oof,7,1,0.7442352821564695,1.0
B6_deficiency,cbc,sigmoid_logit,no_B12,nested_development_oof,0,587,0.027442670293234522,0.028960817717206135
B6_deficiency,cbc,sigmoid_logit,no_B12,nested_development_oof,1,59,0.13603281726174027,0.05084745762711865
B6_deficiency,cbc,sigmoid_logit,no_B12,nested_development_oof,2,16,0.23172421296634382,0.1875
B6_deficiency,cbc,sigmoid_logit,no_B12,nested_development_oof,3,1,0.3053307945512276,0.0
B6_deficiency,cbc,sigmoid_logit,no_B12,nested_development_oof,4,4,0.46742884955285474,1.0
B6_deficiency,cbc,sigmoid_logit,no_B12,nested_development_oof,5,2,0.5414925840123834,0.0
B6_deficiency,cbc,sigmoid_logit,no_B12,nested_development_oof,6,2,0.6561910274343083,0.0
B6_deficiency,cbc,sigmoid_logit,no_B12,nested_development_oof,7,1,0.7442352821564695,1.0
B6_deficiency,cbc,sigmoid_logit,no_folate,nested_development_oof,0,587,0.027442670293234522,0.028960817717206135
B6_deficiency,cbc,sigmoid_logit,no_folate,nested_development_oof,1,59,0.13603281726174027,0.05084745762711865
B6_deficiency,cbc,sigmoid_logit,no_folate,nested_development_oof,2,16,0.23172421296634382,0.1875
B6_deficiency,cbc,sigmoid_logit,no_folate,nested_development_oof,3,1,0.3053307945512276,0.0
B6_deficiency,cbc,sigmoid_logit,no_folate,nested_development_oof,4,4,0.46742884955285474,1.0
B6_deficiency,cbc,sigmoid_logit,no_folate,nested_development_oof,5,2,0.5414925840123834,0.0
B6_deficiency,cbc,sigmoid_logit,no_folate,nested_development_oof,6,2,0.6561910274343083,0.0
B6_deficiency,cbc,sigmoid_logit,no_folate,nested_development_oof,7,1,0.7442352821564695,1.0
B6_deficiency,cbc,sigmoid_logit,no_B6,nested_development_oof,0,587,0.027442670293234522,0.028960817717206135
B6_deficiency,cbc,sigmoid_logit,no_B6,nested_development_oof,1,59,0.13603281726174027,0.05084745762711865
B6_deficiency,cbc,sigmoid_logit,no_B6,nested_development_oof,2,16,0.23172421296634382,0.1875
B6_deficiency,cbc,sigmoid_logit,no_B6,nested_development_oof,3,1,0.3053307945512276,0.0
B6_deficiency,cbc,sigmoid_logit,no_B6,nested_development_oof,4,4,0.46742884955285474,1.0
B6_deficiency,cbc,sigmoid_logit,no_B6,nested_development_oof,5,2,0.5414925840123834,0.0
B6_deficiency,cbc,sigmoid_logit,no_B6,nested_development_oof,6,2,0.6561910274343083,0.0
B6_deficiency,cbc,sigmoid_logit,no_B6,nested_development_oof,7,1,0.7442352821564695,1.0
B6_deficiency,cbc,sigmoid_logit,no_copper,nested_development_oof,0,587,0.027442670293234522,0.028960817717206135
B6_deficiency,cbc,sigmoid_logit,no_copper,nested_development_oof,1,59,0.13603281726174027,0.05084745762711865
B6_deficiency,cbc,sigmoid_logit,no_copper,nested_development_oof,2,16,0.23172421296634382,0.1875
B6_deficiency,cbc,sigmoid_logit,no_copper,nested_development_oof,3,1,0.3053307945512276,0.0
B6_deficiency,cbc,sigmoid_logit,no_copper,nested_development_oof,4,4,0.46742884955285474,1.0
B6_deficiency,cbc,sigmoid_logit,no_copper,nested_development_oof,5,2,0.5414925840123834,0.0
B6_deficiency,cbc,sigmoid_logit,no_copper,nested_development_oof,6,2,0.6561910274343083,0.0
B6_deficiency,cbc,sigmoid_logit,no_copper,nested_development_oof,7,1,0.7442352821564695,1.0
B6_deficiency,cbc,sigmoid_logit,no_hemoglobin,nested_development_oof,0,575,0.029185595371652957,0.02434782608695652
B6_deficiency,cbc,sigmoid_logit,no_hemoglobin,nested_development_oof,1,74,0.13727191585831944,0.10810810810810811
B6_deficiency,cbc,sigmoid_logit,no_hemoglobin,nested_development_oof,2,15,0.23397506526145345,0.2
B6_deficiency,cbc,sigmoid_logit,no_hemoglobin,nested_development_oof,3,5,0.3476346471540566,0.4
B6_deficiency,cbc,sigmoid_logit,no_hemoglobin,nested_development_oof,4,1,0.46583204401910167,0.0
B6_deficiency,cbc,sigmoid_logit,no_hemoglobin,nested_development_oof,5,1,0.5538087844583433,0.0
B6_deficiency,cbc,sigmoid_logit,no_hemoglobin,nested_development_oof,6,1,0.6951780655178449,1.0
B6_deficiency,cbc,sigmoid_logit,no_demographics,nested_development_oof,0,625,0.02591197208488512,0.032
B6_deficiency,cbc,sigmoid_logit,no_demographics,nested_development_oof,1,32,0.138594013610293,0.0625
B6_deficiency,cbc,sigmoid_logit,no_demographics,nested_development_oof,2,7,0.24738031170894373,0.42857142857142855
B6_deficiency,cbc,sigmoid_logit,no_demographics,nested_development_oof,3,3,0.3189920847139807,0.0
B6_deficiency,cbc,sigmoid_logit,no_demographics,nested_development_oof,4,2,0.46190161634802135,1.0
B6_deficiency,cbc,sigmoid_logit,no_demographics,nested_development_oof,5,2,0.5068559690350841,0.0
B6_deficiency,cbc,sigmoid_logit,no_demographics,nested_development_oof,6,1,0.6439399444353981,1.0
copper_deficiency,primary,identity,available,nested_development_oof,0,642,0.0016057334028095516,0.001557632398753894
copper_deficiency,primary,identity,available,nested_development_oof,1,4,0.1502603061820099,0.75
copper_deficiency,primary,identity,available,nested_development_oof,2,2,0.23764172732404432,0.0
copper_deficiency,primary,identity,available,nested_development_oof,4,1,0.4003958878863138,1.0
copper_deficiency,primary,identity,available,nested_development_oof,5,1,0.5640105941600028,1.0
copper_deficiency,primary,identity,available,nested_development_oof,6,1,0.6388478932115825,1.0
copper_deficiency,primary,identity,available,nested_development_oof,7,2,0.7571809609952904,1.0
copper_deficiency,primary,identity,available,nested_development_oof,8,3,0.8617101165451279,1.0
copper_deficiency,primary,identity,available,nested_development_oof,9,16,0.9739677789462726,1.0
copper_deficiency,primary,identity,drop30,nested_development_oof,0,638,0.004906854192896773,0.0109717868338558
copper_deficiency,primary,identity,drop30,nested_development_oof,1,8,0.15098601695485714,0.125
copper_deficiency,primary,identity,drop30,nested_development_oof,2,3,0.25749038579222794,0.0
copper_deficiency,primary,identity,drop30,nested_development_oof,3,1,0.3136986154932218,0.0
copper_deficiency,primary,identity,drop30,nested_development_oof,4,1,0.45207722407823975,1.0
copper_deficiency,primary,identity,drop30,nested_development_oof,5,2,0.5670209371109325,0.5
copper_deficiency,primary,identity,drop30,nested_development_oof,6,1,0.6690440980633662,1.0
copper_deficiency,primary,identity,drop30,nested_development_oof,7,2,0.7745122045792057,1.0
copper_deficiency,primary,identity,drop30,nested_development_oof,8,5,0.862116939338556,0.8
copper_deficiency,primary,identity,drop30,nested_development_oof,9,11,0.9659044090951441,1.0
copper_deficiency,primary,identity,drop60,nested_development_oof,0,653,0.0071415899030824615,0.02450229709035222
copper_deficiency,primary,identity,drop60,nested_development_oof,1,6,0.159723051070012,0.3333333333333333
copper_deficiency,primary,identity,drop60,nested_development_oof,2,2,0.22499218890156697,0.0
copper_deficiency,primary,identity,drop60,nested_development_oof,5,2,0.5889195482289331,1.0
copper_deficiency,primary,identity,drop60,nested_development_oof,7,4,0.719370344356641,1.0
copper_deficiency,primary,identity,drop60,nested_development_oof,8,3,0.8624676485238888,0.6666666666666666
copper_deficiency,primary,identity,drop60,nested_development_oof,9,2,0.9722261634767948,1.0
copper_deficiency,primary,identity,cbc_only,nested_development_oof,0,672,0.0006320641926005362,0.041666666666666664
copper_deficiency,primary,identity,hb_only,nested_development_oof,0,672,0.009156118795587571,0.041666666666666664
copper_deficiency,primary,identity,no_iron,nested_development_oof,0,642,0.0018472231078584896,0.001557632398753894
copper_deficiency,primary,identity,no_iron,nested_development_oof,1,4,0.15714175449703147,0.75
copper_deficiency,primary,identity,no_iron,nested_development_oof,2,2,0.23189131331417306,0.0
copper_deficiency,primary,identity,no_iron,nested_development_oof,4,1,0.4003958878863138,1.0
copper_deficiency,primary,identity,no_iron,nested_development_oof,5,1,0.5640105941600028,1.0
copper_deficiency,primary,identity,no_iron,nested_development_oof,6,2,0.6534844774275569,1.0
copper_deficiency,primary,identity,no_iron,nested_development_oof,7,1,0.7662839214529406,1.0
copper_deficiency,primary,identity,no_iron,nested_development_oof,8,4,0.85885953038099,1.0
copper_deficiency,primary,identity,no_iron,nested_development_oof,9,15,0.9783411670486226,1.0
copper_deficiency,primary,identity,no_B12,nested_development_oof,0,642,0.0015152631023165747,0.001557632398753894
copper_deficiency,primary,identity,no_B12,nested_development_oof,1,4,0.1486821677090972,0.75
copper_deficiency,primary,identity,no_B12,nested_development_oof,2,2,0.23764172732404432,0.0
copper_deficiency,primary,identity,no_B12,nested_development_oof,3,1,0.38588479990870944,1.0
copper_deficiency,primary,identity,no_B12,nested_development_oof,5,2,0.5660448664363165,1.0
copper_deficiency,primary,identity,no_B12,nested_development_oof,7,2,0.7608320647862284,1.0
copper_deficiency,primary,identity,no_B12,nested_development_oof,8,3,0.8607542911357559,1.0
copper_deficiency,primary,identity,no_B12,nested_development_oof,9,16,0.9760669432889189,1.0
copper_deficiency,primary,identity,no_folate,nested_development_oof,0,642,0.0016247797453170561,0.001557632398753894
copper_deficiency,primary,identity,no_folate,nested_development_oof,1,3,0.1368209880699027,0.6666666666666666
copper_deficiency,primary,identity,no_folate,nested_development_oof,2,3,0.23908396384813999,0.3333333333333333
copper_deficiency,primary,identity,no_folate,nested_development_oof,4,1,0.4003958878863138,1.0
copper_deficiency,primary,identity,no_folate,nested_development_oof,5,1,0.5405277581109187,1.0
copper_deficiency,primary,identity,no_folate,nested_development_oof,6,1,0.6442504361083465,1.0
copper_deficiency,primary,identity,no_folate,nested_development_oof,7,2,0.7534388407800041,1.0
copper_deficiency,primary,identity,no_folate,nested_development_oof,8,3,0.8616943708122685,1.0
copper_deficiency,primary,identity,no_folate,nested_development_oof,9,16,0.9753084578091852,1.0
copper_deficiency,primary,identity,no_B6,nested_development_oof,0,642,0.0016030078226206665,0.001557632398753894
copper_deficiency,primary,identity,no_B6,nested_development_oof,1,4,0.1502603061820099,0.75
copper_deficiency,primary,identity,no_B6,nested_development_oof,2,2,0.23764172732404432,0.0
copper_deficiency,primary,identity,no_B6,nested_development_oof,4,1,0.4003958878863138,1.0
copper_deficiency,primary,identity,no_B6,nested_development_oof,5,1,0.5921501358626158,1.0
copper_deficiency,primary,identity,no_B6,nested_development_oof,6,1,0.6388478932115825,1.0
copper_deficiency,primary,identity,no_B6,nested_development_oof,7,2,0.7571809609952904,1.0
copper_deficiency,primary,identity,no_B6,nested_development_oof,8,3,0.8635364328695195,1.0
copper_deficiency,primary,identity,no_B6,nested_development_oof,9,16,0.9740137354457213,1.0
copper_deficiency,primary,identity,no_copper,nested_development_oof,0,672,0.0006820801311735502,0.041666666666666664
copper_deficiency,primary,identity,no_hemoglobin,nested_development_oof,0,642,0.0016910556060929021,0.001557632398753894
copper_deficiency,primary,identity,no_hemoglobin,nested_development_oof,1,3,0.14205397453550822,0.6666666666666666
copper_deficiency,primary,identity,no_hemoglobin,nested_development_oof,2,3,0.23566455515548476,0.3333333333333333
copper_deficiency,primary,identity,no_hemoglobin,nested_development_oof,4,1,0.4003958878863138,1.0
copper_deficiency,primary,identity,no_hemoglobin,nested_development_oof,5,1,0.5915474161172858,1.0
copper_deficiency,primary,identity,no_hemoglobin,nested_development_oof,6,2,0.6507487798483997,1.0
copper_deficiency,primary,identity,no_hemoglobin,nested_development_oof,7,1,0.7463495152320847,1.0
copper_deficiency,primary,identity,no_hemoglobin,nested_development_oof,8,4,0.8659567260498893,1.0
copper_deficiency,primary,identity,no_hemoglobin,nested_development_oof,9,15,0.9775763766308354,1.0
copper_deficiency,primary,identity,no_demographics,nested_development_oof,0,642,0.001998906168335339,0.001557632398753894
copper_deficiency,primary,identity,no_demographics,nested_development_oof,1,2,0.13971200682257484,1.0
copper_deficiency,primary,identity,no_demographics,nested_development_oof,2,4,0.2547147063013797,0.25
copper_deficiency,primary,identity,no_demographics,nested_development_oof,3,1,0.39990254348436477,1.0
copper_deficiency,primary,identity,no_demographics,nested_development_oof,5,1,0.5640105941600028,1.0
copper_deficiency,primary,identity,no_demographics,nested_development_oof,6,1,0.6590447423751038,1.0
copper_deficiency,primary,identity,no_demographics,nested_development_oof,7,1,0.7423770259030416,1.0
copper_deficiency,primary,identity,no_demographics,nested_development_oof,8,2,0.8184991094855063,1.0
copper_deficiency,primary,identity,no_demographics,nested_development_oof,9,18,0.9712675142334967,1.0
copper_deficiency,primary,temperature,available,nested_development_oof,0,640,0.004768023310341837,0.0015625
copper_deficiency,primary,temperature,available,nested_development_oof,1,4,0.13323118707089696,0.5
copper_deficiency,primary,temperature,available,nested_development_oof,2,3,0.2456066467818762,0.3333333333333333
copper_deficiency,primary,temperature,available,nested_development_oof,3,1,0.30493090143475365,0.0
copper_deficiency,primary,temperature,available,nested_development_oof,4,1,0.42009308038913873,1.0
copper_deficiency,primary,temperature,available,nested_development_oof,5,1,0.5512054528241693,1.0
copper_deficiency,primary,temperature,available,nested_development_oof,6,2,0.6510285379676084,1.0
copper_deficiency,primary,temperature,available,nested_development_oof,7,3,0.7682719623642075,1.0
copper_deficiency,primary,temperature,available,nested_development_oof,8,3,0.8484815289983114,1.0
copper_deficiency,primary,temperature,available,nested_development_oof,9,14,0.9657866678619943,1.0
copper_deficiency,primary,temperature,drop30,nested_development_oof,0,627,0.009481555646005065,0.007974481658692184
copper_deficiency,primary,temperature,drop30,nested_development_oof,1,13,0.1207068776076999,0.15384615384615385
copper_deficiency,primary,temperature,drop30,nested_development_oof,2,8,0.23218292965029896,0.125
copper_deficiency,primary,temperature,drop30,nested_development_oof,3,2,0.3403408904015249,0.0
copper_deficiency,primary,temperature,drop30,nested_development_oof,4,1,0.4589485377641232,1.0
copper_deficiency,primary,temperature,drop30,nested_development_oof,5,2,0.5544541976003324,0.5
copper_deficiency,primary,temperature,drop30,nested_development_oof,6,1,0.643905415558006,1.0
copper_deficiency,primary,temperature,drop30,nested_development_oof,7,4,0.7489090324649756,0.75
copper_deficiency,primary,temperature,drop30,nested_development_oof,8,6,0.8445916435243217,1.0
copper_deficiency,primary,temperature,drop30,nested_development_oof,9,8,0.9704488499960353,1.0
copper_deficiency,primary,temperature,drop60,nested_development_oof,0,648,0.01559528172619051,0.024691358024691357
copper_deficiency,primary,temperature,drop60,nested_development_oof,1,8,0.13431423151207322,0.25
copper_deficiency,primary,temperature,drop60,nested_development_oof,2,5,0.24809039608073022,0.0
copper_deficiency,primary,temperature,drop60,nested_development_oof,5,2,0.5627896866307772,1.0
copper_deficiency,primary,temperature,drop60,nested_development_oof,6,3,0.673479807510828,1.0
copper_deficiency,primary,temperature,drop60,nested_development_oof,7,3,0.7494877774361027,0.6666666666666666
copper_deficiency,primary,temperature,drop60,nested_development_oof,8,1,0.8167174406411096,1.0
copper_deficiency,primary,temperature,drop60,nested_development_oof,9,2,0.9439753860631199,1.0
copper_deficiency,primary,temperature,cbc_only,nested_development_oof,0,672,0.0028248072136330127,0.041666666666666664
copper_deficiency,primary,temperature,hb_only,nested_development_oof,0,672,0.02085401546227225,0.041666666666666664
copper_deficiency,primary,temperature,no_iron,nested_development_oof,0,641,0.005516833809481027,0.0015600624024961
copper_deficiency,primary,temperature,no_iron,nested_development_oof,1,3,0.16571905401333806,0.6666666666666666
copper_deficiency,primary,temperature,no_iron,nested_development_oof,2,3,0.23613350649334064,0.3333333333333333
copper_deficiency,primary,temperature,no_iron,nested_development_oof,3,1,0.3153553154174504,0.0
copper_deficiency,primary,temperature,no_iron,nested_development_oof,4,1,0.42009308038913873,1.0
copper_deficiency,primary,temperature,no_iron,nested_development_oof,5,1,0.5512054528241693,1.0
copper_deficiency,primary,temperature,no_iron,nested_development_oof,6,2,0.6237779439768414,1.0
copper_deficiency,primary,temperature,no_iron,nested_development_oof,7,3,0.7576557167086401,1.0
copper_deficiency,primary,temperature,no_iron,nested_development_oof,8,4,0.8489669314764539,1.0
copper_deficiency,primary,temperature,no_iron,nested_development_oof,9,13,0.9725823944853842,1.0
copper_deficiency,primary,temperature,no_B12,nested_development_oof,0,641,0.004774324176550988,0.0015600624024961
copper_deficiency,primary,temperature,no_B12,nested_development_oof,1,3,0.14182709633901278,0.6666666666666666
copper_deficiency,primary,temperature,no_B12,nested_development_oof,2,3,0.24344522190349407,0.3333333333333333
copper_deficiency,primary,temperature,no_B12,nested_development_oof,3,1,0.30493090143475365,0.0
copper_deficiency,primary,temperature,no_B12,nested_development_oof,4,1,0.40831054072391454,1.0
copper_deficiency,primary,temperature,no_B12,nested_development_oof,5,2,0.5527688237637662,1.0
copper_deficiency,primary,temperature,no_B12,nested_development_oof,6,1,0.6905081032794833,1.0
copper_deficiency,primary,temperature,no_B12,nested_development_oof,7,3,0.7678494350875141,1.0
copper_deficiency,primary,temperature,no_B12,nested_development_oof,8,2,0.8343860944198829,1.0
copper_deficiency,primary,temperature,no_B12,nested_development_oof,9,15,0.9631153479268273,1.0
copper_deficiency,primary,temperature,no_folate,nested_development_oof,0,640,0.004805756500712006,0.0015625
copper_deficiency,primary,temperature,no_folate,nested_development_oof,1,4,0.13436712195823977,0.5
copper_deficiency,primary,temperature,no_folate,nested_development_oof,2,3,0.25800532802092896,0.3333333333333333
copper_deficiency,primary,temperature,no_folate,nested_development_oof,3,1,0.3138793262817768,0.0
copper_deficiency,primary,temperature,no_folate,nested_development_oof,4,1,0.42009308038913873,1.0
copper_deficiency,primary,temperature,no_folate,nested_development_oof,5,1,0.5323815826442537,1.0
copper_deficiency,primary,temperature,no_folate,nested_development_oof,6,2,0.6500048026074348,1.0
copper_deficiency,primary,temperature,no_folate,nested_development_oof,7,2,0.7497990230803175,1.0
copper_deficiency,primary,temperature,no_folate,nested_development_oof,8,4,0.8419466357054671,1.0
copper_deficiency,primary,temperature,no_folate,nested_development_oof,9,14,0.966673704834922,1.0
copper_deficiency,primary,temperature,no_B6,nested_development_oof,0,640,0.0047551074554360185,0.0015625
copper_deficiency,primary,temperature,no_B6,nested_development_oof,1,4,0.13323118707089696,0.5
copper_deficiency,primary,temperature,no_B6,nested_development_oof,2,3,0.2456066467818762,0.3333333333333333
copper_deficiency,primary,temperature,no_B6,nested_development_oof,3,1,0.30493090143475365,0.0
copper_deficiency,primary,temperature,no_B6,nested_development_oof,4,1,0.42009308038913873,1.0
copper_deficiency,primary,temperature,no_B6,nested_development_oof,5,1,0.5738748328173707,1.0
copper_deficiency,primary,temperature,no_B6,nested_development_oof,6,2,0.6510285379676084,1.0
copper_deficiency,primary,temperature,no_B6,nested_development_oof,7,3,0.7682719623642075,1.0
copper_deficiency,primary,temperature,no_B6,nested_development_oof,8,3,0.8504671585231353,1.0
copper_deficiency,primary,temperature,no_B6,nested_development_oof,9,14,0.9658783067893643,1.0
copper_deficiency,primary,temperature,no_copper,nested_development_oof,0,672,0.0029041888661372967,0.041666666666666664
copper_deficiency,primary,temperature,no_hemoglobin,nested_development_oof,0,640,0.004941474916102089,0.0015625
copper_deficiency,primary,temperature,no_hemoglobin,nested_development_oof,1,4,0.13994800232868693,0.5
copper_deficiency,primary,temperature,no_hemoglobin,nested_development_oof,2,3,0.2508406276656166,0.3333333333333333
copper_deficiency,primary,temperature,no_hemoglobin,nested_development_oof,3,1,0.32957634539877256,0.0
copper_deficiency,primary,temperature,no_hemoglobin,nested_development_oof,4,1,0.42009308038913873,1.0
copper_deficiency,primary,temperature,no_hemoglobin,nested_development_oof,5,2,0.5774209414256957,1.0
copper_deficiency,primary,temperature,no_hemoglobin,nested_development_oof,6,1,0.6621417292480395,1.0
copper_deficiency,primary,temperature,no_hemoglobin,nested_development_oof,7,4,0.7655409050892492,1.0
copper_deficiency,primary,temperature,no_hemoglobin,nested_development_oof,8,2,0.8617157960329123,1.0
copper_deficiency,primary,temperature,no_hemoglobin,nested_development_oof,9,14,0.9643745013825207,1.0
copper_deficiency,primary,temperature,no_demographics,nested_development_oof,0,640,0.005736720000253856,0.0015625
copper_deficiency,primary,temperature,no_demographics,nested_development_oof,1,4,0.1481074106939068,0.5
copper_deficiency,primary,temperature,no_demographics,nested_development_oof,2,3,0.2842887779634052,0.3333333333333333
copper_deficiency,primary,temperature,no_demographics,nested_development_oof,3,1,0.3545702653311571,0.0
copper_deficiency,primary,temperature,no_demographics,nested_development_oof,4,1,0.4196933825658765,1.0
copper_deficiency,primary,temperature,no_demographics,nested_development_oof,5,1,0.5512054528241693,1.0
copper_deficiency,primary,temperature,no_demographics,nested_development_oof,6,2,0.6635410201176524,1.0
copper_deficiency,primary,temperature,no_demographics,nested_development_oof,7,2,0.7686763015668132,1.0
copper_deficiency,primary,temperature,no_demographics,nested_development_oof,8,4,0.8623994914305808,1.0
copper_deficiency,primary,temperature,no_demographics,nested_development_oof,9,14,0.971041644830982,1.0
copper_deficiency,primary,sigmoid_logit,available,nested_development_oof,0,640,0.0045743875456781356,0.0015625
copper_deficiency,primary,sigmoid_logit,available,nested_development_oof,1,3,0.1503280689888154,0.3333333333333333
copper_deficiency,primary,sigmoid_logit,available,nested_development_oof,2,2,0.24295822552172422,1.0
copper_deficiency,primary,sigmoid_logit,available,nested_development_oof,3,3,0.34354945496145667,0.0
copper_deficiency,primary,sigmoid_logit,available,nested_development_oof,5,1,0.5194172039158756,1.0
copper_deficiency,primary,sigmoid_logit,available,nested_development_oof,6,1,0.6584407641847564,1.0
copper_deficiency,primary,sigmoid_logit,available,nested_development_oof,7,2,0.7455296811909161,1.0
copper_deficiency,primary,sigmoid_logit,available,nested_development_oof,8,4,0.8621192220412547,1.0
copper_deficiency,primary,sigmoid_logit,available,nested_development_oof,9,16,0.9767057195344904,1.0
copper_deficiency,primary,sigmoid_logit,drop30,nested_development_oof,0,623,0.009328336661876593,0.008025682182985553
copper_deficiency,primary,sigmoid_logit,drop30,nested_development_oof,1,16,0.137189149682932,0.125
copper_deficiency,primary,sigmoid_logit,drop30,nested_development_oof,2,6,0.2605458270948096,0.16666666666666666
copper_deficiency,primary,sigmoid_logit,drop30,nested_development_oof,3,3,0.3409008338946931,0.0
copper_deficiency,primary,sigmoid_logit,drop30,nested_development_oof,4,2,0.42692805498012865,0.0
copper_deficiency,primary,sigmoid_logit,drop30,nested_development_oof,5,1,0.5452357250462357,1.0
copper_deficiency,primary,sigmoid_logit,drop30,nested_development_oof,6,2,0.6769282261742554,0.5
copper_deficiency,primary,sigmoid_logit,drop30,nested_development_oof,7,1,0.7741503567393775,1.0
copper_deficiency,primary,sigmoid_logit,drop30,nested_development_oof,8,5,0.8504978074407108,0.8
copper_deficiency,primary,sigmoid_logit,drop30,nested_development_oof,9,13,0.9587934877194638,1.0
copper_deficiency,primary,sigmoid_logit,drop60,nested_development_oof,0,643,0.016200445688882435,0.02177293934681182
copper_deficiency,primary,sigmoid_logit,drop60,nested_development_oof,1,11,0.129280469633086,0.18181818181818182
copper_deficiency,primary,sigmoid_logit,drop60,nested_development_oof,2,4,0.2628173045118557,0.5
copper_deficiency,primary,sigmoid_logit,drop60,nested_development_oof,3,3,0.3298347202156007,0.0
copper_deficiency,primary,sigmoid_logit,drop60,nested_development_oof,6,2,0.6840988510616192,1.0
copper_deficiency,primary,sigmoid_logit,drop60,nested_development_oof,7,3,0.7661322309250922,1.0
copper_deficiency,primary,sigmoid_logit,drop60,nested_development_oof,8,4,0.8564894528434518,0.75
copper_deficiency,primary,sigmoid_logit,drop60,nested_development_oof,9,2,0.9759908876571178,1.0
copper_deficiency,primary,sigmoid_logit,cbc_only,nested_development_oof,0,672,0.0024696241984122737,0.041666666666666664
copper_deficiency,primary,sigmoid_logit,hb_only,nested_development_oof,0,672,0.022889482827574484,0.041666666666666664
copper_deficiency,primary,sigmoid_logit,no_iron,nested_development_oof,0,640,0.005203452014378814,0.0015625
copper_deficiency,primary,sigmoid_logit,no_iron,nested_development_oof,1,3,0.16042641905746066,0.3333333333333333
copper_deficiency,primary,sigmoid_logit,no_iron,nested_development_oof,2,2,0.26973640747244854,1.0
copper_deficiency,primary,sigmoid_logit,no_iron,nested_development_oof,3,2,0.30128886289602375,0.0
copper_deficiency,primary,sigmoid_logit,no_iron,nested_development_oof,4,1,0.40615063904000465,0.0
copper_deficiency,primary,sigmoid_logit,no_iron,nested_development_oof,5,1,0.5194172039158756,1.0
copper_deficiency,primary,sigmoid_logit,no_iron,nested_development_oof,6,1,0.6584407641847564,1.0
copper_deficiency,primary,sigmoid_logit,no_iron,nested_development_oof,7,2,0.7247167574568611,1.0
copper_deficiency,primary,sigmoid_logit,no_iron,nested_development_oof,8,4,0.8525832209521993,1.0
copper_deficiency,primary,sigmoid_logit,no_iron,nested_development_oof,9,16,0.9754966786811837,1.0
copper_deficiency,primary,sigmoid_logit,no_B12,nested_development_oof,0,640,0.004417991559426485,0.0015625
copper_deficiency,primary,sigmoid_logit,no_B12,nested_development_oof,1,3,0.13877268647561292,0.3333333333333333
copper_deficiency,primary,sigmoid_logit,no_B12,nested_development_oof,2,2,0.25065217518634064,1.0
copper_deficiency,primary,sigmoid_logit,no_B12,nested_development_oof,3,3,0.3406687304314843,0.0
copper_deficiency,primary,sigmoid_logit,no_B12,nested_development_oof,5,1,0.5061198157038126,1.0
copper_deficiency,primary,sigmoid_logit,no_B12,nested_development_oof,6,2,0.656298841390716,1.0
copper_deficiency,primary,sigmoid_logit,no_B12,nested_development_oof,7,1,0.7812056103892943,1.0
copper_deficiency,primary,sigmoid_logit,no_B12,nested_development_oof,8,4,0.8629799522049365,1.0
copper_deficiency,primary,sigmoid_logit,no_B12,nested_development_oof,9,16,0.9783259969014744,1.0
copper_deficiency,primary,sigmoid_logit,no_folate,nested_development_oof,0,640,0.004610217463712684,0.0015625
copper_deficiency,primary,sigmoid_logit,no_folate,nested_development_oof,1,3,0.15180547761273602,0.3333333333333333
copper_deficiency,primary,sigmoid_logit,no_folate,nested_development_oof,2,1,0.21458634268448207,1.0
copper_deficiency,primary,sigmoid_logit,no_folate,nested_development_oof,3,3,0.31865880107347794,0.3333333333333333
copper_deficiency,primary,sigmoid_logit,no_folate,nested_development_oof,4,1,0.4043004203253591,0.0
copper_deficiency,primary,sigmoid_logit,no_folate,nested_development_oof,5,1,0.5194172039158756,1.0
copper_deficiency,primary,sigmoid_logit,no_folate,nested_development_oof,6,1,0.6395091734849515,1.0
copper_deficiency,primary,sigmoid_logit,no_folate,nested_development_oof,7,2,0.7447891118368126,1.0
copper_deficiency,primary,sigmoid_logit,no_folate,nested_development_oof,8,4,0.8621186854909227,1.0
copper_deficiency,primary,sigmoid_logit,no_folate,nested_development_oof,9,16,0.9778002658096833,1.0
copper_deficiency,primary,sigmoid_logit,no_B6,nested_development_oof,0,640,0.00456240829858398,0.0015625
copper_deficiency,primary,sigmoid_logit,no_B6,nested_development_oof,1,3,0.1503280689888154,0.3333333333333333
copper_deficiency,primary,sigmoid_logit,no_B6,nested_development_oof,2,2,0.24295822552172422,1.0
copper_deficiency,primary,sigmoid_logit,no_B6,nested_development_oof,3,3,0.34354945496145667,0.0
copper_deficiency,primary,sigmoid_logit,no_B6,nested_development_oof,5,1,0.5194172039158756,1.0
copper_deficiency,primary,sigmoid_logit,no_B6,nested_development_oof,6,1,0.6807758375409069,1.0
copper_deficiency,primary,sigmoid_logit,no_B6,nested_development_oof,7,2,0.7455296811909161,1.0
copper_deficiency,primary,sigmoid_logit,no_B6,nested_development_oof,8,4,0.8631583362001705,1.0
copper_deficiency,primary,sigmoid_logit,no_B6,nested_development_oof,9,16,0.9767414265580592,1.0
copper_deficiency,primary,sigmoid_logit,no_copper,nested_development_oof,0,672,0.0025752441712338582,0.041666666666666664
copper_deficiency,primary,sigmoid_logit,no_hemoglobin,nested_development_oof,0,639,0.004595341256011924,0.001564945226917058
copper_deficiency,primary,sigmoid_logit,no_hemoglobin,nested_development_oof,1,3,0.12988615206405799,0.0
copper_deficiency,primary,sigmoid_logit,no_hemoglobin,nested_development_oof,2,3,0.233171060368073,1.0
copper_deficiency,primary,sigmoid_logit,no_hemoglobin,nested_development_oof,3,2,0.32304095976628644,0.0
copper_deficiency,primary,sigmoid_logit,no_hemoglobin,nested_development_oof,4,1,0.4238733737257829,0.0
copper_deficiency,primary,sigmoid_logit,no_hemoglobin,nested_development_oof,5,1,0.5194172039158756,1.0
copper_deficiency,primary,sigmoid_logit,no_hemoglobin,nested_development_oof,6,2,0.6807251560202039,1.0
copper_deficiency,primary,sigmoid_logit,no_hemoglobin,nested_development_oof,7,2,0.7738407263673536,1.0
copper_deficiency,primary,sigmoid_logit,no_hemoglobin,nested_development_oof,8,3,0.8722203176502002,1.0
copper_deficiency,primary,sigmoid_logit,no_hemoglobin,nested_development_oof,9,16,0.9754347157062719,1.0
copper_deficiency,primary,sigmoid_logit,no_demographics,nested_development_oof,0,639,0.005441867641305755,0.001564945226917058
copper_deficiency,primary,sigmoid_logit,no_demographics,nested_development_oof,1,3,0.13717438067089374,0.0
copper_deficiency,primary,sigmoid_logit,no_demographics,nested_development_oof,2,2,0.22350963439112945,1.0
copper_deficiency,primary,sigmoid_logit,no_demographics,nested_development_oof,3,3,0.3519968996006892,0.3333333333333333
copper_deficiency,primary,sigmoid_logit,no_demographics,nested_development_oof,4,1,0.45455056116671605,0.0
copper_deficiency,primary,sigmoid_logit,no_demographics,nested_development_oof,5,1,0.5189682333983995,1.0
copper_deficiency,primary,sigmoid_logit,no_demographics,nested_development_oof,6,1,0.6584407641847564,1.0
copper_deficiency,primary,sigmoid_logit,no_demographics,nested_development_oof,7,2,0.7569057144900325,1.0
copper_deficiency,primary,sigmoid_logit,no_demographics,nested_development_oof,8,2,0.8488980278260778,1.0
copper_deficiency,primary,sigmoid_logit,no_demographics,nested_development_oof,9,18,0.9727914921530252,1.0
copper_deficiency,cbc,identity,available,nested_development_oof,0,628,0.01146746356970645,0.025477707006369428
copper_deficiency,cbc,identity,available,nested_development_oof,1,27,0.14497731402521458,0.2222222222222222
copper_deficiency,cbc,identity,available,nested_development_oof,2,9,0.23204147122345564,0.4444444444444444
copper_deficiency,cbc,identity,available,nested_development_oof,3,4,0.34189321248890153,0.0
copper_deficiency,cbc,identity,available,nested_development_oof,4,2,0.4682960279003848,0.5
copper_deficiency,cbc,identity,available,nested_development_oof,7,2,0.7484320340898021,0.5
copper_deficiency,cbc,identity,drop30,nested_development_oof,0,397,0.021736957437417586,0.02518891687657431
copper_deficiency,cbc,identity,drop30,nested_development_oof,1,76,0.1481496449231359,0.10526315789473684
copper_deficiency,cbc,identity,drop30,nested_development_oof,2,31,0.2427541910640047,0.03225806451612903
copper_deficiency,cbc,identity,drop30,nested_development_oof,3,32,0.3397131857484845,0.03125
copper_deficiency,cbc,identity,drop30,nested_development_oof,4,32,0.4573397877036701,0.09375
copper_deficiency,cbc,identity,drop30,nested_development_oof,5,35,0.5437736107406008,0.08571428571428572
copper_deficiency,cbc,identity,drop30,nested_development_oof,6,21,0.6554517331723678,0.0
copper_deficiency,cbc,identity,drop30,nested_development_oof,7,25,0.7515423453137763,0.04
copper_deficiency,cbc,identity,drop30,nested_development_oof,8,18,0.8523425920368763,0.05555555555555555
copper_deficiency,cbc,identity,drop30,nested_development_oof,9,5,0.9455400210932343,0.0
copper_deficiency,cbc,identity,drop60,nested_development_oof,0,189,0.029799430139847583,0.005291005291005291
copper_deficiency,cbc,identity,drop60,nested_development_oof,1,68,0.14751015345267568,0.04411764705882353
copper_deficiency,cbc,identity,drop60,nested_development_oof,2,56,0.25850046268938043,0.08928571428571429
copper_deficiency,cbc,identity,drop60,nested_development_oof,3,58,0.34904398568633477,0.05172413793103448
copper_deficiency,cbc,identity,drop60,nested_development_oof,4,54,0.44963825958093423,0.018518518518518517
copper_deficiency,cbc,identity,drop60,nested_development_oof,5,68,0.5485432147445292,0.1323529411764706
copper_deficiency,cbc,identity,drop60,nested_development_oof,6,62,0.6526209231952338,0.0
copper_deficiency,cbc,identity,drop60,nested_development_oof,7,44,0.7520345555005652,0.06818181818181818
copper_deficiency,cbc,identity,drop60,nested_development_oof,8,56,0.8557071409874604,0.017857142857142856
copper_deficiency,cbc,identity,drop60,nested_development_oof,9,17,0.91819486606958,0.11764705882352941
copper_deficiency,cbc,identity,cbc_only,nested_development_oof,0,628,0.01146746356970645,0.025477707006369428
copper_deficiency,cbc,identity,cbc_only,nested_development_oof,1,27,0.14497731402521458,0.2222222222222222
copper_deficiency,cbc,identity,cbc_only,nested_development_oof,2,9,0.23204147122345564,0.4444444444444444
copper_deficiency,cbc,identity,cbc_only,nested_development_oof,3,4,0.34189321248890153,0.0
copper_deficiency,cbc,identity,cbc_only,nested_development_oof,4,2,0.4682960279003848,0.5
copper_deficiency,cbc,identity,cbc_only,nested_development_oof,7,2,0.7484320340898021,0.5
copper_deficiency,cbc,identity,hb_only,nested_development_oof,1,64,0.17021783393817946,0.03125
copper_deficiency,cbc,identity,hb_only,nested_development_oof,2,33,0.25282089598843305,0.06060606060606061
copper_deficiency,cbc,identity,hb_only,nested_development_oof,3,65,0.36410630806686634,0.03076923076923077
copper_deficiency,cbc,identity,hb_only,nested_development_oof,4,136,0.44556985107010344,0.058823529411764705
copper_deficiency,cbc,identity,hb_only,nested_development_oof,5,72,0.5432017008615165,0.041666666666666664
copper_deficiency,cbc,identity,hb_only,nested_development_oof,6,66,0.6586460104773522,0.045454545454545456
copper_deficiency,cbc,identity,hb_only,nested_development_oof,7,60,0.7365351598481398,0.03333333333333333
copper_deficiency,cbc,identity,hb_only,nested_development_oof,8,149,0.8697687849210951,0.020134228187919462
copper_deficiency,cbc,identity,hb_only,nested_development_oof,9,27,0.9113456440142331,0.1111111111111111
copper_deficiency,cbc,identity,no_iron,nested_development_oof,0,628,0.01146746356970645,0.025477707006369428
copper_deficiency,cbc,identity,no_iron,nested_development_oof,1,27,0.14497731402521458,0.2222222222222222
copper_deficiency,cbc,identity,no_iron,nested_development_oof,2,9,0.23204147122345564,0.4444444444444444
copper_deficiency,cbc,identity,no_iron,nested_development_oof,3,4,0.34189321248890153,0.0
copper_deficiency,cbc,identity,no_iron,nested_development_oof,4,2,0.4682960279003848,0.5
copper_deficiency,cbc,identity,no_iron,nested_development_oof,7,2,0.7484320340898021,0.5
copper_deficiency,cbc,identity,no_B12,nested_development_oof,0,628,0.01146746356970645,0.025477707006369428
copper_deficiency,cbc,identity,no_B12,nested_development_oof,1,27,0.14497731402521458,0.2222222222222222
copper_deficiency,cbc,identity,no_B12,nested_development_oof,2,9,0.23204147122345564,0.4444444444444444
copper_deficiency,cbc,identity,no_B12,nested_development_oof,3,4,0.34189321248890153,0.0
copper_deficiency,cbc,identity,no_B12,nested_development_oof,4,2,0.4682960279003848,0.5
copper_deficiency,cbc,identity,no_B12,nested_development_oof,7,2,0.7484320340898021,0.5
copper_deficiency,cbc,identity,no_folate,nested_development_oof,0,628,0.01146746356970645,0.025477707006369428
copper_deficiency,cbc,identity,no_folate,nested_development_oof,1,27,0.14497731402521458,0.2222222222222222
copper_deficiency,cbc,identity,no_folate,nested_development_oof,2,9,0.23204147122345564,0.4444444444444444
copper_deficiency,cbc,identity,no_folate,nested_development_oof,3,4,0.34189321248890153,0.0
copper_deficiency,cbc,identity,no_folate,nested_development_oof,4,2,0.4682960279003848,0.5
copper_deficiency,cbc,identity,no_folate,nested_development_oof,7,2,0.7484320340898021,0.5
copper_deficiency,cbc,identity,no_B6,nested_development_oof,0,628,0.01146746356970645,0.025477707006369428
copper_deficiency,cbc,identity,no_B6,nested_development_oof,1,27,0.14497731402521458,0.2222222222222222
copper_deficiency,cbc,identity,no_B6,nested_development_oof,2,9,0.23204147122345564,0.4444444444444444
copper_deficiency,cbc,identity,no_B6,nested_development_oof,3,4,0.34189321248890153,0.0
copper_deficiency,cbc,identity,no_B6,nested_development_oof,4,2,0.4682960279003848,0.5
copper_deficiency,cbc,identity,no_B6,nested_development_oof,7,2,0.7484320340898021,0.5
copper_deficiency,cbc,identity,no_copper,nested_development_oof,0,628,0.01146746356970645,0.025477707006369428
copper_deficiency,cbc,identity,no_copper,nested_development_oof,1,27,0.14497731402521458,0.2222222222222222
copper_deficiency,cbc,identity,no_copper,nested_development_oof,2,9,0.23204147122345564,0.4444444444444444
copper_deficiency,cbc,identity,no_copper,nested_development_oof,3,4,0.34189321248890153,0.0
copper_deficiency,cbc,identity,no_copper,nested_development_oof,4,2,0.4682960279003848,0.5
copper_deficiency,cbc,identity,no_copper,nested_development_oof,7,2,0.7484320340898021,0.5
copper_deficiency,cbc,identity,no_hemoglobin,nested_development_oof,0,626,0.013613721097751517,0.02875399361022364
copper_deficiency,cbc,identity,no_hemoglobin,nested_development_oof,1,23,0.14660017804623438,0.13043478260869565
copper_deficiency,cbc,identity,no_hemoglobin,nested_development_oof,2,14,0.25483701581426377,0.2857142857142857
copper_deficiency,cbc,identity,no_hemoglobin,nested_development_oof,3,5,0.3262478373184303,0.2
copper_deficiency,cbc,identity,no_hemoglobin,nested_development_oof,4,2,0.4493186745470852,0.5
copper_deficiency,cbc,identity,no_hemoglobin,nested_development_oof,7,2,0.7348341040832226,0.5
copper_deficiency,cbc,identity,no_demographics,nested_development_oof,0,601,0.015470467306550384,0.016638935108153077
copper_deficiency,cbc,identity,no_demographics,nested_development_oof,1,37,0.134312356975276,0.24324324324324326
copper_deficiency,cbc,identity,no_demographics,nested_development_oof,2,11,0.24599124366099875,0.18181818181818182
copper_deficiency,cbc,identity,no_demographics,nested_development_oof,3,12,0.34758792853309634,0.16666666666666666
copper_deficiency,cbc,identity,no_demographics,nested_development_oof,4,5,0.43337906099362505,0.4
copper_deficiency,cbc,identity,no_demographics,nested_development_oof,5,3,0.529225901008235,0.6666666666666666
copper_deficiency,cbc,identity,no_demographics,nested_development_oof,6,2,0.6548082405745066,0.0
copper_deficiency,cbc,identity,no_demographics,nested_development_oof,8,1,0.8509984328417335,1.0
copper_deficiency,cbc,temperature,available,nested_development_oof,0,579,0.025640712711777428,0.017271157167530225
copper_deficiency,cbc,temperature,available,nested_development_oof,1,58,0.13668613102341393,0.1206896551724138
copper_deficiency,cbc,temperature,available,nested_development_oof,2,23,0.24731502851167864,0.34782608695652173
copper_deficiency,cbc,temperature,available,nested_development_oof,3,7,0.3425563893529882,0.14285714285714285
copper_deficiency,cbc,temperature,available,nested_development_oof,4,3,0.4592674807226154,0.3333333333333333
copper_deficiency,cbc,temperature,available,nested_development_oof,6,2,0.6849207731775093,0.5
copper_deficiency,cbc,temperature,drop30,nested_development_oof,0,320,0.031009290902563724,0.0125
copper_deficiency,cbc,temperature,drop30,nested_development_oof,1,97,0.1514391163910731,0.07216494845360824
copper_deficiency,cbc,temperature,drop30,nested_development_oof,2,64,0.24221765228049602,0.109375
copper_deficiency,cbc,temperature,drop30,nested_development_oof,3,48,0.3480481229655991,0.020833333333333332
copper_deficiency,cbc,temperature,drop30,nested_development_oof,4,39,0.4607942396375654,0.10256410256410256
copper_deficiency,cbc,temperature,drop30,nested_development_oof,5,42,0.5409328690111955,0.07142857142857142
copper_deficiency,cbc,temperature,drop30,nested_development_oof,6,31,0.6505304861526844,0.03225806451612903
copper_deficiency,cbc,temperature,drop30,nested_development_oof,7,23,0.7483320382799319,0.043478260869565216
copper_deficiency,cbc,temperature,drop30,nested_development_oof,8,6,0.8406547030701392,0.0
copper_deficiency,cbc,temperature,drop30,nested_development_oof,9,2,0.9303555950087318,0.0
copper_deficiency,cbc,temperature,drop60,nested_development_oof,0,128,0.03681089916508523,0.0078125
copper_deficiency,cbc,temperature,drop60,nested_development_oof,1,78,0.14679166690395634,0.01282051282051282
copper_deficiency,cbc,temperature,drop60,nested_development_oof,2,62,0.24460058190556108,0.03225806451612903
copper_deficiency,cbc,temperature,drop60,nested_development_oof,3,79,0.34932535121635283,0.10126582278481013
copper_deficiency,cbc,temperature,drop60,nested_development_oof,4,78,0.44860543435492245,0.01282051282051282
copper_deficiency,cbc,temperature,drop60,nested_development_oof,5,90,0.5472030708032247,0.1
copper_deficiency,cbc,temperature,drop60,nested_development_oof,6,68,0.6416369181398198,0.029411764705882353
copper_deficiency,cbc,temperature,drop60,nested_development_oof,7,58,0.7544624853973556,0.034482758620689655
copper_deficiency,cbc,temperature,drop60,nested_development_oof,8,31,0.8336523642601029,0.06451612903225806
copper_deficiency,cbc,temperature,cbc_only,nested_development_oof,0,579,0.025640712711777428,0.017271157167530225
copper_deficiency,cbc,temperature,cbc_only,nested_development_oof,1,58,0.13668613102341393,0.1206896551724138
copper_deficiency,cbc,temperature,cbc_only,nested_development_oof,2,23,0.24731502851167864,0.34782608695652173
copper_deficiency,cbc,temperature,cbc_only,nested_development_oof,3,7,0.3425563893529882,0.14285714285714285
copper_deficiency,cbc,temperature,cbc_only,nested_development_oof,4,3,0.4592674807226154,0.3333333333333333
copper_deficiency,cbc,temperature,cbc_only,nested_development_oof,6,2,0.6849207731775093,0.5
copper_deficiency,cbc,temperature,hb_only,nested_development_oof,2,74,0.24422202723356395,0.04054054054054054
copper_deficiency,cbc,temperature,hb_only,nested_development_oof,3,47,0.3511756863362728,0.0425531914893617
copper_deficiency,cbc,temperature,hb_only,nested_development_oof,4,177,0.4517460016632873,0.05084745762711865
copper_deficiency,cbc,temperature,hb_only,nested_development_oof,5,94,0.5436122101852808,0.05319148936170213
copper_deficiency,cbc,temperature,hb_only,nested_development_oof,6,97,0.6476717171433795,0.020618556701030927
copper_deficiency,cbc,temperature,hb_only,nested_development_oof,7,85,0.7739727658781922,0.023529411764705882
copper_deficiency,cbc,temperature,hb_only,nested_development_oof,8,98,0.8216747307509973,0.05102040816326531
copper_deficiency,cbc,temperature,no_iron,nested_development_oof,0,579,0.025640712711777428,0.017271157167530225
copper_deficiency,cbc,temperature,no_iron,nested_development_oof,1,58,0.13668613102341393,0.1206896551724138
copper_deficiency,cbc,temperature,no_iron,nested_development_oof,2,23,0.24731502851167864,0.34782608695652173
copper_deficiency,cbc,temperature,no_iron,nested_development_oof,3,7,0.3425563893529882,0.14285714285714285
copper_deficiency,cbc,temperature,no_iron,nested_development_oof,4,3,0.4592674807226154,0.3333333333333333
copper_deficiency,cbc,temperature,no_iron,nested_development_oof,6,2,0.6849207731775093,0.5
copper_deficiency,cbc,temperature,no_B12,nested_development_oof,0,579,0.025640712711777428,0.017271157167530225
copper_deficiency,cbc,temperature,no_B12,nested_development_oof,1,58,0.13668613102341393,0.1206896551724138
copper_deficiency,cbc,temperature,no_B12,nested_development_oof,2,23,0.24731502851167864,0.34782608695652173
copper_deficiency,cbc,temperature,no_B12,nested_development_oof,3,7,0.3425563893529882,0.14285714285714285
copper_deficiency,cbc,temperature,no_B12,nested_development_oof,4,3,0.4592674807226154,0.3333333333333333
copper_deficiency,cbc,temperature,no_B12,nested_development_oof,6,2,0.6849207731775093,0.5
copper_deficiency,cbc,temperature,no_folate,nested_development_oof,0,579,0.025640712711777428,0.017271157167530225
copper_deficiency,cbc,temperature,no_folate,nested_development_oof,1,58,0.13668613102341393,0.1206896551724138
copper_deficiency,cbc,temperature,no_folate,nested_development_oof,2,23,0.24731502851167864,0.34782608695652173
copper_deficiency,cbc,temperature,no_folate,nested_development_oof,3,7,0.3425563893529882,0.14285714285714285
copper_deficiency,cbc,temperature,no_folate,nested_development_oof,4,3,0.4592674807226154,0.3333333333333333
copper_deficiency,cbc,temperature,no_folate,nested_development_oof,6,2,0.6849207731775093,0.5
copper_deficiency,cbc,temperature,no_B6,nested_development_oof,0,579,0.025640712711777428,0.017271157167530225
copper_deficiency,cbc,temperature,no_B6,nested_development_oof,1,58,0.13668613102341393,0.1206896551724138
copper_deficiency,cbc,temperature,no_B6,nested_development_oof,2,23,0.24731502851167864,0.34782608695652173
copper_deficiency,cbc,temperature,no_B6,nested_development_oof,3,7,0.3425563893529882,0.14285714285714285
copper_deficiency,cbc,temperature,no_B6,nested_development_oof,4,3,0.4592674807226154,0.3333333333333333
copper_deficiency,cbc,temperature,no_B6,nested_development_oof,6,2,0.6849207731775093,0.5
copper_deficiency,cbc,temperature,no_copper,nested_development_oof,0,579,0.025640712711777428,0.017271157167530225
copper_deficiency,cbc,temperature,no_copper,nested_development_oof,1,58,0.13668613102341393,0.1206896551724138
copper_deficiency,cbc,temperature,no_copper,nested_development_oof,2,23,0.24731502851167864,0.34782608695652173
copper_deficiency,cbc,temperature,no_copper,nested_development_oof,3,7,0.3425563893529882,0.14285714285714285
copper_deficiency,cbc,temperature,no_copper,nested_development_oof,4,3,0.4592674807226154,0.3333333333333333
copper_deficiency,cbc,temperature,no_copper,nested_development_oof,6,2,0.6849207731775093,0.5
copper_deficiency,cbc,temperature,no_hemoglobin,nested_development_oof,0,566,0.027512091782773807,0.015901060070671377
copper_deficiency,cbc,temperature,no_hemoglobin,nested_development_oof,1,66,0.14042143683481095,0.13636363636363635
copper_deficiency,cbc,temperature,no_hemoglobin,nested_development_oof,2,21,0.24437540536614277,0.19047619047619047
copper_deficiency,cbc,temperature,no_hemoglobin,nested_development_oof,3,14,0.339809429750852,0.2857142857142857
copper_deficiency,cbc,temperature,no_hemoglobin,nested_development_oof,4,3,0.45096449173860287,0.3333333333333333
copper_deficiency,cbc,temperature,no_hemoglobin,nested_development_oof,6,2,0.6739425699142767,0.5
copper_deficiency,cbc,temperature,no_demographics,nested_development_oof,0,529,0.030206790187496117,0.011342155009451797
copper_deficiency,cbc,temperature,no_demographics,nested_development_oof,1,86,0.14028989836177125,0.08139534883720931
copper_deficiency,cbc,temperature,no_demographics,nested_development_oof,2,28,0.23811916035614825,0.25
copper_deficiency,cbc,temperature,no_demographics,nested_development_oof,3,14,0.3556103779953571,0.21428571428571427
copper_deficiency,cbc,temperature,no_demographics,nested_development_oof,4,9,0.43865363643754623,0.2222222222222222
copper_deficiency,cbc,temperature,no_demographics,nested_development_oof,5,4,0.5365402563967209,0.5
copper_deficiency,cbc,temperature,no_demographics,nested_development_oof,6,1,0.6470133824422404,0.0
copper_deficiency,cbc,temperature,no_demographics,nested_development_oof,7,1,0.7696990831818791,1.0
copper_deficiency,cbc,sigmoid_logit,available,nested_development_oof,0,581,0.025807588855446238,0.0189328743545611
copper_deficiency,cbc,sigmoid_logit,available,nested_development_oof,1,59,0.1349495743065485,0.11864406779661017
copper_deficiency,cbc,sigmoid_logit,available,nested_development_oof,2,23,0.24565968036356486,0.34782608695652173
copper_deficiency,cbc,sigmoid_logit,available,nested_development_oof,3,5,0.35081546910636374,0.0
copper_deficiency,cbc,sigmoid_logit,available,nested_development_oof,4,2,0.4798278115498221,0.5
copper_deficiency,cbc,sigmoid_logit,available,nested_development_oof,6,2,0.682410354886196,0.5
copper_deficiency,cbc,sigmoid_logit,drop30,nested_development_oof,0,325,0.03173777384164373,0.012307692307692308
copper_deficiency,cbc,sigmoid_logit,drop30,nested_development_oof,1,98,0.14778251414104224,0.07142857142857142
copper_deficiency,cbc,sigmoid_logit,drop30,nested_development_oof,2,69,0.24122350310247623,0.11594202898550725
copper_deficiency,cbc,sigmoid_logit,drop30,nested_development_oof,3,46,0.3436170700751486,0.0
copper_deficiency,cbc,sigmoid_logit,drop30,nested_development_oof,4,49,0.4501164868876808,0.12244897959183673
copper_deficiency,cbc,sigmoid_logit,drop30,nested_development_oof,5,37,0.5531317078885916,0.02702702702702703
copper_deficiency,cbc,sigmoid_logit,drop30,nested_development_oof,6,25,0.6453809186393856,0.04
copper_deficiency,cbc,sigmoid_logit,drop30,nested_development_oof,7,16,0.7494755042665231,0.0625
copper_deficiency,cbc,sigmoid_logit,drop30,nested_development_oof,8,6,0.8399137003832132,0.0
copper_deficiency,cbc,sigmoid_logit,drop30,nested_development_oof,9,1,0.9086238136860525,0.0
copper_deficiency,cbc,sigmoid_logit,drop60,nested_development_oof,0,132,0.03819327516068014,0.007575757575757576
copper_deficiency,cbc,sigmoid_logit,drop60,nested_development_oof,1,83,0.1464235881792547,0.024096385542168676
copper_deficiency,cbc,sigmoid_logit,drop60,nested_development_oof,2,70,0.24691054092533793,0.05714285714285714
copper_deficiency,cbc,sigmoid_logit,drop60,nested_development_oof,3,90,0.351032781023711,0.05555555555555555
copper_deficiency,cbc,sigmoid_logit,drop60,nested_development_oof,4,80,0.45319532265137114,0.05
copper_deficiency,cbc,sigmoid_logit,drop60,nested_development_oof,5,97,0.548948951382672,0.061855670103092786
copper_deficiency,cbc,sigmoid_logit,drop60,nested_development_oof,6,49,0.6449778926707731,0.061224489795918366
copper_deficiency,cbc,sigmoid_logit,drop60,nested_development_oof,7,47,0.7590790341162742,0.02127659574468085
copper_deficiency,cbc,sigmoid_logit,drop60,nested_development_oof,8,24,0.8264379752508674,0.08333333333333333
copper_deficiency,cbc,sigmoid_logit,cbc_only,nested_development_oof,0,581,0.025807588855446238,0.0189328743545611
copper_deficiency,cbc,sigmoid_logit,cbc_only,nested_development_oof,1,59,0.1349495743065485,0.11864406779661017
copper_deficiency,cbc,sigmoid_logit,cbc_only,nested_development_oof,2,23,0.24565968036356486,0.34782608695652173
copper_deficiency,cbc,sigmoid_logit,cbc_only,nested_development_oof,3,5,0.35081546910636374,0.0
copper_deficiency,cbc,sigmoid_logit,cbc_only,nested_development_oof,4,2,0.4798278115498221,0.5
copper_deficiency,cbc,sigmoid_logit,cbc_only,nested_development_oof,6,2,0.682410354886196,0.5
copper_deficiency,cbc,sigmoid_logit,hb_only,nested_development_oof,2,70,0.24713035907877803,0.02857142857142857
copper_deficiency,cbc,sigmoid_logit,hb_only,nested_development_oof,3,162,0.35761064454569885,0.04938271604938271
copper_deficiency,cbc,sigmoid_logit,hb_only,nested_development_oof,4,120,0.44643893602747026,0.05
copper_deficiency,cbc,sigmoid_logit,hb_only,nested_development_oof,5,64,0.5510547495388213,0.046875
copper_deficiency,cbc,sigmoid_logit,hb_only,nested_development_oof,6,84,0.6387701647885603,0.023809523809523808
copper_deficiency,cbc,sigmoid_logit,hb_only,nested_development_oof,7,91,0.7751078528359505,0.03296703296703297
copper_deficiency,cbc,sigmoid_logit,hb_only,nested_development_oof,8,81,0.8195610874467749,0.04938271604938271
copper_deficiency,cbc,sigmoid_logit,no_iron,nested_development_oof,0,581,0.025807588855446238,0.0189328743545611
copper_deficiency,cbc,sigmoid_logit,no_iron,nested_development_oof,1,59,0.1349495743065485,0.11864406779661017
copper_deficiency,cbc,sigmoid_logit,no_iron,nested_development_oof,2,23,0.24565968036356486,0.34782608695652173
copper_deficiency,cbc,sigmoid_logit,no_iron,nested_development_oof,3,5,0.35081546910636374,0.0
copper_deficiency,cbc,sigmoid_logit,no_iron,nested_development_oof,4,2,0.4798278115498221,0.5
copper_deficiency,cbc,sigmoid_logit,no_iron,nested_development_oof,6,2,0.682410354886196,0.5
copper_deficiency,cbc,sigmoid_logit,no_B12,nested_development_oof,0,581,0.025807588855446238,0.0189328743545611
copper_deficiency,cbc,sigmoid_logit,no_B12,nested_development_oof,1,59,0.1349495743065485,0.11864406779661017
copper_deficiency,cbc,sigmoid_logit,no_B12,nested_development_oof,2,23,0.24565968036356486,0.34782608695652173
copper_deficiency,cbc,sigmoid_logit,no_B12,nested_development_oof,3,5,0.35081546910636374,0.0
copper_deficiency,cbc,sigmoid_logit,no_B12,nested_development_oof,4,2,0.4798278115498221,0.5
copper_deficiency,cbc,sigmoid_logit,no_B12,nested_development_oof,6,2,0.682410354886196,0.5
copper_deficiency,cbc,sigmoid_logit,no_folate,nested_development_oof,0,581,0.025807588855446238,0.0189328743545611
copper_deficiency,cbc,sigmoid_logit,no_folate,nested_development_oof,1,59,0.1349495743065485,0.11864406779661017
copper_deficiency,cbc,sigmoid_logit,no_folate,nested_development_oof,2,23,0.24565968036356486,0.34782608695652173
copper_deficiency,cbc,sigmoid_logit,no_folate,nested_development_oof,3,5,0.35081546910636374,0.0
copper_deficiency,cbc,sigmoid_logit,no_folate,nested_development_oof,4,2,0.4798278115498221,0.5
copper_deficiency,cbc,sigmoid_logit,no_folate,nested_development_oof,6,2,0.682410354886196,0.5
copper_deficiency,cbc,sigmoid_logit,no_B6,nested_development_oof,0,581,0.025807588855446238,0.0189328743545611
copper_deficiency,cbc,sigmoid_logit,no_B6,nested_development_oof,1,59,0.1349495743065485,0.11864406779661017
copper_deficiency,cbc,sigmoid_logit,no_B6,nested_development_oof,2,23,0.24565968036356486,0.34782608695652173
copper_deficiency,cbc,sigmoid_logit,no_B6,nested_development_oof,3,5,0.35081546910636374,0.0
copper_deficiency,cbc,sigmoid_logit,no_B6,nested_development_oof,4,2,0.4798278115498221,0.5
copper_deficiency,cbc,sigmoid_logit,no_B6,nested_development_oof,6,2,0.682410354886196,0.5
copper_deficiency,cbc,sigmoid_logit,no_copper,nested_development_oof,0,581,0.025807588855446238,0.0189328743545611
copper_deficiency,cbc,sigmoid_logit,no_copper,nested_development_oof,1,59,0.1349495743065485,0.11864406779661017
copper_deficiency,cbc,sigmoid_logit,no_copper,nested_development_oof,2,23,0.24565968036356486,0.34782608695652173
copper_deficiency,cbc,sigmoid_logit,no_copper,nested_development_oof,3,5,0.35081546910636374,0.0
copper_deficiency,cbc,sigmoid_logit,no_copper,nested_development_oof,4,2,0.4798278115498221,0.5
copper_deficiency,cbc,sigmoid_logit,no_copper,nested_development_oof,6,2,0.682410354886196,0.5
copper_deficiency,cbc,sigmoid_logit,no_hemoglobin,nested_development_oof,0,571,0.028000069422465437,0.014010507880910683
copper_deficiency,cbc,sigmoid_logit,no_hemoglobin,nested_development_oof,1,63,0.1391299246280296,0.15873015873015872
copper_deficiency,cbc,sigmoid_logit,no_hemoglobin,nested_development_oof,2,24,0.24677388417765442,0.25
copper_deficiency,cbc,sigmoid_logit,no_hemoglobin,nested_development_oof,3,10,0.33282634399964844,0.2
copper_deficiency,cbc,sigmoid_logit,no_hemoglobin,nested_development_oof,4,2,0.4655503703123397,0.5
copper_deficiency,cbc,sigmoid_logit,no_hemoglobin,nested_development_oof,6,2,0.6714921233719755,0.5
copper_deficiency,cbc,sigmoid_logit,no_demographics,nested_development_oof,0,533,0.030433545724158923,0.01125703564727955
copper_deficiency,cbc,sigmoid_logit,no_demographics,nested_development_oof,1,90,0.14092968245788548,0.12222222222222222
copper_deficiency,cbc,sigmoid_logit,no_demographics,nested_development_oof,2,21,0.24409874097458964,0.14285714285714285
copper_deficiency,cbc,sigmoid_logit,no_demographics,nested_development_oof,3,16,0.34904775552108086,0.25
copper_deficiency,cbc,sigmoid_logit,no_demographics,nested_development_oof,4,7,0.4368995994312147,0.2857142857142857
copper_deficiency,cbc,sigmoid_logit,no_demographics,nested_development_oof,5,3,0.543711524613571,0.3333333333333333
copper_deficiency,cbc,sigmoid_logit,no_demographics,nested_development_oof,6,1,0.6601310068498801,0.0
copper_deficiency,cbc,sigmoid_logit,no_demographics,nested_development_oof,7,1,0.7531169163967543,1.0
inflammation_anemia,primary,identity,available,nested_development_oof,0,612,0.003031289333485941,0.0016339869281045752
inflammation_anemia,primary,identity,available,nested_development_oof,1,5,0.14341055827621882,0.2
inflammation_anemia,primary,identity,available,nested_development_oof,3,3,0.37495336892577336,0.0
inflammation_anemia,primary,identity,available,nested_development_oof,4,1,0.4570903882450242,1.0
inflammation_anemia,primary,identity,available,nested_development_oof,5,1,0.5383957009776631,0.0
inflammation_anemia,primary,identity,available,nested_development_oof,7,3,0.7256086157311984,1.0
inflammation_anemia,primary,identity,available,nested_development_oof,8,4,0.8542144558670144,0.75
inflammation_anemia,primary,identity,available,nested_development_oof,9,43,0.9874042172890742,1.0
inflammation_anemia,primary,identity,drop30,nested_development_oof,0,604,0.006136524308923061,0.0016556291390728477
inflammation_anemia,primary,identity,drop30,nested_development_oof,1,12,0.13698198071761078,0.3333333333333333
inflammation_anemia,primary,identity,drop30,nested_development_oof,2,5,0.24991207831213308,0.2
inflammation_anemia,primary,identity,drop30,nested_development_oof,3,3,0.33132565596177166,0.6666666666666666
inflammation_anemia,primary,identity,drop30,nested_development_oof,4,1,0.4629944489366936,0.0
inflammation_anemia,primary,identity,drop30,nested_development_oof,5,5,0.5566237530429813,0.6
inflammation_anemia,primary,identity,drop30,nested_development_oof,6,4,0.6748664185770964,1.0
inflammation_anemia,primary,identity,drop30,nested_development_oof,7,5,0.7798506215646409,1.0
inflammation_anemia,primary,identity,drop30,nested_development_oof,8,4,0.8425575044183635,1.0
inflammation_anemia,primary,identity,drop30,nested_development_oof,9,29,0.9774055513708337,0.9655172413793104
inflammation_anemia,primary,identity,drop60,nested_development_oof,0,616,0.013843314236324716,0.021103896103896104
inflammation_anemia,primary,identity,drop60,nested_development_oof,1,11,0.14380590255275857,0.09090909090909091
inflammation_anemia,primary,identity,drop60,nested_development_oof,2,3,0.26744613646367565,0.3333333333333333
inflammation_anemia,primary,identity,drop60,nested_development_oof,3,5,0.35111521380944105,0.6
inflammation_anemia,primary,identity,drop60,nested_development_oof,4,2,0.4207922139084299,0.0
inflammation_anemia,primary,identity,drop60,nested_development_oof,5,2,0.560598891368888,0.5
inflammation_anemia,primary,identity,drop60,nested_development_oof,6,4,0.6364410335469051,1.0
inflammation_anemia,primary,identity,drop60,nested_development_oof,7,4,0.7300683260592563,1.0
inflammation_anemia,primary,identity,drop60,nested_development_oof,8,4,0.841298787028591,1.0
inflammation_anemia,primary,identity,drop60,nested_development_oof,9,21,0.9588185009612059,1.0
inflammation_anemia,primary,identity,cbc_only,nested_development_oof,0,578,0.012367247268163186,0.01730103806228374
inflammation_anemia,primary,identity,cbc_only,nested_development_oof,1,39,0.1416896147429469,0.23076923076923078
inflammation_anemia,primary,identity,cbc_only,nested_development_oof,2,13,0.249604811450472,0.23076923076923078
inflammation_anemia,primary,identity,cbc_only,nested_development_oof,3,12,0.3458534542092582,0.8333333333333334
inflammation_anemia,primary,identity,cbc_only,nested_development_oof,4,4,0.4775348605095337,0.75
inflammation_anemia,primary,identity,cbc_only,nested_development_oof,5,4,0.5502206539636518,1.0
inflammation_anemia,primary,identity,cbc_only,nested_development_oof,6,5,0.6485519999999558,0.6
inflammation_anemia,primary,identity,cbc_only,nested_development_oof,7,7,0.74224776796479,0.5714285714285714
inflammation_anemia,primary,identity,cbc_only,nested_development_oof,8,8,0.8339044371907836,0.625
inflammation_anemia,primary,identity,cbc_only,nested_development_oof,9,2,0.9590713853269848,0.5
inflammation_anemia,primary,identity,hb_only,nested_development_oof,0,668,0.025744789370025088,0.07784431137724551
inflammation_anemia,primary,identity,hb_only,nested_development_oof,1,2,0.14221103123462103,0.0
inflammation_anemia,primary,identity,hb_only,nested_development_oof,2,2,0.20938273037324578,0.0
inflammation_anemia,primary,identity,no_iron,nested_development_oof,0,604,0.005828682520153989,0.004966887417218543
inflammation_anemia,primary,identity,no_iron,nested_development_oof,1,8,0.16000937345263128,0.0
inflammation_anemia,primary,identity,no_iron,nested_development_oof,2,4,0.22492781006298823,0.25
inflammation_anemia,primary,identity,no_iron,nested_development_oof,3,2,0.3607948016209404,0.5
inflammation_anemia,primary,identity,no_iron,nested_development_oof,4,2,0.4655160400210899,0.0
inflammation_anemia,primary,identity,no_iron,nested_development_oof,5,3,0.5548764555914157,0.6666666666666666
inflammation_anemia,primary,identity,no_iron,nested_development_oof,6,3,0.6554675523348922,0.0
inflammation_anemia,primary,identity,no_iron,nested_development_oof,7,3,0.7467881581225869,1.0
inflammation_anemia,primary,identity,no_iron,nested_development_oof,8,3,0.8308875771769529,1.0
inflammation_anemia,primary,identity,no_iron,nested_development_oof,9,40,0.9711604046804435,0.975
inflammation_anemia,primary,identity,no_B12,nested_development_oof,0,612,0.0030941719093611395,0.0016339869281045752
inflammation_anemia,primary,identity,no_B12,nested_development_oof,1,5,0.14500461400594658,0.2
inflammation_anemia,primary,identity,no_B12,nested_development_oof,3,2,0.366751998766477,0.0
inflammation_anemia,primary,identity,no_B12,nested_development_oof,4,2,0.4760882162776321,0.5
inflammation_anemia,primary,identity,no_B12,nested_development_oof,5,2,0.5857080437217732,0.5
inflammation_anemia,primary,identity,no_B12,nested_development_oof,7,2,0.7386614883896483,1.0
inflammation_anemia,primary,identity,no_B12,nested_development_oof,8,5,0.862709497778886,0.8
inflammation_anemia,primary,identity,no_B12,nested_development_oof,9,42,0.9899229764986723,1.0
inflammation_anemia,primary,identity,no_folate,nested_development_oof,0,611,0.0030275328270425324,0.0016366612111292963
inflammation_anemia,primary,identity,no_folate,nested_development_oof,1,5,0.13788343409360468,0.0
inflammation_anemia,primary,identity,no_folate,nested_development_oof,2,1,0.2120461400465351,1.0
inflammation_anemia,primary,identity,no_folate,nested_development_oof,3,1,0.37272961978653957,0.0
inflammation_anemia,primary,identity,no_folate,nested_development_oof,4,3,0.4357778815459646,0.3333333333333333
inflammation_anemia,primary,identity,no_folate,nested_development_oof,5,1,0.5419222603069278,0.0
inflammation_anemia,primary,identity,no_folate,nested_development_oof,7,3,0.7464875700688353,1.0
inflammation_anemia,primary,identity,no_folate,nested_development_oof,8,4,0.8594054157679817,0.75
inflammation_anemia,primary,identity,no_folate,nested_development_oof,9,43,0.987911580087531,1.0
inflammation_anemia,primary,identity,no_B6,nested_development_oof,0,612,0.003068692837550059,0.0016339869281045752
inflammation_anemia,primary,identity,no_B6,nested_development_oof,1,5,0.14341055827621882,0.2
inflammation_anemia,primary,identity,no_B6,nested_development_oof,3,2,0.38379083508919126,0.0
inflammation_anemia,primary,identity,no_B6,nested_development_oof,4,2,0.4462436555689285,0.5
inflammation_anemia,primary,identity,no_B6,nested_development_oof,6,1,0.603320668990831,0.0
inflammation_anemia,primary,identity,no_B6,nested_development_oof,7,3,0.7256086157311984,1.0
inflammation_anemia,primary,identity,no_B6,nested_development_oof,8,4,0.8542144558670144,0.75
inflammation_anemia,primary,identity,no_B6,nested_development_oof,9,43,0.9875567346543385,1.0
inflammation_anemia,primary,identity,no_copper,nested_development_oof,0,612,0.002982534111360889,0.0016339869281045752
inflammation_anemia,primary,identity,no_copper,nested_development_oof,1,5,0.14448448449899667,0.2
inflammation_anemia,primary,identity,no_copper,nested_development_oof,3,3,0.3796540035224129,0.0
inflammation_anemia,primary,identity,no_copper,nested_development_oof,4,1,0.4580161545436083,1.0
inflammation_anemia,primary,identity,no_copper,nested_development_oof,5,1,0.5383957009776631,0.0
inflammation_anemia,primary,identity,no_copper,nested_development_oof,7,3,0.7256086157311984,1.0
inflammation_anemia,primary,identity,no_copper,nested_development_oof,8,4,0.8585621312850901,0.75
inflammation_anemia,primary,identity,no_copper,nested_development_oof,9,43,0.9876676350015217,1.0
inflammation_anemia,primary,identity,no_hemoglobin,nested_development_oof,0,613,0.0045335012808888865,0.0016313213703099511
inflammation_anemia,primary,identity,no_hemoglobin,nested_development_oof,1,4,0.14562683067488497,0.25
inflammation_anemia,primary,identity,no_hemoglobin,nested_development_oof,2,1,0.218014201516223,0.0
inflammation_anemia,primary,identity,no_hemoglobin,nested_development_oof,3,2,0.35802147269436124,0.0
inflammation_anemia,primary,identity,no_hemoglobin,nested_development_oof,6,4,0.6634114348198995,0.5
inflammation_anemia,primary,identity,no_hemoglobin,nested_development_oof,7,3,0.7271472991458219,1.0
inflammation_anemia,primary,identity,no_hemoglobin,nested_development_oof,8,3,0.8416702747567891,1.0
inflammation_anemia,primary,identity,no_hemoglobin,nested_development_oof,9,42,0.9885690464885765,1.0
inflammation_anemia,primary,identity,no_demographics,nested_development_oof,0,609,0.006004068738088008,0.0016420361247947454
inflammation_anemia,primary,identity,no_demographics,nested_development_oof,1,5,0.1763250084631487,0.2
inflammation_anemia,primary,identity,no_demographics,nested_development_oof,2,2,0.24580462051554414,0.0
inflammation_anemia,primary,identity,no_demographics,nested_development_oof,3,4,0.3505353581625845,0.0
inflammation_anemia,primary,identity,no_demographics,nested_development_oof,5,1,0.5064031110237807,1.0
inflammation_anemia,primary,identity,no_demographics,nested_development_oof,6,2,0.6828249147395289,0.5
inflammation_anemia,primary,identity,no_demographics,nested_development_oof,7,2,0.7746692743291125,0.5
inflammation_anemia,primary,identity,no_demographics,nested_development_oof,8,2,0.8723441149564526,1.0
inflammation_anemia,primary,identity,no_demographics,nested_development_oof,9,45,0.9860469022383029,1.0
inflammation_anemia,primary,temperature,available,nested_development_oof,0,611,0.00304347264492062,0.0016366612111292963
inflammation_anemia,primary,temperature,available,nested_development_oof,1,6,0.14258557928584115,0.16666666666666666
inflammation_anemia,primary,temperature,available,nested_development_oof,3,3,0.375868650256211,0.0
inflammation_anemia,primary,temperature,available,nested_development_oof,4,1,0.45454356139070673,1.0
inflammation_anemia,primary,temperature,available,nested_development_oof,5,1,0.5362065313190344,0.0
inflammation_anemia,primary,temperature,available,nested_development_oof,7,3,0.7273578520445798,1.0
inflammation_anemia,primary,temperature,available,nested_development_oof,8,5,0.8613290149853476,0.8
inflammation_anemia,primary,temperature,available,nested_development_oof,9,42,0.9888175853530085,1.0
inflammation_anemia,primary,temperature,drop30,nested_development_oof,0,603,0.006476585313039345,0.001658374792703151
inflammation_anemia,primary,temperature,drop30,nested_development_oof,1,13,0.13674898545089953,0.3076923076923077
inflammation_anemia,primary,temperature,drop30,nested_development_oof,2,5,0.24857425722192614,0.2
inflammation_anemia,primary,temperature,drop30,nested_development_oof,3,3,0.33525410389770843,0.6666666666666666
inflammation_anemia,primary,temperature,drop30,nested_development_oof,4,1,0.4607950095884598,0.0
inflammation_anemia,primary,temperature,drop30,nested_development_oof,5,4,0.5471389501211393,0.5
inflammation_anemia,primary,temperature,drop30,nested_development_oof,6,5,0.6560900429682812,1.0
inflammation_anemia,primary,temperature,drop30,nested_development_oof,7,5,0.7831741164700665,1.0
inflammation_anemia,primary,temperature,drop30,nested_development_oof,8,5,0.8432213847590271,0.8
inflammation_anemia,primary,temperature,drop30,nested_development_oof,9,28,0.9789813774587378,1.0
inflammation_anemia,primary,temperature,drop60,nested_development_oof,0,616,0.014918714958579833,0.021103896103896104
inflammation_anemia,primary,temperature,drop60,nested_development_oof,1,11,0.14532499420852965,0.09090909090909091
inflammation_anemia,primary,temperature,drop60,nested_development_oof,2,3,0.2681426966034148,0.3333333333333333
inflammation_anemia,primary,temperature,drop60,nested_development_oof,3,4,0.3429799316104822,0.5
inflammation_anemia,primary,temperature,drop60,nested_development_oof,4,3,0.4143745574859367,0.3333333333333333
inflammation_anemia,primary,temperature,drop60,nested_development_oof,5,2,0.5576842327277653,0.5
inflammation_anemia,primary,temperature,drop60,nested_development_oof,6,6,0.6575887753523212,1.0
inflammation_anemia,primary,temperature,drop60,nested_development_oof,7,2,0.7434714229167556,1.0
inflammation_anemia,primary,temperature,drop60,nested_development_oof,8,5,0.8573398814679679,1.0
inflammation_anemia,primary,temperature,drop60,nested_development_oof,9,20,0.9594208565632314,1.0
inflammation_anemia,primary,temperature,cbc_only,nested_development_oof,0,574,0.012378619998252688,0.017421602787456445
inflammation_anemia,primary,temperature,cbc_only,nested_development_oof,1,41,0.13688017123586965,0.1951219512195122
inflammation_anemia,primary,temperature,cbc_only,nested_development_oof,2,15,0.24230904092213676,0.26666666666666666
inflammation_anemia,primary,temperature,cbc_only,nested_development_oof,3,12,0.35153903741642506,0.8333333333333334
inflammation_anemia,primary,temperature,cbc_only,nested_development_oof,4,4,0.47846000343972217,0.75
inflammation_anemia,primary,temperature,cbc_only,nested_development_oof,5,4,0.5489792474077766,1.0
inflammation_anemia,primary,temperature,cbc_only,nested_development_oof,6,6,0.6543712139325599,0.6666666666666666
inflammation_anemia,primary,temperature,cbc_only,nested_development_oof,7,8,0.7587953415595111,0.5
inflammation_anemia,primary,temperature,cbc_only,nested_development_oof,8,6,0.83450031619156,0.6666666666666666
inflammation_anemia,primary,temperature,cbc_only,nested_development_oof,9,2,0.962782455241245,0.5
inflammation_anemia,primary,temperature,hb_only,nested_development_oof,0,668,0.027353027595389514,0.07784431137724551
inflammation_anemia,primary,temperature,hb_only,nested_development_oof,1,2,0.15172026600492453,0.0
inflammation_anemia,primary,temperature,hb_only,nested_development_oof,2,2,0.2046047704425482,0.0
inflammation_anemia,primary,temperature,no_iron,nested_development_oof,0,603,0.006015522959490146,0.004975124378109453
inflammation_anemia,primary,temperature,no_iron,nested_development_oof,1,9,0.15353849890333265,0.0
inflammation_anemia,primary,temperature,no_iron,nested_development_oof,2,4,0.2253456605335081,0.25
inflammation_anemia,primary,temperature,no_iron,nested_development_oof,3,2,0.356746384254963,0.5
inflammation_anemia,primary,temperature,no_iron,nested_development_oof,4,2,0.46639686301257577,0.0
inflammation_anemia,primary,temperature,no_iron,nested_development_oof,5,3,0.5541078235079372,0.6666666666666666
inflammation_anemia,primary,temperature,no_iron,nested_development_oof,6,3,0.6531561502677042,0.0
inflammation_anemia,primary,temperature,no_iron,nested_development_oof,7,3,0.7501108004535487,1.0
inflammation_anemia,primary,temperature,no_iron,nested_development_oof,8,3,0.8252221213935836,1.0
inflammation_anemia,primary,temperature,no_iron,nested_development_oof,9,40,0.9697876709580087,0.975
inflammation_anemia,primary,temperature,no_B12,nested_development_oof,0,610,0.0029356729036742802,0.001639344262295082
inflammation_anemia,primary,temperature,no_B12,nested_development_oof,1,7,0.1386656025083467,0.14285714285714285
inflammation_anemia,primary,temperature,no_B12,nested_development_oof,3,2,0.36406554321082785,0.0
inflammation_anemia,primary,temperature,no_B12,nested_development_oof,4,2,0.47699558389000507,0.5
inflammation_anemia,primary,temperature,no_B12,nested_development_oof,5,2,0.5840002254610741,0.5
inflammation_anemia,primary,temperature,no_B12,nested_development_oof,7,2,0.740468914456752,1.0
inflammation_anemia,primary,temperature,no_B12,nested_development_oof,8,5,0.8605915185010492,0.8
inflammation_anemia,primary,temperature,no_B12,nested_development_oof,9,42,0.9892830803631718,1.0
inflammation_anemia,primary,temperature,no_folate,nested_development_oof,0,610,0.003052457250730725,0.001639344262295082
inflammation_anemia,primary,temperature,no_folate,nested_development_oof,1,6,0.13555313853896778,0.0
inflammation_anemia,primary,temperature,no_folate,nested_development_oof,2,1,0.2283312876578369,1.0
inflammation_anemia,primary,temperature,no_folate,nested_development_oof,3,1,0.3654965565296284,0.0
inflammation_anemia,primary,temperature,no_folate,nested_development_oof,4,3,0.43704360399751585,0.3333333333333333
inflammation_anemia,primary,temperature,no_folate,nested_development_oof,5,1,0.5395336849514427,0.0
inflammation_anemia,primary,temperature,no_folate,nested_development_oof,7,3,0.748335936125196,1.0
inflammation_anemia,primary,temperature,no_folate,nested_development_oof,8,4,0.8574921983325112,0.75
inflammation_anemia,primary,temperature,no_folate,nested_development_oof,9,43,0.987185269811621,1.0
inflammation_anemia,primary,temperature,no_B6,nested_development_oof,0,611,0.0030853670823343185,0.0016366612111292963
inflammation_anemia,primary,temperature,no_B6,nested_development_oof,1,6,0.14258557928584115,0.16666666666666666
inflammation_anemia,primary,temperature,no_B6,nested_development_oof,3,1,0.3654965565296284,0.0
inflammation_anemia,primary,temperature,no_B6,nested_development_oof,4,3,0.4310329739760135,0.3333333333333333
inflammation_anemia,primary,temperature,no_B6,nested_development_oof,5,1,0.5975641941882499,0.0
inflammation_anemia,primary,temperature,no_B6,nested_development_oof,7,3,0.7273578520445798,1.0
inflammation_anemia,primary,temperature,no_B6,nested_development_oof,8,5,0.8613290149853476,0.8
inflammation_anemia,primary,temperature,no_B6,nested_development_oof,9,42,0.9889781717871406,1.0
inflammation_anemia,primary,temperature,no_copper,nested_development_oof,0,611,0.0029964041792509563,0.0016366612111292963
inflammation_anemia,primary,temperature,no_copper,nested_development_oof,1,6,0.14347861200671388,0.16666666666666666
inflammation_anemia,primary,temperature,no_copper,nested_development_oof,3,3,0.3805105717782675,0.0
inflammation_anemia,primary,temperature,no_copper,nested_development_oof,4,1,0.45552370072707643,1.0
inflammation_anemia,primary,temperature,no_copper,nested_development_oof,5,1,0.5362065313190344,0.0
inflammation_anemia,primary,temperature,no_copper,nested_development_oof,7,3,0.7273578520445798,1.0
inflammation_anemia,primary,temperature,no_copper,nested_development_oof,8,4,0.8566541124571483,0.75
inflammation_anemia,primary,temperature,no_copper,nested_development_oof,9,43,0.9869746991703783,1.0
inflammation_anemia,primary,temperature,no_hemoglobin,nested_development_oof,0,612,0.00473337397205327,0.0016339869281045752
inflammation_anemia,primary,temperature,no_hemoglobin,nested_development_oof,1,5,0.13633607640518777,0.2
inflammation_anemia,primary,temperature,no_hemoglobin,nested_development_oof,2,1,0.23073109428841343,0.0
inflammation_anemia,primary,temperature,no_hemoglobin,nested_development_oof,3,2,0.3608937078715816,0.0
inflammation_anemia,primary,temperature,no_hemoglobin,nested_development_oof,6,4,0.6606450048048913,0.5
inflammation_anemia,primary,temperature,no_hemoglobin,nested_development_oof,7,3,0.7318900227540036,1.0
inflammation_anemia,primary,temperature,no_hemoglobin,nested_development_oof,8,3,0.8401790193072651,1.0
inflammation_anemia,primary,temperature,no_hemoglobin,nested_development_oof,9,42,0.9877733859693857,1.0
inflammation_anemia,primary,temperature,no_demographics,nested_development_oof,0,609,0.0062613865803937,0.0016420361247947454
inflammation_anemia,primary,temperature,no_demographics,nested_development_oof,1,5,0.17526276580351566,0.2
inflammation_anemia,primary,temperature,no_demographics,nested_development_oof,2,2,0.2535780104261953,0.0
inflammation_anemia,primary,temperature,no_demographics,nested_development_oof,3,4,0.3529465492644337,0.0
inflammation_anemia,primary,temperature,no_demographics,nested_development_oof,5,1,0.5067851607944479,1.0
inflammation_anemia,primary,temperature,no_demographics,nested_development_oof,6,2,0.6786702207158388,0.5
inflammation_anemia,primary,temperature,no_demographics,nested_development_oof,7,2,0.7741192601610842,0.5
inflammation_anemia,primary,temperature,no_demographics,nested_development_oof,8,3,0.8794867372477571,1.0
inflammation_anemia,primary,temperature,no_demographics,nested_development_oof,9,44,0.9873716738199366,1.0
inflammation_anemia,primary,sigmoid_logit,available,nested_development_oof,0,610,0.0031219512162265653,0.001639344262295082
inflammation_anemia,primary,sigmoid_logit,available,nested_development_oof,1,5,0.1402216834788818,0.0
inflammation_anemia,primary,sigmoid_logit,available,nested_development_oof,2,2,0.22694026868478281,0.5
inflammation_anemia,primary,sigmoid_logit,available,nested_development_oof,4,3,0.4559797802941647,0.0
inflammation_anemia,primary,sigmoid_logit,available,nested_development_oof,5,1,0.5502414001557108,1.0
inflammation_anemia,primary,sigmoid_logit,available,nested_development_oof,6,1,0.61744733101957,0.0
inflammation_anemia,primary,sigmoid_logit,available,nested_development_oof,7,1,0.7965708587882013,1.0
inflammation_anemia,primary,sigmoid_logit,available,nested_development_oof,8,4,0.8550261128112229,0.75
inflammation_anemia,primary,sigmoid_logit,available,nested_development_oof,9,45,0.98936206700459,1.0
inflammation_anemia,primary,sigmoid_logit,drop30,nested_development_oof,0,600,0.006571076485002857,0.0016666666666666668
inflammation_anemia,primary,sigmoid_logit,drop30,nested_development_oof,1,13,0.14531942591459132,0.15384615384615385
inflammation_anemia,primary,sigmoid_logit,drop30,nested_development_oof,2,6,0.24227551744397205,0.3333333333333333
inflammation_anemia,primary,sigmoid_logit,drop30,nested_development_oof,3,4,0.36951724108098905,0.5
inflammation_anemia,primary,sigmoid_logit,drop30,nested_development_oof,4,1,0.44265048536845775,1.0
inflammation_anemia,primary,sigmoid_logit,drop30,nested_development_oof,5,2,0.5729659231719104,0.5
inflammation_anemia,primary,sigmoid_logit,drop30,nested_development_oof,6,4,0.6596074324156647,0.5
inflammation_anemia,primary,sigmoid_logit,drop30,nested_development_oof,7,4,0.7514401582306564,1.0
inflammation_anemia,primary,sigmoid_logit,drop30,nested_development_oof,8,8,0.8626329765656955,1.0
inflammation_anemia,primary,sigmoid_logit,drop30,nested_development_oof,9,30,0.9840386727954461,0.9666666666666667
inflammation_anemia,primary,sigmoid_logit,drop60,nested_development_oof,0,610,0.015756423374394517,0.018032786885245903
inflammation_anemia,primary,sigmoid_logit,drop60,nested_development_oof,1,14,0.14344774598441834,0.21428571428571427
inflammation_anemia,primary,sigmoid_logit,drop60,nested_development_oof,2,4,0.2338275661026058,0.0
inflammation_anemia,primary,sigmoid_logit,drop60,nested_development_oof,3,4,0.3592599863564566,0.5
inflammation_anemia,primary,sigmoid_logit,drop60,nested_development_oof,4,4,0.46714315700741815,0.5
inflammation_anemia,primary,sigmoid_logit,drop60,nested_development_oof,5,1,0.5099062555254076,0.0
inflammation_anemia,primary,sigmoid_logit,drop60,nested_development_oof,6,2,0.6451793015635463,0.5
inflammation_anemia,primary,sigmoid_logit,drop60,nested_development_oof,7,7,0.7500259434506197,1.0
inflammation_anemia,primary,sigmoid_logit,drop60,nested_development_oof,8,3,0.8678558434019594,1.0
inflammation_anemia,primary,sigmoid_logit,drop60,nested_development_oof,9,23,0.9700515636713058,1.0
inflammation_anemia,primary,sigmoid_logit,cbc_only,nested_development_oof,0,561,0.011944998240302722,0.012477718360071301
inflammation_anemia,primary,sigmoid_logit,cbc_only,nested_development_oof,1,46,0.14295688706247872,0.17391304347826086
inflammation_anemia,primary,sigmoid_logit,cbc_only,nested_development_oof,2,16,0.24416716100416574,0.3125
inflammation_anemia,primary,sigmoid_logit,cbc_only,nested_development_oof,3,9,0.34630874297822495,0.4444444444444444
inflammation_anemia,primary,sigmoid_logit,cbc_only,nested_development_oof,4,10,0.43556334193159196,0.8
inflammation_anemia,primary,sigmoid_logit,cbc_only,nested_development_oof,5,4,0.5610963147439417,0.75
inflammation_anemia,primary,sigmoid_logit,cbc_only,nested_development_oof,6,5,0.6484061692658953,1.0
inflammation_anemia,primary,sigmoid_logit,cbc_only,nested_development_oof,7,7,0.7601643488632007,0.42857142857142855
inflammation_anemia,primary,sigmoid_logit,cbc_only,nested_development_oof,8,9,0.8556116329822314,0.6666666666666666
inflammation_anemia,primary,sigmoid_logit,cbc_only,nested_development_oof,9,5,0.9340676818620519,0.6
inflammation_anemia,primary,sigmoid_logit,hb_only,nested_development_oof,0,656,0.030262669542659333,0.07774390243902439
inflammation_anemia,primary,sigmoid_logit,hb_only,nested_development_oof,1,13,0.11200236232596897,0.07692307692307693
inflammation_anemia,primary,sigmoid_logit,hb_only,nested_development_oof,2,3,0.23800608442818053,0.0
inflammation_anemia,primary,sigmoid_logit,no_iron,nested_development_oof,0,601,0.006344260777111554,0.004991680532445923
inflammation_anemia,primary,sigmoid_logit,no_iron,nested_development_oof,1,6,0.13527262529247633,0.0
inflammation_anemia,primary,sigmoid_logit,no_iron,nested_development_oof,2,8,0.2345128457060927,0.125
inflammation_anemia,primary,sigmoid_logit,no_iron,nested_development_oof,3,1,0.3167422895360392,0.0
inflammation_anemia,primary,sigmoid_logit,no_iron,nested_development_oof,4,2,0.4451953705539109,0.5
inflammation_anemia,primary,sigmoid_logit,no_iron,nested_development_oof,5,2,0.5514036652702138,0.0
inflammation_anemia,primary,sigmoid_logit,no_iron,nested_development_oof,6,3,0.6353400321449124,0.6666666666666666
inflammation_anemia,primary,sigmoid_logit,no_iron,nested_development_oof,7,3,0.7387432527097527,0.0
inflammation_anemia,primary,sigmoid_logit,no_iron,nested_development_oof,8,5,0.8460312452487813,1.0
inflammation_anemia,primary,sigmoid_logit,no_iron,nested_development_oof,9,41,0.980884065388883,0.975609756097561
inflammation_anemia,primary,sigmoid_logit,no_B12,nested_development_oof,0,609,0.0029879102700252178,0.0016420361247947454
inflammation_anemia,primary,sigmoid_logit,no_B12,nested_development_oof,1,6,0.14191072121820678,0.0
inflammation_anemia,primary,sigmoid_logit,no_B12,nested_development_oof,2,2,0.22207781087590625,0.5
inflammation_anemia,primary,sigmoid_logit,no_B12,nested_development_oof,4,2,0.441781047494318,0.0
inflammation_anemia,primary,sigmoid_logit,no_B12,nested_development_oof,5,2,0.5713195356618598,0.5
inflammation_anemia,primary,sigmoid_logit,no_B12,nested_development_oof,6,1,0.6524850352942831,0.0
inflammation_anemia,primary,sigmoid_logit,no_B12,nested_development_oof,7,1,0.7022096743095276,1.0
inflammation_anemia,primary,sigmoid_logit,no_B12,nested_development_oof,8,3,0.8432546208047825,1.0
inflammation_anemia,primary,sigmoid_logit,no_B12,nested_development_oof,9,46,0.9874277216486754,0.9782608695652174
inflammation_anemia,primary,sigmoid_logit,no_folate,nested_development_oof,0,610,0.003308771662110416,0.001639344262295082
inflammation_anemia,primary,sigmoid_logit,no_folate,nested_development_oof,1,5,0.1520196295559725,0.0
inflammation_anemia,primary,sigmoid_logit,no_folate,nested_development_oof,2,2,0.25254506765452484,0.5
inflammation_anemia,primary,sigmoid_logit,no_folate,nested_development_oof,4,1,0.45149171777609526,0.0
inflammation_anemia,primary,sigmoid_logit,no_folate,nested_development_oof,5,3,0.5237517639470904,0.3333333333333333
inflammation_anemia,primary,sigmoid_logit,no_folate,nested_development_oof,6,1,0.6208045493327053,0.0
inflammation_anemia,primary,sigmoid_logit,no_folate,nested_development_oof,8,5,0.8556142052265793,0.8
inflammation_anemia,primary,sigmoid_logit,no_folate,nested_development_oof,9,45,0.9897500727516018,1.0
inflammation_anemia,primary,sigmoid_logit,no_B6,nested_development_oof,0,610,0.003169366337205957,0.001639344262295082
inflammation_anemia,primary,sigmoid_logit,no_B6,nested_development_oof,1,5,0.1402216834788818,0.0
inflammation_anemia,primary,sigmoid_logit,no_B6,nested_development_oof,2,2,0.22694026868478281,0.5
inflammation_anemia,primary,sigmoid_logit,no_B6,nested_development_oof,4,2,0.46947051030294873,0.0
inflammation_anemia,primary,sigmoid_logit,no_B6,nested_development_oof,5,2,0.5318145561013691,0.5
inflammation_anemia,primary,sigmoid_logit,no_B6,nested_development_oof,6,1,0.6780653832578782,0.0
inflammation_anemia,primary,sigmoid_logit,no_B6,nested_development_oof,7,1,0.7965708587882013,1.0
inflammation_anemia,primary,sigmoid_logit,no_B6,nested_development_oof,8,4,0.8550261128112229,0.75
inflammation_anemia,primary,sigmoid_logit,no_B6,nested_development_oof,9,45,0.9894366380827267,1.0
inflammation_anemia,primary,sigmoid_logit,no_copper,nested_development_oof,0,610,0.0030615868787927307,0.001639344262295082
inflammation_anemia,primary,sigmoid_logit,no_copper,nested_development_oof,1,5,0.1405532256912805,0.0
inflammation_anemia,primary,sigmoid_logit,no_copper,nested_development_oof,2,2,0.22949757168348156,0.5
inflammation_anemia,primary,sigmoid_logit,no_copper,nested_development_oof,4,3,0.46116809377997164,0.0
inflammation_anemia,primary,sigmoid_logit,no_copper,nested_development_oof,5,1,0.5512909441955365,1.0
inflammation_anemia,primary,sigmoid_logit,no_copper,nested_development_oof,6,1,0.61744733101957,0.0
inflammation_anemia,primary,sigmoid_logit,no_copper,nested_development_oof,7,1,0.7965708587882013,1.0
inflammation_anemia,primary,sigmoid_logit,no_copper,nested_development_oof,8,4,0.8584712986461498,0.75
inflammation_anemia,primary,sigmoid_logit,no_copper,nested_development_oof,9,45,0.9895539420892357,1.0
inflammation_anemia,primary,sigmoid_logit,no_hemoglobin,nested_development_oof,0,611,0.004922955285399616,0.0016366612111292963
inflammation_anemia,primary,sigmoid_logit,no_hemoglobin,nested_development_oof,1,5,0.14015599822675542,0.2
inflammation_anemia,primary,sigmoid_logit,no_hemoglobin,nested_development_oof,2,2,0.2556850124535187,0.0
inflammation_anemia,primary,sigmoid_logit,no_hemoglobin,nested_development_oof,4,2,0.4431405910347556,0.0
inflammation_anemia,primary,sigmoid_logit,no_hemoglobin,nested_development_oof,7,5,0.7540377480346925,0.6
inflammation_anemia,primary,sigmoid_logit,no_hemoglobin,nested_development_oof,8,4,0.8518414379118227,1.0
inflammation_anemia,primary,sigmoid_logit,no_hemoglobin,nested_development_oof,9,43,0.9919115770289467,1.0
inflammation_anemia,primary,sigmoid_logit,no_demographics,nested_development_oof,0,608,0.006671847168593349,0.001644736842105263
inflammation_anemia,primary,sigmoid_logit,no_demographics,nested_development_oof,1,1,0.10512163140666271,0.0
inflammation_anemia,primary,sigmoid_logit,no_demographics,nested_development_oof,2,6,0.22696501598399,0.16666666666666666
inflammation_anemia,primary,sigmoid_logit,no_demographics,nested_development_oof,3,2,0.35491683997769835,0.0
inflammation_anemia,primary,sigmoid_logit,no_demographics,nested_development_oof,4,3,0.4467850812564591,0.0
inflammation_anemia,primary,sigmoid_logit,no_demographics,nested_development_oof,6,1,0.6050265659803458,1.0
inflammation_anemia,primary,sigmoid_logit,no_demographics,nested_development_oof,7,2,0.7649668050583965,0.5
inflammation_anemia,primary,sigmoid_logit,no_demographics,nested_development_oof,8,2,0.845150607967098,0.5
inflammation_anemia,primary,sigmoid_logit,no_demographics,nested_development_oof,9,47,0.9887946145171999,1.0
inflammation_anemia,cbc,identity,available,nested_development_oof,0,566,0.01114776316136059,0.019434628975265017
inflammation_anemia,cbc,identity,available,nested_development_oof,1,34,0.14271069017026314,0.17647058823529413
inflammation_anemia,cbc,identity,available,nested_development_oof,2,19,0.2377133319300155,0.3684210526315789
inflammation_anemia,cbc,identity,available,nested_development_oof,3,14,0.3428795851325032,0.35714285714285715
inflammation_anemia,cbc,identity,available,nested_development_oof,4,12,0.44396365796220943,0.4166666666666667
inflammation_anemia,cbc,identity,available,nested_development_oof,5,6,0.5432784351887059,0.8333333333333334
inflammation_anemia,cbc,identity,available,nested_development_oof,6,9,0.6462760533713227,0.6666666666666666
inflammation_anemia,cbc,identity,available,nested_development_oof,7,4,0.7682099970460693,0.5
inflammation_anemia,cbc,identity,available,nested_development_oof,8,5,0.8423639465247416,0.8
inflammation_anemia,cbc,identity,available,nested_development_oof,9,3,0.9551672394391296,0.3333333333333333
inflammation_anemia,cbc,identity,drop30,nested_development_oof,0,575,0.014697549075194,0.03130434782608696
inflammation_anemia,cbc,identity,drop30,nested_development_oof,1,46,0.145919722860703,0.13043478260869565
inflammation_anemia,cbc,identity,drop30,nested_development_oof,2,20,0.2473351579611224,0.55
inflammation_anemia,cbc,identity,drop30,nested_development_oof,3,13,0.34825876285995194,0.38461538461538464
inflammation_anemia,cbc,identity,drop30,nested_development_oof,4,7,0.440704522030783,0.8571428571428571
inflammation_anemia,cbc,identity,drop30,nested_development_oof,5,4,0.5574752623335288,0.75
inflammation_anemia,cbc,identity,drop30,nested_development_oof,6,2,0.6092057383747698,0.0
inflammation_anemia,cbc,identity,drop30,nested_development_oof,7,1,0.723476507125225,1.0
inflammation_anemia,cbc,identity,drop30,nested_development_oof,8,2,0.8554694377103883,1.0
inflammation_anemia,cbc,identity,drop30,nested_development_oof,9,2,0.9617764940669394,0.0
inflammation_anemia,cbc,identity,drop60,nested_development_oof,0,603,0.01992286885299967,0.05970149253731343
inflammation_anemia,cbc,identity,drop60,nested_development_oof,1,48,0.1356406235936723,0.16666666666666666
inflammation_anemia,cbc,identity,drop60,nested_development_oof,2,6,0.24887048131655334,0.5
inflammation_anemia,cbc,identity,drop60,nested_development_oof,3,6,0.34908458364380984,0.3333333333333333
inflammation_anemia,cbc,identity,drop60,nested_development_oof,4,4,0.4406605650971814,0.5
inflammation_anemia,cbc,identity,drop60,nested_development_oof,5,4,0.5329744710529206,0.25
inflammation_anemia,cbc,identity,drop60,nested_development_oof,9,1,0.9637447463541313,0.0
inflammation_anemia,cbc,identity,cbc_only,nested_development_oof,0,566,0.01114776316136059,0.019434628975265017
inflammation_anemia,cbc,identity,cbc_only,nested_development_oof,1,34,0.14271069017026314,0.17647058823529413
inflammation_anemia,cbc,identity,cbc_only,nested_development_oof,2,19,0.2377133319300155,0.3684210526315789
inflammation_anemia,cbc,identity,cbc_only,nested_development_oof,3,14,0.3428795851325032,0.35714285714285715
inflammation_anemia,cbc,identity,cbc_only,nested_development_oof,4,12,0.44396365796220943,0.4166666666666667
inflammation_anemia,cbc,identity,cbc_only,nested_development_oof,5,6,0.5432784351887059,0.8333333333333334
inflammation_anemia,cbc,identity,cbc_only,nested_development_oof,6,9,0.6462760533713227,0.6666666666666666
inflammation_anemia,cbc,identity,cbc_only,nested_development_oof,7,4,0.7682099970460693,0.5
inflammation_anemia,cbc,identity,cbc_only,nested_development_oof,8,5,0.8423639465247416,0.8
inflammation_anemia,cbc,identity,cbc_only,nested_development_oof,9,3,0.9551672394391296,0.3333333333333333
inflammation_anemia,cbc,identity,hb_only,nested_development_oof,0,672,0.015612106879946455,0.07738095238095238
inflammation_anemia,cbc,identity,no_iron,nested_development_oof,0,566,0.01114776316136059,0.019434628975265017
inflammation_anemia,cbc,identity,no_iron,nested_development_oof,1,34,0.14271069017026314,0.17647058823529413
inflammation_anemia,cbc,identity,no_iron,nested_development_oof,2,19,0.2377133319300155,0.3684210526315789
inflammation_anemia,cbc,identity,no_iron,nested_development_oof,3,14,0.3428795851325032,0.35714285714285715
inflammation_anemia,cbc,identity,no_iron,nested_development_oof,4,12,0.44396365796220943,0.4166666666666667
inflammation_anemia,cbc,identity,no_iron,nested_development_oof,5,6,0.5432784351887059,0.8333333333333334
inflammation_anemia,cbc,identity,no_iron,nested_development_oof,6,9,0.6462760533713227,0.6666666666666666
inflammation_anemia,cbc,identity,no_iron,nested_development_oof,7,4,0.7682099970460693,0.5
inflammation_anemia,cbc,identity,no_iron,nested_development_oof,8,5,0.8423639465247416,0.8
inflammation_anemia,cbc,identity,no_iron,nested_development_oof,9,3,0.9551672394391296,0.3333333333333333
inflammation_anemia,cbc,identity,no_B12,nested_development_oof,0,566,0.01114776316136059,0.019434628975265017
inflammation_anemia,cbc,identity,no_B12,nested_development_oof,1,34,0.14271069017026314,0.17647058823529413
inflammation_anemia,cbc,identity,no_B12,nested_development_oof,2,19,0.2377133319300155,0.3684210526315789
inflammation_anemia,cbc,identity,no_B12,nested_development_oof,3,14,0.3428795851325032,0.35714285714285715
inflammation_anemia,cbc,identity,no_B12,nested_development_oof,4,12,0.44396365796220943,0.4166666666666667
inflammation_anemia,cbc,identity,no_B12,nested_development_oof,5,6,0.5432784351887059,0.8333333333333334
inflammation_anemia,cbc,identity,no_B12,nested_development_oof,6,9,0.6462760533713227,0.6666666666666666
inflammation_anemia,cbc,identity,no_B12,nested_development_oof,7,4,0.7682099970460693,0.5
inflammation_anemia,cbc,identity,no_B12,nested_development_oof,8,5,0.8423639465247416,0.8
inflammation_anemia,cbc,identity,no_B12,nested_development_oof,9,3,0.9551672394391296,0.3333333333333333
inflammation_anemia,cbc,identity,no_folate,nested_development_oof,0,566,0.01114776316136059,0.019434628975265017
inflammation_anemia,cbc,identity,no_folate,nested_development_oof,1,34,0.14271069017026314,0.17647058823529413
inflammation_anemia,cbc,identity,no_folate,nested_development_oof,2,19,0.2377133319300155,0.3684210526315789
inflammation_anemia,cbc,identity,no_folate,nested_development_oof,3,14,0.3428795851325032,0.35714285714285715
inflammation_anemia,cbc,identity,no_folate,nested_development_oof,4,12,0.44396365796220943,0.4166666666666667
inflammation_anemia,cbc,identity,no_folate,nested_development_oof,5,6,0.5432784351887059,0.8333333333333334
inflammation_anemia,cbc,identity,no_folate,nested_development_oof,6,9,0.6462760533713227,0.6666666666666666
inflammation_anemia,cbc,identity,no_folate,nested_development_oof,7,4,0.7682099970460693,0.5
inflammation_anemia,cbc,identity,no_folate,nested_development_oof,8,5,0.8423639465247416,0.8
inflammation_anemia,cbc,identity,no_folate,nested_development_oof,9,3,0.9551672394391296,0.3333333333333333
inflammation_anemia,cbc,identity,no_B6,nested_development_oof,0,566,0.01114776316136059,0.019434628975265017
inflammation_anemia,cbc,identity,no_B6,nested_development_oof,1,34,0.14271069017026314,0.17647058823529413
inflammation_anemia,cbc,identity,no_B6,nested_development_oof,2,19,0.2377133319300155,0.3684210526315789
inflammation_anemia,cbc,identity,no_B6,nested_development_oof,3,14,0.3428795851325032,0.35714285714285715
inflammation_anemia,cbc,identity,no_B6,nested_development_oof,4,12,0.44396365796220943,0.4166666666666667
inflammation_anemia,cbc,identity,no_B6,nested_development_oof,5,6,0.5432784351887059,0.8333333333333334
inflammation_anemia,cbc,identity,no_B6,nested_development_oof,6,9,0.6462760533713227,0.6666666666666666
inflammation_anemia,cbc,identity,no_B6,nested_development_oof,7,4,0.7682099970460693,0.5
inflammation_anemia,cbc,identity,no_B6,nested_development_oof,8,5,0.8423639465247416,0.8
inflammation_anemia,cbc,identity,no_B6,nested_development_oof,9,3,0.9551672394391296,0.3333333333333333
inflammation_anemia,cbc,identity,no_copper,nested_development_oof,0,566,0.01114776316136059,0.019434628975265017
inflammation_anemia,cbc,identity,no_copper,nested_development_oof,1,34,0.14271069017026314,0.17647058823529413
inflammation_anemia,cbc,identity,no_copper,nested_development_oof,2,19,0.2377133319300155,0.3684210526315789
inflammation_anemia,cbc,identity,no_copper,nested_development_oof,3,14,0.3428795851325032,0.35714285714285715
inflammation_anemia,cbc,identity,no_copper,nested_development_oof,4,12,0.44396365796220943,0.4166666666666667
inflammation_anemia,cbc,identity,no_copper,nested_development_oof,5,6,0.5432784351887059,0.8333333333333334
inflammation_anemia,cbc,identity,no_copper,nested_development_oof,6,9,0.6462760533713227,0.6666666666666666
inflammation_anemia,cbc,identity,no_copper,nested_development_oof,7,4,0.7682099970460693,0.5
inflammation_anemia,cbc,identity,no_copper,nested_development_oof,8,5,0.8423639465247416,0.8
inflammation_anemia,cbc,identity,no_copper,nested_development_oof,9,3,0.9551672394391296,0.3333333333333333
inflammation_anemia,cbc,identity,no_hemoglobin,nested_development_oof,0,534,0.020626625123405185,0.020599250936329586
inflammation_anemia,cbc,identity,no_hemoglobin,nested_development_oof,1,64,0.13534246363377844,0.09375
inflammation_anemia,cbc,identity,no_hemoglobin,nested_development_oof,2,25,0.24723345841704858,0.36
inflammation_anemia,cbc,identity,no_hemoglobin,nested_development_oof,3,12,0.34703246355720135,0.25
inflammation_anemia,cbc,identity,no_hemoglobin,nested_development_oof,4,9,0.4331871076329896,0.6666666666666666
inflammation_anemia,cbc,identity,no_hemoglobin,nested_development_oof,5,10,0.5527511176037032,0.5
inflammation_anemia,cbc,identity,no_hemoglobin,nested_development_oof,6,6,0.6492871675458339,0.8333333333333334
inflammation_anemia,cbc,identity,no_hemoglobin,nested_development_oof,7,5,0.7453874518852512,0.4
inflammation_anemia,cbc,identity,no_hemoglobin,nested_development_oof,8,5,0.8350708306190455,1.0
inflammation_anemia,cbc,identity,no_hemoglobin,nested_development_oof,9,2,0.9801683233743933,0.0
inflammation_anemia,cbc,identity,no_demographics,nested_development_oof,0,559,0.019322365317876265,0.01967799642218247
inflammation_anemia,cbc,identity,no_demographics,nested_development_oof,1,40,0.13808258975863566,0.15
inflammation_anemia,cbc,identity,no_demographics,nested_development_oof,2,26,0.24752120494244778,0.46153846153846156
inflammation_anemia,cbc,identity,no_demographics,nested_development_oof,3,12,0.35042125925042766,0.25
inflammation_anemia,cbc,identity,no_demographics,nested_development_oof,4,11,0.45441252294659235,0.36363636363636365
inflammation_anemia,cbc,identity,no_demographics,nested_development_oof,5,8,0.5563041684743711,0.75
inflammation_anemia,cbc,identity,no_demographics,nested_development_oof,6,3,0.6580235348729842,0.6666666666666666
inflammation_anemia,cbc,identity,no_demographics,nested_development_oof,7,6,0.7528625655759672,0.6666666666666666
inflammation_anemia,cbc,identity,no_demographics,nested_development_oof,8,5,0.8489584526524071,0.8
inflammation_anemia,cbc,identity,no_demographics,nested_development_oof,9,2,0.9820611156717354,0.0
inflammation_anemia,cbc,temperature,available,nested_development_oof,0,532,0.013818539834296678,0.013157894736842105
inflammation_anemia,cbc,temperature,available,nested_development_oof,1,55,0.1404171671519678,0.14545454545454545
inflammation_anemia,cbc,temperature,available,nested_development_oof,2,29,0.25159437341321994,0.2413793103448276
inflammation_anemia,cbc,temperature,available,nested_development_oof,3,14,0.3522062257213103,0.5
inflammation_anemia,cbc,temperature,available,nested_development_oof,4,15,0.4445962097094972,0.3333333333333333
inflammation_anemia,cbc,temperature,available,nested_development_oof,5,8,0.547637448235113,0.875
inflammation_anemia,cbc,temperature,available,nested_development_oof,6,8,0.6372977011171088,0.625
inflammation_anemia,cbc,temperature,available,nested_development_oof,7,6,0.7576846281327129,0.5
inflammation_anemia,cbc,temperature,available,nested_development_oof,8,3,0.8345210165237652,1.0
inflammation_anemia,cbc,temperature,available,nested_development_oof,9,2,0.9659537726876853,0.0
inflammation_anemia,cbc,temperature,drop30,nested_development_oof,0,536,0.020153178344591027,0.020522388059701493
inflammation_anemia,cbc,temperature,drop30,nested_development_oof,1,66,0.14154063084819404,0.16666666666666666
inflammation_anemia,cbc,temperature,drop30,nested_development_oof,2,31,0.24515360390643545,0.2903225806451613
inflammation_anemia,cbc,temperature,drop30,nested_development_oof,3,19,0.34418924311442267,0.47368421052631576
inflammation_anemia,cbc,temperature,drop30,nested_development_oof,4,9,0.4427115487637134,0.6666666666666666
inflammation_anemia,cbc,temperature,drop30,nested_development_oof,5,6,0.5611448789851828,0.5
inflammation_anemia,cbc,temperature,drop30,nested_development_oof,6,1,0.6869500995423876,1.0
inflammation_anemia,cbc,temperature,drop30,nested_development_oof,7,1,0.7842404513053953,1.0
inflammation_anemia,cbc,temperature,drop30,nested_development_oof,8,1,0.83747297620875,1.0
inflammation_anemia,cbc,temperature,drop30,nested_development_oof,9,2,0.937740723498768,0.0
inflammation_anemia,cbc,temperature,drop60,nested_development_oof,0,543,0.026969225312651276,0.0570902394106814
inflammation_anemia,cbc,temperature,drop60,nested_development_oof,1,95,0.13690861774136492,0.12631578947368421
inflammation_anemia,cbc,temperature,drop60,nested_development_oof,2,17,0.2366749320193684,0.23529411764705882
inflammation_anemia,cbc,temperature,drop60,nested_development_oof,3,8,0.36203158697744187,0.25
inflammation_anemia,cbc,temperature,drop60,nested_development_oof,4,4,0.45179515876418697,0.5
inflammation_anemia,cbc,temperature,drop60,nested_development_oof,5,4,0.5270834407973045,0.25
inflammation_anemia,cbc,temperature,drop60,nested_development_oof,9,1,0.9387700604713707,0.0
inflammation_anemia,cbc,temperature,cbc_only,nested_development_oof,0,532,0.013818539834296678,0.013157894736842105
inflammation_anemia,cbc,temperature,cbc_only,nested_development_oof,1,55,0.1404171671519678,0.14545454545454545
inflammation_anemia,cbc,temperature,cbc_only,nested_development_oof,2,29,0.25159437341321994,0.2413793103448276
inflammation_anemia,cbc,temperature,cbc_only,nested_development_oof,3,14,0.3522062257213103,0.5
inflammation_anemia,cbc,temperature,cbc_only,nested_development_oof,4,15,0.4445962097094972,0.3333333333333333
inflammation_anemia,cbc,temperature,cbc_only,nested_development_oof,5,8,0.547637448235113,0.875
inflammation_anemia,cbc,temperature,cbc_only,nested_development_oof,6,8,0.6372977011171088,0.625
inflammation_anemia,cbc,temperature,cbc_only,nested_development_oof,7,6,0.7576846281327129,0.5
inflammation_anemia,cbc,temperature,cbc_only,nested_development_oof,8,3,0.8345210165237652,1.0
inflammation_anemia,cbc,temperature,cbc_only,nested_development_oof,9,2,0.9659537726876853,0.0
inflammation_anemia,cbc,temperature,hb_only,nested_development_oof,0,633,0.022758648093214037,0.07740916271721959
inflammation_anemia,cbc,temperature,hb_only,nested_development_oof,1,39,0.12188876266492955,0.07692307692307693
inflammation_anemia,cbc,temperature,no_iron,nested_development_oof,0,532,0.013818539834296678,0.013157894736842105
inflammation_anemia,cbc,temperature,no_iron,nested_development_oof,1,55,0.1404171671519678,0.14545454545454545
inflammation_anemia,cbc,temperature,no_iron,nested_development_oof,2,29,0.25159437341321994,0.2413793103448276
inflammation_anemia,cbc,temperature,no_iron,nested_development_oof,3,14,0.3522062257213103,0.5
inflammation_anemia,cbc,temperature,no_iron,nested_development_oof,4,15,0.4445962097094972,0.3333333333333333
inflammation_anemia,cbc,temperature,no_iron,nested_development_oof,5,8,0.547637448235113,0.875
inflammation_anemia,cbc,temperature,no_iron,nested_development_oof,6,8,0.6372977011171088,0.625
inflammation_anemia,cbc,temperature,no_iron,nested_development_oof,7,6,0.7576846281327129,0.5
inflammation_anemia,cbc,temperature,no_iron,nested_development_oof,8,3,0.8345210165237652,1.0
inflammation_anemia,cbc,temperature,no_iron,nested_development_oof,9,2,0.9659537726876853,0.0
inflammation_anemia,cbc,temperature,no_B12,nested_development_oof,0,532,0.013818539834296678,0.013157894736842105
inflammation_anemia,cbc,temperature,no_B12,nested_development_oof,1,55,0.1404171671519678,0.14545454545454545
inflammation_anemia,cbc,temperature,no_B12,nested_development_oof,2,29,0.25159437341321994,0.2413793103448276
inflammation_anemia,cbc,temperature,no_B12,nested_development_oof,3,14,0.3522062257213103,0.5
inflammation_anemia,cbc,temperature,no_B12,nested_development_oof,4,15,0.4445962097094972,0.3333333333333333
inflammation_anemia,cbc,temperature,no_B12,nested_development_oof,5,8,0.547637448235113,0.875
inflammation_anemia,cbc,temperature,no_B12,nested_development_oof,6,8,0.6372977011171088,0.625
inflammation_anemia,cbc,temperature,no_B12,nested_development_oof,7,6,0.7576846281327129,0.5
inflammation_anemia,cbc,temperature,no_B12,nested_development_oof,8,3,0.8345210165237652,1.0
inflammation_anemia,cbc,temperature,no_B12,nested_development_oof,9,2,0.9659537726876853,0.0
inflammation_anemia,cbc,temperature,no_folate,nested_development_oof,0,532,0.013818539834296678,0.013157894736842105
inflammation_anemia,cbc,temperature,no_folate,nested_development_oof,1,55,0.1404171671519678,0.14545454545454545
inflammation_anemia,cbc,temperature,no_folate,nested_development_oof,2,29,0.25159437341321994,0.2413793103448276
inflammation_anemia,cbc,temperature,no_folate,nested_development_oof,3,14,0.3522062257213103,0.5
inflammation_anemia,cbc,temperature,no_folate,nested_development_oof,4,15,0.4445962097094972,0.3333333333333333
inflammation_anemia,cbc,temperature,no_folate,nested_development_oof,5,8,0.547637448235113,0.875
inflammation_anemia,cbc,temperature,no_folate,nested_development_oof,6,8,0.6372977011171088,0.625
inflammation_anemia,cbc,temperature,no_folate,nested_development_oof,7,6,0.7576846281327129,0.5
inflammation_anemia,cbc,temperature,no_folate,nested_development_oof,8,3,0.8345210165237652,1.0
inflammation_anemia,cbc,temperature,no_folate,nested_development_oof,9,2,0.9659537726876853,0.0
inflammation_anemia,cbc,temperature,no_B6,nested_development_oof,0,532,0.013818539834296678,0.013157894736842105
inflammation_anemia,cbc,temperature,no_B6,nested_development_oof,1,55,0.1404171671519678,0.14545454545454545
inflammation_anemia,cbc,temperature,no_B6,nested_development_oof,2,29,0.25159437341321994,0.2413793103448276
inflammation_anemia,cbc,temperature,no_B6,nested_development_oof,3,14,0.3522062257213103,0.5
inflammation_anemia,cbc,temperature,no_B6,nested_development_oof,4,15,0.4445962097094972,0.3333333333333333
inflammation_anemia,cbc,temperature,no_B6,nested_development_oof,5,8,0.547637448235113,0.875
inflammation_anemia,cbc,temperature,no_B6,nested_development_oof,6,8,0.6372977011171088,0.625
inflammation_anemia,cbc,temperature,no_B6,nested_development_oof,7,6,0.7576846281327129,0.5
inflammation_anemia,cbc,temperature,no_B6,nested_development_oof,8,3,0.8345210165237652,1.0
inflammation_anemia,cbc,temperature,no_B6,nested_development_oof,9,2,0.9659537726876853,0.0
inflammation_anemia,cbc,temperature,no_copper,nested_development_oof,0,532,0.013818539834296678,0.013157894736842105
inflammation_anemia,cbc,temperature,no_copper,nested_development_oof,1,55,0.1404171671519678,0.14545454545454545
inflammation_anemia,cbc,temperature,no_copper,nested_development_oof,2,29,0.25159437341321994,0.2413793103448276
inflammation_anemia,cbc,temperature,no_copper,nested_development_oof,3,14,0.3522062257213103,0.5
inflammation_anemia,cbc,temperature,no_copper,nested_development_oof,4,15,0.4445962097094972,0.3333333333333333
inflammation_anemia,cbc,temperature,no_copper,nested_development_oof,5,8,0.547637448235113,0.875
inflammation_anemia,cbc,temperature,no_copper,nested_development_oof,6,8,0.6372977011171088,0.625
inflammation_anemia,cbc,temperature,no_copper,nested_development_oof,7,6,0.7576846281327129,0.5
inflammation_anemia,cbc,temperature,no_copper,nested_development_oof,8,3,0.8345210165237652,1.0
inflammation_anemia,cbc,temperature,no_copper,nested_development_oof,9,2,0.9659537726876853,0.0
inflammation_anemia,cbc,temperature,no_hemoglobin,nested_development_oof,0,486,0.030387416498991116,0.01440329218106996
inflammation_anemia,cbc,temperature,no_hemoglobin,nested_development_oof,1,93,0.14213526248323113,0.08602150537634409
inflammation_anemia,cbc,temperature,no_hemoglobin,nested_development_oof,2,35,0.24175808511639854,0.22857142857142856
inflammation_anemia,cbc,temperature,no_hemoglobin,nested_development_oof,3,19,0.34579556835805675,0.2631578947368421
inflammation_anemia,cbc,temperature,no_hemoglobin,nested_development_oof,4,11,0.43994006375371125,0.6363636363636364
inflammation_anemia,cbc,temperature,no_hemoglobin,nested_development_oof,5,11,0.5467451860518011,0.5454545454545454
inflammation_anemia,cbc,temperature,no_hemoglobin,nested_development_oof,6,7,0.6454844782318627,0.7142857142857143
inflammation_anemia,cbc,temperature,no_hemoglobin,nested_development_oof,7,6,0.7435779460702733,0.6666666666666666
inflammation_anemia,cbc,temperature,no_hemoglobin,nested_development_oof,8,2,0.8203332108427571,1.0
inflammation_anemia,cbc,temperature,no_hemoglobin,nested_development_oof,9,2,0.9631616828413956,0.0
inflammation_anemia,cbc,temperature,no_demographics,nested_development_oof,0,510,0.0280498053292655,0.01568627450980392
inflammation_anemia,cbc,temperature,no_demographics,nested_development_oof,1,75,0.1351308011410905,0.12
inflammation_anemia,cbc,temperature,no_demographics,nested_development_oof,2,32,0.25215747271552474,0.1875
inflammation_anemia,cbc,temperature,no_demographics,nested_development_oof,3,17,0.34589866204514563,0.5294117647058824
inflammation_anemia,cbc,temperature,no_demographics,nested_development_oof,4,14,0.4506370512849105,0.2857142857142857
inflammation_anemia,cbc,temperature,no_demographics,nested_development_oof,5,8,0.5454805622319323,0.75
inflammation_anemia,cbc,temperature,no_demographics,nested_development_oof,6,5,0.648318208500948,0.8
inflammation_anemia,cbc,temperature,no_demographics,nested_development_oof,7,7,0.747855253057045,0.5714285714285714
inflammation_anemia,cbc,temperature,no_demographics,nested_development_oof,8,2,0.8492434760223607,1.0
inflammation_anemia,cbc,temperature,no_demographics,nested_development_oof,9,2,0.9661405406604472,0.0
inflammation_anemia,cbc,sigmoid_logit,available,nested_development_oof,0,534,0.014062551028349787,0.013108614232209739
inflammation_anemia,cbc,sigmoid_logit,available,nested_development_oof,1,51,0.1404416260746042,0.13725490196078433
inflammation_anemia,cbc,sigmoid_logit,available,nested_development_oof,2,27,0.24293544342042786,0.18518518518518517
inflammation_anemia,cbc,sigmoid_logit,available,nested_development_oof,3,17,0.3410721916391126,0.5294117647058824
inflammation_anemia,cbc,sigmoid_logit,available,nested_development_oof,4,16,0.44989575496435036,0.4375
inflammation_anemia,cbc,sigmoid_logit,available,nested_development_oof,5,7,0.5399703900017121,0.7142857142857143
inflammation_anemia,cbc,sigmoid_logit,available,nested_development_oof,6,9,0.651249792497918,0.5555555555555556
inflammation_anemia,cbc,sigmoid_logit,available,nested_development_oof,7,5,0.7625623623462342,0.6
inflammation_anemia,cbc,sigmoid_logit,available,nested_development_oof,8,4,0.8324182297391964,1.0
inflammation_anemia,cbc,sigmoid_logit,available,nested_development_oof,9,2,0.9735640884856063,0.0
inflammation_anemia,cbc,sigmoid_logit,drop30,nested_development_oof,0,534,0.019756063045327073,0.020599250936329586
inflammation_anemia,cbc,sigmoid_logit,drop30,nested_development_oof,1,67,0.13835547685949312,0.14925373134328357
inflammation_anemia,cbc,sigmoid_logit,drop30,nested_development_oof,2,30,0.24066334611772147,0.3
inflammation_anemia,cbc,sigmoid_logit,drop30,nested_development_oof,3,19,0.3408659016715035,0.47368421052631576
inflammation_anemia,cbc,sigmoid_logit,drop30,nested_development_oof,4,9,0.4232414384127583,0.5555555555555556
inflammation_anemia,cbc,sigmoid_logit,drop30,nested_development_oof,5,7,0.5529415990201804,0.7142857142857143
inflammation_anemia,cbc,sigmoid_logit,drop30,nested_development_oof,6,1,0.6325349677062493,0.0
inflammation_anemia,cbc,sigmoid_logit,drop30,nested_development_oof,7,2,0.7511266026692766,1.0
inflammation_anemia,cbc,sigmoid_logit,drop30,nested_development_oof,8,1,0.862204556383373,1.0
inflammation_anemia,cbc,sigmoid_logit,drop30,nested_development_oof,9,2,0.9499444080792068,0.0
inflammation_anemia,cbc,sigmoid_logit,drop60,nested_development_oof,0,546,0.027176610285968062,0.056776556776556776
inflammation_anemia,cbc,sigmoid_logit,drop60,nested_development_oof,1,90,0.1371837756402964,0.12222222222222222
inflammation_anemia,cbc,sigmoid_logit,drop60,nested_development_oof,2,19,0.23612933832926727,0.2631578947368421
inflammation_anemia,cbc,sigmoid_logit,drop60,nested_development_oof,3,5,0.3439819877350511,0.2
inflammation_anemia,cbc,sigmoid_logit,drop60,nested_development_oof,4,7,0.43822265054734233,0.2857142857142857
inflammation_anemia,cbc,sigmoid_logit,drop60,nested_development_oof,5,3,0.520667055891095,0.3333333333333333
inflammation_anemia,cbc,sigmoid_logit,drop60,nested_development_oof,6,1,0.6010568205253805,1.0
inflammation_anemia,cbc,sigmoid_logit,drop60,nested_development_oof,9,1,0.9511809336873626,0.0
inflammation_anemia,cbc,sigmoid_logit,cbc_only,nested_development_oof,0,534,0.014062551028349787,0.013108614232209739
inflammation_anemia,cbc,sigmoid_logit,cbc_only,nested_development_oof,1,51,0.1404416260746042,0.13725490196078433
inflammation_anemia,cbc,sigmoid_logit,cbc_only,nested_development_oof,2,27,0.24293544342042786,0.18518518518518517
inflammation_anemia,cbc,sigmoid_logit,cbc_only,nested_development_oof,3,17,0.3410721916391126,0.5294117647058824
inflammation_anemia,cbc,sigmoid_logit,cbc_only,nested_development_oof,4,16,0.44989575496435036,0.4375
inflammation_anemia,cbc,sigmoid_logit,cbc_only,nested_development_oof,5,7,0.5399703900017121,0.7142857142857143
inflammation_anemia,cbc,sigmoid_logit,cbc_only,nested_development_oof,6,9,0.651249792497918,0.5555555555555556
inflammation_anemia,cbc,sigmoid_logit,cbc_only,nested_development_oof,7,5,0.7625623623462342,0.6
inflammation_anemia,cbc,sigmoid_logit,cbc_only,nested_development_oof,8,4,0.8324182297391964,1.0
inflammation_anemia,cbc,sigmoid_logit,cbc_only,nested_development_oof,9,2,0.9735640884856063,0.0
inflammation_anemia,cbc,sigmoid_logit,hb_only,nested_development_oof,0,631,0.02235800923342192,0.07606973058637084
inflammation_anemia,cbc,sigmoid_logit,hb_only,nested_development_oof,1,41,0.12237351037017283,0.0975609756097561
inflammation_anemia,cbc,sigmoid_logit,no_iron,nested_development_oof,0,534,0.014062551028349787,0.013108614232209739
inflammation_anemia,cbc,sigmoid_logit,no_iron,nested_development_oof,1,51,0.1404416260746042,0.13725490196078433
inflammation_anemia,cbc,sigmoid_logit,no_iron,nested_development_oof,2,27,0.24293544342042786,0.18518518518518517
inflammation_anemia,cbc,sigmoid_logit,no_iron,nested_development_oof,3,17,0.3410721916391126,0.5294117647058824
inflammation_anemia,cbc,sigmoid_logit,no_iron,nested_development_oof,4,16,0.44989575496435036,0.4375
inflammation_anemia,cbc,sigmoid_logit,no_iron,nested_development_oof,5,7,0.5399703900017121,0.7142857142857143
inflammation_anemia,cbc,sigmoid_logit,no_iron,nested_development_oof,6,9,0.651249792497918,0.5555555555555556
inflammation_anemia,cbc,sigmoid_logit,no_iron,nested_development_oof,7,5,0.7625623623462342,0.6
inflammation_anemia,cbc,sigmoid_logit,no_iron,nested_development_oof,8,4,0.8324182297391964,1.0
inflammation_anemia,cbc,sigmoid_logit,no_iron,nested_development_oof,9,2,0.9735640884856063,0.0
inflammation_anemia,cbc,sigmoid_logit,no_B12,nested_development_oof,0,534,0.014062551028349787,0.013108614232209739
inflammation_anemia,cbc,sigmoid_logit,no_B12,nested_development_oof,1,51,0.1404416260746042,0.13725490196078433
inflammation_anemia,cbc,sigmoid_logit,no_B12,nested_development_oof,2,27,0.24293544342042786,0.18518518518518517
inflammation_anemia,cbc,sigmoid_logit,no_B12,nested_development_oof,3,17,0.3410721916391126,0.5294117647058824
inflammation_anemia,cbc,sigmoid_logit,no_B12,nested_development_oof,4,16,0.44989575496435036,0.4375
inflammation_anemia,cbc,sigmoid_logit,no_B12,nested_development_oof,5,7,0.5399703900017121,0.7142857142857143
inflammation_anemia,cbc,sigmoid_logit,no_B12,nested_development_oof,6,9,0.651249792497918,0.5555555555555556
inflammation_anemia,cbc,sigmoid_logit,no_B12,nested_development_oof,7,5,0.7625623623462342,0.6
inflammation_anemia,cbc,sigmoid_logit,no_B12,nested_development_oof,8,4,0.8324182297391964,1.0
inflammation_anemia,cbc,sigmoid_logit,no_B12,nested_development_oof,9,2,0.9735640884856063,0.0
inflammation_anemia,cbc,sigmoid_logit,no_folate,nested_development_oof,0,534,0.014062551028349787,0.013108614232209739
inflammation_anemia,cbc,sigmoid_logit,no_folate,nested_development_oof,1,51,0.1404416260746042,0.13725490196078433
inflammation_anemia,cbc,sigmoid_logit,no_folate,nested_development_oof,2,27,0.24293544342042786,0.18518518518518517
inflammation_anemia,cbc,sigmoid_logit,no_folate,nested_development_oof,3,17,0.3410721916391126,0.5294117647058824
inflammation_anemia,cbc,sigmoid_logit,no_folate,nested_development_oof,4,16,0.44989575496435036,0.4375
inflammation_anemia,cbc,sigmoid_logit,no_folate,nested_development_oof,5,7,0.5399703900017121,0.7142857142857143
inflammation_anemia,cbc,sigmoid_logit,no_folate,nested_development_oof,6,9,0.651249792497918,0.5555555555555556
inflammation_anemia,cbc,sigmoid_logit,no_folate,nested_development_oof,7,5,0.7625623623462342,0.6
inflammation_anemia,cbc,sigmoid_logit,no_folate,nested_development_oof,8,4,0.8324182297391964,1.0
inflammation_anemia,cbc,sigmoid_logit,no_folate,nested_development_oof,9,2,0.9735640884856063,0.0
inflammation_anemia,cbc,sigmoid_logit,no_B6,nested_development_oof,0,534,0.014062551028349787,0.013108614232209739
inflammation_anemia,cbc,sigmoid_logit,no_B6,nested_development_oof,1,51,0.1404416260746042,0.13725490196078433
inflammation_anemia,cbc,sigmoid_logit,no_B6,nested_development_oof,2,27,0.24293544342042786,0.18518518518518517
inflammation_anemia,cbc,sigmoid_logit,no_B6,nested_development_oof,3,17,0.3410721916391126,0.5294117647058824
inflammation_anemia,cbc,sigmoid_logit,no_B6,nested_development_oof,4,16,0.44989575496435036,0.4375
inflammation_anemia,cbc,sigmoid_logit,no_B6,nested_development_oof,5,7,0.5399703900017121,0.7142857142857143
inflammation_anemia,cbc,sigmoid_logit,no_B6,nested_development_oof,6,9,0.651249792497918,0.5555555555555556
inflammation_anemia,cbc,sigmoid_logit,no_B6,nested_development_oof,7,5,0.7625623623462342,0.6
inflammation_anemia,cbc,sigmoid_logit,no_B6,nested_development_oof,8,4,0.8324182297391964,1.0
inflammation_anemia,cbc,sigmoid_logit,no_B6,nested_development_oof,9,2,0.9735640884856063,0.0
inflammation_anemia,cbc,sigmoid_logit,no_copper,nested_development_oof,0,534,0.014062551028349787,0.013108614232209739
inflammation_anemia,cbc,sigmoid_logit,no_copper,nested_development_oof,1,51,0.1404416260746042,0.13725490196078433
inflammation_anemia,cbc,sigmoid_logit,no_copper,nested_development_oof,2,27,0.24293544342042786,0.18518518518518517
inflammation_anemia,cbc,sigmoid_logit,no_copper,nested_development_oof,3,17,0.3410721916391126,0.5294117647058824
inflammation_anemia,cbc,sigmoid_logit,no_copper,nested_development_oof,4,16,0.44989575496435036,0.4375
inflammation_anemia,cbc,sigmoid_logit,no_copper,nested_development_oof,5,7,0.5399703900017121,0.7142857142857143
inflammation_anemia,cbc,sigmoid_logit,no_copper,nested_development_oof,6,9,0.651249792497918,0.5555555555555556
inflammation_anemia,cbc,sigmoid_logit,no_copper,nested_development_oof,7,5,0.7625623623462342,0.6
inflammation_anemia,cbc,sigmoid_logit,no_copper,nested_development_oof,8,4,0.8324182297391964,1.0
inflammation_anemia,cbc,sigmoid_logit,no_copper,nested_development_oof,9,2,0.9735640884856063,0.0
inflammation_anemia,cbc,sigmoid_logit,no_hemoglobin,nested_development_oof,0,489,0.030665051482670052,0.014314928425357873
inflammation_anemia,cbc,sigmoid_logit,no_hemoglobin,nested_development_oof,1,88,0.14306196773488394,0.09090909090909091
inflammation_anemia,cbc,sigmoid_logit,no_hemoglobin,nested_development_oof,2,36,0.2429817658921149,0.19444444444444445
inflammation_anemia,cbc,sigmoid_logit,no_hemoglobin,nested_development_oof,3,20,0.3462279559838492,0.35
inflammation_anemia,cbc,sigmoid_logit,no_hemoglobin,nested_development_oof,4,13,0.45251240302052753,0.5384615384615384
inflammation_anemia,cbc,sigmoid_logit,no_hemoglobin,nested_development_oof,5,8,0.5562551282075563,0.5
inflammation_anemia,cbc,sigmoid_logit,no_hemoglobin,nested_development_oof,6,8,0.653587827722942,0.75
inflammation_anemia,cbc,sigmoid_logit,no_hemoglobin,nested_development_oof,7,6,0.7615454495581786,0.6666666666666666
inflammation_anemia,cbc,sigmoid_logit,no_hemoglobin,nested_development_oof,8,2,0.8250063527890623,1.0
inflammation_anemia,cbc,sigmoid_logit,no_hemoglobin,nested_development_oof,9,2,0.971281303630043,0.0
inflammation_anemia,cbc,sigmoid_logit,no_demographics,nested_development_oof,0,511,0.02801652064930853,0.015655577299412915
inflammation_anemia,cbc,sigmoid_logit,no_demographics,nested_development_oof,1,76,0.13827425081393624,0.11842105263157894
inflammation_anemia,cbc,sigmoid_logit,no_demographics,nested_development_oof,2,28,0.2542960311937878,0.21428571428571427
inflammation_anemia,cbc,sigmoid_logit,no_demographics,nested_development_oof,3,20,0.35062456260600644,0.45
inflammation_anemia,cbc,sigmoid_logit,no_demographics,nested_development_oof,4,11,0.4547043232480966,0.2727272727272727
inflammation_anemia,cbc,sigmoid_logit,no_demographics,nested_development_oof,5,9,0.5313810010947551,0.6666666666666666
inflammation_anemia,cbc,sigmoid_logit,no_demographics,nested_development_oof,6,5,0.6413749181064979,0.6
inflammation_anemia,cbc,sigmoid_logit,no_demographics,nested_development_oof,7,7,0.749295054156269,0.7142857142857143
inflammation_anemia,cbc,sigmoid_logit,no_demographics,nested_development_oof,8,3,0.8336355290684136,1.0
inflammation_anemia,cbc,sigmoid_logit,no_demographics,nested_development_oof,9,2,0.973700877333045,0.0
anemia_class,primary,identity,available,reused_holdout,1,1,0.15401963439938235,1.0
anemia_class,primary,identity,available,reused_holdout,2,6,0.2736875048354217,0.8333333333333334
anemia_class,primary,identity,available,reused_holdout,3,13,0.3566525502097171,0.7692307692307693
anemia_class,primary,identity,available,reused_holdout,4,28,0.4458105337920912,0.75
anemia_class,primary,identity,available,reused_holdout,5,31,0.5563686512185878,0.967741935483871
anemia_class,primary,identity,available,reused_holdout,6,17,0.6486669902975515,0.8823529411764706
anemia_class,primary,identity,available,reused_holdout,7,30,0.7536384517819085,0.9333333333333333
anemia_class,primary,identity,available,reused_holdout,8,21,0.8497216929809287,0.9523809523809523
anemia_class,primary,identity,available,reused_holdout,9,21,0.9371145196975507,1.0
anemia_class,primary,selected,available,reused_holdout,2,2,0.25498382770312433,1.0
anemia_class,primary,selected,available,reused_holdout,3,2,0.3692240549039938,1.0
anemia_class,primary,selected,available,reused_holdout,4,6,0.46946776364409115,0.8333333333333334
anemia_class,primary,selected,available,reused_holdout,5,11,0.5619425202442506,0.7272727272727273
anemia_class,primary,selected,available,reused_holdout,6,16,0.6533368043451326,0.6875
anemia_class,primary,selected,available,reused_holdout,7,15,0.7623480219591278,0.8
anemia_class,primary,selected,available,reused_holdout,8,30,0.8575923873018014,0.9333333333333333
anemia_class,primary,selected,available,reused_holdout,9,86,0.9672092839177394,0.9651162790697675
anemia_class,primary,identity,drop30,reused_holdout,1,3,0.1897535724453184,0.3333333333333333
anemia_class,primary,identity,drop30,reused_holdout,2,24,0.25921110398755576,0.4583333333333333
anemia_class,primary,identity,drop30,reused_holdout,3,37,0.34874874212537194,0.5405405405405406
anemia_class,primary,identity,drop30,reused_holdout,4,35,0.4590862369994324,0.6285714285714286
anemia_class,primary,identity,drop30,reused_holdout,5,29,0.5414682720877185,0.7931034482758621
anemia_class,primary,identity,drop30,reused_holdout,6,18,0.6569070379106524,0.9444444444444444
anemia_class,primary,identity,drop30,reused_holdout,7,8,0.7550249644090787,0.75
anemia_class,primary,identity,drop30,reused_holdout,8,12,0.8483605952877836,1.0
anemia_class,primary,identity,drop30,reused_holdout,9,2,0.9324037438274375,1.0
anemia_class,primary,selected,drop30,reused_holdout,2,4,0.2872907125364276,0.75
anemia_class,primary,selected,drop30,reused_holdout,3,8,0.37559595515248034,0.25
anemia_class,primary,selected,drop30,reused_holdout,4,21,0.4489482753510905,0.47619047619047616
anemia_class,primary,selected,drop30,reused_holdout,5,19,0.5583589301677476,0.5789473684210527
anemia_class,primary,selected,drop30,reused_holdout,6,24,0.6566406583113372,0.5
anemia_class,primary,selected,drop30,reused_holdout,7,23,0.755627049091612,0.6086956521739131
anemia_class,primary,selected,drop30,reused_holdout,8,30,0.8498365615903813,0.8666666666666667
anemia_class,primary,selected,drop30,reused_holdout,9,39,0.9570398506183858,0.9230769230769231
anemia_class,primary,identity,drop60,reused_holdout,1,15,0.1815760524761237,0.06666666666666667
anemia_class,primary,identity,drop60,reused_holdout,2,66,0.24690796622171124,0.25757575757575757
anemia_class,primary,identity,drop60,reused_holdout,3,42,0.34588385275132644,0.5714285714285714
anemia_class,primary,identity,drop60,reused_holdout,4,28,0.4465432989922485,0.6785714285714286
anemia_class,primary,identity,drop60,reused_holdout,5,9,0.5373419512819871,0.7777777777777778
anemia_class,primary,identity,drop60,reused_holdout,6,3,0.6557737254743041,1.0
anemia_class,primary,identity,drop60,reused_holdout,7,3,0.7414322906418472,1.0
anemia_class,primary,identity,drop60,reused_holdout,8,2,0.8572188100794418,1.0
anemia_class,primary,selected,drop60,reused_holdout,2,12,0.26617070390642417,0.08333333333333333
anemia_class,primary,selected,drop60,reused_holdout,3,38,0.35550944224703623,0.18421052631578946
anemia_class,primary,selected,drop60,reused_holdout,4,29,0.43406761513635744,0.3448275862068966
anemia_class,primary,selected,drop60,reused_holdout,5,25,0.5528149622501216,0.4
anemia_class,primary,selected,drop60,reused_holdout,6,23,0.6335798505761202,0.6086956521739131
anemia_class,primary,selected,drop60,reused_holdout,7,19,0.750401756184572,0.7368421052631579
anemia_class,primary,selected,drop60,reused_holdout,8,15,0.8538427327329206,0.8666666666666667
anemia_class,primary,selected,drop60,reused_holdout,9,7,0.9689062671686719,1.0
anemia_class,primary,identity,cbc_only,reused_holdout,1,6,0.18168108331743862,0.5
anemia_class,primary,identity,cbc_only,reused_holdout,2,50,0.2566500647940711,0.18
anemia_class,primary,identity,cbc_only,reused_holdout,3,46,0.34616738999570684,0.43478260869565216
anemia_class,primary,identity,cbc_only,reused_holdout,4,37,0.4353798667114738,0.5135135135135135
anemia_class,primary,identity,cbc_only,reused_holdout,5,4,0.5463130339058221,0.75
anemia_class,primary,identity,cbc_only,reused_holdout,6,9,0.6521691436476191,0.5555555555555556
anemia_class,primary,identity,cbc_only,reused_holdout,7,5,0.734643698134979,0.4
anemia_class,primary,identity,cbc_only,reused_holdout,8,10,0.8521254425548008,0.8
anemia_class,primary,identity,cbc_only,reused_holdout,9,1,0.907875209021605,1.0
anemia_class,primary,selected,cbc_only,reused_holdout,2,6,0.25148591540202714,0.5
anemia_class,primary,selected,cbc_only,reused_holdout,3,21,0.35766398236242614,0.09523809523809523
anemia_class,primary,selected,cbc_only,reused_holdout,4,30,0.45305371387958543,0.3
anemia_class,primary,selected,cbc_only,reused_holdout,5,33,0.5468470629821928,0.3939393939393939
anemia_class,primary,selected,cbc_only,reused_holdout,6,21,0.6609957098938435,0.3333333333333333
anemia_class,primary,selected,cbc_only,reused_holdout,7,28,0.7410676485803025,0.5714285714285714
anemia_class,primary,selected,cbc_only,reused_holdout,8,6,0.8521519489438054,0.6666666666666666
anemia_class,primary,selected,cbc_only,reused_holdout,9,23,0.9638554487589961,0.6956521739130435
anemia_class,primary,identity,hb_only,reused_holdout,1,3,0.19551096534048665,0.0
anemia_class,primary,identity,hb_only,reused_holdout,2,131,0.26758129327606955,0.183206106870229
anemia_class,primary,identity,hb_only,reused_holdout,3,34,0.3424150432195525,0.38235294117647056
anemia_class,primary,selected,hb_only,reused_holdout,2,1,0.2955469994124123,0.0
anemia_class,primary,selected,hb_only,reused_holdout,3,9,0.3505389432338399,0.1111111111111111
anemia_class,primary,selected,hb_only,reused_holdout,4,116,0.46289426109497733,0.15517241379310345
anemia_class,primary,selected,hb_only,reused_holdout,5,14,0.5487016241914713,0.6428571428571429
anemia_class,primary,selected,hb_only,reused_holdout,6,28,0.6471798556027074,0.32142857142857145
anemia_class,primary,identity,no_iron,reused_holdout,1,2,0.1605697633188341,0.5
anemia_class,primary,identity,no_iron,reused_holdout,2,23,0.26691742088180875,0.5217391304347826
anemia_class,primary,identity,no_iron,reused_holdout,3,37,0.35057623005774563,0.7837837837837838
anemia_class,primary,identity,no_iron,reused_holdout,4,32,0.4481837210355786,0.78125
anemia_class,primary,identity,no_iron,reused_holdout,5,19,0.5541809958996862,0.8947368421052632
anemia_class,primary,identity,no_iron,reused_holdout,6,19,0.6546207014320504,0.7368421052631579
anemia_class,primary,identity,no_iron,reused_holdout,7,18,0.7557319549741123,1.0
anemia_class,primary,identity,no_iron,reused_holdout,8,15,0.8492914907570704,0.8
anemia_class,primary,identity,no_iron,reused_holdout,9,3,0.9336785213682548,1.0
anemia_class,primary,selected,no_iron,reused_holdout,2,2,0.22862702198855464,0.5
anemia_class,primary,selected,no_iron,reused_holdout,3,11,0.3656762894196778,0.18181818181818182
anemia_class,primary,selected,no_iron,reused_holdout,4,21,0.4604274244489924,0.8571428571428571
anemia_class,primary,selected,no_iron,reused_holdout,5,17,0.5484657429803297,0.6470588235294118
anemia_class,primary,selected,no_iron,reused_holdout,6,17,0.6484831668995411,0.8823529411764706
anemia_class,primary,selected,no_iron,reused_holdout,7,25,0.7443516820708102,0.76
anemia_class,primary,selected,no_iron,reused_holdout,8,22,0.8537456355687972,0.9090909090909091
anemia_class,primary,selected,no_iron,reused_holdout,9,53,0.9604210168870257,0.8490566037735849
anemia_class,primary,identity,no_B12,reused_holdout,1,1,0.1675566052716473,1.0
anemia_class,primary,identity,no_B12,reused_holdout,2,12,0.25155812486416856,0.5
anemia_class,primary,identity,no_B12,reused_holdout,3,15,0.3606076675845618,0.4666666666666667
anemia_class,primary,identity,no_B12,reused_holdout,4,36,0.4571977422548224,0.6944444444444444
anemia_class,primary,identity,no_B12,reused_holdout,5,29,0.5545067217252956,0.9310344827586207
anemia_class,primary,identity,no_B12,reused_holdout,6,21,0.6431263836541523,0.8571428571428571
anemia_class,primary,identity,no_B12,reused_holdout,7,16,0.7610497984411981,0.9375
anemia_class,primary,identity,no_B12,reused_holdout,8,18,0.8498994701340148,0.9444444444444444
anemia_class,primary,identity,no_B12,reused_holdout,9,20,0.9440458002524442,1.0
anemia_class,primary,selected,no_B12,reused_holdout,2,1,0.24668228721112123,1.0
anemia_class,primary,selected,no_B12,reused_holdout,3,6,0.34617584811094354,0.16666666666666666
anemia_class,primary,selected,no_B12,reused_holdout,4,7,0.44120418754853413,0.7142857142857143
anemia_class,primary,selected,no_B12,reused_holdout,5,17,0.5639574539721446,0.5294117647058824
anemia_class,primary,selected,no_B12,reused_holdout,6,16,0.64556305875353,0.625
anemia_class,primary,selected,no_B12,reused_holdout,7,22,0.7584119584508033,0.8181818181818182
anemia_class,primary,selected,no_B12,reused_holdout,8,30,0.8539994381678738,0.8666666666666667
anemia_class,primary,selected,no_B12,reused_holdout,9,69,0.9693869026516629,0.9565217391304348
anemia_class,primary,identity,no_folate,reused_holdout,1,1,0.15401963439938232,1.0
anemia_class,primary,identity,no_folate,reused_holdout,2,9,0.26194618790049884,0.4444444444444444
anemia_class,primary,identity,no_folate,reused_holdout,3,16,0.34880219620371533,0.625
anemia_class,primary,identity,no_folate,reused_holdout,4,24,0.4551383814992389,0.75
anemia_class,primary,identity,no_folate,reused_holdout,5,35,0.5542997551598798,0.8
anemia_class,primary,identity,no_folate,reused_holdout,6,15,0.6429702932688647,0.8666666666666667
anemia_class,primary,identity,no_folate,reused_holdout,7,23,0.7548328550702199,0.8695652173913043
anemia_class,primary,identity,no_folate,reused_holdout,8,26,0.849233999333397,0.8461538461538461
anemia_class,primary,identity,no_folate,reused_holdout,9,19,0.9410402813389458,1.0
anemia_class,primary,selected,no_folate,reused_holdout,2,1,0.21453817116142193,1.0
anemia_class,primary,selected,no_folate,reused_holdout,3,4,0.3344847360820545,0.5
anemia_class,primary,selected,no_folate,reused_holdout,4,7,0.4633486183037399,0.5714285714285714
anemia_class,primary,selected,no_folate,reused_holdout,5,15,0.5511090471623459,0.6666666666666666
anemia_class,primary,selected,no_folate,reused_holdout,6,12,0.6582529447843459,0.5833333333333334
anemia_class,primary,selected,no_folate,reused_holdout,7,18,0.7608618327471465,0.7777777777777778
anemia_class,primary,selected,no_folate,reused_holdout,8,29,0.8500018289930446,0.7586206896551724
anemia_class,primary,selected,no_folate,reused_holdout,9,82,0.9694709062421429,0.9146341463414634
anemia_class,primary,identity,no_B6,reused_holdout,1,1,0.15401963439938235,1.0
anemia_class,primary,identity,no_B6,reused_holdout,2,8,0.26894424789116944,0.625
anemia_class,primary,identity,no_B6,reused_holdout,3,13,0.34779188819154044,0.6923076923076923
anemia_class,primary,identity,no_B6,reused_holdout,4,29,0.44363444411449265,0.6896551724137931
anemia_class,primary,identity,no_B6,reused_holdout,5,27,0.5600733404366098,0.9629629629629629
anemia_class,primary,identity,no_B6,reused_holdout,6,18,0.650575103643274,0.8333333333333334
anemia_class,primary,identity,no_B6,reused_holdout,7,29,0.7533450612587259,0.9310344827586207
anemia_class,primary,identity,no_B6,reused_holdout,8,21,0.8464123902858108,0.9523809523809523
anemia_class,primary,identity,no_B6,reused_holdout,9,22,0.9383049306927219,1.0
anemia_class,primary,selected,no_B6,reused_holdout,2,2,0.25498382770312433,1.0
anemia_class,primary,selected,no_B6,reused_holdout,3,3,0.37813164853983716,0.6666666666666666
anemia_class,primary,selected,no_B6,reused_holdout,4,7,0.46209561690089845,0.7142857142857143
anemia_class,primary,selected,no_B6,reused_holdout,5,12,0.5619761007408427,0.6666666666666666
anemia_class,primary,selected,no_B6,reused_holdout,6,14,0.6525285235689665,0.6428571428571429
anemia_class,primary,selected,no_B6,reused_holdout,7,15,0.7568783717233752,0.7333333333333333
anemia_class,primary,selected,no_B6,reused_holdout,8,29,0.8582837939807512,0.8620689655172413
anemia_class,primary,selected,no_B6,reused_holdout,9,86,0.9677563510788297,0.9651162790697675
anemia_class,primary,identity,no_copper,reused_holdout,1,2,0.17042038854188774,0.5
anemia_class,primary,identity,no_copper,reused_holdout,2,8,0.26883813067133205,0.375
anemia_class,primary,identity,no_copper,reused_holdout,3,14,0.351289672591898,0.7142857142857143
anemia_class,primary,identity,no_copper,reused_holdout,4,27,0.44838444062768945,0.7407407407407407
anemia_class,primary,identity,no_copper,reused_holdout,5,30,0.5566330393205392,0.9666666666666667
anemia_class,primary,identity,no_copper,reused_holdout,6,17,0.6520162298196039,0.8823529411764706
anemia_class,primary,identity,no_copper,reused_holdout,7,29,0.7566925446955346,0.9310344827586207
anemia_class,primary,identity,no_copper,reused_holdout,8,20,0.8537208259526675,0.95
anemia_class,primary,identity,no_copper,reused_holdout,9,21,0.9395916594423375,1.0
anemia_class,primary,selected,no_copper,reused_holdout,2,2,0.23224445150042108,0.5
anemia_class,primary,selected,no_copper,reused_holdout,3,3,0.3525085648805562,0.6666666666666666
anemia_class,primary,selected,no_copper,reused_holdout,4,9,0.46064340837045026,0.5555555555555556
anemia_class,primary,selected,no_copper,reused_holdout,5,12,0.5677204433548516,0.6666666666666666
anemia_class,primary,selected,no_copper,reused_holdout,6,14,0.6500439564398921,0.6428571428571429
anemia_class,primary,selected,no_copper,reused_holdout,7,15,0.7642418578286366,0.8
anemia_class,primary,selected,no_copper,reused_holdout,8,29,0.8568575406983083,0.9310344827586207
anemia_class,primary,selected,no_copper,reused_holdout,9,84,0.9674420348116409,0.9642857142857143
anemia_class,primary,identity,no_hemoglobin,reused_holdout,1,7,0.18962304917658823,0.5714285714285714
anemia_class,primary,identity,no_hemoglobin,reused_holdout,2,25,0.25049243714255537,0.72
anemia_class,primary,identity,no_hemoglobin,reused_holdout,3,27,0.3505768463771151,0.6296296296296297
anemia_class,primary,identity,no_hemoglobin,reused_holdout,4,26,0.4549561989880132,0.7692307692307693
anemia_class,primary,identity,no_hemoglobin,reused_holdout,5,22,0.541696580977395,0.8636363636363636
anemia_class,primary,identity,no_hemoglobin,reused_holdout,6,14,0.6371585416505275,0.9285714285714286
anemia_class,primary,identity,no_hemoglobin,reused_holdout,7,23,0.7475595908178646,0.9130434782608695
anemia_class,primary,identity,no_hemoglobin,reused_holdout,8,18,0.846134233665671,1.0
anemia_class,primary,identity,no_hemoglobin,reused_holdout,9,6,0.9395557613348666,1.0
anemia_class,primary,selected,no_hemoglobin,reused_holdout,2,5,0.2802639254063955,0.6
anemia_class,primary,selected,no_hemoglobin,reused_holdout,3,13,0.33789755621703205,0.6153846153846154
anemia_class,primary,selected,no_hemoglobin,reused_holdout,4,17,0.4600087476608369,0.7058823529411765
anemia_class,primary,selected,no_hemoglobin,reused_holdout,5,25,0.5568496545476794,0.68
anemia_class,primary,selected,no_hemoglobin,reused_holdout,6,19,0.6482972892839053,0.8421052631578947
anemia_class,primary,selected,no_hemoglobin,reused_holdout,7,11,0.7494778706620416,0.7272727272727273
anemia_class,primary,selected,no_hemoglobin,reused_holdout,8,26,0.8559980866402314,0.8461538461538461
anemia_class,primary,selected,no_hemoglobin,reused_holdout,9,52,0.966133621784285,0.9615384615384616
anemia_class,primary,identity,no_demographics,reused_holdout,1,1,0.15401963439938232,1.0
anemia_class,primary,identity,no_demographics,reused_holdout,2,5,0.2745898594163446,0.8
anemia_class,primary,identity,no_demographics,reused_holdout,3,14,0.3559910973974267,0.7142857142857143
anemia_class,primary,identity,no_demographics,reused_holdout,4,24,0.4382162409387302,0.7916666666666666
anemia_class,primary,identity,no_demographics,reused_holdout,5,34,0.5510471099416006,0.9117647058823529
anemia_class,primary,identity,no_demographics,reused_holdout,6,18,0.6516619489464806,0.8888888888888888
anemia_class,primary,identity,no_demographics,reused_holdout,7,28,0.7529201244295564,0.9642857142857143
anemia_class,primary,identity,no_demographics,reused_holdout,8,21,0.8455515149532966,0.9047619047619048
anemia_class,primary,identity,no_demographics,reused_holdout,9,23,0.9406053406779082,1.0
anemia_class,primary,selected,no_demographics,reused_holdout,2,2,0.2549838277031243,1.0
anemia_class,primary,selected,no_demographics,reused_holdout,3,1,0.3715928126492891,1.0
anemia_class,primary,selected,no_demographics,reused_holdout,4,7,0.4744041197681831,0.7142857142857143
anemia_class,primary,selected,no_demographics,reused_holdout,5,12,0.5690578199777933,0.75
anemia_class,primary,selected,no_demographics,reused_holdout,6,14,0.656744994222025,0.7142857142857143
anemia_class,primary,selected,no_demographics,reused_holdout,7,15,0.7521996709671629,0.8
anemia_class,primary,selected,no_demographics,reused_holdout,8,30,0.8582424764906152,0.9
anemia_class,primary,selected,no_demographics,reused_holdout,9,87,0.9676287018756878,0.9655172413793104
anemia_class,cbc,identity,available,reused_holdout,1,1,0.1886507427504134,0.0
anemia_class,cbc,identity,available,reused_holdout,2,10,0.2676320145003251,0.3
anemia_class,cbc,identity,available,reused_holdout,3,27,0.3643071603942904,0.37037037037037035
anemia_class,cbc,identity,available,reused_holdout,4,39,0.46174541168086125,0.41025641025641024
anemia_class,cbc,identity,available,reused_holdout,5,32,0.5469681481925734,0.625
anemia_class,cbc,identity,available,reused_holdout,6,23,0.6514661450672314,0.7391304347826086
anemia_class,cbc,identity,available,reused_holdout,7,15,0.7405015705587186,0.8
anemia_class,cbc,identity,available,reused_holdout,8,19,0.8314122481137582,0.7894736842105263
anemia_class,cbc,identity,available,reused_holdout,9,2,0.9158419497712195,1.0
anemia_class,cbc,selected,available,reused_holdout,1,1,0.1886507427504134,0.0
anemia_class,cbc,selected,available,reused_holdout,2,10,0.2676320145003251,0.3
anemia_class,cbc,selected,available,reused_holdout,3,27,0.3643071603942904,0.37037037037037035
anemia_class,cbc,selected,available,reused_holdout,4,39,0.46174541168086125,0.41025641025641024
anemia_class,cbc,selected,available,reused_holdout,5,32,0.5469681481925734,0.625
anemia_class,cbc,selected,available,reused_holdout,6,23,0.6514661450672314,0.7391304347826086
anemia_class,cbc,selected,available,reused_holdout,7,15,0.7405015705587186,0.8
anemia_class,cbc,selected,available,reused_holdout,8,19,0.8314122481137582,0.7894736842105263
anemia_class,cbc,selected,available,reused_holdout,9,2,0.9158419497712195,1.0
anemia_class,cbc,identity,drop30,reused_holdout,1,6,0.17008358684657798,0.5
anemia_class,cbc,identity,drop30,reused_holdout,2,41,0.25418966820434846,0.1951219512195122
anemia_class,cbc,identity,drop30,reused_holdout,3,41,0.344354117798314,0.24390243902439024
anemia_class,cbc,identity,drop30,reused_holdout,4,24,0.4555479259772524,0.4583333333333333
anemia_class,cbc,identity,drop30,reused_holdout,5,35,0.5470320686543377,0.6285714285714286
anemia_class,cbc,identity,drop30,reused_holdout,6,8,0.6405926745904751,0.5
anemia_class,cbc,identity,drop30,reused_holdout,7,5,0.7542222754768089,0.6
anemia_class,cbc,identity,drop30,reused_holdout,8,8,0.8564753469916574,1.0
anemia_class,cbc,selected,drop30,reused_holdout,1,6,0.17008358684657798,0.5
anemia_class,cbc,selected,drop30,reused_holdout,2,41,0.25418966820434846,0.1951219512195122
anemia_class,cbc,selected,drop30,reused_holdout,3,41,0.344354117798314,0.24390243902439024
anemia_class,cbc,selected,drop30,reused_holdout,4,24,0.4555479259772524,0.4583333333333333
anemia_class,cbc,selected,drop30,reused_holdout,5,35,0.5470320686543377,0.6285714285714286
anemia_class,cbc,selected,drop30,reused_holdout,6,8,0.6405926745904751,0.5
anemia_class,cbc,selected,drop30,reused_holdout,7,5,0.7542222754768089,0.6
anemia_class,cbc,selected,drop30,reused_holdout,8,8,0.8564753469916574,1.0
anemia_class,cbc,identity,drop60,reused_holdout,1,8,0.18053754748644504,0.0
anemia_class,cbc,identity,drop60,reused_holdout,2,86,0.25438175556942183,0.12790697674418605
anemia_class,cbc,identity,drop60,reused_holdout,3,39,0.33990226857476774,0.15384615384615385
anemia_class,cbc,identity,drop60,reused_holdout,4,13,0.4440055756615828,0.3076923076923077
anemia_class,cbc,identity,drop60,reused_holdout,5,7,0.5337782916324774,0.0
anemia_class,cbc,identity,drop60,reused_holdout,6,3,0.6505766116604392,0.6666666666666666
anemia_class,cbc,identity,drop60,reused_holdout,7,10,0.7684012533162405,0.2
anemia_class,cbc,identity,drop60,reused_holdout,8,2,0.8591588288971862,1.0
anemia_class,cbc,selected,drop60,reused_holdout,1,8,0.18053754748644504,0.0
anemia_class,cbc,selected,drop60,reused_holdout,2,86,0.25438175556942183,0.12790697674418605
anemia_class,cbc,selected,drop60,reused_holdout,3,39,0.33990226857476774,0.15384615384615385
anemia_class,cbc,selected,drop60,reused_holdout,4,13,0.4440055756615828,0.3076923076923077
anemia_class,cbc,selected,drop60,reused_holdout,5,7,0.5337782916324774,0.0
anemia_class,cbc,selected,drop60,reused_holdout,6,3,0.6505766116604392,0.6666666666666666
anemia_class,cbc,selected,drop60,reused_holdout,7,10,0.7684012533162405,0.2
anemia_class,cbc,selected,drop60,reused_holdout,8,2,0.8591588288971862,1.0
anemia_class,cbc,identity,cbc_only,reused_holdout,1,1,0.1886507427504134,0.0
anemia_class,cbc,identity,cbc_only,reused_holdout,2,10,0.2676320145003251,0.3
anemia_class,cbc,identity,cbc_only,reused_holdout,3,27,0.3643071603942904,0.37037037037037035
anemia_class,cbc,identity,cbc_only,reused_holdout,4,39,0.46174541168086125,0.41025641025641024
anemia_class,cbc,identity,cbc_only,reused_holdout,5,32,0.5469681481925734,0.625
anemia_class,cbc,identity,cbc_only,reused_holdout,6,23,0.6514661450672314,0.7391304347826086
anemia_class,cbc,identity,cbc_only,reused_holdout,7,15,0.7405015705587186,0.8
anemia_class,cbc,identity,cbc_only,reused_holdout,8,19,0.8314122481137582,0.7894736842105263
anemia_class,cbc,identity,cbc_only,reused_holdout,9,2,0.9158419497712195,1.0
anemia_class,cbc,selected,cbc_only,reused_holdout,1,1,0.1886507427504134,0.0
anemia_class,cbc,selected,cbc_only,reused_holdout,2,10,0.2676320145003251,0.3
anemia_class,cbc,selected,cbc_only,reused_holdout,3,27,0.3643071603942904,0.37037037037037035
anemia_class,cbc,selected,cbc_only,reused_holdout,4,39,0.46174541168086125,0.41025641025641024
anemia_class,cbc,selected,cbc_only,reused_holdout,5,32,0.5469681481925734,0.625
anemia_class,cbc,selected,cbc_only,reused_holdout,6,23,0.6514661450672314,0.7391304347826086
anemia_class,cbc,selected,cbc_only,reused_holdout,7,15,0.7405015705587186,0.8
anemia_class,cbc,selected,cbc_only,reused_holdout,8,19,0.8314122481137582,0.7894736842105263
anemia_class,cbc,selected,cbc_only,reused_holdout,9,2,0.9158419497712195,1.0
anemia_class,cbc,identity,hb_only,reused_holdout,1,31,0.1885399588735829,0.03225806451612903
anemia_class,cbc,identity,hb_only,reused_holdout,2,96,0.23751587103375416,0.125
anemia_class,cbc,identity,hb_only,reused_holdout,3,41,0.3139812779086555,0.1951219512195122
anemia_class,cbc,selected,hb_only,reused_holdout,1,31,0.1885399588735829,0.03225806451612903
anemia_class,cbc,selected,hb_only,reused_holdout,2,96,0.23751587103375416,0.125
anemia_class,cbc,selected,hb_only,reused_holdout,3,41,0.3139812779086555,0.1951219512195122
anemia_class,cbc,identity,no_iron,reused_holdout,1,1,0.1886507427504134,0.0
anemia_class,cbc,identity,no_iron,reused_holdout,2,10,0.2676320145003251,0.3
anemia_class,cbc,identity,no_iron,reused_holdout,3,27,0.3643071603942904,0.37037037037037035
anemia_class,cbc,identity,no_iron,reused_holdout,4,39,0.46174541168086125,0.41025641025641024
anemia_class,cbc,identity,no_iron,reused_holdout,5,32,0.5469681481925734,0.625
anemia_class,cbc,identity,no_iron,reused_holdout,6,23,0.6514661450672314,0.7391304347826086
anemia_class,cbc,identity,no_iron,reused_holdout,7,15,0.7405015705587186,0.8
anemia_class,cbc,identity,no_iron,reused_holdout,8,19,0.8314122481137582,0.7894736842105263
anemia_class,cbc,identity,no_iron,reused_holdout,9,2,0.9158419497712195,1.0
anemia_class,cbc,selected,no_iron,reused_holdout,1,1,0.1886507427504134,0.0
anemia_class,cbc,selected,no_iron,reused_holdout,2,10,0.2676320145003251,0.3
anemia_class,cbc,selected,no_iron,reused_holdout,3,27,0.3643071603942904,0.37037037037037035
anemia_class,cbc,selected,no_iron,reused_holdout,4,39,0.46174541168086125,0.41025641025641024
anemia_class,cbc,selected,no_iron,reused_holdout,5,32,0.5469681481925734,0.625
anemia_class,cbc,selected,no_iron,reused_holdout,6,23,0.6514661450672314,0.7391304347826086
anemia_class,cbc,selected,no_iron,reused_holdout,7,15,0.7405015705587186,0.8
anemia_class,cbc,selected,no_iron,reused_holdout,8,19,0.8314122481137582,0.7894736842105263
anemia_class,cbc,selected,no_iron,reused_holdout,9,2,0.9158419497712195,1.0
anemia_class,cbc,identity,no_B12,reused_holdout,1,1,0.1886507427504134,0.0
anemia_class,cbc,identity,no_B12,reused_holdout,2,10,0.2676320145003251,0.3
anemia_class,cbc,identity,no_B12,reused_holdout,3,27,0.3643071603942904,0.37037037037037035
anemia_class,cbc,identity,no_B12,reused_holdout,4,39,0.46174541168086125,0.41025641025641024
anemia_class,cbc,identity,no_B12,reused_holdout,5,32,0.5469681481925734,0.625
anemia_class,cbc,identity,no_B12,reused_holdout,6,23,0.6514661450672314,0.7391304347826086
anemia_class,cbc,identity,no_B12,reused_holdout,7,15,0.7405015705587186,0.8
anemia_class,cbc,identity,no_B12,reused_holdout,8,19,0.8314122481137582,0.7894736842105263
anemia_class,cbc,identity,no_B12,reused_holdout,9,2,0.9158419497712195,1.0
anemia_class,cbc,selected,no_B12,reused_holdout,1,1,0.1886507427504134,0.0
anemia_class,cbc,selected,no_B12,reused_holdout,2,10,0.2676320145003251,0.3
anemia_class,cbc,selected,no_B12,reused_holdout,3,27,0.3643071603942904,0.37037037037037035
anemia_class,cbc,selected,no_B12,reused_holdout,4,39,0.46174541168086125,0.41025641025641024
anemia_class,cbc,selected,no_B12,reused_holdout,5,32,0.5469681481925734,0.625
anemia_class,cbc,selected,no_B12,reused_holdout,6,23,0.6514661450672314,0.7391304347826086
anemia_class,cbc,selected,no_B12,reused_holdout,7,15,0.7405015705587186,0.8
anemia_class,cbc,selected,no_B12,reused_holdout,8,19,0.8314122481137582,0.7894736842105263
anemia_class,cbc,selected,no_B12,reused_holdout,9,2,0.9158419497712195,1.0
anemia_class,cbc,identity,no_folate,reused_holdout,1,1,0.1886507427504134,0.0
anemia_class,cbc,identity,no_folate,reused_holdout,2,10,0.2676320145003251,0.3
anemia_class,cbc,identity,no_folate,reused_holdout,3,27,0.3643071603942904,0.37037037037037035
anemia_class,cbc,identity,no_folate,reused_holdout,4,39,0.46174541168086125,0.41025641025641024
anemia_class,cbc,identity,no_folate,reused_holdout,5,32,0.5469681481925734,0.625
anemia_class,cbc,identity,no_folate,reused_holdout,6,23,0.6514661450672314,0.7391304347826086
anemia_class,cbc,identity,no_folate,reused_holdout,7,15,0.7405015705587186,0.8
anemia_class,cbc,identity,no_folate,reused_holdout,8,19,0.8314122481137582,0.7894736842105263
anemia_class,cbc,identity,no_folate,reused_holdout,9,2,0.9158419497712195,1.0
anemia_class,cbc,selected,no_folate,reused_holdout,1,1,0.1886507427504134,0.0
anemia_class,cbc,selected,no_folate,reused_holdout,2,10,0.2676320145003251,0.3
anemia_class,cbc,selected,no_folate,reused_holdout,3,27,0.3643071603942904,0.37037037037037035
anemia_class,cbc,selected,no_folate,reused_holdout,4,39,0.46174541168086125,0.41025641025641024
anemia_class,cbc,selected,no_folate,reused_holdout,5,32,0.5469681481925734,0.625
anemia_class,cbc,selected,no_folate,reused_holdout,6,23,0.6514661450672314,0.7391304347826086
anemia_class,cbc,selected,no_folate,reused_holdout,7,15,0.7405015705587186,0.8
anemia_class,cbc,selected,no_folate,reused_holdout,8,19,0.8314122481137582,0.7894736842105263
anemia_class,cbc,selected,no_folate,reused_holdout,9,2,0.9158419497712195,1.0
anemia_class,cbc,identity,no_B6,reused_holdout,1,1,0.1886507427504134,0.0
anemia_class,cbc,identity,no_B6,reused_holdout,2,10,0.2676320145003251,0.3
anemia_class,cbc,identity,no_B6,reused_holdout,3,27,0.3643071603942904,0.37037037037037035
anemia_class,cbc,identity,no_B6,reused_holdout,4,39,0.46174541168086125,0.41025641025641024
anemia_class,cbc,identity,no_B6,reused_holdout,5,32,0.5469681481925734,0.625
anemia_class,cbc,identity,no_B6,reused_holdout,6,23,0.6514661450672314,0.7391304347826086
anemia_class,cbc,identity,no_B6,reused_holdout,7,15,0.7405015705587186,0.8
anemia_class,cbc,identity,no_B6,reused_holdout,8,19,0.8314122481137582,0.7894736842105263
anemia_class,cbc,identity,no_B6,reused_holdout,9,2,0.9158419497712195,1.0
anemia_class,cbc,selected,no_B6,reused_holdout,1,1,0.1886507427504134,0.0
anemia_class,cbc,selected,no_B6,reused_holdout,2,10,0.2676320145003251,0.3
anemia_class,cbc,selected,no_B6,reused_holdout,3,27,0.3643071603942904,0.37037037037037035
anemia_class,cbc,selected,no_B6,reused_holdout,4,39,0.46174541168086125,0.41025641025641024
anemia_class,cbc,selected,no_B6,reused_holdout,5,32,0.5469681481925734,0.625
anemia_class,cbc,selected,no_B6,reused_holdout,6,23,0.6514661450672314,0.7391304347826086
anemia_class,cbc,selected,no_B6,reused_holdout,7,15,0.7405015705587186,0.8
anemia_class,cbc,selected,no_B6,reused_holdout,8,19,0.8314122481137582,0.7894736842105263
anemia_class,cbc,selected,no_B6,reused_holdout,9,2,0.9158419497712195,1.0
anemia_class,cbc,identity,no_copper,reused_holdout,1,1,0.1886507427504134,0.0
anemia_class,cbc,identity,no_copper,reused_holdout,2,10,0.2676320145003251,0.3
anemia_class,cbc,identity,no_copper,reused_holdout,3,27,0.3643071603942904,0.37037037037037035
anemia_class,cbc,identity,no_copper,reused_holdout,4,39,0.46174541168086125,0.41025641025641024
anemia_class,cbc,identity,no_copper,reused_holdout,5,32,0.5469681481925734,0.625
anemia_class,cbc,identity,no_copper,reused_holdout,6,23,0.6514661450672314,0.7391304347826086
anemia_class,cbc,identity,no_copper,reused_holdout,7,15,0.7405015705587186,0.8
anemia_class,cbc,identity,no_copper,reused_holdout,8,19,0.8314122481137582,0.7894736842105263
anemia_class,cbc,identity,no_copper,reused_holdout,9,2,0.9158419497712195,1.0
anemia_class,cbc,selected,no_copper,reused_holdout,1,1,0.1886507427504134,0.0
anemia_class,cbc,selected,no_copper,reused_holdout,2,10,0.2676320145003251,0.3
anemia_class,cbc,selected,no_copper,reused_holdout,3,27,0.3643071603942904,0.37037037037037035
anemia_class,cbc,selected,no_copper,reused_holdout,4,39,0.46174541168086125,0.41025641025641024
anemia_class,cbc,selected,no_copper,reused_holdout,5,32,0.5469681481925734,0.625
anemia_class,cbc,selected,no_copper,reused_holdout,6,23,0.6514661450672314,0.7391304347826086
anemia_class,cbc,selected,no_copper,reused_holdout,7,15,0.7405015705587186,0.8
anemia_class,cbc,selected,no_copper,reused_holdout,8,19,0.8314122481137582,0.7894736842105263
anemia_class,cbc,selected,no_copper,reused_holdout,9,2,0.9158419497712195,1.0
anemia_class,cbc,identity,no_hemoglobin,reused_holdout,1,7,0.1865621245933613,0.14285714285714285
anemia_class,cbc,identity,no_hemoglobin,reused_holdout,2,31,0.25847833684938715,0.0
anemia_class,cbc,identity,no_hemoglobin,reused_holdout,3,39,0.34840203487394145,0.3076923076923077
anemia_class,cbc,identity,no_hemoglobin,reused_holdout,4,25,0.45313984858442574,0.32
anemia_class,cbc,identity,no_hemoglobin,reused_holdout,5,30,0.5381667722715557,0.43333333333333335
anemia_class,cbc,identity,no_hemoglobin,reused_holdout,6,17,0.651473412123856,0.7058823529411765
anemia_class,cbc,identity,no_hemoglobin,reused_holdout,7,6,0.74958031511173,0.8333333333333334
anemia_class,cbc,identity,no_hemoglobin,reused_holdout,8,11,0.8421012968067978,0.7272727272727273
anemia_class,cbc,identity,no_hemoglobin,reused_holdout,9,2,0.9181939333453106,1.0
anemia_class,cbc,selected,no_hemoglobin,reused_holdout,1,7,0.1865621245933613,0.14285714285714285
anemia_class,cbc,selected,no_hemoglobin,reused_holdout,2,31,0.25847833684938715,0.0
anemia_class,cbc,selected,no_hemoglobin,reused_holdout,3,39,0.34840203487394145,0.3076923076923077
anemia_class,cbc,selected,no_hemoglobin,reused_holdout,4,25,0.45313984858442574,0.32
anemia_class,cbc,selected,no_hemoglobin,reused_holdout,5,30,0.5381667722715557,0.43333333333333335
anemia_class,cbc,selected,no_hemoglobin,reused_holdout,6,17,0.651473412123856,0.7058823529411765
anemia_class,cbc,selected,no_hemoglobin,reused_holdout,7,6,0.74958031511173,0.8333333333333334
anemia_class,cbc,selected,no_hemoglobin,reused_holdout,8,11,0.8421012968067978,0.7272727272727273
anemia_class,cbc,selected,no_hemoglobin,reused_holdout,9,2,0.9181939333453106,1.0
anemia_class,cbc,identity,no_demographics,reused_holdout,2,11,0.2722251554974655,0.2727272727272727
anemia_class,cbc,identity,no_demographics,reused_holdout,3,33,0.3538390647102173,0.48484848484848486
anemia_class,cbc,identity,no_demographics,reused_holdout,4,39,0.45314561107324675,0.5128205128205128
anemia_class,cbc,identity,no_demographics,reused_holdout,5,20,0.5511163558770622,0.45
anemia_class,cbc,identity,no_demographics,reused_holdout,6,20,0.645110586858638,0.75
anemia_class,cbc,identity,no_demographics,reused_holdout,7,20,0.7409205128342682,0.75
anemia_class,cbc,identity,no_demographics,reused_holdout,8,23,0.858199973969393,0.8260869565217391
anemia_class,cbc,identity,no_demographics,reused_holdout,9,2,0.9338470867421051,1.0
anemia_class,cbc,selected,no_demographics,reused_holdout,2,11,0.2722251554974655,0.2727272727272727
anemia_class,cbc,selected,no_demographics,reused_holdout,3,33,0.3538390647102173,0.48484848484848486
anemia_class,cbc,selected,no_demographics,reused_holdout,4,39,0.45314561107324675,0.5128205128205128
anemia_class,cbc,selected,no_demographics,reused_holdout,5,20,0.5511163558770622,0.45
anemia_class,cbc,selected,no_demographics,reused_holdout,6,20,0.645110586858638,0.75
anemia_class,cbc,selected,no_demographics,reused_holdout,7,20,0.7409205128342682,0.75
anemia_class,cbc,selected,no_demographics,reused_holdout,8,23,0.858199973969393,0.8260869565217391
anemia_class,cbc,selected,no_demographics,reused_holdout,9,2,0.9338470867421051,1.0
iron_deficiency,primary,identity,available,reused_holdout,0,101,0.010737228996784896,0.0
iron_deficiency,primary,identity,available,reused_holdout,1,6,0.12776198539625447,0.16666666666666666
iron_deficiency,primary,identity,available,reused_holdout,2,3,0.22483744178741094,0.0
iron_deficiency,primary,identity,available,reused_holdout,5,1,0.5721149939070272,0.0
iron_deficiency,primary,identity,available,reused_holdout,8,3,0.8686325347173468,0.6666666666666666
iron_deficiency,primary,identity,available,reused_holdout,9,54,0.9893927933109163,1.0
iron_deficiency,primary,selected,available,reused_holdout,0,107,0.006277663585524571,0.009345794392523364
iron_deficiency,primary,selected,available,reused_holdout,1,3,0.16084164571358914,0.0
iron_deficiency,primary,selected,available,reused_holdout,6,1,0.640996842116808,0.0
iron_deficiency,primary,selected,available,reused_holdout,9,57,0.9950256248084339,0.9824561403508771
iron_deficiency,primary,identity,drop30,reused_holdout,0,98,0.019830732245373673,0.01020408163265306
iron_deficiency,primary,identity,drop30,reused_holdout,1,9,0.139455166131289,0.1111111111111111
iron_deficiency,primary,identity,drop30,reused_holdout,2,2,0.24968824828038955,0.0
iron_deficiency,primary,identity,drop30,reused_holdout,3,1,0.37796518799140333,1.0
iron_deficiency,primary,identity,drop30,reused_holdout,4,4,0.4406914248896683,0.0
iron_deficiency,primary,identity,drop30,reused_holdout,7,3,0.755150087429835,1.0
iron_deficiency,primary,identity,drop30,reused_holdout,8,3,0.8570300246949764,1.0
iron_deficiency,primary,identity,drop30,reused_holdout,9,48,0.9838595990585892,1.0
iron_deficiency,primary,selected,drop30,reused_holdout,0,105,0.009558663816148935,0.01904761904761905
iron_deficiency,primary,selected,drop30,reused_holdout,1,3,0.1379274675114782,0.0
iron_deficiency,primary,selected,drop30,reused_holdout,2,1,0.22230756716647324,0.0
iron_deficiency,primary,selected,drop30,reused_holdout,3,2,0.3800974534460745,0.5
iron_deficiency,primary,selected,drop30,reused_holdout,4,2,0.4468516416486322,0.0
iron_deficiency,primary,selected,drop30,reused_holdout,5,1,0.5142706651873233,0.0
iron_deficiency,primary,selected,drop30,reused_holdout,8,3,0.8564275533671261,1.0
iron_deficiency,primary,selected,drop30,reused_holdout,9,51,0.9930644944853227,1.0
iron_deficiency,primary,identity,drop60,reused_holdout,0,76,0.02652763799064178,0.013157894736842105
iron_deficiency,primary,identity,drop60,reused_holdout,1,20,0.1398748373104734,0.05
iron_deficiency,primary,identity,drop60,reused_holdout,2,13,0.24363388761406274,0.3076923076923077
iron_deficiency,primary,identity,drop60,reused_holdout,3,5,0.3446833733484099,0.2
iron_deficiency,primary,identity,drop60,reused_holdout,4,6,0.45075269815062385,0.5
iron_deficiency,primary,identity,drop60,reused_holdout,5,3,0.541331926229866,0.6666666666666666
iron_deficiency,primary,identity,drop60,reused_holdout,6,5,0.6388649888313157,1.0
iron_deficiency,primary,identity,drop60,reused_holdout,7,6,0.7586262341430859,1.0
iron_deficiency,primary,identity,drop60,reused_holdout,8,9,0.8400581415035093,1.0
iron_deficiency,primary,identity,drop60,reused_holdout,9,25,0.9725997926503943,1.0
iron_deficiency,primary,selected,drop60,reused_holdout,0,93,0.018881856077355104,0.021505376344086023
iron_deficiency,primary,selected,drop60,reused_holdout,1,12,0.15557760220464398,0.16666666666666666
iron_deficiency,primary,selected,drop60,reused_holdout,2,6,0.2337651072981857,0.3333333333333333
iron_deficiency,primary,selected,drop60,reused_holdout,3,3,0.3444007269202958,0.3333333333333333
iron_deficiency,primary,selected,drop60,reused_holdout,4,6,0.46663767148419044,0.5
iron_deficiency,primary,selected,drop60,reused_holdout,5,2,0.5670971701284203,1.0
iron_deficiency,primary,selected,drop60,reused_holdout,6,3,0.6776110178486228,0.6666666666666666
iron_deficiency,primary,selected,drop60,reused_holdout,7,3,0.7548887998451814,1.0
iron_deficiency,primary,selected,drop60,reused_holdout,8,6,0.8607995248807693,1.0
iron_deficiency,primary,selected,drop60,reused_holdout,9,34,0.9768539857889986,1.0
iron_deficiency,primary,identity,cbc_only,reused_holdout,0,59,0.03722749853253336,0.03389830508474576
iron_deficiency,primary,identity,cbc_only,reused_holdout,1,31,0.15016118907935763,0.12903225806451613
iron_deficiency,primary,identity,cbc_only,reused_holdout,2,11,0.25365188938568345,0.09090909090909091
iron_deficiency,primary,identity,cbc_only,reused_holdout,3,7,0.3609332647047635,0.5714285714285714
iron_deficiency,primary,identity,cbc_only,reused_holdout,4,7,0.4381119333395623,0.5714285714285714
iron_deficiency,primary,identity,cbc_only,reused_holdout,5,3,0.5452280396686798,0.6666666666666666
iron_deficiency,primary,identity,cbc_only,reused_holdout,6,7,0.6537812561409434,0.5714285714285714
iron_deficiency,primary,identity,cbc_only,reused_holdout,7,6,0.7425257762317795,0.5
iron_deficiency,primary,identity,cbc_only,reused_holdout,8,17,0.8535424605952128,0.8823529411764706
iron_deficiency,primary,identity,cbc_only,reused_holdout,9,20,0.9513715512192455,0.9
iron_deficiency,primary,selected,cbc_only,reused_holdout,0,81,0.02937705739369558,0.06172839506172839
iron_deficiency,primary,selected,cbc_only,reused_holdout,1,15,0.13342498477524875,0.06666666666666667
iron_deficiency,primary,selected,cbc_only,reused_holdout,2,6,0.24234232444049328,0.16666666666666666
iron_deficiency,primary,selected,cbc_only,reused_holdout,3,6,0.3450095886579152,0.6666666666666666
iron_deficiency,primary,selected,cbc_only,reused_holdout,4,7,0.44810179955218093,0.5714285714285714
iron_deficiency,primary,selected,cbc_only,reused_holdout,5,1,0.5413599472023979,0.0
iron_deficiency,primary,selected,cbc_only,reused_holdout,6,3,0.6519714316704525,1.0
iron_deficiency,primary,selected,cbc_only,reused_holdout,7,6,0.756148687005966,0.5
iron_deficiency,primary,selected,cbc_only,reused_holdout,8,6,0.8455010442008875,0.5
iron_deficiency,primary,selected,cbc_only,reused_holdout,9,37,0.964879824015488,0.8918918918918919
iron_deficiency,primary,identity,hb_only,reused_holdout,1,79,0.16910104085764968,0.34177215189873417
iron_deficiency,primary,identity,hb_only,reused_holdout,2,71,0.24568450752578186,0.323943661971831
iron_deficiency,primary,identity,hb_only,reused_holdout,3,18,0.3392978157899717,0.3888888888888889
iron_deficiency,primary,selected,hb_only,reused_holdout,0,31,0.08026486167929557,0.3548387096774194
iron_deficiency,primary,selected,hb_only,reused_holdout,1,110,0.15275072963894382,0.32727272727272727
iron_deficiency,primary,selected,hb_only,reused_holdout,2,14,0.2373583958090924,0.35714285714285715
iron_deficiency,primary,selected,hb_only,reused_holdout,3,13,0.32321627165286143,0.38461538461538464
iron_deficiency,primary,identity,no_iron,reused_holdout,0,83,0.03624704397808185,0.04819277108433735
iron_deficiency,primary,identity,no_iron,reused_holdout,1,15,0.13276769127471663,0.13333333333333333
iron_deficiency,primary,identity,no_iron,reused_holdout,2,7,0.23537627224440277,0.14285714285714285
iron_deficiency,primary,identity,no_iron,reused_holdout,3,8,0.3429803749178274,0.625
iron_deficiency,primary,identity,no_iron,reused_holdout,4,5,0.4483144228313514,1.0
iron_deficiency,primary,identity,no_iron,reused_holdout,5,5,0.5855858827178829,0.2
iron_deficiency,primary,identity,no_iron,reused_holdout,6,4,0.6691348570593987,1.0
iron_deficiency,primary,identity,no_iron,reused_holdout,7,9,0.7295628108854607,0.6666666666666666
iron_deficiency,primary,identity,no_iron,reused_holdout,8,16,0.8520269232814193,0.875
iron_deficiency,primary,identity,no_iron,reused_holdout,9,16,0.9530787859170762,0.9375
iron_deficiency,primary,selected,no_iron,reused_holdout,0,96,0.0192142432089757,0.052083333333333336
iron_deficiency,primary,selected,no_iron,reused_holdout,1,8,0.15181615050438077,0.25
iron_deficiency,primary,selected,no_iron,reused_holdout,2,4,0.2697854960052437,0.25
iron_deficiency,primary,selected,no_iron,reused_holdout,3,5,0.3272734705056862,0.8
iron_deficiency,primary,selected,no_iron,reused_holdout,4,4,0.44860104813216006,1.0
iron_deficiency,primary,selected,no_iron,reused_holdout,5,1,0.5210032271097553,1.0
iron_deficiency,primary,selected,no_iron,reused_holdout,6,5,0.6592923593958655,0.2
iron_deficiency,primary,selected,no_iron,reused_holdout,7,4,0.7651060123742989,1.0
iron_deficiency,primary,selected,no_iron,reused_holdout,8,9,0.8323398372112825,0.6666666666666666
iron_deficiency,primary,selected,no_iron,reused_holdout,9,32,0.9628768362361532,0.90625
iron_deficiency,primary,identity,no_B12,reused_holdout,0,101,0.010959629609525658,0.0
iron_deficiency,primary,identity,no_B12,reused_holdout,1,6,0.12954871462651943,0.16666666666666666
iron_deficiency,primary,identity,no_B12,reused_holdout,2,3,0.22597340130500898,0.0
iron_deficiency,primary,identity,no_B12,reused_holdout,5,1,0.5785851343207026,0.0
iron_deficiency,primary,identity,no_B12,reused_holdout,8,3,0.8735975799096479,0.6666666666666666
iron_deficiency,primary,identity,no_B12,reused_holdout,9,54,0.9894296572321507,1.0
iron_deficiency,primary,selected,no_B12,reused_holdout,0,107,0.00646539301998917,0.009345794392523364
iron_deficiency,primary,selected,no_B12,reused_holdout,1,3,0.16236177909280158,0.0
iron_deficiency,primary,selected,no_B12,reused_holdout,6,1,0.6498533400400274,0.0
iron_deficiency,primary,selected,no_B12,reused_holdout,9,57,0.9952114845392672,0.9824561403508771
iron_deficiency,primary,identity,no_folate,reused_holdout,0,101,0.01101867969477989,0.0
iron_deficiency,primary,identity,no_folate,reused_holdout,1,6,0.13096307148171335,0.16666666666666666
iron_deficiency,primary,identity,no_folate,reused_holdout,2,3,0.22506379666064602,0.0
iron_deficiency,primary,identity,no_folate,reused_holdout,5,1,0.5607589393234041,0.0
iron_deficiency,primary,identity,no_folate,reused_holdout,8,3,0.8722774920636497,0.6666666666666666
iron_deficiency,primary,identity,no_folate,reused_holdout,9,54,0.9896931087424755,1.0
iron_deficiency,primary,selected,no_folate,reused_holdout,0,107,0.006527088344026202,0.009345794392523364
iron_deficiency,primary,selected,no_folate,reused_holdout,1,3,0.1609574824074591,0.0
iron_deficiency,primary,selected,no_folate,reused_holdout,6,1,0.625301989513562,0.0
iron_deficiency,primary,selected,no_folate,reused_holdout,9,57,0.9952577839104646,0.9824561403508771
iron_deficiency,primary,identity,no_B6,reused_holdout,0,101,0.010745887176318133,0.0
iron_deficiency,primary,identity,no_B6,reused_holdout,1,6,0.13042847077286499,0.16666666666666666
iron_deficiency,primary,identity,no_B6,reused_holdout,2,3,0.22660106091962015,0.0
iron_deficiency,primary,identity,no_B6,reused_holdout,5,1,0.5721149939070272,0.0
iron_deficiency,primary,identity,no_B6,reused_holdout,8,3,0.8686325347173468,0.6666666666666666
iron_deficiency,primary,identity,no_B6,reused_holdout,9,54,0.9894457059239914,1.0
iron_deficiency,primary,selected,no_B6,reused_holdout,0,107,0.006393790343796735,0.009345794392523364
iron_deficiency,primary,selected,no_B6,reused_holdout,1,3,0.16280401717794368,0.0
iron_deficiency,primary,selected,no_B6,reused_holdout,6,1,0.640996842116808,0.0
iron_deficiency,primary,selected,no_B6,reused_holdout,9,57,0.9950382952515217,0.9824561403508771
iron_deficiency,primary,identity,no_copper,reused_holdout,0,101,0.010740161616627929,0.0
iron_deficiency,primary,identity,no_copper,reused_holdout,1,6,0.1280770051324012,0.16666666666666666
iron_deficiency,primary,identity,no_copper,reused_holdout,2,3,0.22483744178741094,0.0
iron_deficiency,primary,identity,no_copper,reused_holdout,5,1,0.5721149939070272,0.0
iron_deficiency,primary,identity,no_copper,reused_holdout,8,3,0.8626728667603407,0.6666666666666666
iron_deficiency,primary,identity,no_copper,reused_holdout,9,54,0.9892875190017665,1.0
iron_deficiency,primary,selected,no_copper,reused_holdout,0,107,0.0062955193001815015,0.009345794392523364
iron_deficiency,primary,selected,no_copper,reused_holdout,1,3,0.16084164571358914,0.0
iron_deficiency,primary,selected,no_copper,reused_holdout,6,1,0.640996842116808,0.0
iron_deficiency,primary,selected,no_copper,reused_holdout,9,57,0.9947551717016447,0.9824561403508771
iron_deficiency,primary,identity,no_hemoglobin,reused_holdout,0,101,0.012598529645883797,0.0
iron_deficiency,primary,identity,no_hemoglobin,reused_holdout,1,5,0.14098559815254974,0.0
iron_deficiency,primary,identity,no_hemoglobin,reused_holdout,2,4,0.2239449652596909,0.25
iron_deficiency,primary,identity,no_hemoglobin,reused_holdout,6,1,0.6026178601227357,0.0
iron_deficiency,primary,identity,no_hemoglobin,reused_holdout,8,2,0.8417204384848952,0.5
iron_deficiency,primary,identity,no_hemoglobin,reused_holdout,9,55,0.9888585453288261,1.0
iron_deficiency,primary,selected,no_hemoglobin,reused_holdout,0,105,0.0059790112793314315,0.0
iron_deficiency,primary,selected,no_hemoglobin,reused_holdout,1,5,0.1497961829082352,0.2
iron_deficiency,primary,selected,no_hemoglobin,reused_holdout,6,1,0.682152634881728,0.0
iron_deficiency,primary,selected,no_hemoglobin,reused_holdout,9,57,0.9950642968428922,0.9824561403508771
iron_deficiency,primary,identity,no_demographics,reused_holdout,0,101,0.012797212721918085,0.0
iron_deficiency,primary,identity,no_demographics,reused_holdout,1,6,0.16497363150447372,0.16666666666666666
iron_deficiency,primary,identity,no_demographics,reused_holdout,2,3,0.21713336940471759,0.0
iron_deficiency,primary,identity,no_demographics,reused_holdout,5,1,0.5865769240960342,0.0
iron_deficiency,primary,identity,no_demographics,reused_holdout,9,57,0.9888268272681324,0.9824561403508771
iron_deficiency,primary,selected,no_demographics,reused_holdout,0,103,0.004826443502436267,0.009708737864077669
iron_deficiency,primary,selected,no_demographics,reused_holdout,1,7,0.12811894387746187,0.0
iron_deficiency,primary,selected,no_demographics,reused_holdout,6,1,0.6607016478645481,0.0
iron_deficiency,primary,selected,no_demographics,reused_holdout,9,57,0.997564723802434,0.9824561403508771
iron_deficiency,cbc,identity,available,reused_holdout,0,48,0.038286243252558166,0.020833333333333332
iron_deficiency,cbc,identity,available,reused_holdout,1,31,0.1561925431866965,0.12903225806451613
iron_deficiency,cbc,identity,available,reused_holdout,2,14,0.24025948725335813,0.07142857142857142
iron_deficiency,cbc,identity,available,reused_holdout,3,7,0.35276319573290804,0.42857142857142855
iron_deficiency,cbc,identity,available,reused_holdout,4,15,0.4475764636960275,0.26666666666666666
iron_deficiency,cbc,identity,available,reused_holdout,5,4,0.5521302643148048,0.75
iron_deficiency,cbc,identity,available,reused_holdout,6,12,0.651389502187511,0.75
iron_deficiency,cbc,identity,available,reused_holdout,7,11,0.7568792036285839,0.7272727272727273
iron_deficiency,cbc,identity,available,reused_holdout,8,11,0.8593831908452529,0.9090909090909091
iron_deficiency,cbc,identity,available,reused_holdout,9,15,0.9402661112596071,0.9333333333333333
iron_deficiency,cbc,selected,available,reused_holdout,0,48,0.038286243252558166,0.020833333333333332
iron_deficiency,cbc,selected,available,reused_holdout,1,31,0.1561925431866965,0.12903225806451613
iron_deficiency,cbc,selected,available,reused_holdout,2,14,0.24025948725335813,0.07142857142857142
iron_deficiency,cbc,selected,available,reused_holdout,3,7,0.35276319573290804,0.42857142857142855
iron_deficiency,cbc,selected,available,reused_holdout,4,15,0.4475764636960275,0.26666666666666666
iron_deficiency,cbc,selected,available,reused_holdout,5,4,0.5521302643148048,0.75
iron_deficiency,cbc,selected,available,reused_holdout,6,12,0.651389502187511,0.75
iron_deficiency,cbc,selected,available,reused_holdout,7,11,0.7568792036285839,0.7272727272727273
iron_deficiency,cbc,selected,available,reused_holdout,8,11,0.8593831908452529,0.9090909090909091
iron_deficiency,cbc,selected,available,reused_holdout,9,15,0.9402661112596071,0.9333333333333333
iron_deficiency,cbc,identity,drop30,reused_holdout,0,30,0.04678327132355326,0.03333333333333333
iron_deficiency,cbc,identity,drop30,reused_holdout,1,35,0.1538016927929115,0.11428571428571428
iron_deficiency,cbc,identity,drop30,reused_holdout,2,27,0.24616799205261353,0.14814814814814814
iron_deficiency,cbc,identity,drop30,reused_holdout,3,19,0.35670573644983383,0.3684210526315789
iron_deficiency,cbc,identity,drop30,reused_holdout,4,13,0.456028095282148,0.3076923076923077
iron_deficiency,cbc,identity,drop30,reused_holdout,5,12,0.5442487318170599,0.6666666666666666
iron_deficiency,cbc,identity,drop30,reused_holdout,6,7,0.6322850876009094,1.0
iron_deficiency,cbc,identity,drop30,reused_holdout,7,9,0.7432837797217045,0.7777777777777778
iron_deficiency,cbc,identity,drop30,reused_holdout,8,10,0.8625437642870077,0.9
iron_deficiency,cbc,identity,drop30,reused_holdout,9,6,0.9342006831960554,1.0
iron_deficiency,cbc,selected,drop30,reused_holdout,0,30,0.04678327132355326,0.03333333333333333
iron_deficiency,cbc,selected,drop30,reused_holdout,1,35,0.1538016927929115,0.11428571428571428
iron_deficiency,cbc,selected,drop30,reused_holdout,2,27,0.24616799205261353,0.14814814814814814
iron_deficiency,cbc,selected,drop30,reused_holdout,3,19,0.35670573644983383,0.3684210526315789
iron_deficiency,cbc,selected,drop30,reused_holdout,4,13,0.456028095282148,0.3076923076923077
iron_deficiency,cbc,selected,drop30,reused_holdout,5,12,0.5442487318170599,0.6666666666666666
iron_deficiency,cbc,selected,drop30,reused_holdout,6,7,0.6322850876009094,1.0
iron_deficiency,cbc,selected,drop30,reused_holdout,7,9,0.7432837797217045,0.7777777777777778
iron_deficiency,cbc,selected,drop30,reused_holdout,8,10,0.8625437642870077,0.9
iron_deficiency,cbc,selected,drop30,reused_holdout,9,6,0.9342006831960554,1.0
iron_deficiency,cbc,identity,drop60,reused_holdout,0,13,0.059842637417921056,0.0
iron_deficiency,cbc,identity,drop60,reused_holdout,1,24,0.137421421867991,0.041666666666666664
iron_deficiency,cbc,identity,drop60,reused_holdout,2,47,0.26602499007111574,0.3404255319148936
iron_deficiency,cbc,identity,drop60,reused_holdout,3,41,0.34081977445853173,0.3170731707317073
iron_deficiency,cbc,identity,drop60,reused_holdout,4,22,0.4469256298063647,0.5
iron_deficiency,cbc,identity,drop60,reused_holdout,5,7,0.548105007059217,0.7142857142857143
iron_deficiency,cbc,identity,drop60,reused_holdout,6,4,0.631874832783653,0.75
iron_deficiency,cbc,identity,drop60,reused_holdout,7,4,0.7335207933174978,0.75
iron_deficiency,cbc,identity,drop60,reused_holdout,8,4,0.8267925137950533,0.75
iron_deficiency,cbc,identity,drop60,reused_holdout,9,2,0.9251659915792838,1.0
iron_deficiency,cbc,selected,drop60,reused_holdout,0,13,0.059842637417921056,0.0
iron_deficiency,cbc,selected,drop60,reused_holdout,1,24,0.137421421867991,0.041666666666666664
iron_deficiency,cbc,selected,drop60,reused_holdout,2,47,0.26602499007111574,0.3404255319148936
iron_deficiency,cbc,selected,drop60,reused_holdout,3,41,0.34081977445853173,0.3170731707317073
iron_deficiency,cbc,selected,drop60,reused_holdout,4,22,0.4469256298063647,0.5
iron_deficiency,cbc,selected,drop60,reused_holdout,5,7,0.548105007059217,0.7142857142857143
iron_deficiency,cbc,selected,drop60,reused_holdout,6,4,0.631874832783653,0.75
iron_deficiency,cbc,selected,drop60,reused_holdout,7,4,0.7335207933174978,0.75
iron_deficiency,cbc,selected,drop60,reused_holdout,8,4,0.8267925137950533,0.75
iron_deficiency,cbc,selected,drop60,reused_holdout,9,2,0.9251659915792838,1.0
iron_deficiency,cbc,identity,cbc_only,reused_holdout,0,48,0.03828624325255817,0.020833333333333332
iron_deficiency,cbc,identity,cbc_only,reused_holdout,1,31,0.15619254318669648,0.12903225806451613
iron_deficiency,cbc,identity,cbc_only,reused_holdout,2,14,0.24025948725335813,0.07142857142857142
iron_deficiency,cbc,identity,cbc_only,reused_holdout,3,7,0.35276319573290804,0.42857142857142855
iron_deficiency,cbc,identity,cbc_only,reused_holdout,4,15,0.4475764636960275,0.26666666666666666
iron_deficiency,cbc,identity,cbc_only,reused_holdout,5,4,0.5521302643148049,0.75
iron_deficiency,cbc,identity,cbc_only,reused_holdout,6,12,0.6513895021875109,0.75
iron_deficiency,cbc,identity,cbc_only,reused_holdout,7,11,0.7568792036285839,0.7272727272727273
iron_deficiency,cbc,identity,cbc_only,reused_holdout,8,11,0.8593831908452529,0.9090909090909091
iron_deficiency,cbc,identity,cbc_only,reused_holdout,9,15,0.9402661112596071,0.9333333333333333
iron_deficiency,cbc,selected,cbc_only,reused_holdout,0,48,0.03828624325255817,0.020833333333333332
iron_deficiency,cbc,selected,cbc_only,reused_holdout,1,31,0.15619254318669648,0.12903225806451613
iron_deficiency,cbc,selected,cbc_only,reused_holdout,2,14,0.24025948725335813,0.07142857142857142
iron_deficiency,cbc,selected,cbc_only,reused_holdout,3,7,0.35276319573290804,0.42857142857142855
iron_deficiency,cbc,selected,cbc_only,reused_holdout,4,15,0.4475764636960275,0.26666666666666666
iron_deficiency,cbc,selected,cbc_only,reused_holdout,5,4,0.5521302643148049,0.75
iron_deficiency,cbc,selected,cbc_only,reused_holdout,6,12,0.6513895021875109,0.75
iron_deficiency,cbc,selected,cbc_only,reused_holdout,7,11,0.7568792036285839,0.7272727272727273
iron_deficiency,cbc,selected,cbc_only,reused_holdout,8,11,0.8593831908452529,0.9090909090909091
iron_deficiency,cbc,selected,cbc_only,reused_holdout,9,15,0.9402661112596071,0.9333333333333333
iron_deficiency,cbc,identity,hb_only,reused_holdout,2,75,0.2931650448035572,0.25333333333333335
iron_deficiency,cbc,identity,hb_only,reused_holdout,3,93,0.3120866921842271,0.40860215053763443
iron_deficiency,cbc,selected,hb_only,reused_holdout,2,75,0.2931650448035572,0.25333333333333335
iron_deficiency,cbc,selected,hb_only,reused_holdout,3,93,0.3120866921842271,0.40860215053763443
iron_deficiency,cbc,identity,no_iron,reused_holdout,0,48,0.03828624325255817,0.020833333333333332
iron_deficiency,cbc,identity,no_iron,reused_holdout,1,31,0.15619254318669648,0.12903225806451613
iron_deficiency,cbc,identity,no_iron,reused_holdout,2,14,0.24025948725335816,0.07142857142857142
iron_deficiency,cbc,identity,no_iron,reused_holdout,3,7,0.35276319573290804,0.42857142857142855
iron_deficiency,cbc,identity,no_iron,reused_holdout,4,15,0.4475764636960275,0.26666666666666666
iron_deficiency,cbc,identity,no_iron,reused_holdout,5,4,0.5521302643148049,0.75
iron_deficiency,cbc,identity,no_iron,reused_holdout,6,12,0.651389502187511,0.75
iron_deficiency,cbc,identity,no_iron,reused_holdout,7,11,0.7568792036285839,0.7272727272727273
iron_deficiency,cbc,identity,no_iron,reused_holdout,8,11,0.8593831908452529,0.9090909090909091
iron_deficiency,cbc,identity,no_iron,reused_holdout,9,15,0.9402661112596071,0.9333333333333333
iron_deficiency,cbc,selected,no_iron,reused_holdout,0,48,0.03828624325255817,0.020833333333333332
iron_deficiency,cbc,selected,no_iron,reused_holdout,1,31,0.15619254318669648,0.12903225806451613
iron_deficiency,cbc,selected,no_iron,reused_holdout,2,14,0.24025948725335816,0.07142857142857142
iron_deficiency,cbc,selected,no_iron,reused_holdout,3,7,0.35276319573290804,0.42857142857142855
iron_deficiency,cbc,selected,no_iron,reused_holdout,4,15,0.4475764636960275,0.26666666666666666
iron_deficiency,cbc,selected,no_iron,reused_holdout,5,4,0.5521302643148049,0.75
iron_deficiency,cbc,selected,no_iron,reused_holdout,6,12,0.651389502187511,0.75
iron_deficiency,cbc,selected,no_iron,reused_holdout,7,11,0.7568792036285839,0.7272727272727273
iron_deficiency,cbc,selected,no_iron,reused_holdout,8,11,0.8593831908452529,0.9090909090909091
iron_deficiency,cbc,selected,no_iron,reused_holdout,9,15,0.9402661112596071,0.9333333333333333
iron_deficiency,cbc,identity,no_B12,reused_holdout,0,48,0.038286243252558166,0.020833333333333332
iron_deficiency,cbc,identity,no_B12,reused_holdout,1,31,0.15619254318669648,0.12903225806451613
iron_deficiency,cbc,identity,no_B12,reused_holdout,2,14,0.24025948725335816,0.07142857142857142
iron_deficiency,cbc,identity,no_B12,reused_holdout,3,7,0.35276319573290804,0.42857142857142855
iron_deficiency,cbc,identity,no_B12,reused_holdout,4,15,0.4475764636960275,0.26666666666666666
iron_deficiency,cbc,identity,no_B12,reused_holdout,5,4,0.5521302643148049,0.75
iron_deficiency,cbc,identity,no_B12,reused_holdout,6,12,0.651389502187511,0.75
iron_deficiency,cbc,identity,no_B12,reused_holdout,7,11,0.7568792036285839,0.7272727272727273
iron_deficiency,cbc,identity,no_B12,reused_holdout,8,11,0.8593831908452529,0.9090909090909091
iron_deficiency,cbc,identity,no_B12,reused_holdout,9,15,0.9402661112596071,0.9333333333333333
iron_deficiency,cbc,selected,no_B12,reused_holdout,0,48,0.038286243252558166,0.020833333333333332
iron_deficiency,cbc,selected,no_B12,reused_holdout,1,31,0.15619254318669648,0.12903225806451613
iron_deficiency,cbc,selected,no_B12,reused_holdout,2,14,0.24025948725335816,0.07142857142857142
iron_deficiency,cbc,selected,no_B12,reused_holdout,3,7,0.35276319573290804,0.42857142857142855
iron_deficiency,cbc,selected,no_B12,reused_holdout,4,15,0.4475764636960275,0.26666666666666666
iron_deficiency,cbc,selected,no_B12,reused_holdout,5,4,0.5521302643148049,0.75
iron_deficiency,cbc,selected,no_B12,reused_holdout,6,12,0.651389502187511,0.75
iron_deficiency,cbc,selected,no_B12,reused_holdout,7,11,0.7568792036285839,0.7272727272727273
iron_deficiency,cbc,selected,no_B12,reused_holdout,8,11,0.8593831908452529,0.9090909090909091
iron_deficiency,cbc,selected,no_B12,reused_holdout,9,15,0.9402661112596071,0.9333333333333333
iron_deficiency,cbc,identity,no_folate,reused_holdout,0,48,0.03828624325255817,0.020833333333333332
iron_deficiency,cbc,identity,no_folate,reused_holdout,1,31,0.15619254318669648,0.12903225806451613
iron_deficiency,cbc,identity,no_folate,reused_holdout,2,14,0.24025948725335816,0.07142857142857142
iron_deficiency,cbc,identity,no_folate,reused_holdout,3,7,0.35276319573290804,0.42857142857142855
iron_deficiency,cbc,identity,no_folate,reused_holdout,4,15,0.4475764636960275,0.26666666666666666
iron_deficiency,cbc,identity,no_folate,reused_holdout,5,4,0.5521302643148049,0.75
iron_deficiency,cbc,identity,no_folate,reused_holdout,6,12,0.651389502187511,0.75
iron_deficiency,cbc,identity,no_folate,reused_holdout,7,11,0.756879203628584,0.7272727272727273
iron_deficiency,cbc,identity,no_folate,reused_holdout,8,11,0.8593831908452529,0.9090909090909091
iron_deficiency,cbc,identity,no_folate,reused_holdout,9,15,0.9402661112596071,0.9333333333333333
iron_deficiency,cbc,selected,no_folate,reused_holdout,0,48,0.03828624325255817,0.020833333333333332
iron_deficiency,cbc,selected,no_folate,reused_holdout,1,31,0.15619254318669648,0.12903225806451613
iron_deficiency,cbc,selected,no_folate,reused_holdout,2,14,0.24025948725335816,0.07142857142857142
iron_deficiency,cbc,selected,no_folate,reused_holdout,3,7,0.35276319573290804,0.42857142857142855
iron_deficiency,cbc,selected,no_folate,reused_holdout,4,15,0.4475764636960275,0.26666666666666666
iron_deficiency,cbc,selected,no_folate,reused_holdout,5,4,0.5521302643148049,0.75
iron_deficiency,cbc,selected,no_folate,reused_holdout,6,12,0.651389502187511,0.75
iron_deficiency,cbc,selected,no_folate,reused_holdout,7,11,0.756879203628584,0.7272727272727273
iron_deficiency,cbc,selected,no_folate,reused_holdout,8,11,0.8593831908452529,0.9090909090909091
iron_deficiency,cbc,selected,no_folate,reused_holdout,9,15,0.9402661112596071,0.9333333333333333
iron_deficiency,cbc,identity,no_B6,reused_holdout,0,48,0.03828624325255817,0.020833333333333332
iron_deficiency,cbc,identity,no_B6,reused_holdout,1,31,0.15619254318669648,0.12903225806451613
iron_deficiency,cbc,identity,no_B6,reused_holdout,2,14,0.24025948725335816,0.07142857142857142
iron_deficiency,cbc,identity,no_B6,reused_holdout,3,7,0.35276319573290804,0.42857142857142855
iron_deficiency,cbc,identity,no_B6,reused_holdout,4,15,0.4475764636960275,0.26666666666666666
iron_deficiency,cbc,identity,no_B6,reused_holdout,5,4,0.5521302643148049,0.75
iron_deficiency,cbc,identity,no_B6,reused_holdout,6,12,0.651389502187511,0.75
iron_deficiency,cbc,identity,no_B6,reused_holdout,7,11,0.7568792036285839,0.7272727272727273
iron_deficiency,cbc,identity,no_B6,reused_holdout,8,11,0.8593831908452529,0.9090909090909091
iron_deficiency,cbc,identity,no_B6,reused_holdout,9,15,0.9402661112596071,0.9333333333333333
iron_deficiency,cbc,selected,no_B6,reused_holdout,0,48,0.03828624325255817,0.020833333333333332
iron_deficiency,cbc,selected,no_B6,reused_holdout,1,31,0.15619254318669648,0.12903225806451613
iron_deficiency,cbc,selected,no_B6,reused_holdout,2,14,0.24025948725335816,0.07142857142857142
iron_deficiency,cbc,selected,no_B6,reused_holdout,3,7,0.35276319573290804,0.42857142857142855
iron_deficiency,cbc,selected,no_B6,reused_holdout,4,15,0.4475764636960275,0.26666666666666666
iron_deficiency,cbc,selected,no_B6,reused_holdout,5,4,0.5521302643148049,0.75
iron_deficiency,cbc,selected,no_B6,reused_holdout,6,12,0.651389502187511,0.75
iron_deficiency,cbc,selected,no_B6,reused_holdout,7,11,0.7568792036285839,0.7272727272727273
iron_deficiency,cbc,selected,no_B6,reused_holdout,8,11,0.8593831908452529,0.9090909090909091
iron_deficiency,cbc,selected,no_B6,reused_holdout,9,15,0.9402661112596071,0.9333333333333333
iron_deficiency,cbc,identity,no_copper,reused_holdout,0,48,0.03828624325255817,0.020833333333333332
iron_deficiency,cbc,identity,no_copper,reused_holdout,1,31,0.15619254318669648,0.12903225806451613
iron_deficiency,cbc,identity,no_copper,reused_holdout,2,14,0.24025948725335813,0.07142857142857142
iron_deficiency,cbc,identity,no_copper,reused_holdout,3,7,0.35276319573290804,0.42857142857142855
iron_deficiency,cbc,identity,no_copper,reused_holdout,4,15,0.4475764636960275,0.26666666666666666
iron_deficiency,cbc,identity,no_copper,reused_holdout,5,4,0.5521302643148049,0.75
iron_deficiency,cbc,identity,no_copper,reused_holdout,6,12,0.651389502187511,0.75
iron_deficiency,cbc,identity,no_copper,reused_holdout,7,11,0.756879203628584,0.7272727272727273
iron_deficiency,cbc,identity,no_copper,reused_holdout,8,11,0.8593831908452529,0.9090909090909091
iron_deficiency,cbc,identity,no_copper,reused_holdout,9,15,0.9402661112596071,0.9333333333333333
iron_deficiency,cbc,selected,no_copper,reused_holdout,0,48,0.03828624325255817,0.020833333333333332
iron_deficiency,cbc,selected,no_copper,reused_holdout,1,31,0.15619254318669648,0.12903225806451613
iron_deficiency,cbc,selected,no_copper,reused_holdout,2,14,0.24025948725335813,0.07142857142857142
iron_deficiency,cbc,selected,no_copper,reused_holdout,3,7,0.35276319573290804,0.42857142857142855
iron_deficiency,cbc,selected,no_copper,reused_holdout,4,15,0.4475764636960275,0.26666666666666666
iron_deficiency,cbc,selected,no_copper,reused_holdout,5,4,0.5521302643148049,0.75
iron_deficiency,cbc,selected,no_copper,reused_holdout,6,12,0.651389502187511,0.75
iron_deficiency,cbc,selected,no_copper,reused_holdout,7,11,0.756879203628584,0.7272727272727273
iron_deficiency,cbc,selected,no_copper,reused_holdout,8,11,0.8593831908452529,0.9090909090909091
iron_deficiency,cbc,selected,no_copper,reused_holdout,9,15,0.9402661112596071,0.9333333333333333
iron_deficiency,cbc,identity,no_hemoglobin,reused_holdout,0,48,0.03801219631843682,0.0
iron_deficiency,cbc,identity,no_hemoglobin,reused_holdout,1,34,0.150742851595514,0.14705882352941177
iron_deficiency,cbc,identity,no_hemoglobin,reused_holdout,2,12,0.23341552247805578,0.08333333333333333
iron_deficiency,cbc,identity,no_hemoglobin,reused_holdout,3,14,0.365609087168912,0.35714285714285715
iron_deficiency,cbc,identity,no_hemoglobin,reused_holdout,4,10,0.451167411117576,0.4
iron_deficiency,cbc,identity,no_hemoglobin,reused_holdout,5,4,0.5513410482629031,0.75
iron_deficiency,cbc,identity,no_hemoglobin,reused_holdout,6,14,0.6386942125350416,0.7142857142857143
iron_deficiency,cbc,identity,no_hemoglobin,reused_holdout,7,10,0.7639239648695872,0.9
iron_deficiency,cbc,identity,no_hemoglobin,reused_holdout,8,9,0.8665537386853006,0.8888888888888888
iron_deficiency,cbc,identity,no_hemoglobin,reused_holdout,9,13,0.9276614895484839,0.9230769230769231
iron_deficiency,cbc,selected,no_hemoglobin,reused_holdout,0,48,0.03801219631843682,0.0
iron_deficiency,cbc,selected,no_hemoglobin,reused_holdout,1,34,0.150742851595514,0.14705882352941177
iron_deficiency,cbc,selected,no_hemoglobin,reused_holdout,2,12,0.23341552247805578,0.08333333333333333
iron_deficiency,cbc,selected,no_hemoglobin,reused_holdout,3,14,0.365609087168912,0.35714285714285715
iron_deficiency,cbc,selected,no_hemoglobin,reused_holdout,4,10,0.451167411117576,0.4
iron_deficiency,cbc,selected,no_hemoglobin,reused_holdout,5,4,0.5513410482629031,0.75
iron_deficiency,cbc,selected,no_hemoglobin,reused_holdout,6,14,0.6386942125350416,0.7142857142857143
iron_deficiency,cbc,selected,no_hemoglobin,reused_holdout,7,10,0.7639239648695872,0.9
iron_deficiency,cbc,selected,no_hemoglobin,reused_holdout,8,9,0.8665537386853006,0.8888888888888888
iron_deficiency,cbc,selected,no_hemoglobin,reused_holdout,9,13,0.9276614895484839,0.9230769230769231
iron_deficiency,cbc,identity,no_demographics,reused_holdout,0,44,0.03175102549809127,0.0
iron_deficiency,cbc,identity,no_demographics,reused_holdout,1,27,0.14588098927443863,0.1111111111111111
iron_deficiency,cbc,identity,no_demographics,reused_holdout,2,20,0.23148795195974564,0.15
iron_deficiency,cbc,identity,no_demographics,reused_holdout,3,9,0.3388173284331533,0.2222222222222222
iron_deficiency,cbc,identity,no_demographics,reused_holdout,4,13,0.45214147799347415,0.3076923076923077
iron_deficiency,cbc,identity,no_demographics,reused_holdout,5,7,0.5421496861444808,0.5714285714285714
iron_deficiency,cbc,identity,no_demographics,reused_holdout,6,8,0.6387306368002503,0.875
iron_deficiency,cbc,identity,no_demographics,reused_holdout,7,9,0.7553846087980263,0.6666666666666666
iron_deficiency,cbc,identity,no_demographics,reused_holdout,8,12,0.8567431851639179,0.8333333333333334
iron_deficiency,cbc,identity,no_demographics,reused_holdout,9,19,0.9472067550764967,0.9473684210526315
iron_deficiency,cbc,selected,no_demographics,reused_holdout,0,44,0.03175102549809127,0.0
iron_deficiency,cbc,selected,no_demographics,reused_holdout,1,27,0.14588098927443863,0.1111111111111111
iron_deficiency,cbc,selected,no_demographics,reused_holdout,2,20,0.23148795195974564,0.15
iron_deficiency,cbc,selected,no_demographics,reused_holdout,3,9,0.3388173284331533,0.2222222222222222
iron_deficiency,cbc,selected,no_demographics,reused_holdout,4,13,0.45214147799347415,0.3076923076923077
iron_deficiency,cbc,selected,no_demographics,reused_holdout,5,7,0.5421496861444808,0.5714285714285714
iron_deficiency,cbc,selected,no_demographics,reused_holdout,6,8,0.6387306368002503,0.875
iron_deficiency,cbc,selected,no_demographics,reused_holdout,7,9,0.7553846087980263,0.6666666666666666
iron_deficiency,cbc,selected,no_demographics,reused_holdout,8,12,0.8567431851639179,0.8333333333333334
iron_deficiency,cbc,selected,no_demographics,reused_holdout,9,19,0.9472067550764967,0.9473684210526315
B12_deficiency,primary,identity,available,reused_holdout,0,128,0.012460389618690745,0.0
B12_deficiency,primary,identity,available,reused_holdout,1,1,0.14875679439415196,0.0
B12_deficiency,primary,identity,available,reused_holdout,2,3,0.22069832302892659,0.0
B12_deficiency,primary,identity,available,reused_holdout,4,2,0.4431785705259906,0.5
B12_deficiency,primary,identity,available,reused_holdout,8,2,0.8582974154739464,1.0
B12_deficiency,primary,identity,available,reused_holdout,9,32,0.984605081210939,1.0
B12_deficiency,primary,selected,available,reused_holdout,0,128,0.00564754060658874,0.0
B12_deficiency,primary,selected,available,reused_holdout,1,2,0.15999148104039457,0.0
B12_deficiency,primary,selected,available,reused_holdout,2,2,0.22207632144487172,0.0
B12_deficiency,primary,selected,available,reused_holdout,4,1,0.46232382997861204,1.0
B12_deficiency,primary,selected,available,reused_holdout,5,1,0.5658449999340183,0.0
B12_deficiency,primary,selected,available,reused_holdout,9,34,0.9925781501032186,1.0
B12_deficiency,primary,identity,drop30,reused_holdout,0,120,0.023656199927305336,0.016666666666666666
B12_deficiency,primary,identity,drop30,reused_holdout,1,11,0.13620680047691744,0.09090909090909091
B12_deficiency,primary,identity,drop30,reused_holdout,2,4,0.22930343387401836,0.25
B12_deficiency,primary,identity,drop30,reused_holdout,3,1,0.3426515154744069,0.0
B12_deficiency,primary,identity,drop30,reused_holdout,7,2,0.7645264222950847,0.5
B12_deficiency,primary,identity,drop30,reused_holdout,8,2,0.8344161446929805,1.0
B12_deficiency,primary,identity,drop30,reused_holdout,9,28,0.982117993936324,1.0
B12_deficiency,primary,selected,drop30,reused_holdout,0,125,0.015311637010963944,0.016
B12_deficiency,primary,selected,drop30,reused_holdout,1,6,0.1374315778668805,0.16666666666666666
B12_deficiency,primary,selected,drop30,reused_holdout,2,4,0.22413250359285442,0.25
B12_deficiency,primary,selected,drop30,reused_holdout,3,1,0.37736908298455357,0.0
B12_deficiency,primary,selected,drop30,reused_holdout,8,2,0.8718428234516468,0.5
B12_deficiency,primary,selected,drop30,reused_holdout,9,30,0.990685921831809,1.0
B12_deficiency,primary,identity,drop60,reused_holdout,0,93,0.04123900560552027,0.0
B12_deficiency,primary,identity,drop60,reused_holdout,1,33,0.148312979459717,0.12121212121212122
B12_deficiency,primary,identity,drop60,reused_holdout,2,4,0.2643511305086429,0.25
B12_deficiency,primary,identity,drop60,reused_holdout,3,5,0.33904929600822364,0.4
B12_deficiency,primary,identity,drop60,reused_holdout,4,5,0.46819244760207523,0.6
B12_deficiency,primary,identity,drop60,reused_holdout,5,1,0.5769918688215099,1.0
B12_deficiency,primary,identity,drop60,reused_holdout,6,4,0.6363346338451766,0.5
B12_deficiency,primary,identity,drop60,reused_holdout,7,3,0.7372019921015537,0.6666666666666666
B12_deficiency,primary,identity,drop60,reused_holdout,8,6,0.8453123817610942,1.0
B12_deficiency,primary,identity,drop60,reused_holdout,9,14,0.9827891181486109,1.0
B12_deficiency,primary,selected,drop60,reused_holdout,0,103,0.03000011240036543,0.0
B12_deficiency,primary,selected,drop60,reused_holdout,1,23,0.1421241995934083,0.17391304347826086
B12_deficiency,primary,selected,drop60,reused_holdout,2,3,0.2559028152554577,0.3333333333333333
B12_deficiency,primary,selected,drop60,reused_holdout,3,6,0.3628181634199086,0.3333333333333333
B12_deficiency,primary,selected,drop60,reused_holdout,5,5,0.5477028438657967,0.6
B12_deficiency,primary,selected,drop60,reused_holdout,6,1,0.6837501882707852,1.0
B12_deficiency,primary,selected,drop60,reused_holdout,7,4,0.7500917753237515,0.5
B12_deficiency,primary,selected,drop60,reused_holdout,8,3,0.8484800922771019,0.6666666666666666
B12_deficiency,primary,selected,drop60,reused_holdout,9,20,0.9763796586138227,1.0
B12_deficiency,primary,identity,cbc_only,reused_holdout,0,82,0.04179388221030891,0.04878048780487805
B12_deficiency,primary,identity,cbc_only,reused_holdout,1,31,0.13485714284973244,0.06451612903225806
B12_deficiency,primary,identity,cbc_only,reused_holdout,2,12,0.24450390356581506,0.3333333333333333
B12_deficiency,primary,identity,cbc_only,reused_holdout,3,10,0.3565650893023324,0.6
B12_deficiency,primary,identity,cbc_only,reused_holdout,4,6,0.46425213171344604,0.3333333333333333
B12_deficiency,primary,identity,cbc_only,reused_holdout,5,5,0.5631247579235736,0.6
B12_deficiency,primary,identity,cbc_only,reused_holdout,6,7,0.6325478804166949,0.2857142857142857
B12_deficiency,primary,identity,cbc_only,reused_holdout,7,6,0.7599084316492086,0.8333333333333334
B12_deficiency,primary,identity,cbc_only,reused_holdout,8,7,0.8591794301164949,0.8571428571428571
B12_deficiency,primary,identity,cbc_only,reused_holdout,9,2,0.9371839298029949,0.5
B12_deficiency,primary,selected,cbc_only,reused_holdout,0,98,0.03450240922750786,0.04081632653061224
B12_deficiency,primary,selected,cbc_only,reused_holdout,1,17,0.14232564170168432,0.11764705882352941
B12_deficiency,primary,selected,cbc_only,reused_holdout,2,9,0.24873263117626448,0.3333333333333333
B12_deficiency,primary,selected,cbc_only,reused_holdout,3,7,0.36741870497506596,0.7142857142857143
B12_deficiency,primary,selected,cbc_only,reused_holdout,4,4,0.425714800380755,0.5
B12_deficiency,primary,selected,cbc_only,reused_holdout,5,6,0.5424677858050128,0.3333333333333333
B12_deficiency,primary,selected,cbc_only,reused_holdout,6,3,0.6428476233166366,0.6666666666666666
B12_deficiency,primary,selected,cbc_only,reused_holdout,7,9,0.7360863949204733,0.3333333333333333
B12_deficiency,primary,selected,cbc_only,reused_holdout,8,7,0.8717826010325649,0.8571428571428571
B12_deficiency,primary,selected,cbc_only,reused_holdout,9,8,0.9542018207766703,0.75
B12_deficiency,primary,identity,hb_only,reused_holdout,0,7,0.08654477094854884,0.0
B12_deficiency,primary,identity,hb_only,reused_holdout,1,132,0.16093881615266714,0.25
B12_deficiency,primary,identity,hb_only,reused_holdout,2,28,0.21505042299696425,0.07142857142857142
B12_deficiency,primary,identity,hb_only,reused_holdout,3,1,0.3380683692413981,0.0
B12_deficiency,primary,selected,hb_only,reused_holdout,0,29,0.08106121432698643,0.13793103448275862
B12_deficiency,primary,selected,hb_only,reused_holdout,1,120,0.15426010662602915,0.25
B12_deficiency,primary,selected,hb_only,reused_holdout,2,18,0.21151385225802405,0.05555555555555555
B12_deficiency,primary,selected,hb_only,reused_holdout,3,1,0.37104892798851424,0.0
B12_deficiency,primary,identity,no_iron,reused_holdout,0,126,0.01634083180324057,0.0
B12_deficiency,primary,identity,no_iron,reused_holdout,1,3,0.1318160121157063,0.0
B12_deficiency,primary,identity,no_iron,reused_holdout,2,1,0.22171686019288184,0.0
B12_deficiency,primary,identity,no_iron,reused_holdout,3,2,0.33320337854596205,0.0
B12_deficiency,primary,identity,no_iron,reused_holdout,5,2,0.5468408329115984,0.5
B12_deficiency,primary,identity,no_iron,reused_holdout,8,2,0.8769389399003992,1.0
B12_deficiency,primary,identity,no_iron,reused_holdout,9,32,0.9862850429644965,1.0
B12_deficiency,primary,selected,no_iron,reused_holdout,0,127,0.008554181484266394,0.0
B12_deficiency,primary,selected,no_iron,reused_holdout,1,2,0.12226160749011178,0.0
B12_deficiency,primary,selected,no_iron,reused_holdout,2,1,0.21424300373310515,0.0
B12_deficiency,primary,selected,no_iron,reused_holdout,3,2,0.36434256298846057,0.0
B12_deficiency,primary,selected,no_iron,reused_holdout,6,2,0.6468359379528621,0.5
B12_deficiency,primary,selected,no_iron,reused_holdout,9,34,0.9936813471741925,1.0
B12_deficiency,primary,identity,no_B12,reused_holdout,0,119,0.027383167967478594,0.03361344537815126
B12_deficiency,primary,identity,no_B12,reused_holdout,1,13,0.1528363601639973,0.23076923076923078
B12_deficiency,primary,identity,no_B12,reused_holdout,2,6,0.2380880951133195,0.3333333333333333
B12_deficiency,primary,identity,no_B12,reused_holdout,3,5,0.34242037768646877,0.6
B12_deficiency,primary,identity,no_B12,reused_holdout,4,2,0.47328884472701277,0.5
B12_deficiency,primary,identity,no_B12,reused_holdout,5,1,0.5144654203582812,1.0
B12_deficiency,primary,identity,no_B12,reused_holdout,7,4,0.7572202871181599,1.0
B12_deficiency,primary,identity,no_B12,reused_holdout,8,4,0.8644934410305741,0.75
B12_deficiency,primary,identity,no_B12,reused_holdout,9,14,0.9850242167460764,1.0
B12_deficiency,primary,selected,no_B12,reused_holdout,0,122,0.01630455910205307,0.040983606557377046
B12_deficiency,primary,selected,no_B12,reused_holdout,1,11,0.1496801262230819,0.18181818181818182
B12_deficiency,primary,selected,no_B12,reused_holdout,2,5,0.24336592925208142,0.4
B12_deficiency,primary,selected,no_B12,reused_holdout,3,3,0.3569229612026344,0.6666666666666666
B12_deficiency,primary,selected,no_B12,reused_holdout,4,2,0.4072677462066839,0.5
B12_deficiency,primary,selected,no_B12,reused_holdout,5,2,0.5545509272340915,0.5
B12_deficiency,primary,selected,no_B12,reused_holdout,6,1,0.6075793694239029,1.0
B12_deficiency,primary,selected,no_B12,reused_holdout,8,4,0.8650781516966397,1.0
B12_deficiency,primary,selected,no_B12,reused_holdout,9,18,0.9847592265518137,0.9444444444444444
B12_deficiency,primary,identity,no_folate,reused_holdout,0,128,0.011569529237331028,0.0
B12_deficiency,primary,identity,no_folate,reused_holdout,1,3,0.12429305681386134,0.0
B12_deficiency,primary,identity,no_folate,reused_holdout,2,1,0.2653827786266014,0.0
B12_deficiency,primary,identity,no_folate,reused_holdout,4,1,0.40444693737183934,1.0
B12_deficiency,primary,identity,no_folate,reused_holdout,5,1,0.5151594707843052,0.0
B12_deficiency,primary,identity,no_folate,reused_holdout,6,2,0.630992081936727,1.0
B12_deficiency,primary,identity,no_folate,reused_holdout,7,3,0.7351900719479113,1.0
B12_deficiency,primary,identity,no_folate,reused_holdout,8,2,0.861851687095095,1.0
B12_deficiency,primary,identity,no_folate,reused_holdout,9,27,0.9901468865699237,1.0
B12_deficiency,primary,selected,no_folate,reused_holdout,0,130,0.00637230686153239,0.0
B12_deficiency,primary,selected,no_folate,reused_holdout,1,1,0.13117291170329173,0.0
B12_deficiency,primary,selected,no_folate,reused_holdout,2,1,0.27179834264227376,0.0
B12_deficiency,primary,selected,no_folate,reused_holdout,4,1,0.46232382997861204,1.0
B12_deficiency,primary,selected,no_folate,reused_holdout,6,1,0.6084549255976335,0.0
B12_deficiency,primary,selected,no_folate,reused_holdout,7,2,0.7438016321178781,1.0
B12_deficiency,primary,selected,no_folate,reused_holdout,8,3,0.8463232176399343,1.0
B12_deficiency,primary,selected,no_folate,reused_holdout,9,29,0.9939406519454732,1.0
B12_deficiency,primary,identity,no_B6,reused_holdout,0,128,0.012548927045989186,0.0
B12_deficiency,primary,identity,no_B6,reused_holdout,1,1,0.14875679439415196,0.0
B12_deficiency,primary,identity,no_B6,reused_holdout,2,3,0.22069832302892659,0.0
B12_deficiency,primary,identity,no_B6,reused_holdout,4,2,0.4431785705259906,0.5
B12_deficiency,primary,identity,no_B6,reused_holdout,8,2,0.8582974154739464,1.0
B12_deficiency,primary,identity,no_B6,reused_holdout,9,32,0.9846090239891777,1.0
B12_deficiency,primary,selected,no_B6,reused_holdout,0,128,0.005694515564100672,0.0
B12_deficiency,primary,selected,no_B6,reused_holdout,1,2,0.15999148104039457,0.0
B12_deficiency,primary,selected,no_B6,reused_holdout,2,2,0.22207632144487172,0.0
B12_deficiency,primary,selected,no_B6,reused_holdout,4,1,0.46232382997861204,1.0
B12_deficiency,primary,selected,no_B6,reused_holdout,5,1,0.5658449999340183,0.0
B12_deficiency,primary,selected,no_B6,reused_holdout,9,34,0.9925784818145286,1.0
B12_deficiency,primary,identity,no_copper,reused_holdout,0,128,0.01278603832033184,0.0
B12_deficiency,primary,identity,no_copper,reused_holdout,1,1,0.14875679439415196,0.0
B12_deficiency,primary,identity,no_copper,reused_holdout,2,3,0.2215901747147078,0.0
B12_deficiency,primary,identity,no_copper,reused_holdout,4,2,0.44496289426021124,0.5
B12_deficiency,primary,identity,no_copper,reused_holdout,8,2,0.8642416431185174,1.0
B12_deficiency,primary,identity,no_copper,reused_holdout,9,32,0.9847149250989748,1.0
B12_deficiency,primary,selected,no_copper,reused_holdout,0,128,0.005869262577503609,0.0
B12_deficiency,primary,selected,no_copper,reused_holdout,1,2,0.15999148104039457,0.0
B12_deficiency,primary,selected,no_copper,reused_holdout,2,2,0.22383015837650563,0.0
B12_deficiency,primary,selected,no_copper,reused_holdout,4,1,0.46718966534563044,1.0
B12_deficiency,primary,selected,no_copper,reused_holdout,5,1,0.5658449999340183,0.0
B12_deficiency,primary,selected,no_copper,reused_holdout,9,34,0.99279668636983,1.0
B12_deficiency,primary,identity,no_hemoglobin,reused_holdout,0,129,0.012463192498856081,0.0
B12_deficiency,primary,identity,no_hemoglobin,reused_holdout,2,3,0.2271698163190393,0.0
B12_deficiency,primary,identity,no_hemoglobin,reused_holdout,5,2,0.5517175760410262,0.5
B12_deficiency,primary,identity,no_hemoglobin,reused_holdout,8,2,0.8625185540569936,1.0
B12_deficiency,primary,identity,no_hemoglobin,reused_holdout,9,32,0.9841711857702524,1.0
B12_deficiency,primary,selected,no_hemoglobin,reused_holdout,0,129,0.005601984131442953,0.0
B12_deficiency,primary,selected,no_hemoglobin,reused_holdout,1,1,0.19867105031480434,0.0
B12_deficiency,primary,selected,no_hemoglobin,reused_holdout,2,2,0.23295087111756396,0.0
B12_deficiency,primary,selected,no_hemoglobin,reused_holdout,6,2,0.6536072145011913,0.5
B12_deficiency,primary,selected,no_hemoglobin,reused_holdout,9,34,0.9924444162473,1.0
B12_deficiency,primary,identity,no_demographics,reused_holdout,0,128,0.008681541824608195,0.0
B12_deficiency,primary,identity,no_demographics,reused_holdout,1,4,0.15379506015913028,0.0
B12_deficiency,primary,identity,no_demographics,reused_holdout,2,1,0.2334319750757908,1.0
B12_deficiency,primary,identity,no_demographics,reused_holdout,4,1,0.4624073935958528,0.0
B12_deficiency,primary,identity,no_demographics,reused_holdout,8,5,0.8677131441289856,1.0
B12_deficiency,primary,identity,no_demographics,reused_holdout,9,29,0.9883270407803916,1.0
B12_deficiency,primary,selected,no_demographics,reused_holdout,0,129,0.004128456641614269,0.0
B12_deficiency,primary,selected,no_demographics,reused_holdout,1,3,0.14385555871171476,0.0
B12_deficiency,primary,selected,no_demographics,reused_holdout,2,1,0.2294518033130377,1.0
B12_deficiency,primary,selected,no_demographics,reused_holdout,5,1,0.5402737439543034,0.0
B12_deficiency,primary,selected,no_demographics,reused_holdout,9,34,0.989508038191863,1.0
B12_deficiency,cbc,identity,available,reused_holdout,0,76,0.04735006282940033,0.013157894736842105
B12_deficiency,cbc,identity,available,reused_holdout,1,31,0.13491014349953098,0.12903225806451613
B12_deficiency,cbc,identity,available,reused_holdout,2,13,0.25138688244448626,0.3076923076923077
B12_deficiency,cbc,identity,available,reused_holdout,3,7,0.3612586452296543,0.42857142857142855
B12_deficiency,cbc,identity,available,reused_holdout,4,11,0.4446890730492939,0.2727272727272727
B12_deficiency,cbc,identity,available,reused_holdout,5,8,0.5663929246883881,0.375
B12_deficiency,cbc,identity,available,reused_holdout,6,5,0.6479798585202174,0.6
B12_deficiency,cbc,identity,available,reused_holdout,7,8,0.7345547788692798,0.625
B12_deficiency,cbc,identity,available,reused_holdout,8,5,0.8590295809508047,1.0
B12_deficiency,cbc,identity,available,reused_holdout,9,4,0.927836634449414,1.0
B12_deficiency,cbc,selected,available,reused_holdout,0,76,0.04735006282940033,0.013157894736842105
B12_deficiency,cbc,selected,available,reused_holdout,1,31,0.13491014349953098,0.12903225806451613
B12_deficiency,cbc,selected,available,reused_holdout,2,13,0.25138688244448626,0.3076923076923077
B12_deficiency,cbc,selected,available,reused_holdout,3,7,0.3612586452296543,0.42857142857142855
B12_deficiency,cbc,selected,available,reused_holdout,4,11,0.4446890730492939,0.2727272727272727
B12_deficiency,cbc,selected,available,reused_holdout,5,8,0.5663929246883881,0.375
B12_deficiency,cbc,selected,available,reused_holdout,6,5,0.6479798585202174,0.6
B12_deficiency,cbc,selected,available,reused_holdout,7,8,0.7345547788692798,0.625
B12_deficiency,cbc,selected,available,reused_holdout,8,5,0.8590295809508047,1.0
B12_deficiency,cbc,selected,available,reused_holdout,9,4,0.927836634449414,1.0
B12_deficiency,cbc,identity,drop30,reused_holdout,0,76,0.04790332290615138,0.02631578947368421
B12_deficiency,cbc,identity,drop30,reused_holdout,1,35,0.1389640720212999,0.2
B12_deficiency,cbc,identity,drop30,reused_holdout,2,20,0.23895876632631782,0.35
B12_deficiency,cbc,identity,drop30,reused_holdout,3,9,0.34496926149102003,0.4444444444444444
B12_deficiency,cbc,identity,drop30,reused_holdout,4,6,0.43482056360748295,0.16666666666666666
B12_deficiency,cbc,identity,drop30,reused_holdout,5,8,0.539881747952411,0.5
B12_deficiency,cbc,identity,drop30,reused_holdout,6,6,0.6312977139254846,0.5
B12_deficiency,cbc,identity,drop30,reused_holdout,7,3,0.7458607694772295,0.6666666666666666
B12_deficiency,cbc,identity,drop30,reused_holdout,8,2,0.8410571724093377,1.0
B12_deficiency,cbc,identity,drop30,reused_holdout,9,3,0.9275451947750911,1.0
B12_deficiency,cbc,selected,drop30,reused_holdout,0,76,0.04790332290615138,0.02631578947368421
B12_deficiency,cbc,selected,drop30,reused_holdout,1,35,0.1389640720212999,0.2
B12_deficiency,cbc,selected,drop30,reused_holdout,2,20,0.23895876632631782,0.35
B12_deficiency,cbc,selected,drop30,reused_holdout,3,9,0.34496926149102003,0.4444444444444444
B12_deficiency,cbc,selected,drop30,reused_holdout,4,6,0.43482056360748295,0.16666666666666666
B12_deficiency,cbc,selected,drop30,reused_holdout,5,8,0.539881747952411,0.5
B12_deficiency,cbc,selected,drop30,reused_holdout,6,6,0.6312977139254846,0.5
B12_deficiency,cbc,selected,drop30,reused_holdout,7,3,0.7458607694772295,0.6666666666666666
B12_deficiency,cbc,selected,drop30,reused_holdout,8,2,0.8410571724093377,1.0
B12_deficiency,cbc,selected,drop30,reused_holdout,9,3,0.9275451947750911,1.0
B12_deficiency,cbc,identity,drop60,reused_holdout,0,97,0.05931284364422415,0.14432989690721648
B12_deficiency,cbc,identity,drop60,reused_holdout,1,47,0.1466974709327497,0.2978723404255319
B12_deficiency,cbc,identity,drop60,reused_holdout,2,8,0.24605418754914227,0.375
B12_deficiency,cbc,identity,drop60,reused_holdout,3,6,0.3527748664627853,0.16666666666666666
B12_deficiency,cbc,identity,drop60,reused_holdout,4,4,0.44527647086479794,0.5
B12_deficiency,cbc,identity,drop60,reused_holdout,5,2,0.5501319714171613,0.0
B12_deficiency,cbc,identity,drop60,reused_holdout,6,2,0.6577329652802286,0.0
B12_deficiency,cbc,identity,drop60,reused_holdout,8,1,0.8691151067020987,1.0
B12_deficiency,cbc,identity,drop60,reused_holdout,9,1,0.9710644948172991,0.0
B12_deficiency,cbc,selected,drop60,reused_holdout,0,97,0.05931284364422415,0.14432989690721648
B12_deficiency,cbc,selected,drop60,reused_holdout,1,47,0.1466974709327497,0.2978723404255319
B12_deficiency,cbc,selected,drop60,reused_holdout,2,8,0.24605418754914227,0.375
B12_deficiency,cbc,selected,drop60,reused_holdout,3,6,0.3527748664627853,0.16666666666666666
B12_deficiency,cbc,selected,drop60,reused_holdout,4,4,0.44527647086479794,0.5
B12_deficiency,cbc,selected,drop60,reused_holdout,5,2,0.5501319714171613,0.0
B12_deficiency,cbc,selected,drop60,reused_holdout,6,2,0.6577329652802286,0.0
B12_deficiency,cbc,selected,drop60,reused_holdout,8,1,0.8691151067020987,1.0
B12_deficiency,cbc,selected,drop60,reused_holdout,9,1,0.9710644948172991,0.0
B12_deficiency,cbc,identity,cbc_only,reused_holdout,0,76,0.04735006282940033,0.013157894736842105
B12_deficiency,cbc,identity,cbc_only,reused_holdout,1,31,0.13491014349953098,0.12903225806451613
B12_deficiency,cbc,identity,cbc_only,reused_holdout,2,13,0.25138688244448626,0.3076923076923077
B12_deficiency,cbc,identity,cbc_only,reused_holdout,3,7,0.3612586452296543,0.42857142857142855
B12_deficiency,cbc,identity,cbc_only,reused_holdout,4,11,0.4446890730492939,0.2727272727272727
B12_deficiency,cbc,identity,cbc_only,reused_holdout,5,8,0.5663929246883881,0.375
B12_deficiency,cbc,identity,cbc_only,reused_holdout,6,5,0.6479798585202174,0.6
B12_deficiency,cbc,identity,cbc_only,reused_holdout,7,8,0.7345547788692798,0.625
B12_deficiency,cbc,identity,cbc_only,reused_holdout,8,5,0.8590295809508047,1.0
B12_deficiency,cbc,identity,cbc_only,reused_holdout,9,4,0.927836634449414,1.0
B12_deficiency,cbc,selected,cbc_only,reused_holdout,0,76,0.04735006282940033,0.013157894736842105
B12_deficiency,cbc,selected,cbc_only,reused_holdout,1,31,0.13491014349953098,0.12903225806451613
B12_deficiency,cbc,selected,cbc_only,reused_holdout,2,13,0.25138688244448626,0.3076923076923077
B12_deficiency,cbc,selected,cbc_only,reused_holdout,3,7,0.3612586452296543,0.42857142857142855
B12_deficiency,cbc,selected,cbc_only,reused_holdout,4,11,0.4446890730492939,0.2727272727272727
B12_deficiency,cbc,selected,cbc_only,reused_holdout,5,8,0.5663929246883881,0.375
B12_deficiency,cbc,selected,cbc_only,reused_holdout,6,5,0.6479798585202174,0.6
B12_deficiency,cbc,selected,cbc_only,reused_holdout,7,8,0.7345547788692798,0.625
B12_deficiency,cbc,selected,cbc_only,reused_holdout,8,5,0.8590295809508047,1.0
B12_deficiency,cbc,selected,cbc_only,reused_holdout,9,4,0.927836634449414,1.0
B12_deficiency,cbc,identity,hb_only,reused_holdout,0,117,0.06592335631014683,0.24786324786324787
B12_deficiency,cbc,identity,hb_only,reused_holdout,1,51,0.13121084220172607,0.11764705882352941
B12_deficiency,cbc,selected,hb_only,reused_holdout,0,117,0.06592335631014683,0.24786324786324787
B12_deficiency,cbc,selected,hb_only,reused_holdout,1,51,0.13121084220172607,0.11764705882352941
B12_deficiency,cbc,identity,no_iron,reused_holdout,0,76,0.04735006282940033,0.013157894736842105
B12_deficiency,cbc,identity,no_iron,reused_holdout,1,31,0.13491014349953098,0.12903225806451613
B12_deficiency,cbc,identity,no_iron,reused_holdout,2,13,0.25138688244448626,0.3076923076923077
B12_deficiency,cbc,identity,no_iron,reused_holdout,3,7,0.3612586452296543,0.42857142857142855
B12_deficiency,cbc,identity,no_iron,reused_holdout,4,11,0.4446890730492939,0.2727272727272727
B12_deficiency,cbc,identity,no_iron,reused_holdout,5,8,0.5663929246883881,0.375
B12_deficiency,cbc,identity,no_iron,reused_holdout,6,5,0.6479798585202174,0.6
B12_deficiency,cbc,identity,no_iron,reused_holdout,7,8,0.7345547788692798,0.625
B12_deficiency,cbc,identity,no_iron,reused_holdout,8,5,0.8590295809508047,1.0
B12_deficiency,cbc,identity,no_iron,reused_holdout,9,4,0.927836634449414,1.0
B12_deficiency,cbc,selected,no_iron,reused_holdout,0,76,0.04735006282940033,0.013157894736842105
B12_deficiency,cbc,selected,no_iron,reused_holdout,1,31,0.13491014349953098,0.12903225806451613
B12_deficiency,cbc,selected,no_iron,reused_holdout,2,13,0.25138688244448626,0.3076923076923077
B12_deficiency,cbc,selected,no_iron,reused_holdout,3,7,0.3612586452296543,0.42857142857142855
B12_deficiency,cbc,selected,no_iron,reused_holdout,4,11,0.4446890730492939,0.2727272727272727
B12_deficiency,cbc,selected,no_iron,reused_holdout,5,8,0.5663929246883881,0.375
B12_deficiency,cbc,selected,no_iron,reused_holdout,6,5,0.6479798585202174,0.6
B12_deficiency,cbc,selected,no_iron,reused_holdout,7,8,0.7345547788692798,0.625
B12_deficiency,cbc,selected,no_iron,reused_holdout,8,5,0.8590295809508047,1.0
B12_deficiency,cbc,selected,no_iron,reused_holdout,9,4,0.927836634449414,1.0
B12_deficiency,cbc,identity,no_B12,reused_holdout,0,76,0.04735006282940033,0.013157894736842105
B12_deficiency,cbc,identity,no_B12,reused_holdout,1,31,0.13491014349953098,0.12903225806451613
B12_deficiency,cbc,identity,no_B12,reused_holdout,2,13,0.25138688244448626,0.3076923076923077
B12_deficiency,cbc,identity,no_B12,reused_holdout,3,7,0.3612586452296543,0.42857142857142855
B12_deficiency,cbc,identity,no_B12,reused_holdout,4,11,0.4446890730492939,0.2727272727272727
B12_deficiency,cbc,identity,no_B12,reused_holdout,5,8,0.5663929246883881,0.375
B12_deficiency,cbc,identity,no_B12,reused_holdout,6,5,0.6479798585202174,0.6
B12_deficiency,cbc,identity,no_B12,reused_holdout,7,8,0.7345547788692798,0.625
B12_deficiency,cbc,identity,no_B12,reused_holdout,8,5,0.8590295809508047,1.0
B12_deficiency,cbc,identity,no_B12,reused_holdout,9,4,0.927836634449414,1.0
B12_deficiency,cbc,selected,no_B12,reused_holdout,0,76,0.04735006282940033,0.013157894736842105
B12_deficiency,cbc,selected,no_B12,reused_holdout,1,31,0.13491014349953098,0.12903225806451613
B12_deficiency,cbc,selected,no_B12,reused_holdout,2,13,0.25138688244448626,0.3076923076923077
B12_deficiency,cbc,selected,no_B12,reused_holdout,3,7,0.3612586452296543,0.42857142857142855
B12_deficiency,cbc,selected,no_B12,reused_holdout,4,11,0.4446890730492939,0.2727272727272727
B12_deficiency,cbc,selected,no_B12,reused_holdout,5,8,0.5663929246883881,0.375
B12_deficiency,cbc,selected,no_B12,reused_holdout,6,5,0.6479798585202174,0.6
B12_deficiency,cbc,selected,no_B12,reused_holdout,7,8,0.7345547788692798,0.625
B12_deficiency,cbc,selected,no_B12,reused_holdout,8,5,0.8590295809508047,1.0
B12_deficiency,cbc,selected,no_B12,reused_holdout,9,4,0.927836634449414,1.0
B12_deficiency,cbc,identity,no_folate,reused_holdout,0,76,0.04735006282940033,0.013157894736842105
B12_deficiency,cbc,identity,no_folate,reused_holdout,1,31,0.13491014349953098,0.12903225806451613
B12_deficiency,cbc,identity,no_folate,reused_holdout,2,13,0.25138688244448626,0.3076923076923077
B12_deficiency,cbc,identity,no_folate,reused_holdout,3,7,0.3612586452296543,0.42857142857142855
B12_deficiency,cbc,identity,no_folate,reused_holdout,4,11,0.4446890730492939,0.2727272727272727
B12_deficiency,cbc,identity,no_folate,reused_holdout,5,8,0.5663929246883881,0.375
B12_deficiency,cbc,identity,no_folate,reused_holdout,6,5,0.6479798585202174,0.6
B12_deficiency,cbc,identity,no_folate,reused_holdout,7,8,0.7345547788692798,0.625
B12_deficiency,cbc,identity,no_folate,reused_holdout,8,5,0.8590295809508047,1.0
B12_deficiency,cbc,identity,no_folate,reused_holdout,9,4,0.927836634449414,1.0
B12_deficiency,cbc,selected,no_folate,reused_holdout,0,76,0.04735006282940033,0.013157894736842105
B12_deficiency,cbc,selected,no_folate,reused_holdout,1,31,0.13491014349953098,0.12903225806451613
B12_deficiency,cbc,selected,no_folate,reused_holdout,2,13,0.25138688244448626,0.3076923076923077
B12_deficiency,cbc,selected,no_folate,reused_holdout,3,7,0.3612586452296543,0.42857142857142855
B12_deficiency,cbc,selected,no_folate,reused_holdout,4,11,0.4446890730492939,0.2727272727272727
B12_deficiency,cbc,selected,no_folate,reused_holdout,5,8,0.5663929246883881,0.375
B12_deficiency,cbc,selected,no_folate,reused_holdout,6,5,0.6479798585202174,0.6
B12_deficiency,cbc,selected,no_folate,reused_holdout,7,8,0.7345547788692798,0.625
B12_deficiency,cbc,selected,no_folate,reused_holdout,8,5,0.8590295809508047,1.0
B12_deficiency,cbc,selected,no_folate,reused_holdout,9,4,0.927836634449414,1.0
B12_deficiency,cbc,identity,no_B6,reused_holdout,0,76,0.04735006282940033,0.013157894736842105
B12_deficiency,cbc,identity,no_B6,reused_holdout,1,31,0.13491014349953098,0.12903225806451613
B12_deficiency,cbc,identity,no_B6,reused_holdout,2,13,0.25138688244448626,0.3076923076923077
B12_deficiency,cbc,identity,no_B6,reused_holdout,3,7,0.3612586452296543,0.42857142857142855
B12_deficiency,cbc,identity,no_B6,reused_holdout,4,11,0.4446890730492939,0.2727272727272727
B12_deficiency,cbc,identity,no_B6,reused_holdout,5,8,0.5663929246883881,0.375
B12_deficiency,cbc,identity,no_B6,reused_holdout,6,5,0.6479798585202174,0.6
B12_deficiency,cbc,identity,no_B6,reused_holdout,7,8,0.7345547788692798,0.625
B12_deficiency,cbc,identity,no_B6,reused_holdout,8,5,0.8590295809508047,1.0
B12_deficiency,cbc,identity,no_B6,reused_holdout,9,4,0.927836634449414,1.0
B12_deficiency,cbc,selected,no_B6,reused_holdout,0,76,0.04735006282940033,0.013157894736842105
B12_deficiency,cbc,selected,no_B6,reused_holdout,1,31,0.13491014349953098,0.12903225806451613
B12_deficiency,cbc,selected,no_B6,reused_holdout,2,13,0.25138688244448626,0.3076923076923077
B12_deficiency,cbc,selected,no_B6,reused_holdout,3,7,0.3612586452296543,0.42857142857142855
B12_deficiency,cbc,selected,no_B6,reused_holdout,4,11,0.4446890730492939,0.2727272727272727
B12_deficiency,cbc,selected,no_B6,reused_holdout,5,8,0.5663929246883881,0.375
B12_deficiency,cbc,selected,no_B6,reused_holdout,6,5,0.6479798585202174,0.6
B12_deficiency,cbc,selected,no_B6,reused_holdout,7,8,0.7345547788692798,0.625
B12_deficiency,cbc,selected,no_B6,reused_holdout,8,5,0.8590295809508047,1.0
B12_deficiency,cbc,selected,no_B6,reused_holdout,9,4,0.927836634449414,1.0
B12_deficiency,cbc,identity,no_copper,reused_holdout,0,76,0.04735006282940033,0.013157894736842105
B12_deficiency,cbc,identity,no_copper,reused_holdout,1,31,0.13491014349953098,0.12903225806451613
B12_deficiency,cbc,identity,no_copper,reused_holdout,2,13,0.25138688244448626,0.3076923076923077
B12_deficiency,cbc,identity,no_copper,reused_holdout,3,7,0.3612586452296543,0.42857142857142855
B12_deficiency,cbc,identity,no_copper,reused_holdout,4,11,0.4446890730492939,0.2727272727272727
B12_deficiency,cbc,identity,no_copper,reused_holdout,5,8,0.5663929246883881,0.375
B12_deficiency,cbc,identity,no_copper,reused_holdout,6,5,0.6479798585202174,0.6
B12_deficiency,cbc,identity,no_copper,reused_holdout,7,8,0.7345547788692798,0.625
B12_deficiency,cbc,identity,no_copper,reused_holdout,8,5,0.8590295809508047,1.0
B12_deficiency,cbc,identity,no_copper,reused_holdout,9,4,0.927836634449414,1.0
B12_deficiency,cbc,selected,no_copper,reused_holdout,0,76,0.04735006282940033,0.013157894736842105
B12_deficiency,cbc,selected,no_copper,reused_holdout,1,31,0.13491014349953098,0.12903225806451613
B12_deficiency,cbc,selected,no_copper,reused_holdout,2,13,0.25138688244448626,0.3076923076923077
B12_deficiency,cbc,selected,no_copper,reused_holdout,3,7,0.3612586452296543,0.42857142857142855
B12_deficiency,cbc,selected,no_copper,reused_holdout,4,11,0.4446890730492939,0.2727272727272727
B12_deficiency,cbc,selected,no_copper,reused_holdout,5,8,0.5663929246883881,0.375
B12_deficiency,cbc,selected,no_copper,reused_holdout,6,5,0.6479798585202174,0.6
B12_deficiency,cbc,selected,no_copper,reused_holdout,7,8,0.7345547788692798,0.625
B12_deficiency,cbc,selected,no_copper,reused_holdout,8,5,0.8590295809508047,1.0
B12_deficiency,cbc,selected,no_copper,reused_holdout,9,4,0.927836634449414,1.0
B12_deficiency,cbc,identity,no_hemoglobin,reused_holdout,0,78,0.04097223476895751,0.02564102564102564
B12_deficiency,cbc,identity,no_hemoglobin,reused_holdout,1,28,0.14008986244687635,0.14285714285714285
B12_deficiency,cbc,identity,no_hemoglobin,reused_holdout,2,10,0.24745570001063308,0.3
B12_deficiency,cbc,identity,no_hemoglobin,reused_holdout,3,8,0.33677697257378486,0.25
B12_deficiency,cbc,identity,no_hemoglobin,reused_holdout,4,10,0.43954449168172605,0.4
B12_deficiency,cbc,identity,no_hemoglobin,reused_holdout,5,10,0.5528558269110136,0.4
B12_deficiency,cbc,identity,no_hemoglobin,reused_holdout,6,7,0.656964717171728,0.14285714285714285
B12_deficiency,cbc,identity,no_hemoglobin,reused_holdout,7,8,0.7422456625747267,0.75
B12_deficiency,cbc,identity,no_hemoglobin,reused_holdout,8,3,0.8486481058018883,1.0
B12_deficiency,cbc,identity,no_hemoglobin,reused_holdout,9,6,0.9264797391281164,1.0
B12_deficiency,cbc,selected,no_hemoglobin,reused_holdout,0,78,0.04097223476895751,0.02564102564102564
B12_deficiency,cbc,selected,no_hemoglobin,reused_holdout,1,28,0.14008986244687635,0.14285714285714285
B12_deficiency,cbc,selected,no_hemoglobin,reused_holdout,2,10,0.24745570001063308,0.3
B12_deficiency,cbc,selected,no_hemoglobin,reused_holdout,3,8,0.33677697257378486,0.25
B12_deficiency,cbc,selected,no_hemoglobin,reused_holdout,4,10,0.43954449168172605,0.4
B12_deficiency,cbc,selected,no_hemoglobin,reused_holdout,5,10,0.5528558269110136,0.4
B12_deficiency,cbc,selected,no_hemoglobin,reused_holdout,6,7,0.656964717171728,0.14285714285714285
B12_deficiency,cbc,selected,no_hemoglobin,reused_holdout,7,8,0.7422456625747267,0.75
B12_deficiency,cbc,selected,no_hemoglobin,reused_holdout,8,3,0.8486481058018883,1.0
B12_deficiency,cbc,selected,no_hemoglobin,reused_holdout,9,6,0.9264797391281164,1.0
B12_deficiency,cbc,identity,no_demographics,reused_holdout,0,79,0.046146460670160885,0.0
B12_deficiency,cbc,identity,no_demographics,reused_holdout,1,32,0.14564960757170362,0.21875
B12_deficiency,cbc,identity,no_demographics,reused_holdout,2,6,0.24379621604984025,0.0
B12_deficiency,cbc,identity,no_demographics,reused_holdout,3,13,0.35396085589172704,0.38461538461538464
B12_deficiency,cbc,identity,no_demographics,reused_holdout,4,11,0.4508826048637028,0.36363636363636365
B12_deficiency,cbc,identity,no_demographics,reused_holdout,5,6,0.5311902611822393,0.16666666666666666
B12_deficiency,cbc,identity,no_demographics,reused_holdout,6,5,0.6599236825638826,0.8
B12_deficiency,cbc,identity,no_demographics,reused_holdout,7,5,0.7633329155658506,0.6
B12_deficiency,cbc,identity,no_demographics,reused_holdout,8,7,0.8367418755966198,1.0
B12_deficiency,cbc,identity,no_demographics,reused_holdout,9,4,0.9237493885838316,1.0
B12_deficiency,cbc,selected,no_demographics,reused_holdout,0,79,0.046146460670160885,0.0
B12_deficiency,cbc,selected,no_demographics,reused_holdout,1,32,0.14564960757170362,0.21875
B12_deficiency,cbc,selected,no_demographics,reused_holdout,2,6,0.24379621604984025,0.0
B12_deficiency,cbc,selected,no_demographics,reused_holdout,3,13,0.35396085589172704,0.38461538461538464
B12_deficiency,cbc,selected,no_demographics,reused_holdout,4,11,0.4508826048637028,0.36363636363636365
B12_deficiency,cbc,selected,no_demographics,reused_holdout,5,6,0.5311902611822393,0.16666666666666666
B12_deficiency,cbc,selected,no_demographics,reused_holdout,6,5,0.6599236825638826,0.8
B12_deficiency,cbc,selected,no_demographics,reused_holdout,7,5,0.7633329155658506,0.6
B12_deficiency,cbc,selected,no_demographics,reused_holdout,8,7,0.8367418755966198,1.0
B12_deficiency,cbc,selected,no_demographics,reused_holdout,9,4,0.9237493885838316,1.0
folate_deficiency,primary,identity,available,reused_holdout,0,125,0.027585381463656907,0.04
folate_deficiency,primary,identity,available,reused_holdout,1,13,0.14613685497918197,0.38461538461538464
folate_deficiency,primary,identity,available,reused_holdout,2,5,0.2307171649584375,0.4
folate_deficiency,primary,identity,available,reused_holdout,3,3,0.3515360882100291,0.3333333333333333
folate_deficiency,primary,identity,available,reused_holdout,4,2,0.4779744941479611,1.0
folate_deficiency,primary,identity,available,reused_holdout,6,1,0.6656358179928376,1.0
folate_deficiency,primary,identity,available,reused_holdout,7,2,0.7425997135409605,1.0
folate_deficiency,primary,identity,available,reused_holdout,8,2,0.8592870295370754,1.0
folate_deficiency,primary,identity,available,reused_holdout,9,15,0.9570145172647171,1.0
folate_deficiency,primary,selected,available,reused_holdout,0,125,0.027585381463656907,0.04
folate_deficiency,primary,selected,available,reused_holdout,1,13,0.14613685497918197,0.38461538461538464
folate_deficiency,primary,selected,available,reused_holdout,2,5,0.2307171649584375,0.4
folate_deficiency,primary,selected,available,reused_holdout,3,3,0.3515360882100291,0.3333333333333333
folate_deficiency,primary,selected,available,reused_holdout,4,2,0.4779744941479611,1.0
folate_deficiency,primary,selected,available,reused_holdout,6,1,0.6656358179928376,1.0
folate_deficiency,primary,selected,available,reused_holdout,7,2,0.7425997135409605,1.0
folate_deficiency,primary,selected,available,reused_holdout,8,2,0.8592870295370754,1.0
folate_deficiency,primary,selected,available,reused_holdout,9,15,0.9570145172647171,1.0
folate_deficiency,primary,identity,drop30,reused_holdout,0,112,0.037332441199388014,0.044642857142857144
folate_deficiency,primary,identity,drop30,reused_holdout,1,23,0.14512859908230358,0.2608695652173913
folate_deficiency,primary,identity,drop30,reused_holdout,2,7,0.23651168843502107,0.2857142857142857
folate_deficiency,primary,identity,drop30,reused_holdout,3,8,0.3633852580595744,0.625
folate_deficiency,primary,identity,drop30,reused_holdout,4,3,0.4495367284977278,0.6666666666666666
folate_deficiency,primary,identity,drop30,reused_holdout,6,4,0.6609225966490441,1.0
folate_deficiency,primary,identity,drop30,reused_holdout,7,2,0.7659152551135009,1.0
folate_deficiency,primary,identity,drop30,reused_holdout,8,2,0.8736714771687093,1.0
folate_deficiency,primary,identity,drop30,reused_holdout,9,7,0.9529931476984348,1.0
folate_deficiency,primary,selected,drop30,reused_holdout,0,112,0.037332441199388014,0.044642857142857144
folate_deficiency,primary,selected,drop30,reused_holdout,1,23,0.14512859908230358,0.2608695652173913
folate_deficiency,primary,selected,drop30,reused_holdout,2,7,0.23651168843502107,0.2857142857142857
folate_deficiency,primary,selected,drop30,reused_holdout,3,8,0.3633852580595744,0.625
folate_deficiency,primary,selected,drop30,reused_holdout,4,3,0.4495367284977278,0.6666666666666666
folate_deficiency,primary,selected,drop30,reused_holdout,6,4,0.6609225966490441,1.0
folate_deficiency,primary,selected,drop30,reused_holdout,7,2,0.7659152551135009,1.0
folate_deficiency,primary,selected,drop30,reused_holdout,8,2,0.8736714771687093,1.0
folate_deficiency,primary,selected,drop30,reused_holdout,9,7,0.9529931476984348,1.0
folate_deficiency,primary,identity,drop60,reused_holdout,0,83,0.04798596231902815,0.04819277108433735
folate_deficiency,primary,identity,drop60,reused_holdout,1,50,0.15038897344509347,0.24
folate_deficiency,primary,identity,drop60,reused_holdout,2,16,0.24105068208382352,0.25
folate_deficiency,primary,identity,drop60,reused_holdout,3,9,0.3414339221632486,0.7777777777777778
folate_deficiency,primary,identity,drop60,reused_holdout,4,5,0.44043893957217817,0.8
folate_deficiency,primary,identity,drop60,reused_holdout,5,1,0.5797450156653645,0.0
folate_deficiency,primary,identity,drop60,reused_holdout,9,4,0.9361334222183089,1.0
folate_deficiency,primary,selected,drop60,reused_holdout,0,83,0.04798596231902815,0.04819277108433735
folate_deficiency,primary,selected,drop60,reused_holdout,1,50,0.15038897344509347,0.24
folate_deficiency,primary,selected,drop60,reused_holdout,2,16,0.24105068208382352,0.25
folate_deficiency,primary,selected,drop60,reused_holdout,3,9,0.3414339221632486,0.7777777777777778
folate_deficiency,primary,selected,drop60,reused_holdout,4,5,0.44043893957217817,0.8
folate_deficiency,primary,selected,drop60,reused_holdout,5,1,0.5797450156653645,0.0
folate_deficiency,primary,selected,drop60,reused_holdout,9,4,0.9361334222183089,1.0
folate_deficiency,primary,identity,cbc_only,reused_holdout,0,82,0.049089215562980466,0.07317073170731707
folate_deficiency,primary,identity,cbc_only,reused_holdout,1,35,0.1330028413076751,0.22857142857142856
folate_deficiency,primary,identity,cbc_only,reused_holdout,2,17,0.24285118632314706,0.4117647058823529
folate_deficiency,primary,identity,cbc_only,reused_holdout,3,10,0.3457569626047267,0.5
folate_deficiency,primary,identity,cbc_only,reused_holdout,4,7,0.45458753702242366,0.2857142857142857
folate_deficiency,primary,identity,cbc_only,reused_holdout,5,9,0.5395593739200004,0.4444444444444444
folate_deficiency,primary,identity,cbc_only,reused_holdout,6,6,0.6485957421727605,0.3333333333333333
folate_deficiency,primary,identity,cbc_only,reused_holdout,7,2,0.7259356462345582,0.5
folate_deficiency,primary,selected,cbc_only,reused_holdout,0,82,0.049089215562980466,0.07317073170731707
folate_deficiency,primary,selected,cbc_only,reused_holdout,1,35,0.1330028413076751,0.22857142857142856
folate_deficiency,primary,selected,cbc_only,reused_holdout,2,17,0.24285118632314706,0.4117647058823529
folate_deficiency,primary,selected,cbc_only,reused_holdout,3,10,0.3457569626047267,0.5
folate_deficiency,primary,selected,cbc_only,reused_holdout,4,7,0.45458753702242366,0.2857142857142857
folate_deficiency,primary,selected,cbc_only,reused_holdout,5,9,0.5395593739200004,0.4444444444444444
folate_deficiency,primary,selected,cbc_only,reused_holdout,6,6,0.6485957421727605,0.3333333333333333
folate_deficiency,primary,selected,cbc_only,reused_holdout,7,2,0.7259356462345582,0.5
folate_deficiency,primary,identity,hb_only,reused_holdout,0,9,0.06386675361813493,0.1111111111111111
folate_deficiency,primary,identity,hb_only,reused_holdout,1,74,0.13042791062535397,0.17567567567567569
folate_deficiency,primary,identity,hb_only,reused_holdout,2,79,0.2500080028766195,0.24050632911392406
folate_deficiency,primary,identity,hb_only,reused_holdout,3,6,0.31626459010218705,0.3333333333333333
folate_deficiency,primary,selected,hb_only,reused_holdout,0,9,0.06386675361813493,0.1111111111111111
folate_deficiency,primary,selected,hb_only,reused_holdout,1,74,0.13042791062535397,0.17567567567567569
folate_deficiency,primary,selected,hb_only,reused_holdout,2,79,0.2500080028766195,0.24050632911392406
folate_deficiency,primary,selected,hb_only,reused_holdout,3,6,0.31626459010218705,0.3333333333333333
folate_deficiency,primary,identity,no_iron,reused_holdout,0,122,0.027225507413330713,0.040983606557377046
folate_deficiency,primary,identity,no_iron,reused_holdout,1,16,0.14236245813204323,0.3125
folate_deficiency,primary,identity,no_iron,reused_holdout,2,5,0.24146641315985162,0.6
folate_deficiency,primary,identity,no_iron,reused_holdout,3,2,0.34347708952982225,0.0
folate_deficiency,primary,identity,no_iron,reused_holdout,4,3,0.43271491115754035,0.6666666666666666
folate_deficiency,primary,identity,no_iron,reused_holdout,6,1,0.6656358179928376,1.0
folate_deficiency,primary,identity,no_iron,reused_holdout,7,2,0.7617577997570306,1.0
folate_deficiency,primary,identity,no_iron,reused_holdout,8,1,0.8807770688296991,1.0
folate_deficiency,primary,identity,no_iron,reused_holdout,9,16,0.9568951625114506,1.0
folate_deficiency,primary,selected,no_iron,reused_holdout,0,122,0.027225507413330713,0.040983606557377046
folate_deficiency,primary,selected,no_iron,reused_holdout,1,16,0.14236245813204323,0.3125
folate_deficiency,primary,selected,no_iron,reused_holdout,2,5,0.24146641315985162,0.6
folate_deficiency,primary,selected,no_iron,reused_holdout,3,2,0.34347708952982225,0.0
folate_deficiency,primary,selected,no_iron,reused_holdout,4,3,0.43271491115754035,0.6666666666666666
folate_deficiency,primary,selected,no_iron,reused_holdout,6,1,0.6656358179928376,1.0
folate_deficiency,primary,selected,no_iron,reused_holdout,7,2,0.7617577997570306,1.0
folate_deficiency,primary,selected,no_iron,reused_holdout,8,1,0.8807770688296991,1.0
folate_deficiency,primary,selected,no_iron,reused_holdout,9,16,0.9568951625114506,1.0
folate_deficiency,primary,identity,no_B12,reused_holdout,0,113,0.02819245412013609,0.02654867256637168
folate_deficiency,primary,identity,no_B12,reused_holdout,1,17,0.14277162501507562,0.4117647058823529
folate_deficiency,primary,identity,no_B12,reused_holdout,2,7,0.23332270863804344,0.2857142857142857
folate_deficiency,primary,identity,no_B12,reused_holdout,3,5,0.33437832570624815,0.0
folate_deficiency,primary,identity,no_B12,reused_holdout,4,3,0.4849470839213142,0.6666666666666666
folate_deficiency,primary,identity,no_B12,reused_holdout,5,3,0.5165988765152832,0.3333333333333333
folate_deficiency,primary,identity,no_B12,reused_holdout,6,2,0.6486049924634185,1.0
folate_deficiency,primary,identity,no_B12,reused_holdout,7,3,0.7567195821644715,1.0
folate_deficiency,primary,identity,no_B12,reused_holdout,8,4,0.8443718349435577,1.0
folate_deficiency,primary,identity,no_B12,reused_holdout,9,11,0.9505979767228367,1.0
folate_deficiency,primary,selected,no_B12,reused_holdout,0,113,0.02819245412013609,0.02654867256637168
folate_deficiency,primary,selected,no_B12,reused_holdout,1,17,0.14277162501507562,0.4117647058823529
folate_deficiency,primary,selected,no_B12,reused_holdout,2,7,0.23332270863804344,0.2857142857142857
folate_deficiency,primary,selected,no_B12,reused_holdout,3,5,0.33437832570624815,0.0
folate_deficiency,primary,selected,no_B12,reused_holdout,4,3,0.4849470839213142,0.6666666666666666
folate_deficiency,primary,selected,no_B12,reused_holdout,5,3,0.5165988765152832,0.3333333333333333
folate_deficiency,primary,selected,no_B12,reused_holdout,6,2,0.6486049924634185,1.0
folate_deficiency,primary,selected,no_B12,reused_holdout,7,3,0.7567195821644715,1.0
folate_deficiency,primary,selected,no_B12,reused_holdout,8,4,0.8443718349435577,1.0
folate_deficiency,primary,selected,no_B12,reused_holdout,9,11,0.9505979767228367,1.0
folate_deficiency,primary,identity,no_folate,reused_holdout,0,124,0.03891260726840868,0.10483870967741936
folate_deficiency,primary,identity,no_folate,reused_holdout,1,27,0.143514303226709,0.4444444444444444
folate_deficiency,primary,identity,no_folate,reused_holdout,2,10,0.2510336021787616,0.5
folate_deficiency,primary,identity,no_folate,reused_holdout,3,4,0.3461063527594512,0.75
folate_deficiency,primary,identity,no_folate,reused_holdout,4,1,0.4944573723483667,1.0
folate_deficiency,primary,identity,no_folate,reused_holdout,5,2,0.50716064569278,0.5
folate_deficiency,primary,selected,no_folate,reused_holdout,0,124,0.03891260726840868,0.10483870967741936
folate_deficiency,primary,selected,no_folate,reused_holdout,1,27,0.143514303226709,0.4444444444444444
folate_deficiency,primary,selected,no_folate,reused_holdout,2,10,0.2510336021787616,0.5
folate_deficiency,primary,selected,no_folate,reused_holdout,3,4,0.3461063527594512,0.75
folate_deficiency,primary,selected,no_folate,reused_holdout,4,1,0.4944573723483667,1.0
folate_deficiency,primary,selected,no_folate,reused_holdout,5,2,0.50716064569278,0.5
folate_deficiency,primary,identity,no_B6,reused_holdout,0,125,0.027696716518300055,0.04
folate_deficiency,primary,identity,no_B6,reused_holdout,1,14,0.14828445252500563,0.42857142857142855
folate_deficiency,primary,identity,no_B6,reused_holdout,2,4,0.22756155493520966,0.25
folate_deficiency,primary,identity,no_B6,reused_holdout,3,3,0.3515360882100291,0.3333333333333333
folate_deficiency,primary,identity,no_B6,reused_holdout,4,1,0.4614916159475555,1.0
folate_deficiency,primary,identity,no_B6,reused_holdout,5,1,0.5215608386531676,1.0
folate_deficiency,primary,identity,no_B6,reused_holdout,6,1,0.6656358179928376,1.0
folate_deficiency,primary,identity,no_B6,reused_holdout,7,2,0.7425997135409605,1.0
folate_deficiency,primary,identity,no_B6,reused_holdout,8,2,0.8592870295370754,1.0
folate_deficiency,primary,identity,no_B6,reused_holdout,9,15,0.9574327655373961,1.0
folate_deficiency,primary,selected,no_B6,reused_holdout,0,125,0.027696716518300055,0.04
folate_deficiency,primary,selected,no_B6,reused_holdout,1,14,0.14828445252500563,0.42857142857142855
folate_deficiency,primary,selected,no_B6,reused_holdout,2,4,0.22756155493520966,0.25
folate_deficiency,primary,selected,no_B6,reused_holdout,3,3,0.3515360882100291,0.3333333333333333
folate_deficiency,primary,selected,no_B6,reused_holdout,4,1,0.4614916159475555,1.0
folate_deficiency,primary,selected,no_B6,reused_holdout,5,1,0.5215608386531676,1.0
folate_deficiency,primary,selected,no_B6,reused_holdout,6,1,0.6656358179928376,1.0
folate_deficiency,primary,selected,no_B6,reused_holdout,7,2,0.7425997135409605,1.0
folate_deficiency,primary,selected,no_B6,reused_holdout,8,2,0.8592870295370754,1.0
folate_deficiency,primary,selected,no_B6,reused_holdout,9,15,0.9574327655373961,1.0
folate_deficiency,primary,identity,no_copper,reused_holdout,0,123,0.028227049637903446,0.04065040650406504
folate_deficiency,primary,identity,no_copper,reused_holdout,1,14,0.14534549427547203,0.35714285714285715
folate_deficiency,primary,identity,no_copper,reused_holdout,2,6,0.22764650881804616,0.3333333333333333
folate_deficiency,primary,identity,no_copper,reused_holdout,3,2,0.3709593874678939,0.0
folate_deficiency,primary,identity,no_copper,reused_holdout,4,3,0.4596686483864549,1.0
folate_deficiency,primary,identity,no_copper,reused_holdout,6,1,0.6656358179928376,1.0
folate_deficiency,primary,identity,no_copper,reused_holdout,7,2,0.7425997135409605,1.0
folate_deficiency,primary,identity,no_copper,reused_holdout,8,2,0.8592870295370754,1.0
folate_deficiency,primary,identity,no_copper,reused_holdout,9,15,0.9561652210435291,1.0
folate_deficiency,primary,selected,no_copper,reused_holdout,0,123,0.028227049637903446,0.04065040650406504
folate_deficiency,primary,selected,no_copper,reused_holdout,1,14,0.14534549427547203,0.35714285714285715
folate_deficiency,primary,selected,no_copper,reused_holdout,2,6,0.22764650881804616,0.3333333333333333
folate_deficiency,primary,selected,no_copper,reused_holdout,3,2,0.3709593874678939,0.0
folate_deficiency,primary,selected,no_copper,reused_holdout,4,3,0.4596686483864549,1.0
folate_deficiency,primary,selected,no_copper,reused_holdout,6,1,0.6656358179928376,1.0
folate_deficiency,primary,selected,no_copper,reused_holdout,7,2,0.7425997135409605,1.0
folate_deficiency,primary,selected,no_copper,reused_holdout,8,2,0.8592870295370754,1.0
folate_deficiency,primary,selected,no_copper,reused_holdout,9,15,0.9561652210435291,1.0
folate_deficiency,primary,identity,no_hemoglobin,reused_holdout,0,122,0.028735621551580624,0.02459016393442623
folate_deficiency,primary,identity,no_hemoglobin,reused_holdout,1,17,0.1477133180665604,0.47058823529411764
folate_deficiency,primary,identity,no_hemoglobin,reused_holdout,2,4,0.2487115947272225,0.25
folate_deficiency,primary,identity,no_hemoglobin,reused_holdout,3,3,0.3628769237613671,0.3333333333333333
folate_deficiency,primary,identity,no_hemoglobin,reused_holdout,4,2,0.4797377900756369,1.0
folate_deficiency,primary,identity,no_hemoglobin,reused_holdout,6,1,0.641515294140579,1.0
folate_deficiency,primary,identity,no_hemoglobin,reused_holdout,7,2,0.7403905388913865,1.0
folate_deficiency,primary,identity,no_hemoglobin,reused_holdout,8,2,0.856075622017874,1.0
folate_deficiency,primary,identity,no_hemoglobin,reused_holdout,9,15,0.9558671851789645,1.0
folate_deficiency,primary,selected,no_hemoglobin,reused_holdout,0,122,0.028735621551580624,0.02459016393442623
folate_deficiency,primary,selected,no_hemoglobin,reused_holdout,1,17,0.1477133180665604,0.47058823529411764
folate_deficiency,primary,selected,no_hemoglobin,reused_holdout,2,4,0.2487115947272225,0.25
folate_deficiency,primary,selected,no_hemoglobin,reused_holdout,3,3,0.3628769237613671,0.3333333333333333
folate_deficiency,primary,selected,no_hemoglobin,reused_holdout,4,2,0.4797377900756369,1.0
folate_deficiency,primary,selected,no_hemoglobin,reused_holdout,6,1,0.641515294140579,1.0
folate_deficiency,primary,selected,no_hemoglobin,reused_holdout,7,2,0.7403905388913865,1.0
folate_deficiency,primary,selected,no_hemoglobin,reused_holdout,8,2,0.856075622017874,1.0
folate_deficiency,primary,selected,no_hemoglobin,reused_holdout,9,15,0.9558671851789645,1.0
folate_deficiency,primary,identity,no_demographics,reused_holdout,0,137,0.01956646587843864,0.06569343065693431
folate_deficiency,primary,identity,no_demographics,reused_holdout,1,6,0.1309815089585028,0.6666666666666666
folate_deficiency,primary,identity,no_demographics,reused_holdout,2,3,0.25158462969680834,0.0
folate_deficiency,primary,identity,no_demographics,reused_holdout,3,2,0.3614401382273821,1.0
folate_deficiency,primary,identity,no_demographics,reused_holdout,4,2,0.45162853599572717,1.0
folate_deficiency,primary,identity,no_demographics,reused_holdout,6,2,0.6871253100311933,1.0
folate_deficiency,primary,identity,no_demographics,reused_holdout,8,7,0.8530690201548045,1.0
folate_deficiency,primary,identity,no_demographics,reused_holdout,9,9,0.9448496830390213,1.0
folate_deficiency,primary,selected,no_demographics,reused_holdout,0,137,0.01956646587843864,0.06569343065693431
folate_deficiency,primary,selected,no_demographics,reused_holdout,1,6,0.1309815089585028,0.6666666666666666
folate_deficiency,primary,selected,no_demographics,reused_holdout,2,3,0.25158462969680834,0.0
folate_deficiency,primary,selected,no_demographics,reused_holdout,3,2,0.3614401382273821,1.0
folate_deficiency,primary,selected,no_demographics,reused_holdout,4,2,0.45162853599572717,1.0
folate_deficiency,primary,selected,no_demographics,reused_holdout,6,2,0.6871253100311933,1.0
folate_deficiency,primary,selected,no_demographics,reused_holdout,8,7,0.8530690201548045,1.0
folate_deficiency,primary,selected,no_demographics,reused_holdout,9,9,0.9448496830390213,1.0
folate_deficiency,cbc,identity,available,reused_holdout,0,92,0.038353440323428564,0.08695652173913043
folate_deficiency,cbc,identity,available,reused_holdout,1,28,0.150904688390544,0.25
folate_deficiency,cbc,identity,available,reused_holdout,2,18,0.24371401232265807,0.4444444444444444
folate_deficiency,cbc,identity,available,reused_holdout,3,14,0.35273820118545335,0.42857142857142855
folate_deficiency,cbc,identity,available,reused_holdout,4,5,0.4334694894121469,0.2
folate_deficiency,cbc,identity,available,reused_holdout,5,4,0.539924479646042,0.25
folate_deficiency,cbc,identity,available,reused_holdout,6,2,0.6138823546131915,1.0
folate_deficiency,cbc,identity,available,reused_holdout,7,4,0.7357205012313752,0.25
folate_deficiency,cbc,identity,available,reused_holdout,8,1,0.8004136686146232,1.0
folate_deficiency,cbc,selected,available,reused_holdout,0,65,0.05404549741074205,0.06153846153846154
folate_deficiency,cbc,selected,available,reused_holdout,1,40,0.14375936432852984,0.15
folate_deficiency,cbc,selected,available,reused_holdout,2,26,0.25156047515279306,0.34615384615384615
folate_deficiency,cbc,selected,available,reused_holdout,3,16,0.3494601010125451,0.4375
folate_deficiency,cbc,selected,available,reused_holdout,4,10,0.42991533829285145,0.4
folate_deficiency,cbc,selected,available,reused_holdout,5,6,0.5496835658269071,0.5
folate_deficiency,cbc,selected,available,reused_holdout,6,2,0.6635856250066161,0.5
folate_deficiency,cbc,selected,available,reused_holdout,7,3,0.7210494086213274,0.3333333333333333
folate_deficiency,cbc,identity,drop30,reused_holdout,0,125,0.03533123139734096,0.152
folate_deficiency,cbc,identity,drop30,reused_holdout,1,20,0.13705662510435554,0.35
folate_deficiency,cbc,identity,drop30,reused_holdout,2,9,0.25364700812706736,0.4444444444444444
folate_deficiency,cbc,identity,drop30,reused_holdout,3,9,0.3546941374025216,0.4444444444444444
folate_deficiency,cbc,identity,drop30,reused_holdout,5,3,0.5333638936518619,0.0
folate_deficiency,cbc,identity,drop30,reused_holdout,7,2,0.7655714764622263,0.5
folate_deficiency,cbc,selected,drop30,reused_holdout,0,93,0.050720968126782694,0.12903225806451613
folate_deficiency,cbc,selected,drop30,reused_holdout,1,45,0.14038916640244611,0.26666666666666666
folate_deficiency,cbc,selected,drop30,reused_holdout,2,11,0.24552383060732322,0.2727272727272727
folate_deficiency,cbc,selected,drop30,reused_holdout,3,11,0.3519782055050149,0.6363636363636364
folate_deficiency,cbc,selected,drop30,reused_holdout,4,3,0.41019728360589097,0.0
folate_deficiency,cbc,selected,drop30,reused_holdout,5,3,0.5255911262714642,0.0
folate_deficiency,cbc,selected,drop30,reused_holdout,7,2,0.7122038338250213,0.5
folate_deficiency,cbc,identity,drop60,reused_holdout,0,145,0.029468130429157715,0.2
folate_deficiency,cbc,identity,drop60,reused_holdout,1,16,0.14266618965722505,0.375
folate_deficiency,cbc,identity,drop60,reused_holdout,2,6,0.253606322840773,0.0
folate_deficiency,cbc,identity,drop60,reused_holdout,3,1,0.31179584998168697,0.0
folate_deficiency,cbc,selected,drop60,reused_holdout,0,122,0.04786553043347658,0.1721311475409836
folate_deficiency,cbc,selected,drop60,reused_holdout,1,30,0.13686611524816758,0.43333333333333335
folate_deficiency,cbc,selected,drop60,reused_holdout,2,12,0.23839776182733172,0.08333333333333333
folate_deficiency,cbc,selected,drop60,reused_holdout,3,4,0.3355378461649566,0.0
folate_deficiency,cbc,identity,cbc_only,reused_holdout,0,92,0.038353440323428564,0.08695652173913043
folate_deficiency,cbc,identity,cbc_only,reused_holdout,1,28,0.150904688390544,0.25
folate_deficiency,cbc,identity,cbc_only,reused_holdout,2,18,0.24371401232265807,0.4444444444444444
folate_deficiency,cbc,identity,cbc_only,reused_holdout,3,14,0.35273820118545335,0.42857142857142855
folate_deficiency,cbc,identity,cbc_only,reused_holdout,4,5,0.4334694894121469,0.2
folate_deficiency,cbc,identity,cbc_only,reused_holdout,5,4,0.539924479646042,0.25
folate_deficiency,cbc,identity,cbc_only,reused_holdout,6,2,0.6138823546131915,1.0
folate_deficiency,cbc,identity,cbc_only,reused_holdout,7,4,0.7357205012313752,0.25
folate_deficiency,cbc,identity,cbc_only,reused_holdout,8,1,0.8004136686146232,1.0
folate_deficiency,cbc,selected,cbc_only,reused_holdout,0,65,0.05404549741074205,0.06153846153846154
folate_deficiency,cbc,selected,cbc_only,reused_holdout,1,40,0.14375936432852984,0.15
folate_deficiency,cbc,selected,cbc_only,reused_holdout,2,26,0.25156047515279306,0.34615384615384615
folate_deficiency,cbc,selected,cbc_only,reused_holdout,3,16,0.3494601010125451,0.4375
folate_deficiency,cbc,selected,cbc_only,reused_holdout,4,10,0.42991533829285145,0.4
folate_deficiency,cbc,selected,cbc_only,reused_holdout,5,6,0.5496835658269071,0.5
folate_deficiency,cbc,selected,cbc_only,reused_holdout,6,2,0.6635856250066161,0.5
folate_deficiency,cbc,selected,cbc_only,reused_holdout,7,3,0.7210494086213274,0.3333333333333333
folate_deficiency,cbc,identity,hb_only,reused_holdout,0,168,0.04045124130652056,0.20833333333333334
folate_deficiency,cbc,selected,hb_only,reused_holdout,0,129,0.06710509843704461,0.2248062015503876
folate_deficiency,cbc,selected,hb_only,reused_holdout,1,39,0.1206215572988875,0.15384615384615385
folate_deficiency,cbc,identity,no_iron,reused_holdout,0,92,0.038353440323428564,0.08695652173913043
folate_deficiency,cbc,identity,no_iron,reused_holdout,1,28,0.150904688390544,0.25
folate_deficiency,cbc,identity,no_iron,reused_holdout,2,18,0.24371401232265807,0.4444444444444444
folate_deficiency,cbc,identity,no_iron,reused_holdout,3,14,0.35273820118545335,0.42857142857142855
folate_deficiency,cbc,identity,no_iron,reused_holdout,4,5,0.4334694894121469,0.2
folate_deficiency,cbc,identity,no_iron,reused_holdout,5,4,0.539924479646042,0.25
folate_deficiency,cbc,identity,no_iron,reused_holdout,6,2,0.6138823546131915,1.0
folate_deficiency,cbc,identity,no_iron,reused_holdout,7,4,0.7357205012313752,0.25
folate_deficiency,cbc,identity,no_iron,reused_holdout,8,1,0.8004136686146232,1.0
folate_deficiency,cbc,selected,no_iron,reused_holdout,0,65,0.05404549741074205,0.06153846153846154
folate_deficiency,cbc,selected,no_iron,reused_holdout,1,40,0.14375936432852984,0.15
folate_deficiency,cbc,selected,no_iron,reused_holdout,2,26,0.25156047515279306,0.34615384615384615
folate_deficiency,cbc,selected,no_iron,reused_holdout,3,16,0.3494601010125451,0.4375
folate_deficiency,cbc,selected,no_iron,reused_holdout,4,10,0.42991533829285145,0.4
folate_deficiency,cbc,selected,no_iron,reused_holdout,5,6,0.5496835658269071,0.5
folate_deficiency,cbc,selected,no_iron,reused_holdout,6,2,0.6635856250066161,0.5
folate_deficiency,cbc,selected,no_iron,reused_holdout,7,3,0.7210494086213274,0.3333333333333333
folate_deficiency,cbc,identity,no_B12,reused_holdout,0,92,0.038353440323428564,0.08695652173913043
folate_deficiency,cbc,identity,no_B12,reused_holdout,1,28,0.150904688390544,0.25
folate_deficiency,cbc,identity,no_B12,reused_holdout,2,18,0.24371401232265807,0.4444444444444444
folate_deficiency,cbc,identity,no_B12,reused_holdout,3,14,0.35273820118545335,0.42857142857142855
folate_deficiency,cbc,identity,no_B12,reused_holdout,4,5,0.4334694894121469,0.2
folate_deficiency,cbc,identity,no_B12,reused_holdout,5,4,0.539924479646042,0.25
folate_deficiency,cbc,identity,no_B12,reused_holdout,6,2,0.6138823546131915,1.0
folate_deficiency,cbc,identity,no_B12,reused_holdout,7,4,0.7357205012313752,0.25
folate_deficiency,cbc,identity,no_B12,reused_holdout,8,1,0.8004136686146232,1.0
folate_deficiency,cbc,selected,no_B12,reused_holdout,0,65,0.05404549741074205,0.06153846153846154
folate_deficiency,cbc,selected,no_B12,reused_holdout,1,40,0.14375936432852984,0.15
folate_deficiency,cbc,selected,no_B12,reused_holdout,2,26,0.25156047515279306,0.34615384615384615
folate_deficiency,cbc,selected,no_B12,reused_holdout,3,16,0.3494601010125451,0.4375
folate_deficiency,cbc,selected,no_B12,reused_holdout,4,10,0.42991533829285145,0.4
folate_deficiency,cbc,selected,no_B12,reused_holdout,5,6,0.5496835658269071,0.5
folate_deficiency,cbc,selected,no_B12,reused_holdout,6,2,0.6635856250066161,0.5
folate_deficiency,cbc,selected,no_B12,reused_holdout,7,3,0.7210494086213274,0.3333333333333333
folate_deficiency,cbc,identity,no_folate,reused_holdout,0,92,0.038353440323428564,0.08695652173913043
folate_deficiency,cbc,identity,no_folate,reused_holdout,1,28,0.150904688390544,0.25
folate_deficiency,cbc,identity,no_folate,reused_holdout,2,18,0.24371401232265807,0.4444444444444444
folate_deficiency,cbc,identity,no_folate,reused_holdout,3,14,0.35273820118545335,0.42857142857142855
folate_deficiency,cbc,identity,no_folate,reused_holdout,4,5,0.4334694894121469,0.2
folate_deficiency,cbc,identity,no_folate,reused_holdout,5,4,0.539924479646042,0.25
folate_deficiency,cbc,identity,no_folate,reused_holdout,6,2,0.6138823546131915,1.0
folate_deficiency,cbc,identity,no_folate,reused_holdout,7,4,0.7357205012313752,0.25
folate_deficiency,cbc,identity,no_folate,reused_holdout,8,1,0.8004136686146232,1.0
folate_deficiency,cbc,selected,no_folate,reused_holdout,0,65,0.05404549741074205,0.06153846153846154
folate_deficiency,cbc,selected,no_folate,reused_holdout,1,40,0.14375936432852984,0.15
folate_deficiency,cbc,selected,no_folate,reused_holdout,2,26,0.25156047515279306,0.34615384615384615
folate_deficiency,cbc,selected,no_folate,reused_holdout,3,16,0.3494601010125451,0.4375
folate_deficiency,cbc,selected,no_folate,reused_holdout,4,10,0.42991533829285145,0.4
folate_deficiency,cbc,selected,no_folate,reused_holdout,5,6,0.5496835658269071,0.5
folate_deficiency,cbc,selected,no_folate,reused_holdout,6,2,0.6635856250066161,0.5
folate_deficiency,cbc,selected,no_folate,reused_holdout,7,3,0.7210494086213274,0.3333333333333333
folate_deficiency,cbc,identity,no_B6,reused_holdout,0,92,0.038353440323428564,0.08695652173913043
folate_deficiency,cbc,identity,no_B6,reused_holdout,1,28,0.150904688390544,0.25
folate_deficiency,cbc,identity,no_B6,reused_holdout,2,18,0.24371401232265807,0.4444444444444444
folate_deficiency,cbc,identity,no_B6,reused_holdout,3,14,0.35273820118545335,0.42857142857142855
folate_deficiency,cbc,identity,no_B6,reused_holdout,4,5,0.4334694894121469,0.2
folate_deficiency,cbc,identity,no_B6,reused_holdout,5,4,0.539924479646042,0.25
folate_deficiency,cbc,identity,no_B6,reused_holdout,6,2,0.6138823546131915,1.0
folate_deficiency,cbc,identity,no_B6,reused_holdout,7,4,0.7357205012313752,0.25
folate_deficiency,cbc,identity,no_B6,reused_holdout,8,1,0.8004136686146232,1.0
folate_deficiency,cbc,selected,no_B6,reused_holdout,0,65,0.05404549741074205,0.06153846153846154
folate_deficiency,cbc,selected,no_B6,reused_holdout,1,40,0.14375936432852984,0.15
folate_deficiency,cbc,selected,no_B6,reused_holdout,2,26,0.25156047515279306,0.34615384615384615
folate_deficiency,cbc,selected,no_B6,reused_holdout,3,16,0.3494601010125451,0.4375
folate_deficiency,cbc,selected,no_B6,reused_holdout,4,10,0.42991533829285145,0.4
folate_deficiency,cbc,selected,no_B6,reused_holdout,5,6,0.5496835658269071,0.5
folate_deficiency,cbc,selected,no_B6,reused_holdout,6,2,0.6635856250066161,0.5
folate_deficiency,cbc,selected,no_B6,reused_holdout,7,3,0.7210494086213274,0.3333333333333333
folate_deficiency,cbc,identity,no_copper,reused_holdout,0,92,0.038353440323428564,0.08695652173913043
folate_deficiency,cbc,identity,no_copper,reused_holdout,1,28,0.150904688390544,0.25
folate_deficiency,cbc,identity,no_copper,reused_holdout,2,18,0.24371401232265807,0.4444444444444444
folate_deficiency,cbc,identity,no_copper,reused_holdout,3,14,0.35273820118545335,0.42857142857142855
folate_deficiency,cbc,identity,no_copper,reused_holdout,4,5,0.4334694894121469,0.2
folate_deficiency,cbc,identity,no_copper,reused_holdout,5,4,0.539924479646042,0.25
folate_deficiency,cbc,identity,no_copper,reused_holdout,6,2,0.6138823546131915,1.0
folate_deficiency,cbc,identity,no_copper,reused_holdout,7,4,0.7357205012313752,0.25
folate_deficiency,cbc,identity,no_copper,reused_holdout,8,1,0.8004136686146232,1.0
folate_deficiency,cbc,selected,no_copper,reused_holdout,0,65,0.05404549741074205,0.06153846153846154
folate_deficiency,cbc,selected,no_copper,reused_holdout,1,40,0.14375936432852984,0.15
folate_deficiency,cbc,selected,no_copper,reused_holdout,2,26,0.25156047515279306,0.34615384615384615
folate_deficiency,cbc,selected,no_copper,reused_holdout,3,16,0.3494601010125451,0.4375
folate_deficiency,cbc,selected,no_copper,reused_holdout,4,10,0.42991533829285145,0.4
folate_deficiency,cbc,selected,no_copper,reused_holdout,5,6,0.5496835658269071,0.5
folate_deficiency,cbc,selected,no_copper,reused_holdout,6,2,0.6635856250066161,0.5
folate_deficiency,cbc,selected,no_copper,reused_holdout,7,3,0.7210494086213274,0.3333333333333333
folate_deficiency,cbc,identity,no_hemoglobin,reused_holdout,0,91,0.03669240026016732,0.07692307692307693
folate_deficiency,cbc,identity,no_hemoglobin,reused_holdout,1,30,0.15249439922240846,0.26666666666666666
folate_deficiency,cbc,identity,no_hemoglobin,reused_holdout,2,19,0.2516058027706438,0.47368421052631576
folate_deficiency,cbc,identity,no_hemoglobin,reused_holdout,3,10,0.33476524542610614,0.3
folate_deficiency,cbc,identity,no_hemoglobin,reused_holdout,4,10,0.4608121765719598,0.4
folate_deficiency,cbc,identity,no_hemoglobin,reused_holdout,5,2,0.546040994610846,0.5
folate_deficiency,cbc,identity,no_hemoglobin,reused_holdout,6,3,0.6467973943728863,0.6666666666666666
folate_deficiency,cbc,identity,no_hemoglobin,reused_holdout,7,3,0.7653262808715064,0.3333333333333333
folate_deficiency,cbc,selected,no_hemoglobin,reused_holdout,0,71,0.05953995966149902,0.056338028169014086
folate_deficiency,cbc,selected,no_hemoglobin,reused_holdout,1,29,0.13916593176142517,0.20689655172413793
folate_deficiency,cbc,selected,no_hemoglobin,reused_holdout,2,30,0.24169148291883494,0.3
folate_deficiency,cbc,selected,no_hemoglobin,reused_holdout,3,18,0.3396101701863136,0.3888888888888889
folate_deficiency,cbc,selected,no_hemoglobin,reused_holdout,4,12,0.4596193467561891,0.4166666666666667
folate_deficiency,cbc,selected,no_hemoglobin,reused_holdout,5,3,0.5528191279938254,0.6666666666666666
folate_deficiency,cbc,selected,no_hemoglobin,reused_holdout,6,2,0.6270646650126943,0.5
folate_deficiency,cbc,selected,no_hemoglobin,reused_holdout,7,3,0.7119269684597312,0.3333333333333333
folate_deficiency,cbc,identity,no_demographics,reused_holdout,0,109,0.03458098796721599,0.08256880733944955
folate_deficiency,cbc,identity,no_demographics,reused_holdout,1,33,0.14546770664409509,0.42424242424242425
folate_deficiency,cbc,identity,no_demographics,reused_holdout,2,13,0.2571835981798022,0.6153846153846154
folate_deficiency,cbc,identity,no_demographics,reused_holdout,3,4,0.36097380697027154,0.25
folate_deficiency,cbc,identity,no_demographics,reused_holdout,4,2,0.42592493499401185,0.0
folate_deficiency,cbc,identity,no_demographics,reused_holdout,5,4,0.5611683273666888,0.75
folate_deficiency,cbc,identity,no_demographics,reused_holdout,6,3,0.6334074392728084,0.0
folate_deficiency,cbc,selected,no_demographics,reused_holdout,0,81,0.04723639585925145,0.04938271604938271
folate_deficiency,cbc,selected,no_demographics,reused_holdout,1,43,0.14293103400490664,0.2558139534883721
folate_deficiency,cbc,selected,no_demographics,reused_holdout,2,22,0.2384638692082296,0.45454545454545453
folate_deficiency,cbc,selected,no_demographics,reused_holdout,3,12,0.3351921870554124,0.5
folate_deficiency,cbc,selected,no_demographics,reused_holdout,4,3,0.4348012078709602,0.3333333333333333
folate_deficiency,cbc,selected,no_demographics,reused_holdout,5,5,0.5540052519997936,0.6
folate_deficiency,cbc,selected,no_demographics,reused_holdout,6,2,0.6137189100944177,0.0
B6_deficiency,primary,identity,available,reused_holdout,0,162,0.00398457234491423,0.006172839506172839
B6_deficiency,primary,identity,available,reused_holdout,7,1,0.7549526476105879,1.0
B6_deficiency,primary,identity,available,reused_holdout,8,1,0.8726100374008983,1.0
B6_deficiency,primary,identity,available,reused_holdout,9,4,0.960575693612736,1.0
B6_deficiency,primary,selected,available,reused_holdout,0,162,0.011640062591646272,0.006172839506172839
B6_deficiency,primary,selected,available,reused_holdout,7,1,0.7518607118868349,1.0
B6_deficiency,primary,selected,available,reused_holdout,8,1,0.8541062236512793,1.0
B6_deficiency,primary,selected,available,reused_holdout,9,4,0.944348826363622,1.0
B6_deficiency,primary,identity,drop30,reused_holdout,0,164,0.008053094679881797,0.018292682926829267
B6_deficiency,primary,identity,drop30,reused_holdout,9,4,0.9487076719273346,1.0
B6_deficiency,primary,selected,drop30,reused_holdout,0,163,0.019815348740316725,0.018404907975460124
B6_deficiency,primary,selected,drop30,reused_holdout,1,1,0.13672124165602192,0.0
B6_deficiency,primary,selected,drop30,reused_holdout,8,1,0.890370583779871,1.0
B6_deficiency,primary,selected,drop30,reused_holdout,9,3,0.9445075208811771,1.0
B6_deficiency,primary,identity,drop60,reused_holdout,0,165,0.01319405250775397,0.024242424242424242
B6_deficiency,primary,identity,drop60,reused_holdout,9,3,0.936580672271837,1.0
B6_deficiency,primary,selected,drop60,reused_holdout,0,158,0.02652880085585905,0.02531645569620253
B6_deficiency,primary,selected,drop60,reused_holdout,1,7,0.12971237096690819,0.0
B6_deficiency,primary,selected,drop60,reused_holdout,8,1,0.8834187786471138,1.0
B6_deficiency,primary,selected,drop60,reused_holdout,9,2,0.9354543805993265,1.0
B6_deficiency,primary,identity,cbc_only,reused_holdout,0,168,0.003795357211567325,0.041666666666666664
B6_deficiency,primary,selected,cbc_only,reused_holdout,0,168,0.010828666493232926,0.041666666666666664
B6_deficiency,primary,identity,hb_only,reused_holdout,0,168,0.022576357074920922,0.041666666666666664
B6_deficiency,primary,selected,hb_only,reused_holdout,0,145,0.03552927559276364,0.04827586206896552
B6_deficiency,primary,selected,hb_only,reused_holdout,1,23,0.12940325470113873,0.0
B6_deficiency,primary,identity,no_iron,reused_holdout,0,162,0.004644593949042539,0.006172839506172839
B6_deficiency,primary,identity,no_iron,reused_holdout,8,2,0.8423404208860916,1.0
B6_deficiency,primary,identity,no_iron,reused_holdout,9,4,0.9545154001081692,1.0
B6_deficiency,primary,selected,no_iron,reused_holdout,0,162,0.01307176379908533,0.006172839506172839
B6_deficiency,primary,selected,no_iron,reused_holdout,7,1,0.7934228779836718,1.0
B6_deficiency,primary,selected,no_iron,reused_holdout,8,2,0.8763558925571528,1.0
B6_deficiency,primary,selected,no_iron,reused_holdout,9,3,0.9533010084388781,1.0
B6_deficiency,primary,identity,no_B12,reused_holdout,0,162,0.003398271406209676,0.006172839506172839
B6_deficiency,primary,identity,no_B12,reused_holdout,7,1,0.7442486175410953,1.0
B6_deficiency,primary,identity,no_B12,reused_holdout,8,1,0.8683093535099009,1.0
B6_deficiency,primary,identity,no_B12,reused_holdout,9,4,0.9600674375771558,1.0
B6_deficiency,primary,selected,no_B12,reused_holdout,0,162,0.010309771832335479,0.006172839506172839
B6_deficiency,primary,selected,no_B12,reused_holdout,7,1,0.7429865291446689,1.0
B6_deficiency,primary,selected,no_B12,reused_holdout,8,1,0.8501447079128971,1.0
B6_deficiency,primary,selected,no_B12,reused_holdout,9,4,0.9437762479832736,1.0
B6_deficiency,primary,identity,no_folate,reused_holdout,0,162,0.0037658430282207288,0.006172839506172839
B6_deficiency,primary,identity,no_folate,reused_holdout,7,1,0.7549526476105879,1.0
B6_deficiency,primary,identity,no_folate,reused_holdout,8,1,0.8683093535099009,1.0
B6_deficiency,primary,identity,no_folate,reused_holdout,9,4,0.9614035107603549,1.0
B6_deficiency,primary,selected,no_folate,reused_holdout,0,162,0.011162298130113924,0.006172839506172839
B6_deficiency,primary,selected,no_folate,reused_holdout,7,1,0.7518607118868349,1.0
B6_deficiency,primary,selected,no_folate,reused_holdout,8,1,0.8501447079128971,1.0
B6_deficiency,primary,selected,no_folate,reused_holdout,9,4,0.9453915349393427,1.0
B6_deficiency,primary,identity,no_B6,reused_holdout,0,168,0.004166849181851735,0.041666666666666664
B6_deficiency,primary,selected,no_B6,reused_holdout,0,168,0.011925276810955624,0.041666666666666664
B6_deficiency,primary,identity,no_copper,reused_holdout,0,162,0.0039657968247165205,0.006172839506172839
B6_deficiency,primary,identity,no_copper,reused_holdout,7,1,0.7549526476105879,1.0
B6_deficiency,primary,identity,no_copper,reused_holdout,8,1,0.8726100374008983,1.0
B6_deficiency,primary,identity,no_copper,reused_holdout,9,4,0.960575693612736,1.0
B6_deficiency,primary,selected,no_copper,reused_holdout,0,162,0.011603004550246416,0.006172839506172839
B6_deficiency,primary,selected,no_copper,reused_holdout,7,1,0.7518607118868349,1.0
B6_deficiency,primary,selected,no_copper,reused_holdout,8,1,0.8541062236512793,1.0
B6_deficiency,primary,selected,no_copper,reused_holdout,9,4,0.944348826363622,1.0
B6_deficiency,primary,identity,no_hemoglobin,reused_holdout,0,162,0.003967854512002187,0.006172839506172839
B6_deficiency,primary,identity,no_hemoglobin,reused_holdout,7,1,0.7415172865420662,1.0
B6_deficiency,primary,identity,no_hemoglobin,reused_holdout,8,1,0.8644674597618233,1.0
B6_deficiency,primary,identity,no_hemoglobin,reused_holdout,9,4,0.9601460492244349,1.0
B6_deficiency,primary,selected,no_hemoglobin,reused_holdout,0,162,0.011591964219489865,0.006172839506172839
B6_deficiency,primary,selected,no_hemoglobin,reused_holdout,7,1,0.7407293213325201,1.0
B6_deficiency,primary,selected,no_hemoglobin,reused_holdout,8,1,0.8466258610799916,1.0
B6_deficiency,primary,selected,no_hemoglobin,reused_holdout,9,4,0.9441455358128096,1.0
B6_deficiency,primary,identity,no_demographics,reused_holdout,0,162,0.0032857543316170946,0.006172839506172839
B6_deficiency,primary,identity,no_demographics,reused_holdout,7,1,0.7386825872988351,1.0
B6_deficiency,primary,identity,no_demographics,reused_holdout,8,1,0.8726100374008983,1.0
B6_deficiency,primary,identity,no_demographics,reused_holdout,9,4,0.9617408384005479,1.0
B6_deficiency,primary,selected,no_demographics,reused_holdout,0,162,0.0101200731767618,0.006172839506172839
B6_deficiency,primary,selected,no_demographics,reused_holdout,7,1,0.7383896174370842,1.0
B6_deficiency,primary,selected,no_demographics,reused_holdout,8,1,0.8541062236512793,1.0
B6_deficiency,primary,selected,no_demographics,reused_holdout,9,4,0.9457245805729668,1.0
B6_deficiency,cbc,identity,available,reused_holdout,0,159,0.011072375488478566,0.031446540880503145
B6_deficiency,cbc,identity,available,reused_holdout,1,6,0.15929043827562936,0.0
B6_deficiency,cbc,identity,available,reused_holdout,2,2,0.2405871393083485,0.5
B6_deficiency,cbc,identity,available,reused_holdout,5,1,0.5536551850202729,1.0
B6_deficiency,cbc,selected,available,reused_holdout,0,149,0.022084250239095056,0.026845637583892617
B6_deficiency,cbc,selected,available,reused_holdout,1,11,0.13072378394119347,0.09090909090909091
B6_deficiency,cbc,selected,available,reused_holdout,2,6,0.24200661256639022,0.0
B6_deficiency,cbc,selected,available,reused_holdout,3,1,0.31475116729675806,1.0
B6_deficiency,cbc,selected,available,reused_holdout,5,1,0.5396184886063462,1.0
B6_deficiency,cbc,identity,drop30,reused_holdout,0,133,0.025909568325122853,0.03007518796992481
B6_deficiency,cbc,identity,drop30,reused_holdout,1,21,0.13884736722711394,0.0
B6_deficiency,cbc,identity,drop30,reused_holdout,2,11,0.23830292098471978,0.18181818181818182
B6_deficiency,cbc,identity,drop30,reused_holdout,3,2,0.3461008990875177,0.5
B6_deficiency,cbc,identity,drop30,reused_holdout,4,1,0.44792922341899044,0.0
B6_deficiency,cbc,selected,drop30,reused_holdout,0,112,0.042528280628567464,0.026785714285714284
B6_deficiency,cbc,selected,drop30,reused_holdout,1,31,0.15032039660000382,0.03225806451612903
B6_deficiency,cbc,selected,drop30,reused_holdout,2,17,0.24480926625818225,0.0
B6_deficiency,cbc,selected,drop30,reused_holdout,3,6,0.3291908997966352,0.3333333333333333
B6_deficiency,cbc,selected,drop30,reused_holdout,4,2,0.4325380541886826,0.5
B6_deficiency,cbc,identity,drop60,reused_holdout,0,113,0.045031497679159906,0.035398230088495575
B6_deficiency,cbc,identity,drop60,reused_holdout,1,37,0.142750748192412,0.08108108108108109
B6_deficiency,cbc,identity,drop60,reused_holdout,2,10,0.2322179157829599,0.0
B6_deficiency,cbc,identity,drop60,reused_holdout,3,3,0.3338357032335557,0.0
B6_deficiency,cbc,identity,drop60,reused_holdout,4,5,0.4239680641805492,0.0
B6_deficiency,cbc,selected,drop60,reused_holdout,0,64,0.05458195106344809,0.015625
B6_deficiency,cbc,selected,drop60,reused_holdout,1,64,0.1458173177058333,0.046875
B6_deficiency,cbc,selected,drop60,reused_holdout,2,29,0.24138552659339327,0.10344827586206896
B6_deficiency,cbc,selected,drop60,reused_holdout,3,5,0.3335237047412766,0.0
B6_deficiency,cbc,selected,drop60,reused_holdout,4,6,0.43746007546545546,0.0
B6_deficiency,cbc,identity,cbc_only,reused_holdout,0,159,0.011072375488478566,0.031446540880503145
B6_deficiency,cbc,identity,cbc_only,reused_holdout,1,6,0.15929043827562936,0.0
B6_deficiency,cbc,identity,cbc_only,reused_holdout,2,2,0.2405871393083485,0.5
B6_deficiency,cbc,identity,cbc_only,reused_holdout,5,1,0.5536551850202729,1.0
B6_deficiency,cbc,selected,cbc_only,reused_holdout,0,149,0.022084250239095056,0.026845637583892617
B6_deficiency,cbc,selected,cbc_only,reused_holdout,1,11,0.13072378394119347,0.09090909090909091
B6_deficiency,cbc,selected,cbc_only,reused_holdout,2,6,0.24200661256639022,0.0
B6_deficiency,cbc,selected,cbc_only,reused_holdout,3,1,0.31475116729675806,1.0
B6_deficiency,cbc,selected,cbc_only,reused_holdout,5,1,0.5396184886063462,1.0
B6_deficiency,cbc,identity,hb_only,reused_holdout,0,42,0.08172336441801246,0.07142857142857142
B6_deficiency,cbc,identity,hb_only,reused_holdout,1,77,0.13713500398016443,0.05194805194805195
B6_deficiency,cbc,identity,hb_only,reused_holdout,2,34,0.24212859284316005,0.0
B6_deficiency,cbc,identity,hb_only,reused_holdout,3,13,0.34063575199132645,0.0
B6_deficiency,cbc,identity,hb_only,reused_holdout,4,2,0.4584710235014269,0.0
B6_deficiency,cbc,selected,hb_only,reused_holdout,1,85,0.16435611281173626,0.03529411764705882
B6_deficiency,cbc,selected,hb_only,reused_holdout,2,54,0.24863409161380368,0.07407407407407407
B6_deficiency,cbc,selected,hb_only,reused_holdout,3,25,0.34791251669713524,0.0
B6_deficiency,cbc,selected,hb_only,reused_holdout,4,4,0.4404745441574694,0.0
B6_deficiency,cbc,identity,no_iron,reused_holdout,0,159,0.011072375488478566,0.031446540880503145
B6_deficiency,cbc,identity,no_iron,reused_holdout,1,6,0.15929043827562936,0.0
B6_deficiency,cbc,identity,no_iron,reused_holdout,2,2,0.2405871393083485,0.5
B6_deficiency,cbc,identity,no_iron,reused_holdout,5,1,0.5536551850202729,1.0
B6_deficiency,cbc,selected,no_iron,reused_holdout,0,149,0.022084250239095056,0.026845637583892617
B6_deficiency,cbc,selected,no_iron,reused_holdout,1,11,0.13072378394119347,0.09090909090909091
B6_deficiency,cbc,selected,no_iron,reused_holdout,2,6,0.24200661256639022,0.0
B6_deficiency,cbc,selected,no_iron,reused_holdout,3,1,0.31475116729675806,1.0
B6_deficiency,cbc,selected,no_iron,reused_holdout,5,1,0.5396184886063462,1.0
B6_deficiency,cbc,identity,no_B12,reused_holdout,0,159,0.011072375488478566,0.031446540880503145
B6_deficiency,cbc,identity,no_B12,reused_holdout,1,6,0.15929043827562936,0.0
B6_deficiency,cbc,identity,no_B12,reused_holdout,2,2,0.2405871393083485,0.5
B6_deficiency,cbc,identity,no_B12,reused_holdout,5,1,0.5536551850202729,1.0
B6_deficiency,cbc,selected,no_B12,reused_holdout,0,149,0.022084250239095056,0.026845637583892617
B6_deficiency,cbc,selected,no_B12,reused_holdout,1,11,0.13072378394119347,0.09090909090909091
B6_deficiency,cbc,selected,no_B12,reused_holdout,2,6,0.24200661256639022,0.0
B6_deficiency,cbc,selected,no_B12,reused_holdout,3,1,0.31475116729675806,1.0
B6_deficiency,cbc,selected,no_B12,reused_holdout,5,1,0.5396184886063462,1.0
B6_deficiency,cbc,identity,no_folate,reused_holdout,0,159,0.011072375488478566,0.031446540880503145
B6_deficiency,cbc,identity,no_folate,reused_holdout,1,6,0.15929043827562936,0.0
B6_deficiency,cbc,identity,no_folate,reused_holdout,2,2,0.2405871393083485,0.5
B6_deficiency,cbc,identity,no_folate,reused_holdout,5,1,0.5536551850202729,1.0
B6_deficiency,cbc,selected,no_folate,reused_holdout,0,149,0.022084250239095056,0.026845637583892617
B6_deficiency,cbc,selected,no_folate,reused_holdout,1,11,0.13072378394119347,0.09090909090909091
B6_deficiency,cbc,selected,no_folate,reused_holdout,2,6,0.24200661256639022,0.0
B6_deficiency,cbc,selected,no_folate,reused_holdout,3,1,0.31475116729675806,1.0
B6_deficiency,cbc,selected,no_folate,reused_holdout,5,1,0.5396184886063462,1.0
B6_deficiency,cbc,identity,no_B6,reused_holdout,0,159,0.011072375488478566,0.031446540880503145
B6_deficiency,cbc,identity,no_B6,reused_holdout,1,6,0.15929043827562936,0.0
B6_deficiency,cbc,identity,no_B6,reused_holdout,2,2,0.2405871393083485,0.5
B6_deficiency,cbc,identity,no_B6,reused_holdout,5,1,0.5536551850202729,1.0
B6_deficiency,cbc,selected,no_B6,reused_holdout,0,149,0.022084250239095056,0.026845637583892617
B6_deficiency,cbc,selected,no_B6,reused_holdout,1,11,0.13072378394119347,0.09090909090909091
B6_deficiency,cbc,selected,no_B6,reused_holdout,2,6,0.24200661256639022,0.0
B6_deficiency,cbc,selected,no_B6,reused_holdout,3,1,0.31475116729675806,1.0
B6_deficiency,cbc,selected,no_B6,reused_holdout,5,1,0.5396184886063462,1.0
B6_deficiency,cbc,identity,no_copper,reused_holdout,0,159,0.011072375488478566,0.031446540880503145
B6_deficiency,cbc,identity,no_copper,reused_holdout,1,6,0.15929043827562936,0.0
B6_deficiency,cbc,identity,no_copper,reused_holdout,2,2,0.2405871393083485,0.5
B6_deficiency,cbc,identity,no_copper,reused_holdout,5,1,0.5536551850202729,1.0
B6_deficiency,cbc,selected,no_copper,reused_holdout,0,149,0.022084250239095056,0.026845637583892617
B6_deficiency,cbc,selected,no_copper,reused_holdout,1,11,0.13072378394119347,0.09090909090909091
B6_deficiency,cbc,selected,no_copper,reused_holdout,2,6,0.24200661256639022,0.0
B6_deficiency,cbc,selected,no_copper,reused_holdout,3,1,0.31475116729675806,1.0
B6_deficiency,cbc,selected,no_copper,reused_holdout,5,1,0.5396184886063462,1.0
B6_deficiency,cbc,identity,no_hemoglobin,reused_holdout,0,154,0.010703054883749147,0.025974025974025976
B6_deficiency,cbc,identity,no_hemoglobin,reused_holdout,1,9,0.13110911778364315,0.1111111111111111
B6_deficiency,cbc,identity,no_hemoglobin,reused_holdout,2,3,0.2346496977705498,0.3333333333333333
B6_deficiency,cbc,identity,no_hemoglobin,reused_holdout,3,1,0.3835704733547583,0.0
B6_deficiency,cbc,identity,no_hemoglobin,reused_holdout,4,1,0.455716788105799,1.0
B6_deficiency,cbc,selected,no_hemoglobin,reused_holdout,0,144,0.02218989767301382,0.027777777777777776
B6_deficiency,cbc,selected,no_hemoglobin,reused_holdout,1,17,0.1454567236423159,0.058823529411764705
B6_deficiency,cbc,selected,no_hemoglobin,reused_holdout,2,4,0.2635616923211841,0.25
B6_deficiency,cbc,selected,no_hemoglobin,reused_holdout,3,1,0.3115318269771927,0.0
B6_deficiency,cbc,selected,no_hemoglobin,reused_holdout,4,2,0.44038858559116006,0.5
B6_deficiency,cbc,identity,no_demographics,reused_holdout,0,163,0.00822267803763393,0.03067484662576687
B6_deficiency,cbc,identity,no_demographics,reused_holdout,1,1,0.10457349142502409,0.0
B6_deficiency,cbc,identity,no_demographics,reused_holdout,2,3,0.25879799547372967,0.3333333333333333
B6_deficiency,cbc,identity,no_demographics,reused_holdout,5,1,0.5536551850202729,1.0
B6_deficiency,cbc,selected,no_demographics,reused_holdout,0,159,0.0207137740123654,0.031446540880503145
B6_deficiency,cbc,selected,no_demographics,reused_holdout,1,5,0.13633039171597938,0.0
B6_deficiency,cbc,selected,no_demographics,reused_holdout,2,1,0.2815665490027196,0.0
B6_deficiency,cbc,selected,no_demographics,reused_holdout,3,2,0.3315407997666736,0.5
B6_deficiency,cbc,selected,no_demographics,reused_holdout,5,1,0.5396184886063462,1.0
copper_deficiency,primary,identity,available,reused_holdout,0,162,0.0007142788780261647,0.006172839506172839
copper_deficiency,primary,identity,available,reused_holdout,1,1,0.12435342315754412,1.0
copper_deficiency,primary,identity,available,reused_holdout,5,1,0.5364242249232403,1.0
copper_deficiency,primary,identity,available,reused_holdout,9,4,0.9788424496043449,1.0
copper_deficiency,primary,selected,available,reused_holdout,0,162,0.002772926873499056,0.006172839506172839
copper_deficiency,primary,selected,available,reused_holdout,2,1,0.20215529648065073,1.0
copper_deficiency,primary,selected,available,reused_holdout,5,1,0.5904389566601392,1.0
copper_deficiency,primary,selected,available,reused_holdout,9,4,0.9701383358802812,1.0
copper_deficiency,primary,identity,drop30,reused_holdout,0,164,0.0030947242058775282,0.018292682926829267
copper_deficiency,primary,identity,drop30,reused_holdout,6,1,0.6274825474124056,1.0
copper_deficiency,primary,identity,drop30,reused_holdout,9,3,0.9847747044098992,1.0
copper_deficiency,primary,selected,drop30,reused_holdout,0,163,0.007934091045477468,0.018404907975460124
copper_deficiency,primary,selected,drop30,reused_holdout,1,1,0.13140226822290965,0.0
copper_deficiency,primary,selected,drop30,reused_holdout,6,1,0.6630636436482762,1.0
copper_deficiency,primary,selected,drop30,reused_holdout,9,3,0.9769060897091683,1.0
copper_deficiency,primary,identity,drop60,reused_holdout,0,165,0.005701588169231613,0.024242424242424242
copper_deficiency,primary,identity,drop60,reused_holdout,7,2,0.7320078014969903,1.0
copper_deficiency,primary,identity,drop60,reused_holdout,9,1,0.9969795383874684,1.0
copper_deficiency,primary,selected,drop60,reused_holdout,0,161,0.012641626897770543,0.024844720496894408
copper_deficiency,primary,selected,drop60,reused_holdout,1,4,0.11414277629300976,0.0
copper_deficiency,primary,selected,drop60,reused_holdout,7,2,0.7461055853782634,1.0
copper_deficiency,primary,selected,drop60,reused_holdout,9,1,0.9936397990027583,1.0
copper_deficiency,primary,identity,cbc_only,reused_holdout,0,168,0.0003629809005211064,0.041666666666666664
copper_deficiency,primary,selected,cbc_only,reused_holdout,0,168,0.001751836829667475,0.041666666666666664
copper_deficiency,primary,identity,hb_only,reused_holdout,0,168,0.004071282353693091,0.041666666666666664
copper_deficiency,primary,selected,hb_only,reused_holdout,0,168,0.01320604152984362,0.041666666666666664
copper_deficiency,primary,identity,no_iron,reused_holdout,0,162,0.0008190939654194825,0.006172839506172839
copper_deficiency,primary,identity,no_iron,reused_holdout,1,1,0.12232559225212816,1.0
copper_deficiency,primary,identity,no_iron,reused_holdout,5,1,0.5026134060931721,1.0
copper_deficiency,primary,identity,no_iron,reused_holdout,9,4,0.9809622683038257,1.0
copper_deficiency,primary,selected,no_iron,reused_holdout,0,162,0.0031264289983886913,0.006172839506172839
copper_deficiency,primary,selected,no_iron,reused_holdout,1,1,0.1996598538530807,1.0
copper_deficiency,primary,selected,no_iron,reused_holdout,5,1,0.5630318389305332,1.0
copper_deficiency,primary,selected,no_iron,reused_holdout,9,4,0.972238587495785,1.0
copper_deficiency,primary,identity,no_B12,reused_holdout,0,162,0.0007295972773220446,0.006172839506172839
copper_deficiency,primary,identity,no_B12,reused_holdout,1,1,0.1270413279627319,1.0
copper_deficiency,primary,identity,no_B12,reused_holdout,5,1,0.5643623181926088,1.0
copper_deficiency,primary,identity,no_B12,reused_holdout,9,4,0.9785080899979408,1.0
copper_deficiency,primary,selected,no_B12,reused_holdout,0,162,0.0028288069839015463,0.006172839506172839
copper_deficiency,primary,selected,no_B12,reused_holdout,2,1,0.20544465483901495,1.0
copper_deficiency,primary,selected,no_B12,reused_holdout,6,1,0.6128664377968388,1.0
copper_deficiency,primary,selected,no_B12,reused_holdout,9,4,0.9699865079247973,1.0
copper_deficiency,primary,identity,no_folate,reused_holdout,0,162,0.000751713712778137,0.006172839506172839
copper_deficiency,primary,identity,no_folate,reused_holdout,1,1,0.1306880251834168,1.0
copper_deficiency,primary,identity,no_folate,reused_holdout,5,1,0.5431892822408935,1.0
copper_deficiency,primary,identity,no_folate,reused_holdout,9,4,0.9780723040469785,1.0
copper_deficiency,primary,selected,no_folate,reused_holdout,0,162,0.0028975055258620127,0.006172839506172839
copper_deficiency,primary,selected,no_folate,reused_holdout,2,1,0.20987470126348354,1.0
copper_deficiency,primary,selected,no_folate,reused_holdout,5,1,0.5958857574308944,1.0
copper_deficiency,primary,selected,no_folate,reused_holdout,9,4,0.9693719515974665,1.0
copper_deficiency,primary,identity,no_B6,reused_holdout,0,162,0.0007144557796428633,0.006172839506172839
copper_deficiency,primary,identity,no_B6,reused_holdout,1,1,0.12490761207380248,1.0
copper_deficiency,primary,identity,no_B6,reused_holdout,5,1,0.5364242249232403,1.0
copper_deficiency,primary,identity,no_B6,reused_holdout,9,4,0.9788491026645523,1.0
copper_deficiency,primary,selected,no_B6,reused_holdout,0,162,0.0027735022601956226,0.006172839506172839
copper_deficiency,primary,selected,no_B6,reused_holdout,2,1,0.2028351925754022,1.0
copper_deficiency,primary,selected,no_B6,reused_holdout,5,1,0.5904389566601392,1.0
copper_deficiency,primary,selected,no_B6,reused_holdout,9,4,0.9701470558260168,1.0
copper_deficiency,primary,identity,no_copper,reused_holdout,0,168,0.0003101718341616476,0.041666666666666664
copper_deficiency,primary,selected,no_copper,reused_holdout,0,168,0.001525075253651927,0.041666666666666664
copper_deficiency,primary,identity,no_hemoglobin,reused_holdout,0,162,0.0007889818905773522,0.006172839506172839
copper_deficiency,primary,identity,no_hemoglobin,reused_holdout,1,1,0.11026415911385229,1.0
copper_deficiency,primary,identity,no_hemoglobin,reused_holdout,5,1,0.5475511170386315,1.0
copper_deficiency,primary,identity,no_hemoglobin,reused_holdout,9,4,0.9781441073153494,1.0
copper_deficiency,primary,selected,no_hemoglobin,reused_holdout,0,162,0.0030269259038982256,0.006172839506172839
copper_deficiency,primary,selected,no_hemoglobin,reused_holdout,1,1,0.1845574892542084,1.0
copper_deficiency,primary,selected,no_hemoglobin,reused_holdout,5,1,0.5993918841808076,1.0
copper_deficiency,primary,selected,no_hemoglobin,reused_holdout,9,4,0.9691412708359385,1.0
copper_deficiency,primary,identity,no_demographics,reused_holdout,0,162,0.0007980322039530146,0.006172839506172839
copper_deficiency,primary,identity,no_demographics,reused_holdout,1,1,0.15996517521070885,1.0
copper_deficiency,primary,identity,no_demographics,reused_holdout,5,1,0.5564818096150316,1.0
copper_deficiency,primary,identity,no_demographics,reused_holdout,9,4,0.9816710046602398,1.0
copper_deficiency,primary,selected,no_demographics,reused_holdout,0,162,0.0029984525962972325,0.006172839506172839
copper_deficiency,primary,selected,no_demographics,reused_holdout,2,1,0.24420725480829283,1.0
copper_deficiency,primary,selected,no_demographics,reused_holdout,6,1,0.6065573348805929,1.0
copper_deficiency,primary,selected,no_demographics,reused_holdout,9,4,0.9735178340271206,1.0
copper_deficiency,cbc,identity,available,reused_holdout,0,159,0.010844723944098482,0.0440251572327044
copper_deficiency,cbc,identity,available,reused_holdout,1,6,0.11909976048215128,0.0
copper_deficiency,cbc,identity,available,reused_holdout,2,3,0.21473679402123655,0.0
copper_deficiency,cbc,selected,available,reused_holdout,0,153,0.017486331320616177,0.0457516339869281
copper_deficiency,cbc,selected,available,reused_holdout,1,12,0.14574189467387358,0.0
copper_deficiency,cbc,selected,available,reused_holdout,2,3,0.2596914293664854,0.0
copper_deficiency,cbc,identity,drop30,reused_holdout,0,103,0.016663970739629577,0.02912621359223301
copper_deficiency,cbc,identity,drop30,reused_holdout,1,12,0.15402480489732887,0.0
copper_deficiency,cbc,identity,drop30,reused_holdout,2,11,0.2402971347342442,0.09090909090909091
copper_deficiency,cbc,identity,drop30,reused_holdout,3,7,0.3695186528976227,0.14285714285714285
copper_deficiency,cbc,identity,drop30,reused_holdout,4,11,0.447219436256932,0.09090909090909091
copper_deficiency,cbc,identity,drop30,reused_holdout,5,14,0.5527070092824174,0.0
copper_deficiency,cbc,identity,drop30,reused_holdout,6,4,0.6254468591721914,0.0
copper_deficiency,cbc,identity,drop30,reused_holdout,7,3,0.7350988795985557,0.0
copper_deficiency,cbc,identity,drop30,reused_holdout,8,3,0.835179458218842,0.3333333333333333
copper_deficiency,cbc,selected,drop30,reused_holdout,0,96,0.025621128702721926,0.03125
copper_deficiency,cbc,selected,drop30,reused_holdout,1,14,0.14499413197171435,0.0
copper_deficiency,cbc,selected,drop30,reused_holdout,2,12,0.25345520676671146,0.08333333333333333
copper_deficiency,cbc,selected,drop30,reused_holdout,3,8,0.3453193149209367,0.125
copper_deficiency,cbc,selected,drop30,reused_holdout,4,14,0.447565417549194,0.07142857142857142
copper_deficiency,cbc,selected,drop30,reused_holdout,5,16,0.5488215244272354,0.0
copper_deficiency,cbc,selected,drop30,reused_holdout,6,3,0.6306457262698236,0.0
copper_deficiency,cbc,selected,drop30,reused_holdout,7,4,0.7408124725589174,0.0
copper_deficiency,cbc,selected,drop30,reused_holdout,8,1,0.819534524022047,1.0
copper_deficiency,cbc,identity,drop60,reused_holdout,0,45,0.028787707283712795,0.044444444444444446
copper_deficiency,cbc,identity,drop60,reused_holdout,1,11,0.13630162145193378,0.0
copper_deficiency,cbc,identity,drop60,reused_holdout,2,12,0.24443799628883853,0.16666666666666666
copper_deficiency,cbc,identity,drop60,reused_holdout,3,22,0.36623248679579046,0.0
copper_deficiency,cbc,identity,drop60,reused_holdout,4,31,0.45084613141371394,0.0967741935483871
copper_deficiency,cbc,identity,drop60,reused_holdout,5,11,0.5490741596815035,0.0
copper_deficiency,cbc,identity,drop60,reused_holdout,6,22,0.6410746906407655,0.0
copper_deficiency,cbc,identity,drop60,reused_holdout,7,9,0.7508768117544413,0.0
copper_deficiency,cbc,identity,drop60,reused_holdout,8,4,0.8333916193308084,0.0
copper_deficiency,cbc,identity,drop60,reused_holdout,9,1,0.9263813447578761,0.0
copper_deficiency,cbc,selected,drop60,reused_holdout,0,41,0.042555681931402835,0.04878048780487805
copper_deficiency,cbc,selected,drop60,reused_holdout,1,11,0.15165470522724586,0.0
copper_deficiency,cbc,selected,drop60,reused_holdout,2,11,0.24761780969434544,0.09090909090909091
copper_deficiency,cbc,selected,drop60,reused_holdout,3,18,0.36096142967398537,0.05555555555555555
copper_deficiency,cbc,selected,drop60,reused_holdout,4,40,0.44884628262704424,0.075
copper_deficiency,cbc,selected,drop60,reused_holdout,5,15,0.5516209564939294,0.0
copper_deficiency,cbc,selected,drop60,reused_holdout,6,22,0.6337257356435644,0.0
copper_deficiency,cbc,selected,drop60,reused_holdout,7,8,0.7433218459643339,0.0
copper_deficiency,cbc,selected,drop60,reused_holdout,8,2,0.8622440276033845,0.0
copper_deficiency,cbc,identity,cbc_only,reused_holdout,0,159,0.010844723944098482,0.0440251572327044
copper_deficiency,cbc,identity,cbc_only,reused_holdout,1,6,0.11909976048215128,0.0
copper_deficiency,cbc,identity,cbc_only,reused_holdout,2,3,0.21473679402123655,0.0
copper_deficiency,cbc,selected,cbc_only,reused_holdout,0,153,0.017486331320616177,0.0457516339869281
copper_deficiency,cbc,selected,cbc_only,reused_holdout,1,12,0.14574189467387358,0.0
copper_deficiency,cbc,selected,cbc_only,reused_holdout,2,3,0.2596914293664854,0.0
copper_deficiency,cbc,identity,hb_only,reused_holdout,3,6,0.3853817191149413,0.0
copper_deficiency,cbc,identity,hb_only,reused_holdout,4,59,0.4616845446455195,0.01694915254237288
copper_deficiency,cbc,identity,hb_only,reused_holdout,5,66,0.5405269740439882,0.06060606060606061
copper_deficiency,cbc,identity,hb_only,reused_holdout,6,35,0.6365967239436457,0.05714285714285714
copper_deficiency,cbc,identity,hb_only,reused_holdout,7,2,0.7279869458624462,0.0
copper_deficiency,cbc,selected,hb_only,reused_holdout,4,65,0.4632528126654164,0.015384615384615385
copper_deficiency,cbc,selected,hb_only,reused_holdout,5,78,0.5411957654924887,0.0641025641025641
copper_deficiency,cbc,selected,hb_only,reused_holdout,6,24,0.6261523175353882,0.041666666666666664
copper_deficiency,cbc,selected,hb_only,reused_holdout,7,1,0.7022315788558224,0.0
copper_deficiency,cbc,identity,no_iron,reused_holdout,0,159,0.010844723944098482,0.0440251572327044
copper_deficiency,cbc,identity,no_iron,reused_holdout,1,6,0.11909976048215128,0.0
copper_deficiency,cbc,identity,no_iron,reused_holdout,2,3,0.21473679402123655,0.0
copper_deficiency,cbc,selected,no_iron,reused_holdout,0,153,0.017486331320616177,0.0457516339869281
copper_deficiency,cbc,selected,no_iron,reused_holdout,1,12,0.14574189467387358,0.0
copper_deficiency,cbc,selected,no_iron,reused_holdout,2,3,0.2596914293664854,0.0
copper_deficiency,cbc,identity,no_B12,reused_holdout,0,159,0.010844723944098482,0.0440251572327044
copper_deficiency,cbc,identity,no_B12,reused_holdout,1,6,0.11909976048215128,0.0
copper_deficiency,cbc,identity,no_B12,reused_holdout,2,3,0.21473679402123655,0.0
copper_deficiency,cbc,selected,no_B12,reused_holdout,0,153,0.017486331320616177,0.0457516339869281
copper_deficiency,cbc,selected,no_B12,reused_holdout,1,12,0.14574189467387358,0.0
copper_deficiency,cbc,selected,no_B12,reused_holdout,2,3,0.2596914293664854,0.0
copper_deficiency,cbc,identity,no_folate,reused_holdout,0,159,0.010844723944098482,0.0440251572327044
copper_deficiency,cbc,identity,no_folate,reused_holdout,1,6,0.11909976048215128,0.0
copper_deficiency,cbc,identity,no_folate,reused_holdout,2,3,0.21473679402123655,0.0
copper_deficiency,cbc,selected,no_folate,reused_holdout,0,153,0.017486331320616177,0.0457516339869281
copper_deficiency,cbc,selected,no_folate,reused_holdout,1,12,0.14574189467387358,0.0
copper_deficiency,cbc,selected,no_folate,reused_holdout,2,3,0.2596914293664854,0.0
copper_deficiency,cbc,identity,no_B6,reused_holdout,0,159,0.010844723944098482,0.0440251572327044
copper_deficiency,cbc,identity,no_B6,reused_holdout,1,6,0.11909976048215128,0.0
copper_deficiency,cbc,identity,no_B6,reused_holdout,2,3,0.21473679402123655,0.0
copper_deficiency,cbc,selected,no_B6,reused_holdout,0,153,0.017486331320616177,0.0457516339869281
copper_deficiency,cbc,selected,no_B6,reused_holdout,1,12,0.14574189467387358,0.0
copper_deficiency,cbc,selected,no_B6,reused_holdout,2,3,0.2596914293664854,0.0
copper_deficiency,cbc,identity,no_copper,reused_holdout,0,159,0.010844723944098482,0.0440251572327044
copper_deficiency,cbc,identity,no_copper,reused_holdout,1,6,0.11909976048215128,0.0
copper_deficiency,cbc,identity,no_copper,reused_holdout,2,3,0.21473679402123655,0.0
copper_deficiency,cbc,selected,no_copper,reused_holdout,0,153,0.017486331320616177,0.0457516339869281
copper_deficiency,cbc,selected,no_copper,reused_holdout,1,12,0.14574189467387358,0.0
copper_deficiency,cbc,selected,no_copper,reused_holdout,2,3,0.2596914293664854,0.0
copper_deficiency,cbc,identity,no_hemoglobin,reused_holdout,0,159,0.011723824222927386,0.0440251572327044
copper_deficiency,cbc,identity,no_hemoglobin,reused_holdout,1,9,0.13559621834100236,0.0
copper_deficiency,cbc,selected,no_hemoglobin,reused_holdout,0,154,0.020534108026550094,0.045454545454545456
copper_deficiency,cbc,selected,no_hemoglobin,reused_holdout,1,11,0.14257799855141812,0.0
copper_deficiency,cbc,selected,no_hemoglobin,reused_holdout,2,3,0.2233950770940648,0.0
copper_deficiency,cbc,identity,no_demographics,reused_holdout,0,157,0.014139081001426952,0.044585987261146494
copper_deficiency,cbc,identity,no_demographics,reused_holdout,1,8,0.15097365372028035,0.0
copper_deficiency,cbc,identity,no_demographics,reused_holdout,2,3,0.2341768033527519,0.0
copper_deficiency,cbc,selected,no_demographics,reused_holdout,0,149,0.02203083717638534,0.03355704697986577
copper_deficiency,cbc,selected,no_demographics,reused_holdout,1,13,0.14615297424235626,0.15384615384615385
copper_deficiency,cbc,selected,no_demographics,reused_holdout,2,6,0.25046425700610314,0.0
inflammation_anemia,primary,identity,available,reused_holdout,0,154,0.003969754283003072,0.0
inflammation_anemia,primary,identity,available,reused_holdout,1,1,0.14161353320147343,0.0
inflammation_anemia,primary,identity,available,reused_holdout,6,1,0.6832779206213472,1.0
inflammation_anemia,primary,identity,available,reused_holdout,9,12,0.9892856300437751,1.0
inflammation_anemia,primary,selected,available,reused_holdout,0,154,0.0036493402697055583,0.0
inflammation_anemia,primary,selected,available,reused_holdout,1,1,0.15703523136289804,0.0
inflammation_anemia,primary,selected,available,reused_holdout,7,1,0.760005926212425,1.0
inflammation_anemia,primary,selected,available,reused_holdout,9,12,0.994769502066356,1.0
inflammation_anemia,primary,identity,drop30,reused_holdout,0,154,0.008272209615536227,0.0
inflammation_anemia,primary,identity,drop30,reused_holdout,1,2,0.1317506512677858,0.5
inflammation_anemia,primary,identity,drop30,reused_holdout,5,1,0.5278664011876293,1.0
inflammation_anemia,primary,identity,drop30,reused_holdout,7,1,0.7693108929040705,1.0
inflammation_anemia,primary,identity,drop30,reused_holdout,8,1,0.8732294461914403,1.0
inflammation_anemia,primary,identity,drop30,reused_holdout,9,9,0.9730499987415409,1.0
inflammation_anemia,primary,selected,drop30,reused_holdout,0,154,0.007838477008078241,0.0
inflammation_anemia,primary,selected,drop30,reused_holdout,1,2,0.14534740652174885,0.5
inflammation_anemia,primary,selected,drop30,reused_holdout,6,1,0.6054779791537284,1.0
inflammation_anemia,primary,selected,drop30,reused_holdout,8,1,0.8365397371758879,1.0
inflammation_anemia,primary,selected,drop30,reused_holdout,9,10,0.9785132052466718,1.0
inflammation_anemia,primary,identity,drop60,reused_holdout,0,150,0.013249756089654492,0.013333333333333334
inflammation_anemia,primary,identity,drop60,reused_holdout,1,3,0.142984176419239,0.3333333333333333
inflammation_anemia,primary,identity,drop60,reused_holdout,2,3,0.23531845900651968,0.0
inflammation_anemia,primary,identity,drop60,reused_holdout,3,2,0.33777112119381636,0.5
inflammation_anemia,primary,identity,drop60,reused_holdout,4,2,0.46286450900795,0.5
inflammation_anemia,primary,identity,drop60,reused_holdout,5,1,0.5652364310146667,1.0
inflammation_anemia,primary,identity,drop60,reused_holdout,7,2,0.7344730428536494,1.0
inflammation_anemia,primary,identity,drop60,reused_holdout,8,1,0.8670346590315628,1.0
inflammation_anemia,primary,identity,drop60,reused_holdout,9,4,0.9765928628572067,1.0
inflammation_anemia,primary,selected,drop60,reused_holdout,0,149,0.011925871637916653,0.013422818791946308
inflammation_anemia,primary,selected,drop60,reused_holdout,1,4,0.14559669693653562,0.25
inflammation_anemia,primary,selected,drop60,reused_holdout,2,2,0.2516027694458707,0.0
inflammation_anemia,primary,selected,drop60,reused_holdout,3,2,0.34022343194589105,0.0
inflammation_anemia,primary,selected,drop60,reused_holdout,4,1,0.4119296752566499,1.0
inflammation_anemia,primary,selected,drop60,reused_holdout,5,2,0.5352220611025937,0.5
inflammation_anemia,primary,selected,drop60,reused_holdout,6,1,0.6444194735959418,1.0
inflammation_anemia,primary,selected,drop60,reused_holdout,7,1,0.793176921144349,1.0
inflammation_anemia,primary,selected,drop60,reused_holdout,8,1,0.8193705743291919,1.0
inflammation_anemia,primary,selected,drop60,reused_holdout,9,5,0.9731830461175516,1.0
inflammation_anemia,primary,identity,cbc_only,reused_holdout,0,144,0.013935318162006395,0.006944444444444444
inflammation_anemia,primary,identity,cbc_only,reused_holdout,1,11,0.13670339296390394,0.36363636363636365
inflammation_anemia,primary,identity,cbc_only,reused_holdout,2,4,0.23387525746036975,0.5
inflammation_anemia,primary,identity,cbc_only,reused_holdout,3,1,0.39199018759751253,1.0
inflammation_anemia,primary,identity,cbc_only,reused_holdout,4,1,0.4721852323744605,0.0
inflammation_anemia,primary,identity,cbc_only,reused_holdout,5,1,0.5527955370701743,0.0
inflammation_anemia,primary,identity,cbc_only,reused_holdout,7,1,0.7085621277301818,1.0
inflammation_anemia,primary,identity,cbc_only,reused_holdout,8,4,0.8376194225202644,1.0
inflammation_anemia,primary,identity,cbc_only,reused_holdout,9,1,0.927140557468002,0.0
inflammation_anemia,primary,selected,cbc_only,reused_holdout,0,142,0.01254541137229594,0.007042253521126761
inflammation_anemia,primary,selected,cbc_only,reused_holdout,1,11,0.13178494908727845,0.18181818181818182
inflammation_anemia,primary,selected,cbc_only,reused_holdout,2,5,0.23409377552622868,0.8
inflammation_anemia,primary,selected,cbc_only,reused_holdout,3,1,0.3237291211995544,0.0
inflammation_anemia,primary,selected,cbc_only,reused_holdout,4,1,0.45552511927333983,1.0
inflammation_anemia,primary,selected,cbc_only,reused_holdout,5,1,0.5455326899198386,0.0
inflammation_anemia,primary,selected,cbc_only,reused_holdout,6,1,0.6315747802086732,0.0
inflammation_anemia,primary,selected,cbc_only,reused_holdout,7,1,0.7832052202184042,1.0
inflammation_anemia,primary,selected,cbc_only,reused_holdout,8,3,0.8875551782581775,1.0
inflammation_anemia,primary,selected,cbc_only,reused_holdout,9,2,0.931452210537079,0.5
inflammation_anemia,primary,identity,hb_only,reused_holdout,0,168,0.0228652087781645,0.07738095238095238
inflammation_anemia,primary,selected,hb_only,reused_holdout,0,168,0.02215363121068814,0.07738095238095238
inflammation_anemia,primary,identity,no_iron,reused_holdout,0,150,0.0075247744250834065,0.0
inflammation_anemia,primary,identity,no_iron,reused_holdout,1,2,0.1757904852217252,0.0
inflammation_anemia,primary,identity,no_iron,reused_holdout,2,1,0.22839937913334524,0.0
inflammation_anemia,primary,identity,no_iron,reused_holdout,3,2,0.3467934930030774,0.0
inflammation_anemia,primary,identity,no_iron,reused_holdout,5,1,0.569635832192542,1.0
inflammation_anemia,primary,identity,no_iron,reused_holdout,8,1,0.8853685397876307,1.0
inflammation_anemia,primary,identity,no_iron,reused_holdout,9,11,0.9773810081190111,1.0
inflammation_anemia,primary,selected,no_iron,reused_holdout,0,150,0.007156162020881827,0.0
inflammation_anemia,primary,selected,no_iron,reused_holdout,1,1,0.18539865354078497,0.0
inflammation_anemia,primary,selected,no_iron,reused_holdout,2,2,0.2364731858394373,0.0
inflammation_anemia,primary,selected,no_iron,reused_holdout,3,1,0.36597849481096933,0.0
inflammation_anemia,primary,selected,no_iron,reused_holdout,4,1,0.43982442863668614,0.0
inflammation_anemia,primary,selected,no_iron,reused_holdout,6,1,0.6489326641570602,1.0
inflammation_anemia,primary,selected,no_iron,reused_holdout,9,12,0.9827982338506062,1.0
inflammation_anemia,primary,identity,no_B12,reused_holdout,0,154,0.004154998195935319,0.0
inflammation_anemia,primary,identity,no_B12,reused_holdout,1,1,0.13526737137761485,0.0
inflammation_anemia,primary,identity,no_B12,reused_holdout,6,1,0.6981021166863525,1.0
inflammation_anemia,primary,identity,no_B12,reused_holdout,9,12,0.9898900214890934,1.0
inflammation_anemia,primary,selected,no_B12,reused_holdout,0,154,0.003845851291810455,0.0
inflammation_anemia,primary,selected,no_B12,reused_holdout,1,1,0.14942734961681525,0.0
inflammation_anemia,primary,selected,no_B12,reused_holdout,7,1,0.7736773588038246,1.0
inflammation_anemia,primary,selected,no_B12,reused_holdout,9,12,0.9950919893587824,1.0
inflammation_anemia,primary,identity,no_folate,reused_holdout,0,154,0.003999273230998078,0.0
inflammation_anemia,primary,identity,no_folate,reused_holdout,1,1,0.13694270474766843,0.0
inflammation_anemia,primary,identity,no_folate,reused_holdout,6,1,0.6691090268248411,1.0
inflammation_anemia,primary,identity,no_folate,reused_holdout,9,12,0.9895242231023457,1.0
inflammation_anemia,primary,selected,no_folate,reused_holdout,0,154,0.0036760374329632612,0.0
inflammation_anemia,primary,selected,no_folate,reused_holdout,1,1,0.15143412882977753,0.0
inflammation_anemia,primary,selected,no_folate,reused_holdout,7,1,0.7467567286607478,1.0
inflammation_anemia,primary,selected,no_folate,reused_holdout,9,12,0.9948932012536469,1.0
inflammation_anemia,primary,identity,no_B6,reused_holdout,0,154,0.004136903207732713,0.0
inflammation_anemia,primary,identity,no_B6,reused_holdout,1,1,0.14161353320147343,0.0
inflammation_anemia,primary,identity,no_B6,reused_holdout,6,1,0.6832779206213472,1.0
inflammation_anemia,primary,identity,no_B6,reused_holdout,9,12,0.9903176832129978,1.0
inflammation_anemia,primary,selected,no_B6,reused_holdout,0,154,0.0038269889704004804,0.0
inflammation_anemia,primary,selected,no_B6,reused_holdout,1,1,0.15703523136289804,0.0
inflammation_anemia,primary,selected,no_B6,reused_holdout,7,1,0.760005926212425,1.0
inflammation_anemia,primary,selected,no_B6,reused_holdout,9,12,0.9953490413429038,1.0
inflammation_anemia,primary,identity,no_copper,reused_holdout,0,154,0.0039606498698786735,0.0
inflammation_anemia,primary,identity,no_copper,reused_holdout,1,1,0.14040677635608131,0.0
inflammation_anemia,primary,identity,no_copper,reused_holdout,6,1,0.6832779206213472,1.0
inflammation_anemia,primary,identity,no_copper,reused_holdout,9,12,0.989284640593545,1.0
inflammation_anemia,primary,selected,no_copper,reused_holdout,0,154,0.003641768597521536,0.0
inflammation_anemia,primary,selected,no_copper,reused_holdout,1,1,0.15558728531723587,0.0
inflammation_anemia,primary,selected,no_copper,reused_holdout,7,1,0.760005926212425,1.0
inflammation_anemia,primary,selected,no_copper,reused_holdout,9,12,0.994768920926945,1.0
inflammation_anemia,primary,identity,no_hemoglobin,reused_holdout,0,154,0.004706369363200532,0.0
inflammation_anemia,primary,identity,no_hemoglobin,reused_holdout,1,1,0.14967303189587763,0.0
inflammation_anemia,primary,identity,no_hemoglobin,reused_holdout,6,1,0.6985866521264743,1.0
inflammation_anemia,primary,identity,no_hemoglobin,reused_holdout,9,12,0.9901662067149143,1.0
inflammation_anemia,primary,selected,no_hemoglobin,reused_holdout,0,154,0.004253858105332834,0.0
inflammation_anemia,primary,selected,no_hemoglobin,reused_holdout,1,1,0.16671926852284472,0.0
inflammation_anemia,primary,selected,no_hemoglobin,reused_holdout,7,1,0.7741208958578644,1.0
inflammation_anemia,primary,selected,no_hemoglobin,reused_holdout,9,12,0.9952571759083826,1.0
inflammation_anemia,primary,identity,no_demographics,reused_holdout,0,154,0.008445123299405067,0.0
inflammation_anemia,primary,identity,no_demographics,reused_holdout,4,1,0.4319621602193237,0.0
inflammation_anemia,primary,identity,no_demographics,reused_holdout,6,1,0.6735425333483406,1.0
inflammation_anemia,primary,identity,no_demographics,reused_holdout,9,12,0.9916786376631409,1.0
inflammation_anemia,primary,selected,no_demographics,reused_holdout,0,154,0.00788897736421539,0.0
inflammation_anemia,primary,selected,no_demographics,reused_holdout,5,1,0.500895269743105,0.0
inflammation_anemia,primary,selected,no_demographics,reused_holdout,7,1,0.750921441069596,1.0
inflammation_anemia,primary,selected,no_demographics,reused_holdout,9,12,0.9960114211835881,1.0
inflammation_anemia,cbc,identity,available,reused_holdout,0,141,0.01169569799676403,0.014184397163120567
inflammation_anemia,cbc,identity,available,reused_holdout,1,8,0.15404245623543245,0.25
inflammation_anemia,cbc,identity,available,reused_holdout,2,2,0.24119238083956984,0.0
inflammation_anemia,cbc,identity,available,reused_holdout,3,4,0.34762674219590306,0.5
inflammation_anemia,cbc,identity,available,reused_holdout,4,3,0.47787162627261104,0.3333333333333333
inflammation_anemia,cbc,identity,available,reused_holdout,5,1,0.5134365471177679,0.0
inflammation_anemia,cbc,identity,available,reused_holdout,6,3,0.6463199927788345,1.0
inflammation_anemia,cbc,identity,available,reused_holdout,7,1,0.7991005154991623,1.0
inflammation_anemia,cbc,identity,available,reused_holdout,8,3,0.8551537317694353,0.6666666666666666
inflammation_anemia,cbc,identity,available,reused_holdout,9,2,0.9412621649163951,0.0
inflammation_anemia,cbc,selected,available,reused_holdout,0,132,0.01726642580856373,0.0
inflammation_anemia,cbc,selected,available,reused_holdout,1,12,0.13050245148540726,0.25
inflammation_anemia,cbc,selected,available,reused_holdout,2,6,0.23927468879269895,0.16666666666666666
inflammation_anemia,cbc,selected,available,reused_holdout,3,3,0.33761880595707794,0.0
inflammation_anemia,cbc,selected,available,reused_holdout,4,5,0.45270284426518187,0.6
inflammation_anemia,cbc,selected,available,reused_holdout,5,2,0.5467859400131616,0.5
inflammation_anemia,cbc,selected,available,reused_holdout,6,2,0.6312373110462743,1.0
inflammation_anemia,cbc,selected,available,reused_holdout,7,3,0.7684388389989193,1.0
inflammation_anemia,cbc,selected,available,reused_holdout,8,2,0.8640370733238054,0.0
inflammation_anemia,cbc,selected,available,reused_holdout,9,1,0.9022677371739033,0.0
inflammation_anemia,cbc,identity,drop30,reused_holdout,0,147,0.01675903814189302,0.04081632653061224
inflammation_anemia,cbc,identity,drop30,reused_holdout,1,5,0.1244961169976653,0.0
inflammation_anemia,cbc,identity,drop30,reused_holdout,2,5,0.24883919310505828,0.4
inflammation_anemia,cbc,identity,drop30,reused_holdout,3,3,0.33158077720430823,0.3333333333333333
inflammation_anemia,cbc,identity,drop30,reused_holdout,4,3,0.4864249730251591,0.3333333333333333
inflammation_anemia,cbc,identity,drop30,reused_holdout,5,1,0.5823079659597833,1.0
inflammation_anemia,cbc,identity,drop30,reused_holdout,6,1,0.6970195992383679,0.0
inflammation_anemia,cbc,identity,drop30,reused_holdout,7,1,0.778945309863622,1.0
inflammation_anemia,cbc,identity,drop30,reused_holdout,8,2,0.8479201928958702,0.5
inflammation_anemia,cbc,selected,drop30,reused_holdout,0,133,0.024259466141988678,0.015037593984962405
inflammation_anemia,cbc,selected,drop30,reused_holdout,1,18,0.13084852833797403,0.2222222222222222
inflammation_anemia,cbc,selected,drop30,reused_holdout,2,4,0.2671490585523812,0.25
inflammation_anemia,cbc,selected,drop30,reused_holdout,3,5,0.3514302408084147,0.4
inflammation_anemia,cbc,selected,drop30,reused_holdout,4,3,0.4894577460164695,0.3333333333333333
inflammation_anemia,cbc,selected,drop30,reused_holdout,5,1,0.5641297514469094,1.0
inflammation_anemia,cbc,selected,drop30,reused_holdout,6,1,0.6562880959867734,0.0
inflammation_anemia,cbc,selected,drop30,reused_holdout,7,2,0.7368767744235227,1.0
inflammation_anemia,cbc,selected,drop30,reused_holdout,8,1,0.8400834487625549,0.0
inflammation_anemia,cbc,identity,drop60,reused_holdout,0,155,0.01730235696117399,0.05806451612903226
inflammation_anemia,cbc,identity,drop60,reused_holdout,1,7,0.1373249776204232,0.2857142857142857
inflammation_anemia,cbc,identity,drop60,reused_holdout,2,3,0.22495611739308055,0.0
inflammation_anemia,cbc,identity,drop60,reused_holdout,3,1,0.341355534168295,1.0
inflammation_anemia,cbc,identity,drop60,reused_holdout,4,1,0.4328075323102652,0.0
inflammation_anemia,cbc,identity,drop60,reused_holdout,5,1,0.5238444867386368,1.0
inflammation_anemia,cbc,selected,drop60,reused_holdout,0,142,0.028321237740210756,0.056338028169014086
inflammation_anemia,cbc,selected,drop60,reused_holdout,1,18,0.1379104932182916,0.16666666666666666
inflammation_anemia,cbc,selected,drop60,reused_holdout,2,5,0.25749597364104604,0.0
inflammation_anemia,cbc,selected,drop60,reused_holdout,3,1,0.3751348405775915,1.0
inflammation_anemia,cbc,selected,drop60,reused_holdout,4,1,0.44771087293393297,0.0
inflammation_anemia,cbc,selected,drop60,reused_holdout,5,1,0.5185167780881067,1.0
inflammation_anemia,cbc,identity,cbc_only,reused_holdout,0,141,0.01169569799676403,0.014184397163120567
inflammation_anemia,cbc,identity,cbc_only,reused_holdout,1,8,0.15404245623543245,0.25
inflammation_anemia,cbc,identity,cbc_only,reused_holdout,2,2,0.24119238083956984,0.0
inflammation_anemia,cbc,identity,cbc_only,reused_holdout,3,4,0.34762674219590306,0.5
inflammation_anemia,cbc,identity,cbc_only,reused_holdout,4,3,0.47787162627261104,0.3333333333333333
inflammation_anemia,cbc,identity,cbc_only,reused_holdout,5,1,0.5134365471177679,0.0
inflammation_anemia,cbc,identity,cbc_only,reused_holdout,6,3,0.6463199927788345,1.0
inflammation_anemia,cbc,identity,cbc_only,reused_holdout,7,1,0.7991005154991623,1.0
inflammation_anemia,cbc,identity,cbc_only,reused_holdout,8,3,0.8551537317694353,0.6666666666666666
inflammation_anemia,cbc,identity,cbc_only,reused_holdout,9,2,0.9412621649163951,0.0
inflammation_anemia,cbc,selected,cbc_only,reused_holdout,0,132,0.01726642580856373,0.0
inflammation_anemia,cbc,selected,cbc_only,reused_holdout,1,12,0.13050245148540726,0.25
inflammation_anemia,cbc,selected,cbc_only,reused_holdout,2,6,0.23927468879269895,0.16666666666666666
inflammation_anemia,cbc,selected,cbc_only,reused_holdout,3,3,0.33761880595707794,0.0
inflammation_anemia,cbc,selected,cbc_only,reused_holdout,4,5,0.45270284426518187,0.6
inflammation_anemia,cbc,selected,cbc_only,reused_holdout,5,2,0.5467859400131616,0.5
inflammation_anemia,cbc,selected,cbc_only,reused_holdout,6,2,0.6312373110462743,1.0
inflammation_anemia,cbc,selected,cbc_only,reused_holdout,7,3,0.7684388389989193,1.0
inflammation_anemia,cbc,selected,cbc_only,reused_holdout,8,2,0.8640370733238054,0.0
inflammation_anemia,cbc,selected,cbc_only,reused_holdout,9,1,0.9022677371739033,0.0
inflammation_anemia,cbc,identity,hb_only,reused_holdout,0,168,0.010304056706190277,0.07738095238095238
inflammation_anemia,cbc,selected,hb_only,reused_holdout,0,168,0.025208819900920037,0.07738095238095238
inflammation_anemia,cbc,identity,no_iron,reused_holdout,0,141,0.01169569799676403,0.014184397163120567
inflammation_anemia,cbc,identity,no_iron,reused_holdout,1,8,0.15404245623543245,0.25
inflammation_anemia,cbc,identity,no_iron,reused_holdout,2,2,0.24119238083956984,0.0
inflammation_anemia,cbc,identity,no_iron,reused_holdout,3,4,0.34762674219590306,0.5
inflammation_anemia,cbc,identity,no_iron,reused_holdout,4,3,0.47787162627261104,0.3333333333333333
inflammation_anemia,cbc,identity,no_iron,reused_holdout,5,1,0.5134365471177679,0.0
inflammation_anemia,cbc,identity,no_iron,reused_holdout,6,3,0.6463199927788345,1.0
inflammation_anemia,cbc,identity,no_iron,reused_holdout,7,1,0.7991005154991623,1.0
inflammation_anemia,cbc,identity,no_iron,reused_holdout,8,3,0.8551537317694353,0.6666666666666666
inflammation_anemia,cbc,identity,no_iron,reused_holdout,9,2,0.9412621649163951,0.0
inflammation_anemia,cbc,selected,no_iron,reused_holdout,0,132,0.01726642580856373,0.0
inflammation_anemia,cbc,selected,no_iron,reused_holdout,1,12,0.13050245148540726,0.25
inflammation_anemia,cbc,selected,no_iron,reused_holdout,2,6,0.23927468879269895,0.16666666666666666
inflammation_anemia,cbc,selected,no_iron,reused_holdout,3,3,0.33761880595707794,0.0
inflammation_anemia,cbc,selected,no_iron,reused_holdout,4,5,0.45270284426518187,0.6
inflammation_anemia,cbc,selected,no_iron,reused_holdout,5,2,0.5467859400131616,0.5
inflammation_anemia,cbc,selected,no_iron,reused_holdout,6,2,0.6312373110462743,1.0
inflammation_anemia,cbc,selected,no_iron,reused_holdout,7,3,0.7684388389989193,1.0
inflammation_anemia,cbc,selected,no_iron,reused_holdout,8,2,0.8640370733238054,0.0
inflammation_anemia,cbc,selected,no_iron,reused_holdout,9,1,0.9022677371739033,0.0
inflammation_anemia,cbc,identity,no_B12,reused_holdout,0,141,0.01169569799676403,0.014184397163120567
inflammation_anemia,cbc,identity,no_B12,reused_holdout,1,8,0.15404245623543245,0.25
inflammation_anemia,cbc,identity,no_B12,reused_holdout,2,2,0.24119238083956984,0.0
inflammation_anemia,cbc,identity,no_B12,reused_holdout,3,4,0.34762674219590306,0.5
inflammation_anemia,cbc,identity,no_B12,reused_holdout,4,3,0.47787162627261104,0.3333333333333333
inflammation_anemia,cbc,identity,no_B12,reused_holdout,5,1,0.5134365471177679,0.0
inflammation_anemia,cbc,identity,no_B12,reused_holdout,6,3,0.6463199927788345,1.0
inflammation_anemia,cbc,identity,no_B12,reused_holdout,7,1,0.7991005154991623,1.0
inflammation_anemia,cbc,identity,no_B12,reused_holdout,8,3,0.8551537317694353,0.6666666666666666
inflammation_anemia,cbc,identity,no_B12,reused_holdout,9,2,0.9412621649163951,0.0
inflammation_anemia,cbc,selected,no_B12,reused_holdout,0,132,0.01726642580856373,0.0
inflammation_anemia,cbc,selected,no_B12,reused_holdout,1,12,0.13050245148540726,0.25
inflammation_anemia,cbc,selected,no_B12,reused_holdout,2,6,0.23927468879269895,0.16666666666666666
inflammation_anemia,cbc,selected,no_B12,reused_holdout,3,3,0.33761880595707794,0.0
inflammation_anemia,cbc,selected,no_B12,reused_holdout,4,5,0.45270284426518187,0.6
inflammation_anemia,cbc,selected,no_B12,reused_holdout,5,2,0.5467859400131616,0.5
inflammation_anemia,cbc,selected,no_B12,reused_holdout,6,2,0.6312373110462743,1.0
inflammation_anemia,cbc,selected,no_B12,reused_holdout,7,3,0.7684388389989193,1.0
inflammation_anemia,cbc,selected,no_B12,reused_holdout,8,2,0.8640370733238054,0.0
inflammation_anemia,cbc,selected,no_B12,reused_holdout,9,1,0.9022677371739033,0.0
inflammation_anemia,cbc,identity,no_folate,reused_holdout,0,141,0.01169569799676403,0.014184397163120567
inflammation_anemia,cbc,identity,no_folate,reused_holdout,1,8,0.15404245623543245,0.25
inflammation_anemia,cbc,identity,no_folate,reused_holdout,2,2,0.24119238083956984,0.0
inflammation_anemia,cbc,identity,no_folate,reused_holdout,3,4,0.34762674219590306,0.5
inflammation_anemia,cbc,identity,no_folate,reused_holdout,4,3,0.47787162627261104,0.3333333333333333
inflammation_anemia,cbc,identity,no_folate,reused_holdout,5,1,0.5134365471177679,0.0
inflammation_anemia,cbc,identity,no_folate,reused_holdout,6,3,0.6463199927788345,1.0
inflammation_anemia,cbc,identity,no_folate,reused_holdout,7,1,0.7991005154991623,1.0
inflammation_anemia,cbc,identity,no_folate,reused_holdout,8,3,0.8551537317694353,0.6666666666666666
inflammation_anemia,cbc,identity,no_folate,reused_holdout,9,2,0.9412621649163951,0.0
inflammation_anemia,cbc,selected,no_folate,reused_holdout,0,132,0.01726642580856373,0.0
inflammation_anemia,cbc,selected,no_folate,reused_holdout,1,12,0.13050245148540726,0.25
inflammation_anemia,cbc,selected,no_folate,reused_holdout,2,6,0.23927468879269895,0.16666666666666666
inflammation_anemia,cbc,selected,no_folate,reused_holdout,3,3,0.33761880595707794,0.0
inflammation_anemia,cbc,selected,no_folate,reused_holdout,4,5,0.45270284426518187,0.6
inflammation_anemia,cbc,selected,no_folate,reused_holdout,5,2,0.5467859400131616,0.5
inflammation_anemia,cbc,selected,no_folate,reused_holdout,6,2,0.6312373110462743,1.0
inflammation_anemia,cbc,selected,no_folate,reused_holdout,7,3,0.7684388389989193,1.0
inflammation_anemia,cbc,selected,no_folate,reused_holdout,8,2,0.8640370733238054,0.0
inflammation_anemia,cbc,selected,no_folate,reused_holdout,9,1,0.9022677371739033,0.0
inflammation_anemia,cbc,identity,no_B6,reused_holdout,0,141,0.01169569799676403,0.014184397163120567
inflammation_anemia,cbc,identity,no_B6,reused_holdout,1,8,0.15404245623543245,0.25
inflammation_anemia,cbc,identity,no_B6,reused_holdout,2,2,0.24119238083956984,0.0
inflammation_anemia,cbc,identity,no_B6,reused_holdout,3,4,0.34762674219590306,0.5
inflammation_anemia,cbc,identity,no_B6,reused_holdout,4,3,0.47787162627261104,0.3333333333333333
inflammation_anemia,cbc,identity,no_B6,reused_holdout,5,1,0.5134365471177679,0.0
inflammation_anemia,cbc,identity,no_B6,reused_holdout,6,3,0.6463199927788345,1.0
inflammation_anemia,cbc,identity,no_B6,reused_holdout,7,1,0.7991005154991623,1.0
inflammation_anemia,cbc,identity,no_B6,reused_holdout,8,3,0.8551537317694353,0.6666666666666666
inflammation_anemia,cbc,identity,no_B6,reused_holdout,9,2,0.9412621649163951,0.0
inflammation_anemia,cbc,selected,no_B6,reused_holdout,0,132,0.01726642580856373,0.0
inflammation_anemia,cbc,selected,no_B6,reused_holdout,1,12,0.13050245148540726,0.25
inflammation_anemia,cbc,selected,no_B6,reused_holdout,2,6,0.23927468879269895,0.16666666666666666
inflammation_anemia,cbc,selected,no_B6,reused_holdout,3,3,0.33761880595707794,0.0
inflammation_anemia,cbc,selected,no_B6,reused_holdout,4,5,0.45270284426518187,0.6
inflammation_anemia,cbc,selected,no_B6,reused_holdout,5,2,0.5467859400131616,0.5
inflammation_anemia,cbc,selected,no_B6,reused_holdout,6,2,0.6312373110462743,1.0
inflammation_anemia,cbc,selected,no_B6,reused_holdout,7,3,0.7684388389989193,1.0
inflammation_anemia,cbc,selected,no_B6,reused_holdout,8,2,0.8640370733238054,0.0
inflammation_anemia,cbc,selected,no_B6,reused_holdout,9,1,0.9022677371739033,0.0
inflammation_anemia,cbc,identity,no_copper,reused_holdout,0,141,0.01169569799676403,0.014184397163120567
inflammation_anemia,cbc,identity,no_copper,reused_holdout,1,8,0.15404245623543245,0.25
inflammation_anemia,cbc,identity,no_copper,reused_holdout,2,2,0.24119238083956984,0.0
inflammation_anemia,cbc,identity,no_copper,reused_holdout,3,4,0.34762674219590306,0.5
inflammation_anemia,cbc,identity,no_copper,reused_holdout,4,3,0.47787162627261104,0.3333333333333333
inflammation_anemia,cbc,identity,no_copper,reused_holdout,5,1,0.5134365471177679,0.0
inflammation_anemia,cbc,identity,no_copper,reused_holdout,6,3,0.6463199927788345,1.0
inflammation_anemia,cbc,identity,no_copper,reused_holdout,7,1,0.7991005154991623,1.0
inflammation_anemia,cbc,identity,no_copper,reused_holdout,8,3,0.8551537317694353,0.6666666666666666
inflammation_anemia,cbc,identity,no_copper,reused_holdout,9,2,0.9412621649163951,0.0
inflammation_anemia,cbc,selected,no_copper,reused_holdout,0,132,0.01726642580856373,0.0
inflammation_anemia,cbc,selected,no_copper,reused_holdout,1,12,0.13050245148540726,0.25
inflammation_anemia,cbc,selected,no_copper,reused_holdout,2,6,0.23927468879269895,0.16666666666666666
inflammation_anemia,cbc,selected,no_copper,reused_holdout,3,3,0.33761880595707794,0.0
inflammation_anemia,cbc,selected,no_copper,reused_holdout,4,5,0.45270284426518187,0.6
inflammation_anemia,cbc,selected,no_copper,reused_holdout,5,2,0.5467859400131616,0.5
inflammation_anemia,cbc,selected,no_copper,reused_holdout,6,2,0.6312373110462743,1.0
inflammation_anemia,cbc,selected,no_copper,reused_holdout,7,3,0.7684388389989193,1.0
inflammation_anemia,cbc,selected,no_copper,reused_holdout,8,2,0.8640370733238054,0.0
inflammation_anemia,cbc,selected,no_copper,reused_holdout,9,1,0.9022677371739033,0.0
inflammation_anemia,cbc,identity,no_hemoglobin,reused_holdout,0,138,0.02140728407211535,0.014492753623188406
inflammation_anemia,cbc,identity,no_hemoglobin,reused_holdout,1,9,0.14094273756901946,0.2222222222222222
inflammation_anemia,cbc,identity,no_hemoglobin,reused_holdout,2,3,0.23362108427292408,0.0
inflammation_anemia,cbc,identity,no_hemoglobin,reused_holdout,3,6,0.36527096022378,0.3333333333333333
inflammation_anemia,cbc,identity,no_hemoglobin,reused_holdout,4,3,0.4440408432120983,0.3333333333333333
inflammation_anemia,cbc,identity,no_hemoglobin,reused_holdout,5,1,0.5710380560426027,1.0
inflammation_anemia,cbc,identity,no_hemoglobin,reused_holdout,6,1,0.658564480608279,1.0
inflammation_anemia,cbc,identity,no_hemoglobin,reused_holdout,7,2,0.7381814536165097,1.0
inflammation_anemia,cbc,identity,no_hemoglobin,reused_holdout,8,3,0.8415884223493443,0.6666666666666666
inflammation_anemia,cbc,identity,no_hemoglobin,reused_holdout,9,2,0.9265407406780671,0.0
inflammation_anemia,cbc,selected,no_hemoglobin,reused_holdout,0,124,0.03401686253213268,0.008064516129032258
inflammation_anemia,cbc,selected,no_hemoglobin,reused_holdout,1,18,0.13364382480174097,0.1111111111111111
inflammation_anemia,cbc,selected,no_hemoglobin,reused_holdout,2,8,0.2439864764422391,0.125
inflammation_anemia,cbc,selected,no_hemoglobin,reused_holdout,3,2,0.36441036175254005,0.0
inflammation_anemia,cbc,selected,no_hemoglobin,reused_holdout,4,7,0.4293683268137968,0.42857142857142855
inflammation_anemia,cbc,selected,no_hemoglobin,reused_holdout,5,1,0.5552975074311064,1.0
inflammation_anemia,cbc,selected,no_hemoglobin,reused_holdout,6,2,0.649655081704918,1.0
inflammation_anemia,cbc,selected,no_hemoglobin,reused_holdout,7,4,0.7658814793441368,0.75
inflammation_anemia,cbc,selected,no_hemoglobin,reused_holdout,8,2,0.8773739316410811,0.0
inflammation_anemia,cbc,identity,no_demographics,reused_holdout,0,139,0.018145344938948,0.014388489208633094
inflammation_anemia,cbc,identity,no_demographics,reused_holdout,1,9,0.13508757845678232,0.2222222222222222
inflammation_anemia,cbc,identity,no_demographics,reused_holdout,2,4,0.22899731381192648,0.25
inflammation_anemia,cbc,identity,no_demographics,reused_holdout,3,4,0.3380480803315771,0.25
inflammation_anemia,cbc,identity,no_demographics,reused_holdout,4,2,0.47733163531066447,0.5
inflammation_anemia,cbc,identity,no_demographics,reused_holdout,5,3,0.5316782711918956,0.6666666666666666
inflammation_anemia,cbc,identity,no_demographics,reused_holdout,6,1,0.6062173230199308,1.0
inflammation_anemia,cbc,identity,no_demographics,reused_holdout,7,2,0.7782419243370273,1.0
inflammation_anemia,cbc,identity,no_demographics,reused_holdout,8,2,0.8310183566010607,0.5
inflammation_anemia,cbc,identity,no_demographics,reused_holdout,9,2,0.941227053084974,0.0
inflammation_anemia,cbc,selected,no_demographics,reused_holdout,0,128,0.03115685495137391,0.0078125
inflammation_anemia,cbc,selected,no_demographics,reused_holdout,1,17,0.13475848812015653,0.17647058823529413
inflammation_anemia,cbc,selected,no_demographics,reused_holdout,2,6,0.25237172966652194,0.0
inflammation_anemia,cbc,selected,no_demographics,reused_holdout,3,4,0.34881654263535133,0.25
inflammation_anemia,cbc,selected,no_demographics,reused_holdout,4,3,0.4573774388335998,0.6666666666666666
inflammation_anemia,cbc,selected,no_demographics,reused_holdout,5,4,0.5392255741231742,0.75
inflammation_anemia,cbc,selected,no_demographics,reused_holdout,7,4,0.7506224497187216,0.75
inflammation_anemia,cbc,selected,no_demographics,reused_holdout,8,1,0.8898200832611124,0.0
inflammation_anemia,cbc,selected,no_demographics,reused_holdout,9,1,0.9022491900483331,0.0
