config,target,scenario,partition,fold_f1_std,n,accuracy,macro_f1,log_loss,f1,multiclass_brier,precision,specificity,positive_n,recall,pr_auc,roc_auc,brier
logistic,anemia_class,available,development_oof,0.046248213412646975,672,0.8229166666666666,0.816241969301286,0.49216578683662826,0.816241969301286,0.2515974938081052,,,,,,,
logistic,anemia_class,drop30,development_oof,0.032315214524945485,672,0.6547619047619048,0.6399887589497343,1.0467770528308233,0.6399887589497343,0.47117506418310195,,,,,,,
logistic,anemia_class,drop60,development_oof,0.06378591668393623,672,0.43452380952380953,0.41910721531996226,2.067829339045017,0.41910721531996226,0.7809296685669255,,,,,,,
logistic,anemia_class,cbc_only,development_oof,0.053213718748249296,672,0.33035714285714285,0.19341528140234623,2.680627475261323,0.19341528140234623,0.9013161164256729,,,,,,,
logistic,anemia_class,hb_only,development_oof,0.018741981591881,672,0.14136904761904762,0.06820468535179931,4.324070000201317,0.06820468535179931,1.1753424573155327,,,,,,,
logistic,anemia_class,no_iron,development_oof,0.04385424630174694,672,0.6517857142857143,0.640724005706318,1.1222419918747208,0.640724005706318,0.5009656222633204,,,,,,,
logistic,anemia_class,no_B12,development_oof,0.04690830239100326,672,0.7440476190476191,0.7078149722227085,0.7595976869977407,0.7078149722227085,0.35917726767509894,,,,,,,
logistic,anemia_class,no_folate,development_oof,0.03658230962395331,672,0.7619047619047619,0.735218667846754,0.7730552443979752,0.735218667846754,0.35584323306481036,,,,,,,
logistic,anemia_class,no_B6,development_oof,0.034921280336384176,672,0.7961309523809523,0.7470842154389055,0.603080869683803,0.7470842154389055,0.28881833011411,,,,,,,
logistic,anemia_class,no_copper,development_oof,0.04050437223476732,672,0.8080357142857143,0.7448021320864564,0.6555321462244595,0.7448021320864564,0.29259116731282264,,,,,,,
logistic,anemia_class,no_hemoglobin,development_oof,0.0484313976477574,672,0.7976190476190477,0.790714421350998,0.5597378059593255,0.790714421350998,0.28652183350445065,,,,,,,
logistic,anemia_class,no_demographics,development_oof,0.036110433636001874,672,0.8303571428571429,0.8197666074939147,0.5005166218036379,0.8197666074939147,0.25193983250241037,,,,,,,
logistic,iron_deficiency,available,development_oof,0.005895446916716387,672,0.9821428571428571,0.9802102659245516,0.051214723509261866,0.974025974025974,,0.982532751091703,0.9908883826879271,233.0,0.9656652360515021,0.9969323930381677,0.9983184568909049,0.014137083705433413
logistic,iron_deficiency,drop30,development_oof,0.017665916832004476,672,0.9494047619047619,0.9426914548865768,0.1303383075120797,0.9230769230769231,,0.9760765550239234,0.9886104783599089,233.0,0.8755364806866953,0.9840335366093871,0.9896761074232308,0.038477017469130056
logistic,iron_deficiency,drop60,development_oof,0.07765704814303692,672,0.8839285714285714,0.8627450980392157,0.3261375839931784,0.8088235294117647,,0.9428571428571428,0.9772209567198178,233.0,0.7081545064377682,0.9068911477915454,0.9325818530214005,0.09696270686776598
logistic,iron_deficiency,cbc_only,development_oof,0.07248811579892535,672,0.7842261904761905,0.7529806344321267,0.4662562326407108,0.6651270207852193,,0.72,0.8724373576309795,233.0,0.6180257510729614,0.7772980533066451,0.840038323540626,0.14777635842990314
logistic,iron_deficiency,hb_only,development_oof,0.0,672,0.6532738095238095,0.3951395139513951,0.9577361012405022,0.0,,0.0,1.0,233.0,0.0,0.3702915686013081,0.5258341724754857,0.28523452677278804
logistic,iron_deficiency,no_iron,development_oof,0.1518757371619397,672,0.7395833333333334,0.6236258021155047,0.7068531866743182,0.41471571906354515,,0.9393939393939394,0.9908883826879271,233.0,0.26609442060085836,0.8200244992729345,0.8731510358110024,0.19974386419100223
logistic,iron_deficiency,no_B12,development_oof,0.014294607865051299,672,0.9836309523809523,0.9819149326580792,0.050936198425670695,0.9763440860215054,,0.978448275862069,0.9886104783599089,233.0,0.9742489270386266,0.9973725729379921,0.9985042087459794,0.013687272392697514
logistic,iron_deficiency,no_folate,development_oof,0.009119694711803083,672,0.9836309523809523,0.9818780445350979,0.05050054087699164,0.9762419006479481,,0.9826086956521739,0.9908883826879271,233.0,0.9699570815450643,0.9972214953155807,0.9984846559191295,0.013747594966356733
logistic,iron_deficiency,no_B6,development_oof,0.008096639923135182,672,0.9791666666666666,0.9769592476489029,0.056872174329242915,0.9698275862068966,,0.974025974025974,0.9863325740318907,233.0,0.9656652360515021,0.9961831257107736,0.9978296362196565,0.015851662127496887
logistic,iron_deficiency,no_copper,development_oof,0.018219001940000867,672,0.9806547619047619,0.9785389485165686,0.055416355016286487,0.9718004338394793,,0.9824561403508771,0.9908883826879271,233.0,0.9613733905579399,0.9964473248561269,0.9980251644881559,0.015481666622472624
logistic,iron_deficiency,no_hemoglobin,development_oof,0.01021307499851553,672,0.9821428571428571,0.9802102659245516,0.05067896138516313,0.974025974025974,,0.982532751091703,0.9908883826879271,233.0,0.9656652360515021,0.9971300767286732,0.9984553266788545,0.013804016848424078
logistic,iron_deficiency,no_demographics,development_oof,0.015732635113397293,672,0.9851190476190477,0.9835085549371263,0.04984278922423984,0.9783549783549783,,0.9868995633187773,0.9931662870159453,233.0,0.9699570815450643,0.9970061726650792,0.9983380097177549,0.01340618521444121
logistic,B12_deficiency,available,development_oof,0.025323338323014668,672,0.9732142857142857,0.9615614394122358,0.0788677025652057,0.9403973509933775,,0.9659863945578231,0.9903288201160542,155.0,0.9161290322580645,0.9840987799172543,0.9914519248767705,0.020380780159010143
logistic,B12_deficiency,drop30,development_oof,0.07504386885997225,672,0.9330357142857143,0.8992882905985753,0.1903789902230143,0.8409893992932862,,0.9296875,0.9825918762088974,155.0,0.7677419354838709,0.924633727320161,0.9620390590877894,0.0529733512740037
logistic,B12_deficiency,drop60,development_oof,0.10124482483339521,672,0.9032738095238095,0.8407832530809971,0.28383896075331305,0.7410358565737052,,0.96875,0.9941972920696325,155.0,0.6,0.8557534366164078,0.9213826667498596,0.08079429348662279
logistic,B12_deficiency,cbc_only,development_oof,0.10441647859070824,672,0.7931547619047619,0.5795140967755005,0.4596202631176665,0.27979274611398963,,0.7105263157894737,0.9787234042553191,155.0,0.17419354838709677,0.5633631234408037,0.8123915891932364,0.14826645367955388
logistic,B12_deficiency,hb_only,development_oof,0.0,672,0.7693452380952381,0.4348191757779647,0.6972854542467112,0.0,,0.0,1.0,155.0,0.0,0.21910653472146874,0.49074686466587636,0.20502322305007784
logistic,B12_deficiency,no_iron,development_oof,0.03500862994808222,672,0.9717261904761905,0.9606090055069647,0.08668815132692244,0.9396825396825397,,0.925,0.97678916827853,155.0,0.9548387096774194,0.9837968017456313,0.9920134772571285,0.02293710030957792
logistic,B12_deficiency,no_B12,development_oof,0.0880716134760964,672,0.8601190476190477,0.7445486897444193,0.42247516699596316,0.5727272727272728,,0.9692307692307692,0.9961315280464217,155.0,0.4064516129032258,0.798195351802031,0.8912085855119486,0.11201948498477188
logistic,B12_deficiency,no_folate,development_oof,0.031259227667931905,672,0.9627976190476191,0.9459735849420663,0.0918469000051718,0.9158249158249159,,0.9577464788732394,0.988394584139265,155.0,0.8774193548387097,0.9808184879061215,0.9907905409621265,0.025799742163402528
logistic,B12_deficiency,no_B6,development_oof,0.025914402360613847,672,0.9732142857142857,0.9619177150629037,0.07973969523632482,0.9411764705882353,,0.9536423841059603,0.9864603481624759,155.0,0.9290322580645162,0.9837972884626515,0.9912148249828415,0.020662437655296823
logistic,B12_deficiency,no_copper,development_oof,0.033749101340394806,672,0.9732142857142857,0.9615614394122358,0.07087135898167686,0.9403973509933775,,0.9659863945578231,0.9903288201160542,155.0,0.9161290322580645,0.9869522613919718,0.9937605291071319,0.019132739128167243
logistic,B12_deficiency,no_hemoglobin,development_oof,0.0272439548622947,672,0.9717261904761905,0.9595210241485244,0.0785907165439147,0.9372937293729373,,0.9594594594594594,0.988394584139265,155.0,0.9161290322580645,0.9844616301179955,0.991564235352842,0.020455247622233424
logistic,B12_deficiency,no_demographics,development_oof,0.03113071710738083,672,0.9776785714285714,0.9678922606970055,0.0784809749331145,0.9501661129568106,,0.9794520547945206,0.9941972920696325,155.0,0.9225806451612903,0.9845341666059682,0.9915392774692706,0.020070964073749982
logistic,folate_deficiency,available,development_oof,0.05108828906771518,672,0.9285714285714286,0.8732314657611772,0.194248814698271,0.7894736842105263,,0.8333333333333334,0.967391304347826,120.0,0.75,0.8553626741988188,0.9583333333333335,0.055767756119216194
logistic,folate_deficiency,drop30,development_oof,0.04801939188148056,672,0.8839285714285714,0.7832437350095112,0.3155097404327461,0.6355140186915887,,0.723404255319149,0.9528985507246377,120.0,0.5666666666666667,0.7253865918041498,0.8848731884057971,0.08855973111858416
logistic,folate_deficiency,drop60,development_oof,0.050474706288176976,672,0.8467261904761905,0.6857004036817226,0.4261315949685764,0.4607329842931937,,0.6197183098591549,0.9510869565217391,120.0,0.36666666666666664,0.5522790643456168,0.771346618357488,0.11867118260190115
logistic,folate_deficiency,cbc_only,development_oof,0.14076242025809338,672,0.8110119047619048,0.5787208206019261,0.4649670624158086,0.2658959537572254,,0.4339622641509434,0.9456521739130435,120.0,0.19166666666666668,0.3652963073177472,0.7613526570048309,0.14313235301308552
logistic,folate_deficiency,hb_only,development_oof,0.0,672,0.8214285714285714,0.45098039215686275,0.5304878047375396,0.0,,0.0,1.0,120.0,0.0,0.16868615888740154,0.49479166666666663,0.15680013209244764
logistic,folate_deficiency,no_iron,development_oof,0.06037446843774565,672,0.9315476190476191,0.8758972876619935,0.19524247604712322,0.7927927927927928,,0.8627450980392157,0.9746376811594203,120.0,0.7333333333333333,0.8607784009891187,0.9574577294685991,0.05580800421126567
logistic,folate_deficiency,no_B12,development_oof,0.06563946817678462,672,0.9077380952380952,0.8485958485958486,0.2334507127486793,0.753968253968254,,0.7196969696969697,0.9329710144927537,120.0,0.7916666666666666,0.8347237334178363,0.946286231884058,0.06877752515383882
logistic,folate_deficiency,no_folate,development_oof,0.09229071327144034,672,0.8288690476190477,0.5444014078279479,0.54045250497163,0.18439716312056736,,0.6190476190476191,0.9855072463768116,120.0,0.10833333333333334,0.4426533296947689,0.7734148550724638,0.14068809446008684
logistic,folate_deficiency,no_B6,development_oof,0.03195700975895463,672,0.9285714285714286,0.8766444349262681,0.19216656474922092,0.7966101694915254,,0.8103448275862069,0.9601449275362319,120.0,0.7833333333333333,0.8604861912357553,0.9595259661835749,0.05463602936282391
logistic,folate_deficiency,no_copper,development_oof,0.04441030570652275,672,0.9255952380952381,0.8715046197148626,0.196966228041684,0.788135593220339,,0.8017241379310345,0.9583333333333334,120.0,0.775,0.8532619960862979,0.9577747584541062,0.056882677565387146
logistic,folate_deficiency,no_hemoglobin,development_oof,0.048441631028793175,672,0.9285714285714286,0.8723384045466779,0.1926168382589521,0.7876106194690266,,0.839622641509434,0.9692028985507246,120.0,0.7416666666666667,0.8556986578439371,0.9590730676328502,0.055514306952703575
logistic,folate_deficiency,no_demographics,development_oof,0.05108828906771518,672,0.9285714285714286,0.8732314657611772,0.1933100050058926,0.7894736842105263,,0.8333333333333334,0.967391304347826,120.0,0.75,0.8566745374788669,0.9598580917874395,0.055477214956222036
logistic,B6_deficiency,available,development_oof,0.1467666687487543,672,0.9791666666666666,0.8545904173106647,0.0700169128606161,0.72,,0.8181818181818182,0.9937888198757764,28.0,0.6428571428571429,0.790120759895607,0.963620230700976,0.0170222964161153
logistic,B6_deficiency,drop30,development_oof,0.19002923751652298,672,0.9702380952380952,0.7423312883435582,0.14230704400801913,0.5,,0.8333333333333334,0.9968944099378882,28.0,0.35714285714285715,0.5456837154716175,0.8918034605146407,0.026274116725675863
logistic,B6_deficiency,drop60,development_oof,0.21428571428571427,672,0.9627976190476191,0.6116774148810762,0.2130848706431534,0.24242424242424243,,0.8,0.9984472049689441,28.0,0.14285714285714285,0.3571082867415456,0.8167147293700089,0.03416150691592269
logistic,B6_deficiency,cbc_only,development_oof,0.0,672,0.9583333333333334,0.48936170212765956,0.2240468163564839,0.0,,0.0,1.0,28.0,0.0,0.09801767598355905,0.729924578527063,0.04126120471872036
logistic,B6_deficiency,hb_only,development_oof,0.0,672,0.9583333333333334,0.48936170212765956,0.3685084997525651,0.0,,0.0,1.0,28.0,0.0,0.04425649928153513,0.5003881987577641,0.04164197915259318
logistic,B6_deficiency,no_iron,development_oof,0.09888264649460886,672,0.96875,0.8138626920794038,0.09182184714817376,0.6440677966101694,,0.6129032258064516,0.9813664596273292,28.0,0.6785714285714286,0.7144610951486846,0.944321206743567,0.023855197160564237
logistic,B6_deficiency,no_B12,development_oof,0.18357763181883055,672,0.9821428571428571,0.8649427212433844,0.07251779431716264,0.7391304347826086,,0.9444444444444444,0.9984472049689441,28.0,0.6071428571428571,0.7982823634885949,0.9582409050576752,0.016003244535661446
logistic,B6_deficiency,no_folate,development_oof,0.14033607831214703,672,0.9806547619047619,0.8723236338658054,0.06604517649650243,0.7547169811320755,,0.8,0.9922360248447205,28.0,0.7142857142857143,0.8028745063638655,0.9662821650399291,0.016712358596354976
logistic,B6_deficiency,no_B6,development_oof,0.0,672,0.9553571428571429,0.4885844748858447,0.22405353867392336,0.0,,0.0,0.9968944099378882,28.0,0.0,0.14922679377839573,0.7959183673469388,0.04045924977533405
logistic,B6_deficiency,no_copper,development_oof,0.11321867064477459,672,0.9776785714285714,0.8526811159990062,0.06692156994118455,0.7169811320754716,,0.76,0.9906832298136646,28.0,0.6785714285714286,0.8070096123249744,0.9647293700088732,0.016710665514176184
logistic,B6_deficiency,no_hemoglobin,development_oof,0.1467666687487543,672,0.9791666666666666,0.8545904173106647,0.07049821742997442,0.72,,0.8181818181818182,0.9937888198757764,28.0,0.6428571428571429,0.7815097212259275,0.9622892635314996,0.016969027712897312
logistic,B6_deficiency,no_demographics,development_oof,0.1467666687487543,672,0.9791666666666666,0.8545904173106647,0.06916748472620232,0.72,,0.8181818181818182,0.9937888198757764,28.0,0.6428571428571429,0.8072869759511784,0.959460958296362,0.015984286939275928
logistic,copper_deficiency,available,development_oof,0.2599268810090145,672,0.9866071428571429,0.9082844274600792,0.022614742442282978,0.8235294117647058,,0.9130434782608695,0.9968944099378882,28.0,0.75,0.9733281779193903,0.9987799467613132,0.007254515384429248
logistic,copper_deficiency,drop30,development_oof,0.26086155875189265,672,0.9776785714285714,0.8113172229189675,0.06887245195344142,0.6341463414634146,,1.0,1.0,28.0,0.4642857142857143,0.8679817727225769,0.9669476486246673,0.016774803668687072
logistic,copper_deficiency,drop60,development_oof,0.14045601146431072,672,0.9642857142857143,0.6158536585365854,0.19776565672226556,0.25,,1.0,1.0,28.0,0.14285714285714285,0.541432712653288,0.8195984915705412,0.03287094571800534
logistic,copper_deficiency,cbc_only,development_oof,0.0,672,0.9583333333333334,0.48936170212765956,0.2639990166051335,0.0,,0.0,1.0,28.0,0.0,0.112176824804863,0.7964729370008873,0.04149292959355907
logistic,copper_deficiency,hb_only,development_oof,0.0,672,0.9583333333333334,0.48936170212765956,0.3586105182714123,0.0,,0.0,1.0,28.0,0.0,0.04397679912312906,0.5126996450754215,0.04164750536444053
logistic,copper_deficiency,no_iron,development_oof,0.2738612787525831,672,0.9880952380952381,0.919980947844725,0.021281020198937385,0.8461538461538461,,0.9166666666666666,0.9968944099378882,28.0,0.7857142857142857,0.9781815708894817,0.9990017746228926,0.006164482374536635
logistic,copper_deficiency,no_B12,development_oof,0.1597147412130346,672,0.9880952380952381,0.919980947844725,0.02348339677898648,0.8461538461538461,,0.9166666666666666,0.9968944099378882,28.0,0.7857142857142857,0.9723561157074088,0.9987244897959183,0.007360808143174189
logistic,copper_deficiency,no_folate,development_oof,0.1597147412130346,672,0.9880952380952381,0.919980947844725,0.02489805612151686,0.8461538461538461,,0.9166666666666666,0.9968944099378882,28.0,0.7857142857142857,0.96330490876218,0.9983917480035492,0.007924246657515283
logistic,copper_deficiency,no_B6,development_oof,0.1597147412130346,672,0.9880952380952381,0.919980947844725,0.022470021065294197,0.8461538461538461,,0.9166666666666666,0.9968944099378882,28.0,0.7857142857142857,0.9731281967411483,0.9987799467613132,0.007150289445960216
logistic,copper_deficiency,no_copper,development_oof,0.0,672,0.9583333333333334,0.48936170212765956,0.24649768680849993,0.0,,0.0,1.0,28.0,0.0,0.2206606594069422,0.8429458740017746,0.041175389411941286
logistic,copper_deficiency,no_hemoglobin,development_oof,0.2599268810090145,672,0.9866071428571429,0.9082844274600792,0.02259821397686487,0.8235294117647058,,0.9130434782608695,0.9968944099378882,28.0,0.75,0.9714429663567594,0.9986690328305234,0.007195439334283756
logistic,copper_deficiency,no_demographics,development_oof,0.2599268810090145,672,0.9866071428571429,0.9082844274600792,0.021504059874116802,0.8235294117647058,,0.9130434782608695,0.9968944099378882,28.0,0.75,0.978051680223538,0.9990572315882874,0.007016749257410373
logistic,inflammation_anemia,available,development_oof,0.0429367786926695,672,0.9910714285714286,0.967588424437299,0.02173078674121777,0.94,,0.9791666666666666,0.9983870967741936,52.0,0.9038461538461539,0.9918402311974969,0.9991935483870967,0.0064092891242656476
logistic,inflammation_anemia,drop30,development_oof,0.16671664601603345,672,0.9702380952380952,0.8757718046363737,0.0930496164025617,0.7674418604651163,,0.9705882352941176,0.9983870967741936,52.0,0.6346153846153846,0.8940116761243376,0.9803039702233252,0.0239112884251909
logistic,inflammation_anemia,drop60,development_oof,0.28552821321932037,672,0.9508928571428571,0.7609906987271375,0.2024812508956646,0.547945205479452,,0.9523809523809523,0.9983870967741936,52.0,0.38461538461538464,0.6924324190264161,0.9008684863523573,0.04232408946355728
logistic,inflammation_anemia,cbc_only,development_oof,0.0,672,0.9226190476190477,0.47987616099071206,0.5432437389000171,0.0,,0.0,1.0,52.0,0.0,0.3315245386805831,0.8903846153846153,0.07721283621379989
logistic,inflammation_anemia,hb_only,development_oof,0.0,672,0.9226190476190477,0.47987616099071206,0.4879353694004353,0.0,,0.0,1.0,52.0,0.0,0.1264863477421042,0.6819168734491314,0.07666410452462989
logistic,inflammation_anemia,no_iron,development_oof,0.22465488195655606,672,0.9657738095238095,0.8489193865282543,0.1015538022801563,0.7160493827160493,,1.0,1.0,52.0,0.5576923076923077,0.9515771626587066,0.9937034739454094,0.028374631695348203
logistic,inflammation_anemia,no_B12,development_oof,0.06598026179332513,672,0.9895833333333334,0.961835219666545,0.026876759295803604,0.9292929292929293,,0.9787234042553191,0.9983870967741936,52.0,0.8846153846153846,0.9877208120967726,0.998728287841191,0.007478814650013208
logistic,inflammation_anemia,no_folate,development_oof,0.09765394893128224,672,0.9895833333333334,0.9611107896063955,0.023825988159915885,0.9278350515463918,,1.0,1.0,52.0,0.8653846153846154,0.9909111615328119,0.9991004962779156,0.007097993158458017
logistic,inflammation_anemia,no_B6,development_oof,0.0429367786926695,672,0.9910714285714286,0.967588424437299,0.02297695895850735,0.94,,0.9791666666666666,0.9983870967741936,52.0,0.9038461538461539,0.9912151316593538,0.9991315136476426,0.0068376157580484105
logistic,inflammation_anemia,no_copper,development_oof,0.051016465515471135,672,0.9925595238095238,0.9732362616792652,0.020533339686184704,0.9504950495049505,,0.9795918367346939,0.9983870967741936,52.0,0.9230769230769231,0.9922097636258529,0.9992245657568237,0.005901849268793653
logistic,inflammation_anemia,no_hemoglobin,development_oof,0.0429367786926695,672,0.9910714285714286,0.967588424437299,0.02320300456908639,0.94,,0.9791666666666666,0.9983870967741936,52.0,0.9038461538461539,0.9894584768680712,0.9988833746898264,0.0066003133838134515
logistic,inflammation_anemia,no_demographics,development_oof,0.0429367786926695,672,0.9910714285714286,0.967588424437299,0.022382179079069205,0.94,,0.9791666666666666,0.9983870967741936,52.0,0.9038461538461539,0.9908878368527363,0.9990384615384615,0.006221596264846889
logistic_values,anemia_class,available,development_oof,0.040060818052668555,672,0.8541666666666666,0.8502619359904299,0.43783543812626263,0.8502619359904299,0.22062808128087724,,,,,,,
logistic_values,anemia_class,drop30,development_oof,0.037851810554267756,672,0.7038690476190477,0.6941135907972108,0.8086544983533327,0.6941135907972108,0.40158508333257725,,,,,,,
logistic_values,anemia_class,drop60,development_oof,0.06489214263252516,672,0.5193452380952381,0.5098190540273654,1.4268584290341395,0.5098190540273654,0.6333853275596416,,,,,,,
logistic_values,anemia_class,cbc_only,development_oof,0.0529318118343198,672,0.45982142857142855,0.3214575353321,1.5332853139877238,0.3214575353321,0.703555844639102,,,,,,,
logistic_values,anemia_class,hb_only,development_oof,0.042030998663988337,672,0.22172619047619047,0.11434474433014168,2.313886319370062,0.11434474433014168,0.896847518835127,,,,,,,
logistic_values,anemia_class,no_iron,development_oof,0.05813748797386854,672,0.7127976190476191,0.7237461672806194,0.7905467226702628,0.7237461672806194,0.40276368645883664,,,,,,,
logistic_values,anemia_class,no_B12,development_oof,0.022440917433513754,672,0.78125,0.7582715115588985,0.6275889357294893,0.7582715115588985,0.3136177813384836,,,,,,,
logistic_values,anemia_class,no_folate,development_oof,0.04671526674333272,672,0.7991071428571429,0.7802961419652897,0.5886766536746236,0.7802961419652897,0.2960238347684997,,,,,,,
logistic_values,anemia_class,no_B6,development_oof,0.04785369674714609,672,0.8333333333333334,0.7982184911971338,0.5278677267250974,0.7982184911971338,0.25386320100645354,,,,,,,
logistic_values,anemia_class,no_copper,development_oof,0.03655290987586616,672,0.8244047619047619,0.7704696480510607,0.5805452335221929,0.7704696480510607,0.26368615927147715,,,,,,,
logistic_values,anemia_class,no_hemoglobin,development_oof,0.04230642758515301,672,0.8229166666666666,0.821889468013166,0.5096124825206901,0.821889468013166,0.2575825494067849,,,,,,,
logistic_values,anemia_class,no_demographics,development_oof,0.05971176117349367,672,0.8497023809523809,0.8480091936801765,0.4446616672892202,0.8480091936801765,0.21947905170231938,,,,,,,
logistic_values,iron_deficiency,available,development_oof,0.017024422221637605,672,0.9851190476190477,0.9834743261853236,0.0532680364231606,0.9782608695652174,,0.9911894273127754,0.9954441913439636,233.0,0.9656652360515021,0.9966304275423721,0.9976829900182819,0.013044336589027669
logistic_values,iron_deficiency,drop30,development_oof,0.021115770194438784,672,0.9553571428571429,0.9494336366646267,0.1109054016747771,0.9321266968325792,,0.9856459330143541,0.9931662870159453,233.0,0.8841201716738197,0.9896807756821737,0.9928338889594963,0.03055972636445732
logistic_values,iron_deficiency,drop60,development_oof,0.017697226327264517,672,0.8943452380952381,0.87488953977748,0.24028825210530835,0.8255528255528255,,0.9655172413793104,0.9863325740318907,233.0,0.721030042918455,0.9513802325425561,0.9693704967395662,0.07522032670796647
logistic_values,iron_deficiency,cbc_only,development_oof,0.0233462571107898,672,0.7842261904761905,0.7282455607027016,0.45199845005796,0.6049046321525886,,0.8283582089552238,0.9476082004555809,233.0,0.47639484978540775,0.7836356290974444,0.8680770772434425,0.14804330000801608
logistic_values,iron_deficiency,hb_only,development_oof,0.0,672,0.6532738095238095,0.3951395139513951,0.7559002232562967,0.0,,0.0,1.0,233.0,0.0,0.3401623150213643,0.48921172778554467,0.2620547325615988
logistic_values,iron_deficiency,no_iron,development_oof,0.044055416460722065,672,0.7916666666666666,0.7334753589357146,0.43036451869001363,0.6089385474860335,,0.872,0.9635535307517085,233.0,0.4678111587982833,0.8371919871700539,0.9005934282948957,0.13929120428055103
logistic_values,iron_deficiency,no_B12,development_oof,0.017024422221637605,672,0.9851190476190477,0.9834743261853236,0.05269485886906661,0.9782608695652174,,0.9911894273127754,0.9954441913439636,233.0,0.9656652360515021,0.9966169047068182,0.9976145551243071,0.012720077535304252
logistic_values,iron_deficiency,no_folate,development_oof,0.019405079546200975,672,0.9836309523809523,0.9818406487447888,0.05273590037980852,0.9761388286334056,,0.9868421052631579,0.9931662870159453,233.0,0.9656652360515021,0.9966761297096691,0.9976927664317069,0.0128873080029821
logistic_values,iron_deficiency,no_B6,development_oof,0.019420986085503786,672,0.9806547619047619,0.9785831435414791,0.05938240426250318,0.9719222462203023,,0.9782608695652174,0.9886104783599089,233.0,0.9656652360515021,0.9957613356098467,0.9971941693470334,0.015458952247843523
logistic_values,iron_deficiency,no_copper,development_oof,0.017024422221637605,672,0.9851190476190477,0.9834743261853236,0.057237734281938464,0.9782608695652174,,0.9911894273127754,0.9954441913439636,233.0,0.9656652360515021,0.9960498940350677,0.997321262721558,0.014292222637231865
logistic_values,iron_deficiency,no_hemoglobin,development_oof,0.017024422221637605,672,0.9851190476190477,0.9834743261853236,0.0526494920742345,0.9782608695652174,,0.9911894273127754,0.9954441913439636,233.0,0.9656652360515021,0.996732065850114,0.9977709777391066,0.01287089712734661
logistic_values,iron_deficiency,no_demographics,development_oof,0.01963476224961994,672,0.9880952380952381,0.9868068439497011,0.05086944313150479,0.9826839826839827,,0.9912663755458515,0.9954441913439636,233.0,0.9742489270386266,0.9967291454905276,0.9977123192585569,0.012098162070700373
logistic_values,B12_deficiency,available,development_oof,0.025591669017607472,672,0.9747023809523809,0.9639502043263541,0.07089631208791798,0.9442622950819672,,0.96,0.988394584139265,155.0,0.9290322580645162,0.9877185979479097,0.9951581705871342,0.019732202297606003
logistic_values,B12_deficiency,drop30,development_oof,0.10950707808987142,672,0.9389880952380952,0.9057674351791999,0.1797903123728376,0.8498168498168498,,0.9830508474576272,0.9961315280464217,155.0,0.7483870967741936,0.9410174260881855,0.9745180008735259,0.050824629301796376
logistic_values,B12_deficiency,drop60,development_oof,0.0941489556154215,672,0.875,0.7765922079566863,0.35211369459338393,0.6283185840707964,,1.0,1.0,155.0,0.45806451612903226,0.8664730347538461,0.923204592250577,0.09834322961350009
logistic_values,B12_deficiency,cbc_only,development_oof,0.0,672,0.7693452380952381,0.4348191757779647,0.7220068951449501,0.0,,0.0,1.0,155.0,0.0,0.5214539989465427,0.7858613589567606,0.20187471445109217
logistic_values,B12_deficiency,hb_only,development_oof,0.0,672,0.7693452380952381,0.4348191757779647,0.962684431543113,0.0,,0.0,1.0,155.0,0.0,0.19539734869103045,0.4345541898047045,0.22255289478669807
logistic_values,B12_deficiency,no_iron,development_oof,0.024621623173827982,672,0.9791666666666666,0.9703804450489252,0.06772428134015107,0.954248366013072,,0.9668874172185431,0.9903288201160542,155.0,0.9419354838709677,0.9887585650604662,0.9959817807449928,0.018143510383420755
logistic_values,B12_deficiency,no_B12,development_oof,0.08446135122166756,672,0.8556547619047619,0.7314602344120131,0.4146994620506558,0.5488372093023256,,0.9833333333333333,0.9980657640232108,155.0,0.38064516129032255,0.8129536506622531,0.8968615461408873,0.11543699530892505
logistic_values,B12_deficiency,no_folate,development_oof,0.046235491607200564,672,0.9642857142857143,0.9474972654825773,0.09016310308247424,0.9178082191780822,,0.9781021897810219,0.9941972920696325,155.0,0.864516129032258,0.9832985547050649,0.9928994821239159,0.0262496712989752
logistic_values,B12_deficiency,no_B6,development_oof,0.02563806802379761,672,0.9732142857142857,0.9617408906882591,0.07055946640042517,0.9407894736842105,,0.959731543624161,0.988394584139265,155.0,0.9225806451612903,0.9877020211200345,0.9951207337617769,0.019690345386222767
logistic_values,B12_deficiency,no_copper,development_oof,0.025591669017607472,672,0.9747023809523809,0.9639502043263541,0.06856551894809004,0.9442622950819672,,0.96,0.988394584139265,155.0,0.9290322580645162,0.988534582197082,0.995644849316778,0.019144103737727722
logistic_values,B12_deficiency,no_hemoglobin,development_oof,0.020172661329675174,672,0.9702380952380952,0.9572904882358175,0.07263986380858245,0.9337748344370861,,0.9591836734693877,0.988394584139265,155.0,0.9096774193548387,0.9869502039060056,0.9949335496349909,0.020540199642983977
logistic_values,B12_deficiency,no_demographics,development_oof,0.025073738156460638,672,0.9732142857142857,0.9617408906882591,0.07171817549273139,0.9407894736842105,,0.959731543624161,0.988394584139265,155.0,0.9225806451612903,0.9875483081908979,0.9950084232857054,0.020325600249747527
logistic_values,folate_deficiency,available,development_oof,0.06983835027405519,672,0.9345238095238095,0.8861630861630861,0.1726218011838007,0.811965811965812,,0.8333333333333334,0.9655797101449275,120.0,0.7916666666666666,0.8901448385602454,0.9618357487922706,0.04993144292167754
logistic_values,folate_deficiency,drop30,development_oof,0.055647051816752516,672,0.9032738095238095,0.8066905943113574,0.2856495949845622,0.6700507614213198,,0.8571428571428571,0.980072463768116,120.0,0.55,0.7655939526016675,0.8916062801932368,0.07924317222500636
logistic_values,folate_deficiency,drop60,development_oof,0.047105761437479826,672,0.8675595238095238,0.6859862545481274,0.4114197005672801,0.4472049689440994,,0.8780487804878049,0.9909420289855072,120.0,0.3,0.596849786545499,0.7975996376811594,0.11268295813425977
logistic_values,folate_deficiency,cbc_only,development_oof,0.13670242745787728,672,0.8229166666666666,0.516397656009047,0.4893234270456319,0.13138686131386862,,0.5294117647058824,0.9855072463768116,120.0,0.075,0.37169130374561943,0.7753170289855074,0.1457719131908676
logistic_values,folate_deficiency,hb_only,development_oof,0.0,672,0.8214285714285714,0.45098039215686275,0.6576693328095731,0.0,,0.0,1.0,120.0,0.0,0.16423266616780463,0.43968900966183566,0.1686946702995824
logistic_values,folate_deficiency,no_iron,development_oof,0.0708156619753155,672,0.9360119047619048,0.8860383579364172,0.17359388418707708,0.8105726872246696,,0.8598130841121495,0.9728260869565217,120.0,0.7666666666666667,0.8890552315084557,0.960612922705314,0.05041019093880502
logistic_values,folate_deficiency,no_B12,development_oof,0.07051113405131049,672,0.9226190476190477,0.861699938258901,0.18947267534501555,0.7699115044247787,,0.8207547169811321,0.9655797101449275,120.0,0.725,0.8676511605795908,0.9564160628019323,0.05666515099438282
logistic_values,folate_deficiency,no_folate,development_oof,0.060763564822406274,672,0.8303571428571429,0.5396928401470906,0.4684025268162272,0.17391304347826086,,0.6666666666666666,0.9891304347826086,120.0,0.1,0.49426528610780784,0.7873641304347827,0.13298237441017896
logistic_values,folate_deficiency,no_B6,development_oof,0.06983835027405519,672,0.9345238095238095,0.8861630861630861,0.17187040239070558,0.811965811965812,,0.8333333333333334,0.9655797101449275,120.0,0.7916666666666666,0.8905246691645663,0.9617904589371981,0.04972803433479486
logistic_values,folate_deficiency,no_copper,development_oof,0.0555479475120891,672,0.9419642857142857,0.8980641999509924,0.17096573698179487,0.8311688311688312,,0.8648648648648649,0.9728260869565217,120.0,0.8,0.8918960807672136,0.9622735507246377,0.04908327280751225
logistic_values,folate_deficiency,no_hemoglobin,development_oof,0.06507115082321152,672,0.9345238095238095,0.8845991725860589,0.17165671794193546,0.808695652173913,,0.8454545454545455,0.9692028985507246,120.0,0.775,0.8907336596535237,0.9627868357487923,0.04978196839834777
logistic_values,folate_deficiency,no_demographics,development_oof,0.04491045588101816,672,0.9360119047619048,0.8876092460998122,0.17151292183118716,0.8138528138528138,,0.8468468468468469,0.9692028985507246,120.0,0.7833333333333333,0.8897775511573662,0.962967995169082,0.04988908766683212
logistic_values,B6_deficiency,available,development_oof,0.19175112258059207,672,0.9806547619047619,0.86752195077567,0.06728486349057139,0.7450980392156863,,0.8260869565217391,0.9937888198757764,28.0,0.6785714285714286,0.7993927068114973,0.9608473824312335,0.016275273728757374
logistic_values,B6_deficiency,drop30,development_oof,0.14088765852807267,672,0.9747023809523809,0.7957921455767478,0.11415748915834638,0.6046511627906976,,0.8666666666666667,0.9968944099378882,28.0,0.4642857142857143,0.6224470630466722,0.900011091393079,0.022535405353538547
logistic_values,B6_deficiency,drop60,development_oof,0.17785570854269617,672,0.9613095238095238,0.6289500509683996,0.1707958364726859,0.2777777777777778,,0.625,0.9953416149068323,28.0,0.17857142857142858,0.3910986990668923,0.8387866015971607,0.03258919418175859
logistic_values,B6_deficiency,cbc_only,development_oof,0.0,672,0.9583333333333334,0.48936170212765956,0.2249486094092423,0.0,,0.0,1.0,28.0,0.0,0.10981014774091465,0.7504991126885536,0.04151751916517862
logistic_values,B6_deficiency,hb_only,development_oof,0.0,672,0.9583333333333334,0.48936170212765956,0.281490452140575,0.0,,0.0,1.0,28.0,0.0,0.044206964084159445,0.48097826086956524,0.04153891172756402
logistic_values,B6_deficiency,no_iron,development_oof,0.12434585495186332,672,0.9776785714285714,0.8471407124334653,0.08288094240625091,0.7058823529411765,,0.782608695652174,0.9922360248447205,28.0,0.6428571428571429,0.7248933667484533,0.937888198757764,0.0183980097979536
logistic_values,B6_deficiency,no_B12,development_oof,0.16866720988696032,672,0.9821428571428571,0.8703703703703703,0.06414516331566392,0.75,,0.9,0.9968944099378882,28.0,0.6428571428571429,0.8156260387232771,0.9605700976042592,0.015364529975589432
logistic_values,B6_deficiency,no_folate,development_oof,0.17066164000096684,672,0.9821428571428571,0.8753632148377125,0.060151884185647535,0.76,,0.8636363636363636,0.9953416149068323,28.0,0.6785714285714286,0.8173110277632656,0.9709405501330968,0.015339607497164755
logistic_values,B6_deficiency,no_B6,development_oof,0.14907119849998599,672,0.9598214285714286,0.5242165989248722,0.1921292106883401,0.06896551724137931,,1.0,1.0,28.0,0.03571428571428571,0.2449341721337913,0.8131100266193434,0.03784756990861541
logistic_values,B6_deficiency,no_copper,development_oof,0.18768535714434237,672,0.9821428571428571,0.8753632148377125,0.06403510322758749,0.76,,0.8636363636363636,0.9953416149068323,28.0,0.6785714285714286,0.8146993025509477,0.962122892635315,0.01517146475929417
logistic_values,B6_deficiency,no_hemoglobin,development_oof,0.17351642045799076,672,0.9776785714285714,0.8526811159990062,0.06784239167337779,0.7169811320754716,,0.76,0.9906832298136646,28.0,0.6785714285714286,0.8040545388123356,0.9612355811889973,0.01639153739551606
logistic_values,B6_deficiency,no_demographics,development_oof,0.1914955451754922,672,0.9821428571428571,0.8799714217670874,0.06704899873319718,0.7692307692307693,,0.8333333333333334,0.9937888198757764,28.0,0.7142857142857143,0.8159253130402465,0.9540816326530612,0.01526286110586376
logistic_values,copper_deficiency,available,development_oof,0.17716949353931533,672,0.9910714285714286,0.9399857108835437,0.019125872275179683,0.8846153846153846,,0.9583333333333334,0.9984472049689441,28.0,0.8214285714285714,0.9869148852205509,0.9994454303460514,0.005836631301826188
logistic_values,copper_deficiency,drop30,development_oof,0.1590001639020506,672,0.9866071428571429,0.9007857740448497,0.04646137924818413,0.8085106382978723,,1.0,1.0,28.0,0.6785714285714286,0.9100427938416381,0.9724933451641526,0.010590574659848187
logistic_values,copper_deficiency,drop60,development_oof,0.22233557199864287,672,0.9672619047619048,0.6680736416704086,0.15044845780259214,0.35294117647058826,,1.0,1.0,28.0,0.21428571428571427,0.5801575735881949,0.8380102040816326,0.0287095430305491
logistic_values,copper_deficiency,cbc_only,development_oof,0.0,672,0.9583333333333334,0.48936170212765956,0.22863160284239573,0.0,,0.0,1.0,28.0,0.0,0.12029281330386216,0.8158274179236912,0.041245018101753086
logistic_values,copper_deficiency,hb_only,development_oof,0.0,672,0.9583333333333334,0.48936170212765956,0.26828723754812983,0.0,,0.0,1.0,28.0,0.0,0.04406170924584113,0.49245785270629994,0.04152511684924415
logistic_values,copper_deficiency,no_iron,development_oof,0.17716949353931533,672,0.9910714285714286,0.9399857108835437,0.017885937066127202,0.8846153846153846,,0.9583333333333334,0.9984472049689441,28.0,0.8214285714285714,0.9895429490688111,0.9995563442768413,0.005307050589414647
logistic_values,copper_deficiency,no_B12,development_oof,0.17716949353931533,672,0.9910714285714286,0.9399857108835437,0.020785386884134244,0.8846153846153846,,0.9583333333333334,0.9984472049689441,28.0,0.8214285714285714,0.9834346808782777,0.9992790594498668,0.006350813864516255
logistic_values,copper_deficiency,no_folate,development_oof,0.17716949353931533,672,0.9910714285714286,0.9399857108835437,0.020155228932950346,0.8846153846153846,,0.9583333333333334,0.9984472049689441,28.0,0.8214285714285714,0.9849598510074522,0.9993345164152617,0.006142425859419118
logistic_values,copper_deficiency,no_B6,development_oof,0.17716949353931533,672,0.9910714285714286,0.9399857108835437,0.01904009234389449,0.8846153846153846,,0.9583333333333334,0.9984472049689441,28.0,0.8214285714285714,0.9869148852205509,0.9994454303460514,0.005817746923105255
logistic_values,copper_deficiency,no_copper,development_oof,0.0,672,0.9583333333333334,0.48936170212765956,0.20453485177781555,0.0,,0.0,1.0,28.0,0.0,0.28975740396574906,0.8886978704525288,0.04053960436853639
logistic_values,copper_deficiency,no_hemoglobin,development_oof,0.17716949353931533,672,0.9910714285714286,0.9399857108835437,0.01905969177602302,0.8846153846153846,,0.9583333333333334,0.9984472049689441,28.0,0.8214285714285714,0.9869148852205509,0.9994454303460514,0.005751514170253388
logistic_values,copper_deficiency,no_demographics,development_oof,0.17716949353931533,672,0.9910714285714286,0.9399857108835437,0.01809680761623798,0.8846153846153846,,0.9583333333333334,0.9984472049689441,28.0,0.8214285714285714,0.990327123308222,0.999611801242236,0.0057150524415701546
logistic_values,inflammation_anemia,available,development_oof,0.027987256692017327,672,0.9955357142857143,0.9839417570075591,0.010971874758571117,0.9702970297029703,,1.0,1.0,52.0,0.9423076923076923,1.0000000000000002,1.0,0.0029280545486300167
logistic_values,inflammation_anemia,drop30,development_oof,0.13999604068835383,672,0.9761904761904762,0.9027214823393168,0.06267610751423908,0.8181818181818182,,1.0,1.0,52.0,0.6923076923076923,0.9806792991524954,0.998014888337469,0.018476501982486678
logistic_values,inflammation_anemia,drop60,development_oof,0.16295880832184564,672,0.9568452380952381,0.7952403467297084,0.1842380011165566,0.6133333333333333,,1.0,1.0,52.0,0.4423076923076923,0.8399464142851074,0.9672456575682382,0.04093684022382572
logistic_values,inflammation_anemia,cbc_only,development_oof,0.0,672,0.9226190476190477,0.47987616099071206,0.43575187501411183,0.0,,0.0,1.0,52.0,0.0,0.4067942550229643,0.8936104218362282,0.07657447322694529
logistic_values,inflammation_anemia,hb_only,development_oof,0.0,672,0.9226190476190477,0.47987616099071206,0.5386719281138879,0.0,,0.0,1.0,52.0,0.0,0.10337205142783651,0.6482630272952854,0.0772150895285331
logistic_values,inflammation_anemia,no_iron,development_oof,0.1965638547460593,672,0.9761904761904762,0.9027214823393168,0.06626283589315017,0.8181818181818182,,1.0,1.0,52.0,0.6923076923076923,0.9751612266053272,0.9971153846153846,0.019161142718147534
logistic_values,inflammation_anemia,no_B12,development_oof,0.022556390977443632,672,0.9940476190476191,0.9783922829581994,0.01402747120106927,0.96,,1.0,1.0,52.0,0.9230769230769231,0.9992673328123258,0.9999379652605459,0.004203238140702074
logistic_values,inflammation_anemia,no_folate,development_oof,0.027987256692017327,672,0.9955357142857143,0.9839417570075591,0.011669615241154549,0.9702970297029703,,1.0,1.0,52.0,0.9423076923076923,1.0000000000000002,1.0,0.0032517046145144057
logistic_values,inflammation_anemia,no_B6,development_oof,0.027987256692017327,672,0.9955357142857143,0.9839417570075591,0.010975787454024707,0.9702970297029703,,1.0,1.0,52.0,0.9423076923076923,1.0000000000000002,1.0,0.002928317460883124
logistic_values,inflammation_anemia,no_copper,development_oof,0.027987256692017327,672,0.9955357142857143,0.9839417570075591,0.010964195272858534,0.9702970297029703,,1.0,1.0,52.0,0.9423076923076923,1.0000000000000002,1.0,0.0029333449129496903
logistic_values,inflammation_anemia,no_hemoglobin,development_oof,0.027987256692017327,672,0.9955357142857143,0.9839417570075591,0.01247015825487287,0.9702970297029703,,1.0,1.0,52.0,0.9423076923076923,1.0,1.0,0.0032356246564358695
logistic_values,inflammation_anemia,no_demographics,development_oof,0.027987256692017327,672,0.9955357142857143,0.9839417570075591,0.011191620773829025,0.9702970297029703,,1.0,1.0,52.0,0.9423076923076923,1.0,1.0,0.0028411996669430416
extra_trees,anemia_class,available,development_oof,0.02265810315815095,672,0.875,0.8682445865079734,0.6617436781428119,0.8682445865079734,0.2964119430412383,,,,,,,
extra_trees,anemia_class,drop30,development_oof,0.02970322699139059,672,0.7247023809523809,0.712550394154687,1.1238964009892176,0.712550394154687,0.49871883291505464,,,,,,,
extra_trees,anemia_class,drop60,development_oof,0.08146626663152196,672,0.48214285714285715,0.47639481411845536,1.6730078994701156,0.47639481411845536,0.6958633383685973,,,,,,,
extra_trees,anemia_class,cbc_only,development_oof,0.03215474419345226,672,0.39880952380952384,0.23712256672692766,1.6544384405236687,0.23712256672692766,0.7321381204777646,,,,,,,
extra_trees,anemia_class,hb_only,development_oof,0.01976898309582771,672,0.23511904761904762,0.08498065111162001,2.2019784840985572,0.08498065111162001,0.869528705808496,,,,,,,
extra_trees,anemia_class,no_iron,development_oof,0.027835255135084492,672,0.7395833333333334,0.7395372214853375,1.0136047599106834,0.7395372214853375,0.46403689108245433,,,,,,,
extra_trees,anemia_class,no_B12,development_oof,0.021505604825756534,672,0.7708333333333334,0.7335450397608699,0.8210815324816988,0.7335450397608699,0.381025911123291,,,,,,,
extra_trees,anemia_class,no_folate,development_oof,0.028016597075916597,672,0.7931547619047619,0.7588966758371484,0.7893251979351449,0.7588966758371484,0.3664144860529731,,,,,,,
extra_trees,anemia_class,no_B6,development_oof,0.02213395888437016,672,0.8422619047619048,0.7890048846368356,0.716796456541126,0.7890048846368356,0.317164537977133,,,,,,,
extra_trees,anemia_class,no_copper,development_oof,0.03037503834974938,672,0.84375,0.784482687133749,0.7456823979570997,0.784482687133749,0.3212945155438122,,,,,,,
extra_trees,anemia_class,no_hemoglobin,development_oof,0.012693386911845298,672,0.7931547619047619,0.7869490626490204,0.9368983211746416,0.7869490626490204,0.4259050481007087,,,,,,,
extra_trees,anemia_class,no_demographics,development_oof,0.022318280990653923,672,0.8705357142857143,0.8643230668322653,0.6625005970511938,0.8643230668322653,0.2969150230040187,,,,,,,
extra_trees,iron_deficiency,available,development_oof,0.013656394808087887,672,0.9851190476190477,0.9834044570886676,0.08517484143669926,0.9780701754385965,,1.0,1.0,233.0,0.9570815450643777,0.9960669415941189,0.9970377467322338,0.018078667788553514
extra_trees,iron_deficiency,drop30,development_oof,0.03760934828349849,672,0.9568452380952381,0.9509482877962219,0.1618763758011887,0.9339407744874715,,0.9951456310679612,0.9977220956719818,233.0,0.8798283261802575,0.9880583575819188,0.9914163090128756,0.04102077991961363
extra_trees,iron_deficiency,drop60,development_oof,0.05387574951707498,672,0.8779761904761905,0.8505208333333334,0.3189859624717076,0.7864583333333334,,1.0,1.0,233.0,0.648068669527897,0.9480373771847304,0.9531318740406894,0.09418385776077272
extra_trees,iron_deficiency,cbc_only,development_oof,0.18771643005925673,672,0.6934523809523809,0.5116761439799071,0.6341787153030966,0.21374045801526717,,0.9655172413793104,0.9977220956719818,233.0,0.12017167381974249,0.7995243454577292,0.8571763762745999,0.20982621918419528
extra_trees,iron_deficiency,hb_only,development_oof,0.0,672,0.6532738095238095,0.3951395139513951,1.1392601824239734,0.0,,0.0,1.0,233.0,0.0,0.39142072176099885,0.5373654521102388,0.31954249623291464
extra_trees,iron_deficiency,no_iron,development_oof,0.16520539950781915,672,0.6830357142857143,0.4845567979257819,0.6764602234602292,0.16470588235294117,,0.9545454545454546,0.9977220956719818,233.0,0.09012875536480687,0.8045144938832607,0.8626707206194335,0.21875879072553076
extra_trees,iron_deficiency,no_B12,development_oof,0.012454281337152763,672,0.9866071428571429,0.9850798921449875,0.08387231449932148,0.9803063457330415,,1.0,1.0,233.0,0.9613733905579399,0.9962533554940141,0.9971550636933335,0.017532799458432304
extra_trees,iron_deficiency,no_folate,development_oof,0.013656394808087887,672,0.9851190476190477,0.9834044570886676,0.08430074506722261,0.9780701754385965,,1.0,1.0,233.0,0.9570815450643777,0.9961907586297555,0.9971452872799085,0.017830457577747316
extra_trees,iron_deficiency,no_B6,development_oof,0.013656394808087887,672,0.9851190476190477,0.9834044570886676,0.08483155267492445,0.9780701754385965,,1.0,1.0,233.0,0.9570815450643777,0.9960442616714881,0.997027970318809,0.018103546752413227
extra_trees,iron_deficiency,no_copper,development_oof,0.013656394808087887,672,0.9851190476190477,0.9834044570886676,0.08431840162385254,0.9780701754385965,,1.0,1.0,233.0,0.9570815450643777,0.9961300812780416,0.9971355108664834,0.018005617216756302
extra_trees,iron_deficiency,no_hemoglobin,development_oof,0.013656394808087887,672,0.9851190476190477,0.9834044570886676,0.08504290385952673,0.9780701754385965,,1.0,1.0,233.0,0.9570815450643777,0.9960182894000789,0.9969399825979841,0.018082522943988714
extra_trees,iron_deficiency,no_demographics,development_oof,0.013656394808087887,672,0.9851190476190477,0.9834044570886676,0.0850130439238299,0.9780701754385965,,1.0,1.0,233.0,0.9570815450643777,0.996021124778468,0.9969790882516839,0.018046735051516976
extra_trees,B12_deficiency,available,development_oof,0.015119249006384916,672,0.9851190476190477,0.9790353777999625,0.09080529652355022,0.967741935483871,,0.967741935483871,0.9903288201160542,155.0,0.967741935483871,0.9920578652334864,0.9975416484682099,0.019885537179717666
extra_trees,B12_deficiency,drop30,development_oof,0.06118542770051,672,0.9464285714285714,0.918796992481203,0.19895172993468985,0.8714285714285714,,0.976,0.9941972920696325,155.0,0.7870967741935484,0.9294245570945859,0.9571348349659948,0.050003342528537206
extra_trees,B12_deficiency,drop60,development_oof,0.07719208944901099,672,0.8928571428571429,0.817391304347826,0.3791504692231869,0.7,,0.9882352941176471,0.9980657640232108,155.0,0.5419354838709678,0.8490592936997925,0.8888063892181943,0.08876020593856054
extra_trees,B12_deficiency,cbc_only,development_oof,0.0,672,0.7693452380952381,0.4348191757779647,1.0491163739512332,0.0,,0.0,1.0,155.0,0.0,0.5658708775306686,0.7756847819304924,0.2204657851984307
extra_trees,B12_deficiency,hb_only,development_oof,0.0,672,0.7693452380952381,0.4348191757779647,1.4252542199658642,0.0,,0.0,1.0,155.0,0.0,0.2437918422617639,0.5021900542833968,0.22960727847371618
extra_trees,B12_deficiency,no_iron,development_oof,0.016707633548390558,672,0.9866071428571429,0.9811743026741331,0.09156168358635215,0.9710610932475884,,0.967948717948718,0.9903288201160542,155.0,0.9741935483870968,0.9920448226008902,0.9975291695264242,0.019922867473122968
extra_trees,B12_deficiency,no_B12,development_oof,0.10187515747402534,672,0.8482142857142857,0.7099133261105092,0.49561164018741233,0.5096153846153846,,1.0,1.0,155.0,0.3419354838709677,0.8071491394855682,0.8653397391901166,0.1241926175595051
extra_trees,B12_deficiency,no_folate,development_oof,0.027049760146814306,672,0.9821428571428571,0.9746118100419359,0.10190400224897671,0.9607843137254902,,0.9735099337748344,0.9922630560928434,155.0,0.9483870967741935,0.9836995132075919,0.9892181942971235,0.021903280897616857
extra_trees,B12_deficiency,no_B6,development_oof,0.015119249006384916,672,0.9851190476190477,0.9790353777999625,0.0905621643140667,0.967741935483871,,0.967741935483871,0.9903288201160542,155.0,0.967741935483871,0.9921211163403808,0.9975541274099957,0.019855032315870286
extra_trees,B12_deficiency,no_copper,development_oof,0.015119249006384916,672,0.9851190476190477,0.9790353777999625,0.08974550526691741,0.967741935483871,,0.967741935483871,0.9903288201160542,155.0,0.967741935483871,0.9921619766522679,0.9975790852935671,0.019764574303231038
extra_trees,B12_deficiency,no_hemoglobin,development_oof,0.015119249006384916,672,0.9851190476190477,0.9790353777999625,0.09075416586861106,0.967741935483871,,0.967741935483871,0.9903288201160542,155.0,0.967741935483871,0.99203585927301,0.9975416484682099,0.019899182461461256
extra_trees,B12_deficiency,no_demographics,development_oof,0.015119249006384916,672,0.9851190476190477,0.9790353777999625,0.09067150242728292,0.967741935483871,,0.967741935483871,0.9903288201160542,155.0,0.967741935483871,0.9906940872672637,0.9966057278342797,0.019855483889069516
extra_trees,folate_deficiency,available,development_oof,0.022064092900951494,672,0.9404761904761905,0.8879925328355224,0.17134322873294783,0.8113207547169812,,0.9347826086956522,0.9891304347826086,120.0,0.7166666666666667,0.9031275081984442,0.9595410628019324,0.04628131360186819
extra_trees,folate_deficiency,drop30,development_oof,0.06326713764998823,672,0.9092261904761905,0.8070628768303187,0.25960310637980805,0.6666666666666666,,0.9682539682539683,0.9963768115942029,120.0,0.5083333333333333,0.7814410485169758,0.8925573671497585,0.07349794908200044
extra_trees,folate_deficiency,drop60,development_oof,0.029674991942101204,672,0.875,0.6987640617328751,0.39251257395810685,0.46835443037974683,,0.9736842105263158,0.9981884057971014,120.0,0.30833333333333335,0.5953768379573064,0.7624094202898551,0.10743334341627277
extra_trees,folate_deficiency,cbc_only,development_oof,0.2191816204117643,672,0.8184523809523809,0.5718493451149965,0.44748447778608835,0.24691358024691357,,0.47619047619047616,0.9601449275362319,120.0,0.16666666666666666,0.3961734432593406,0.762469806763285,0.1332192284222201
extra_trees,folate_deficiency,hb_only,development_oof,0.0,672,0.8214285714285714,0.45098039215686275,0.5828850977423592,0.0,,0.0,1.0,120.0,0.0,0.18175396900753954,0.48047252415458946,0.1631886746475145
extra_trees,folate_deficiency,no_iron,development_oof,0.05240302087518055,672,0.9389880952380952,0.8820017559262512,0.17598892035525154,0.8,,0.9647058823529412,0.9945652173913043,120.0,0.6833333333333333,0.8992334599634241,0.9527626811594203,0.04709122483698809
extra_trees,folate_deficiency,no_B12,development_oof,0.03617291761701387,672,0.9315476190476191,0.8731284475965327,0.19843206604743208,0.7870370370370371,,0.8854166666666666,0.980072463768116,120.0,0.7083333333333334,0.876330651277805,0.9450332125603864,0.05519345262802813
extra_trees,folate_deficiency,no_folate,development_oof,0.052401519731166135,672,0.8229166666666666,0.48978849650684275,0.4937227097738873,0.07751937984496124,,0.5555555555555556,0.9927536231884058,120.0,0.041666666666666664,0.3781690052419478,0.7486488526570048,0.14493258035180295
extra_trees,folate_deficiency,no_B6,development_oof,0.02977868059971086,672,0.9419642857142857,0.8912093249150073,0.16932763537457657,0.8169014084507042,,0.9354838709677419,0.9891304347826086,120.0,0.725,0.9054557229894229,0.9603109903381642,0.04563963201553002
extra_trees,folate_deficiency,no_copper,development_oof,0.028248987136512745,672,0.9449404761904762,0.8967883338937248,0.17055272902415414,0.8262910798122066,,0.946236559139785,0.9909420289855072,120.0,0.7333333333333333,0.9029599940470946,0.9592995169082126,0.04622263678783024
extra_trees,folate_deficiency,no_hemoglobin,development_oof,0.022064092900951494,672,0.9404761904761905,0.8879925328355224,0.17127047942639478,0.8113207547169812,,0.9347826086956522,0.9891304347826086,120.0,0.7166666666666667,0.9026387364076792,0.959375,0.04628754857682532
extra_trees,folate_deficiency,no_demographics,development_oof,0.04138854201811195,672,0.9389880952380952,0.8838522015892756,0.17300430260156208,0.8038277511961722,,0.9438202247191011,0.9909420289855072,120.0,0.7,0.9015477990077585,0.9580464975845411,0.046747395847381246
extra_trees,B6_deficiency,available,development_oof,0.14452988925785865,672,0.9895833333333334,0.9258687258687259,0.0675587581127148,0.8571428571428571,,1.0,1.0,28.0,0.75,0.82750472877629,0.9270186335403727,0.013437230964138744
extra_trees,B6_deficiency,drop30,development_oof,0.18172696926440138,672,0.9776785714285714,0.8113172229189675,0.20810149342233686,0.6341463414634146,,1.0,1.0,28.0,0.4642857142857143,0.6062801136465614,0.8151342058562556,0.022714213465608465
extra_trees,B6_deficiency,drop60,development_oof,0.26619856874997494,672,0.96875,0.7081825513348083,0.3925972834237625,0.43243243243243246,,0.8888888888888888,0.9984472049689441,28.0,0.2857142857142857,0.3781903631119629,0.7515250665483585,0.03136358613095238
extra_trees,B6_deficiency,cbc_only,development_oof,0.0,672,0.9583333333333334,0.48936170212765956,0.6223425868889078,0.0,,0.0,1.0,28.0,0.0,0.10265400440622213,0.7003382874889086,0.04080700447751323
extra_trees,B6_deficiency,hb_only,development_oof,0.0,672,0.9583333333333334,0.48936170212765956,1.4578892151616418,0.0,,0.0,1.0,28.0,0.0,0.04141009852216748,0.4956743566992015,0.04166238172619048
extra_trees,B6_deficiency,no_iron,development_oof,0.16191008626104134,672,0.9866071428571429,0.9116086695994037,0.06876197512136199,0.8301886792452831,,0.88,0.9953416149068323,28.0,0.7857142857142857,0.8260595357751321,0.9363076752440106,0.01379584102513228
extra_trees,B6_deficiency,no_B12,development_oof,0.14452988925785865,672,0.9895833333333334,0.9258687258687259,0.06714168522808289,0.8571428571428571,,1.0,1.0,28.0,0.75,0.8305897621500644,0.9338952972493345,0.01340477970238095
extra_trees,B6_deficiency,no_folate,development_oof,0.14452988925785865,672,0.9895833333333334,0.9258687258687259,0.06620376287200985,0.8571428571428571,,1.0,1.0,28.0,0.75,0.829051071404174,0.933146628216504,0.013325616830540859
extra_trees,B6_deficiency,no_B6,development_oof,0.0,672,0.9583333333333334,0.48936170212765956,0.280636213737906,0.0,,0.0,1.0,28.0,0.0,0.11819843902523891,0.7106255545696539,0.040112403226043494
extra_trees,B6_deficiency,no_copper,development_oof,0.14452988925785865,672,0.9895833333333334,0.9258687258687259,0.06703240039748219,0.8571428571428571,,1.0,1.0,28.0,0.75,0.8281393705500848,0.9296528393966281,0.013388213794826572
extra_trees,B6_deficiency,no_hemoglobin,development_oof,0.14452988925785865,672,0.9895833333333334,0.9258687258687259,0.06778223087615265,0.8571428571428571,,1.0,1.0,28.0,0.75,0.8276866735444769,0.9270186335403726,0.013468070871546148
extra_trees,B6_deficiency,no_demographics,development_oof,0.14452988925785865,672,0.9895833333333334,0.9258687258687259,0.07076732852709836,0.8571428571428571,,1.0,1.0,28.0,0.75,0.8254862707706309,0.9137921472937002,0.013405845211640212
extra_trees,copper_deficiency,available,development_oof,0.09799177267239541,672,0.9895833333333334,0.9286656658022838,0.028945104652958915,0.8627450980392157,,0.9565217391304348,0.9984472049689441,28.0,0.7857142857142857,0.9819999801904384,0.9991681455190772,0.00754420871031746
extra_trees,copper_deficiency,drop30,development_oof,0.23204684742027296,672,0.9791666666666666,0.8279569892473118,0.1493261333059681,0.6666666666666666,,1.0,1.0,28.0,0.5,0.8916806824018743,0.9467335847382431,0.013680910383597882
extra_trees,copper_deficiency,drop60,development_oof,0.25555062599997597,672,0.9627976190476191,0.5872540107608776,0.7234455295404225,0.1935483870967742,,1.0,1.0,28.0,0.10714285714285714,0.5375686813186812,0.7340283939662822,0.027688893320105816
extra_trees,copper_deficiency,cbc_only,development_oof,0.0,672,0.9583333333333334,0.48936170212765956,1.3245445467006787,0.0,,0.0,1.0,28.0,0.0,0.04846836504811067,0.5199922360248447,0.0416372080489418
extra_trees,copper_deficiency,hb_only,development_oof,0.0,672,0.9583333333333334,0.48936170212765956,1.4574959727133039,0.0,,0.0,1.0,28.0,0.0,0.04173136645962733,0.500776397515528,0.04166085119047619
extra_trees,copper_deficiency,no_iron,development_oof,0.0724324129338802,672,0.9895833333333334,0.9258687258687259,0.037762832629066226,0.8571428571428571,,1.0,1.0,28.0,0.75,0.9872840719614913,0.9993899733806567,0.008504991712962961
extra_trees,copper_deficiency,no_B12,development_oof,0.09799177267239541,672,0.9895833333333334,0.9286656658022838,0.029442739588664908,0.8627450980392157,,0.9565217391304348,0.9984472049689441,28.0,0.7857142857142857,0.9856213804413602,0.9993345164152616,0.007622266382275132
extra_trees,copper_deficiency,no_folate,development_oof,0.07698533736476322,672,0.9910714285714286,0.9399857108835437,0.02883050175129181,0.8846153846153846,,0.9583333333333334,0.9984472049689441,28.0,0.8214285714285714,0.9844157932589609,0.999279059449867,0.007430801468253968
extra_trees,copper_deficiency,no_B6,development_oof,0.09799177267239541,672,0.9895833333333334,0.9286656658022838,0.028868801537047243,0.8627450980392157,,0.9565217391304348,0.9984472049689441,28.0,0.7857142857142857,0.9819999801904384,0.9991681455190772,0.007536641097883598
extra_trees,copper_deficiency,no_copper,development_oof,0.0,672,0.9583333333333334,0.48936170212765956,1.2347441181958183,0.0,,0.0,1.0,28.0,0.0,0.07848875661375661,0.5521572759538598,0.0416159621494709
extra_trees,copper_deficiency,no_hemoglobin,development_oof,0.09799177267239541,672,0.9895833333333334,0.9286656658022838,0.02885251227445881,0.8627450980392157,,0.9565217391304348,0.9984472049689441,28.0,0.7857142857142857,0.9819999801904384,0.9991681455190771,0.007524802374338625
extra_trees,copper_deficiency,no_demographics,development_oof,0.09799177267239541,672,0.9895833333333334,0.9286656658022838,0.028691765601605225,0.8627450980392157,,0.9565217391304348,0.9984472049689441,28.0,0.7857142857142857,0.982444400837258,0.9991681455190773,0.007561974907407408
extra_trees,inflammation_anemia,available,development_oof,0.07230472697105025,672,0.9925595238095238,0.9727394426189606,0.030616070049770606,0.9494949494949495,,1.0,1.0,52.0,0.9038461538461539,0.9996371552975328,0.999968982630273,0.006747410399769101
extra_trees,inflammation_anemia,drop30,development_oof,0.1523463550779854,672,0.9747023809523809,0.8955367185142513,0.07631299040837233,0.8045977011494253,,1.0,1.0,52.0,0.6730769230769231,0.9474812878144461,0.9829249379652606,0.019999911667157283
extra_trees,inflammation_anemia,drop60,development_oof,0.0949765699786033,672,0.9568452380952381,0.7952403467297084,0.186637520378591,0.6133333333333333,,1.0,1.0,52.0,0.4423076923076923,0.8226500107596509,0.9293889578163773,0.03595773835406744
extra_trees,inflammation_anemia,cbc_only,development_oof,0.0,672,0.9226190476190477,0.47987616099071206,1.1710763984146695,0.0,,0.0,1.0,52.0,0.0,0.2596350819829498,0.7771091811414392,0.07632588028439154
extra_trees,inflammation_anemia,hb_only,development_oof,0.0,672,0.9226190476190477,0.47987616099071206,0.7497434843054516,0.0,,0.0,1.0,52.0,0.0,0.11677553536705658,0.6659119106699751,0.07265149021164022
extra_trees,inflammation_anemia,no_iron,development_oof,0.1456563546452752,672,0.9776785714285714,0.9097542414611218,0.05856198051478765,0.8314606741573034,,1.0,1.0,52.0,0.7115384615384616,0.9726733274985891,0.9942307692307693,0.01603442680748561
extra_trees,inflammation_anemia,no_B12,development_oof,0.07230472697105025,672,0.9925595238095238,0.9727394426189606,0.030227666446088257,0.9494949494949495,,1.0,1.0,52.0,0.9038461538461539,0.9992877492877494,0.9999379652605459,0.006769421144179895
extra_trees,inflammation_anemia,no_folate,development_oof,0.07230472697105025,672,0.9925595238095238,0.9727394426189606,0.03020612264902697,0.9494949494949495,,1.0,1.0,52.0,0.9038461538461539,0.9996371552975329,0.999968982630273,0.006740455515065634
extra_trees,inflammation_anemia,no_B6,development_oof,0.07230472697105025,672,0.9925595238095238,0.9727394426189606,0.030600629490645057,0.9494949494949495,,1.0,1.0,52.0,0.9038461538461539,0.9996371552975328,0.9999689826302729,0.006744589771462223
extra_trees,inflammation_anemia,no_copper,development_oof,0.07230472697105025,672,0.9925595238095238,0.9727394426189606,0.029962508395387315,0.9494949494949495,,1.0,1.0,52.0,0.9038461538461539,0.9996371552975327,0.9999689826302729,0.006702899174644722
extra_trees,inflammation_anemia,no_hemoglobin,development_oof,0.07230472697105025,672,0.9925595238095238,0.9727394426189606,0.03477924938326932,0.9494949494949495,,1.0,1.0,52.0,0.9038461538461539,0.9992877492877494,0.9999379652605459,0.007021401438084852
extra_trees,inflammation_anemia,no_demographics,development_oof,0.07230472697105025,672,0.9925595238095238,0.9727394426189606,0.03437852355627223,0.9494949494949495,,1.0,1.0,52.0,0.9038461538461539,0.9985812264658421,0.9998759305210918,0.007017266510342613
catboost,anemia_class,available,development_oof,0.05631181148301741,672,0.8199404761904762,0.7950896065172346,0.6966226792864124,0.7950896065172346,0.3196037041956303,,,,,,,
catboost,anemia_class,drop30,development_oof,0.020125432187151123,672,0.5818452380952381,0.5589502244907534,1.278898040813618,0.5589502244907534,0.5589721949601508,,,,,,,
catboost,anemia_class,drop60,development_oof,0.03429714271110831,672,0.38244047619047616,0.32938925528750274,1.9575495463317825,0.32938925528750274,0.7684715611079139,,,,,,,
catboost,anemia_class,cbc_only,development_oof,0.016535297768726177,672,0.45535714285714285,0.3172662214616664,1.4619160046865933,0.3172662214616664,0.6714540961534405,,,,,,,
catboost,anemia_class,hb_only,development_oof,0.017207508880666276,672,0.25,0.0952808896165503,2.305011173670878,0.0952808896165503,0.8921045547887186,,,,,,,
catboost,anemia_class,no_iron,development_oof,0.07518903484044072,672,0.7395833333333334,0.7188768790037168,0.9485271390051755,0.7188768790037168,0.4390425994704377,,,,,,,
catboost,anemia_class,no_B12,development_oof,0.02597455205512958,672,0.7395833333333334,0.6917924719428443,0.8274180843896449,0.6917924719428443,0.3913724107341667,,,,,,,
catboost,anemia_class,no_folate,development_oof,0.030423590539066698,672,0.7574404761904762,0.7167386321231897,0.8137635540821881,0.7167386321231897,0.3835992261335719,,,,,,,
catboost,anemia_class,no_B6,development_oof,0.056575431911676445,672,0.8005952380952381,0.7434595034607342,0.7280704901072393,0.7434595034607342,0.33186590252456777,,,,,,,
catboost,anemia_class,no_copper,development_oof,0.028341792297898627,672,0.7976190476190477,0.7303209212700413,0.7531804620847825,0.7303209212700413,0.3378097056635646,,,,,,,
catboost,anemia_class,no_hemoglobin,development_oof,0.06422644497489183,672,0.5967261904761905,0.5455203669403696,1.1549436140651401,0.5455203669403696,0.5203568885881031,,,,,,,
catboost,anemia_class,no_demographics,development_oof,0.056645505474584655,672,0.8214285714285714,0.796354679828556,0.6987013653779595,0.796354679828556,0.3208492313794099,,,,,,,
catboost,iron_deficiency,available,development_oof,0.01209544603380466,672,0.9880952380952381,0.986779460948259,0.04738327150447078,0.9826086956521739,,0.9955947136563876,0.9977220956719818,233.0,0.9699570815450643,0.9971671531855169,0.9981815871029553,0.011832668604167249
catboost,iron_deficiency,drop30,development_oof,0.026579222961459578,672,0.9494047619047619,0.9430803571428572,0.1458469878943085,0.9241071428571429,,0.9627906976744186,0.9817767653758542,233.0,0.8884120171673819,0.9779774495436263,0.986537878713815,0.042516235752422825
catboost,iron_deficiency,drop60,development_oof,0.06329827847721885,672,0.8720238095238095,0.8498987065606981,0.36616940768386336,0.7922705314009661,,0.9060773480662984,0.9612756264236902,233.0,0.703862660944206,0.8914907385352723,0.9185526997565673,0.10589457803166866
catboost,iron_deficiency,cbc_only,development_oof,0.18135140814044676,672,0.7604166666666666,0.6662131519274377,0.7074580842799721,0.4888888888888889,,0.9390243902439024,0.9886104783599089,233.0,0.33047210300429186,0.8114981361838124,0.8673731754768446,0.1954039878763973
catboost,iron_deficiency,hb_only,development_oof,0.0,672,0.6532738095238095,0.3951395139513951,0.9243719073052826,0.0,,0.0,1.0,233.0,0.0,0.34973061276993683,0.5118636776912021,0.2939417732305235
catboost,iron_deficiency,no_iron,development_oof,0.22747291383772505,672,0.7455357142857143,0.6356892173367192,0.7425682403947765,0.43564356435643564,,0.9428571428571428,0.9908883826879271,233.0,0.2832618025751073,0.8188211815517705,0.8752725175242211,0.20284220013370668
catboost,iron_deficiency,no_B12,development_oof,0.01209544603380466,672,0.9880952380952381,0.986779460948259,0.046275358378578844,0.9826086956521739,,0.9955947136563876,0.9977220956719818,233.0,0.9699570815450643,0.9973040660986463,0.9982793512372052,0.011572546987736113
catboost,iron_deficiency,no_folate,development_oof,0.01209544603380466,672,0.9880952380952381,0.986779460948259,0.04680547287604303,0.9826086956521739,,0.9955947136563876,0.9977220956719818,233.0,0.9699570815450643,0.9971983628376734,0.9981913635163804,0.011650646340675919
catboost,iron_deficiency,no_B6,development_oof,0.01209544603380466,672,0.9880952380952381,0.986779460948259,0.047235915268404115,0.9826086956521739,,0.9955947136563876,0.9977220956719818,233.0,0.9699570815450643,0.9971211371252255,0.9981229286224056,0.011837431060884978
catboost,iron_deficiency,no_copper,development_oof,0.013852895717546075,672,0.9866071428571429,0.9851113326686607,0.047965648865782556,0.9803921568627451,,0.995575221238938,0.9977220956719818,233.0,0.9656652360515021,0.9971688270557032,0.9981913635163804,0.012113442578384608
catboost,iron_deficiency,no_hemoglobin,development_oof,0.013852895717546075,672,0.9866071428571429,0.9851113326686607,0.04771190085899705,0.9803921568627451,,0.995575221238938,0.9977220956719818,233.0,0.9656652360515021,0.9971334703252475,0.9981424814492555,0.012069296728746407
catboost,iron_deficiency,no_demographics,development_oof,0.01209544603380466,672,0.9880952380952381,0.986779460948259,0.04664546997456996,0.9826086956521739,,0.9955947136563876,0.9977220956719818,233.0,0.9699570815450643,0.997092066353509,0.9980935993821307,0.011558652227058023
catboost,B12_deficiency,available,development_oof,0.03666488707390989,672,0.9776785714285714,0.9678922606970055,0.06975139868690178,0.9501661129568106,,0.9794520547945206,0.9941972920696325,155.0,0.9225806451612903,0.9872718315727507,0.9931241030760591,0.0174961705926507
catboost,B12_deficiency,drop30,development_oof,0.08363405825111685,672,0.9285714285714286,0.8881429284802752,0.2401064320921427,0.8208955223880597,,0.9734513274336283,0.9941972920696325,155.0,0.7096774193548387,0.9306134602246168,0.9659574468085106,0.06107989990295813
catboost,B12_deficiency,drop60,development_oof,0.14317864131165908,672,0.8511904761904762,0.719981332088806,0.5060357833863836,0.5283018867924528,,0.9824561403508771,0.9980657640232108,155.0,0.36129032258064514,0.8634631390704045,0.9312410307605915,0.12692962387100623
catboost,B12_deficiency,cbc_only,development_oof,0.0,672,0.7693452380952381,0.4348191757779647,0.9072457437007364,0.0,,0.0,1.0,155.0,0.0,0.6151604437247268,0.8248330941536157,0.21764655021973894
catboost,B12_deficiency,hb_only,development_oof,0.0,672,0.7693452380952381,0.4348191757779647,1.2411719042608167,0.0,,0.0,1.0,155.0,0.0,0.23449383639610608,0.4900230860423036,0.22845202805523646
catboost,B12_deficiency,no_iron,development_oof,0.03033520633837379,672,0.9791666666666666,0.9701033417650722,0.06760787960599501,0.9536423841059603,,0.9795918367346939,0.9941972920696325,155.0,0.9290322580645162,0.9872773601386933,0.9927996505896299,0.016680305544127576
catboost,B12_deficiency,no_B12,development_oof,0.08666428690321423,672,0.8422619047619048,0.6937048503611971,0.5408441571085505,0.4803921568627451,,1.0,1.0,155.0,0.3161290322580645,0.8142948286249322,0.8907094278405191,0.13578479890847592
catboost,B12_deficiency,no_folate,development_oof,0.04099129716404537,672,0.9702380952380952,0.9566742314833918,0.09238897309002454,0.9324324324324325,,0.9787234042553191,0.9941972920696325,155.0,0.8903225806451613,0.982939294649866,0.9909278093217695,0.023828223144476576
catboost,B12_deficiency,no_B6,development_oof,0.03666488707390989,672,0.9776785714285714,0.9678922606970055,0.06971702973022872,0.9501661129568106,,0.9794520547945206,0.9941972920696325,155.0,0.9225806451612903,0.9872873205466899,0.9931490609596307,0.017479388667066283
catboost,B12_deficiency,no_copper,development_oof,0.03666488707390989,672,0.9776785714285714,0.9678922606970055,0.06947461996463881,0.9501661129568106,,0.9794520547945206,0.9941972920696325,155.0,0.9225806451612903,0.9874303451080271,0.9932114556685593,0.01741643551750104
catboost,B12_deficiency,no_hemoglobin,development_oof,0.03033520633837379,672,0.9791666666666666,0.9701033417650722,0.06874957077384916,0.9536423841059603,,0.9795918367346939,0.9941972920696325,155.0,0.9290322580645162,0.9880902633350458,0.9942846446621325,0.017418617742312986
catboost,B12_deficiency,no_demographics,development_oof,0.03666488707390989,672,0.9776785714285714,0.9678922606970055,0.07044589546663914,0.9501661129568106,,0.9794520547945206,0.9941972920696325,155.0,0.9225806451612903,0.9872523636480378,0.9930741873089162,0.017722440238140062
catboost,folate_deficiency,available,development_oof,0.05109762165551714,672,0.9345238095238095,0.8748645720476707,0.16016624117899356,0.7884615384615384,,0.9318181818181818,0.9891304347826086,120.0,0.6833333333333333,0.9094002625559663,0.9708484299516909,0.04770130031590908
catboost,folate_deficiency,drop30,development_oof,0.05584791119316467,672,0.8958333333333334,0.7816034319460694,0.29492078843293446,0.6236559139784946,,0.8787878787878788,0.9855072463768116,120.0,0.48333333333333334,0.7933517740260234,0.8987620772946859,0.07931170674851741
catboost,folate_deficiency,drop60,development_oof,0.037936801663067655,672,0.8720238095238095,0.6915917774884197,0.4868871565706546,0.45569620253164556,,0.9473684210526315,0.9963768115942029,120.0,0.3,0.6003545984081852,0.7829559178743961,0.11810404181566565
catboost,folate_deficiency,cbc_only,development_oof,0.13837845547185265,672,0.8199404761904762,0.5018104953588824,0.4655341700324113,0.1037037037037037,,0.4666666666666667,0.9855072463768116,120.0,0.058333333333333334,0.39559191780007946,0.7753774154589371,0.13819132203264875
catboost,folate_deficiency,hb_only,development_oof,0.0,672,0.8214285714285714,0.45098039215686275,0.8249866871649009,0.0,,0.0,1.0,120.0,0.0,0.19688817679695758,0.5480600845410628,0.17470543974629588
catboost,folate_deficiency,no_iron,development_oof,0.05612702862229452,672,0.9360119047619048,0.8781864553253378,0.15951397557036723,0.7942583732057417,,0.9325842696629213,0.9891304347826086,120.0,0.6916666666666667,0.910630059180873,0.971256038647343,0.04754622005527698
catboost,folate_deficiency,no_B12,development_oof,0.03613906240281178,672,0.9270833333333334,0.8663500761035008,0.1789453475326338,0.776255707762557,,0.8585858585858586,0.9746376811594203,120.0,0.7083333333333334,0.885581739899376,0.9576388888888889,0.052241467131492886
catboost,folate_deficiency,no_folate,development_oof,0.043946503848724644,672,0.8214285714285714,0.46694870438921204,0.50975346598565,0.03225806451612903,,0.5,0.9963768115942029,120.0,0.016666666666666666,0.4540178201373357,0.7996527777777779,0.1462873127576009
catboost,folate_deficiency,no_B6,development_oof,0.04342068040501049,672,0.9375,0.8814814814814815,0.15843852323169716,0.8,,0.9333333333333333,0.9891304347826086,120.0,0.7,0.9113436435302824,0.9714824879227053,0.04708619815225966
catboost,folate_deficiency,no_copper,development_oof,0.05109762165551714,672,0.9345238095238095,0.8748645720476707,0.15998050540417166,0.7884615384615384,,0.9318181818181818,0.9891304347826086,120.0,0.6833333333333333,0.9085686952263091,0.9700935990338164,0.04749850461320634
catboost,folate_deficiency,no_hemoglobin,development_oof,0.05109762165551714,672,0.9345238095238095,0.8748645720476707,0.16100680314774382,0.7884615384615384,,0.9318181818181818,0.9891304347826086,120.0,0.6833333333333333,0.9078339668341965,0.9697312801932367,0.047864154039962435
catboost,folate_deficiency,no_demographics,development_oof,0.07067070732010008,672,0.9330357142857143,0.8694430173169332,0.1715258599552159,0.7783251231527094,,0.9518072289156626,0.9927536231884058,120.0,0.6583333333333333,0.9002735510637222,0.9657004830917875,0.04997666203634445
catboost,B6_deficiency,available,development_oof,0.12606772836652677,672,0.9895833333333334,0.9258687258687259,0.0585297708801949,0.8571428571428571,,1.0,1.0,28.0,0.75,0.8441566211017145,0.9562999112688554,0.01116266553070259
catboost,B6_deficiency,drop30,development_oof,0.15652475842498528,672,0.9791666666666666,0.8355244755244755,0.10506348835843599,0.6818181818181818,,0.9375,0.9984472049689441,28.0,0.5357142857142857,0.5936138043613549,0.8824312333629104,0.020731055384746077
catboost,B6_deficiency,drop60,development_oof,0.26619856874997494,672,0.96875,0.7081825513348083,0.14899792978117893,0.43243243243243246,,0.8888888888888888,0.9984472049689441,28.0,0.2857142857142857,0.3784310362176886,0.7264862466725821,0.030212561001827048
catboost,B6_deficiency,cbc_only,development_oof,0.0,672,0.9583333333333334,0.48936170212765956,0.21692901863157785,0.0,,0.0,1.0,28.0,0.0,0.13611167014584294,0.7847715173025732,0.04098472435881292
catboost,B6_deficiency,hb_only,development_oof,0.0,672,0.9583333333333334,0.48936170212765956,0.1979937706628355,0.0,,0.0,1.0,28.0,0.0,0.04197415700635214,0.5014973380656611,0.04188819251384599
catboost,B6_deficiency,no_iron,development_oof,0.10421579802459055,672,0.9880952380952381,0.9169088098918083,0.061632311342237914,0.84,,0.9545454545454546,0.9984472049689441,28.0,0.75,0.8188676251649315,0.9247448979591837,0.011141075110263318
catboost,B6_deficiency,no_B12,development_oof,0.10421579802459055,672,0.9880952380952381,0.9169088098918083,0.05846564840133562,0.84,,0.9545454545454546,0.9984472049689441,28.0,0.75,0.846349327898546,0.9585181898846494,0.011201542954657208
catboost,B6_deficiency,no_folate,development_oof,0.12606772836652677,672,0.9895833333333334,0.9258687258687259,0.05835147725243353,0.8571428571428571,,1.0,1.0,28.0,0.75,0.8436201795469067,0.960570097604259,0.011127988355381879
catboost,B6_deficiency,no_B6,development_oof,0.0,672,0.9583333333333334,0.48936170212765956,0.20971349691912003,0.0,,0.0,1.0,28.0,0.0,0.25282993332309445,0.8413930789707187,0.04075687419928037
catboost,B6_deficiency,no_copper,development_oof,0.12606772836652677,672,0.9895833333333334,0.9258687258687259,0.05796784748224129,0.8571428571428571,,1.0,1.0,28.0,0.75,0.8497817718752655,0.9579636202307009,0.01111226430436412
catboost,B6_deficiency,no_hemoglobin,development_oof,0.12606772836652677,672,0.9895833333333334,0.9258687258687259,0.05897243855951283,0.8571428571428571,,1.0,1.0,28.0,0.75,0.8401270838017973,0.9569099378881987,0.011214332941931405
catboost,B6_deficiency,no_demographics,development_oof,0.12606772836652677,672,0.9895833333333334,0.9258687258687259,0.058696063508342035,0.8571428571428571,,1.0,1.0,28.0,0.75,0.8455791809877786,0.952251552795031,0.010996800427466922
catboost,copper_deficiency,available,development_oof,0.07120173289082549,672,0.9925595238095238,0.9490469041444884,0.023219894383938743,0.9019607843137255,,1.0,1.0,28.0,0.8214285714285714,0.9765964240102171,0.9986135758651287,0.006263268162853398
catboost,copper_deficiency,drop30,development_oof,0.10049261381862236,672,0.9836309523809523,0.8835079977937121,0.06834714637719926,0.7755102040816326,,0.9047619047619048,0.9968944099378882,28.0,0.6785714285714286,0.8123164561317031,0.9326197870452528,0.014091576137262413
catboost,copper_deficiency,drop60,development_oof,0.27610768344765324,672,0.9717261904761905,0.7491305629236664,0.13940911911883774,0.5128205128205128,,0.9090909090909091,0.9984472049689441,28.0,0.35714285714285715,0.47062038165965453,0.8187111801242235,0.027753685188486914
catboost,copper_deficiency,cbc_only,development_oof,0.0,672,0.9583333333333334,0.48936170212765956,0.28649398873675286,0.0,,0.0,1.0,28.0,0.0,0.17294510991577577,0.8294698314108252,0.04156616627347535
catboost,copper_deficiency,hb_only,development_oof,0.0,672,0.9583333333333334,0.48936170212765956,0.22581766694350633,0.0,,0.0,1.0,28.0,0.0,0.046636117955648836,0.49589618456078083,0.041051993001934545
catboost,copper_deficiency,no_iron,development_oof,0.07120173289082549,672,0.9925595238095238,0.9490469041444884,0.023420647303427015,0.9019607843137255,,1.0,1.0,28.0,0.8214285714285714,0.9777399848828421,0.9986690328305234,0.006270821365863118
catboost,copper_deficiency,no_B12,development_oof,0.07120173289082549,672,0.9925595238095238,0.9490469041444884,0.023289929194369924,0.9019607843137255,,1.0,1.0,28.0,0.8214285714285714,0.9776300157414833,0.9987244897959184,0.006356646712893962
catboost,copper_deficiency,no_folate,development_oof,0.07120173289082549,672,0.9925595238095238,0.9490469041444884,0.02313008443314662,0.9019607843137255,,1.0,1.0,28.0,0.8214285714285714,0.9756507975326757,0.998502661934339,0.006251184747893535
catboost,copper_deficiency,no_B6,development_oof,0.07120173289082549,672,0.9925595238095238,0.9490469041444884,0.023134605049871776,0.9019607843137255,,1.0,1.0,28.0,0.8214285714285714,0.9765964240102171,0.9986135758651287,0.006226182976505572
catboost,copper_deficiency,no_copper,development_oof,0.0,672,0.9583333333333334,0.48936170212765956,0.28046075311567065,0.0,,0.0,1.0,28.0,0.0,0.2368827815129759,0.7959183673469388,0.04150656443492274
catboost,copper_deficiency,no_hemoglobin,development_oof,0.07120173289082549,672,0.9925595238095238,0.9490469041444884,0.02331697851852392,0.9019607843137255,,1.0,1.0,28.0,0.8214285714285714,0.9765964240102171,0.9986135758651287,0.006313509034482367
catboost,copper_deficiency,no_demographics,development_oof,0.07120173289082549,672,0.9925595238095238,0.9490469041444884,0.022430110885765086,0.9019607843137255,,1.0,1.0,28.0,0.8214285714285714,0.9765964240102171,0.9986135758651287,0.00608702219986706
catboost,inflammation_anemia,available,development_oof,0.1339668744418449,672,0.9851190476190477,0.9439102564102564,0.04878413838002207,0.8958333333333334,,0.9772727272727273,0.9983870967741936,52.0,0.8269230769230769,0.9675364385077698,0.9942307692307693,0.012425023745832996
catboost,inflammation_anemia,drop30,development_oof,0.22415933074213273,672,0.9672619047619048,0.8633489851000111,0.1455604339586279,0.7441860465116279,,0.9411764705882353,0.9967741935483871,52.0,0.6153846153846154,0.8646954860406548,0.9632754342431763,0.03063234711331904
catboost,inflammation_anemia,drop60,development_oof,0.24341419444887616,672,0.9568452380952381,0.8002439549400875,0.2176600081120221,0.6233766233766234,,0.96,0.9983870967741936,52.0,0.46153846153846156,0.7860694792379804,0.9183312655086848,0.03950900059536374
catboost,inflammation_anemia,cbc_only,development_oof,0.0,672,0.9226190476190477,0.47987616099071206,0.5549893089335991,0.0,,0.0,1.0,52.0,0.0,0.26151182237524634,0.8106389578163772,0.07721318539731961
catboost,inflammation_anemia,hb_only,development_oof,0.0,672,0.9226190476190477,0.47987616099071206,0.5884978358386996,0.0,,0.0,1.0,52.0,0.0,0.12219982774583713,0.6845688585607941,0.07729863370213194
catboost,inflammation_anemia,no_iron,development_oof,0.1725650816943553,672,0.9776785714285714,0.913359634872747,0.07156333243855666,0.8387096774193549,,0.9512195121951219,0.9967741935483871,52.0,0.75,0.9396690306939058,0.9801488833746899,0.01722826021273534
catboost,inflammation_anemia,no_B12,development_oof,0.1339668744418449,672,0.9851190476190477,0.9439102564102564,0.04885838997845063,0.8958333333333334,,0.9772727272727273,0.9983870967741936,52.0,0.8269230769230769,0.9683564638059216,0.9941997518610421,0.012313876015036291
catboost,inflammation_anemia,no_folate,development_oof,0.1339668744418449,672,0.9851190476190477,0.9439102564102564,0.0489258240347343,0.8958333333333334,,0.9772727272727273,0.9983870967741936,52.0,0.8269230769230769,0.9675955139766813,0.9942928039702232,0.012380064810235646
catboost,inflammation_anemia,no_B6,development_oof,0.1339668744418449,672,0.9851190476190477,0.9439102564102564,0.048778336233459646,0.8958333333333334,,0.9772727272727273,0.9983870967741936,52.0,0.8269230769230769,0.9675364385077698,0.9942307692307693,0.012424771254497152
catboost,inflammation_anemia,no_copper,development_oof,0.1339668744418449,672,0.9851190476190477,0.9439102564102564,0.049030803982061666,0.8958333333333334,,0.9772727272727273,0.9983870967741936,52.0,0.8269230769230769,0.9673075203874126,0.9944789081885856,0.012466665532405113
catboost,inflammation_anemia,no_hemoglobin,development_oof,0.13840687333017107,672,0.9836309523809523,0.9388883836671931,0.050165761061825874,0.8865979381443299,,0.9555555555555556,0.9967741935483871,52.0,0.8269230769230769,0.9614787651404745,0.9912841191066997,0.012945533286148862
catboost,inflammation_anemia,no_demographics,development_oof,0.1208554915663678,672,0.9851190476190477,0.9469546272615326,0.043188135704265884,0.9019607843137255,,0.92,0.9935483870967742,52.0,0.8846153846153846,0.9644734313305099,0.9846464019851117,0.011357186696794619
catboost_dropout,anemia_class,available,development_oof,0.05655399984787975,672,0.7916666666666666,0.765390406352449,0.663852477778046,0.765390406352449,0.3178097341849268,,,,,,,
catboost_dropout,anemia_class,drop30,development_oof,0.03657984263467289,672,0.6726190476190477,0.6338778656784535,1.0449927388090228,0.6338778656784535,0.48135519266146026,,,,,,,
catboost_dropout,anemia_class,drop60,development_oof,0.06297911897582799,672,0.5252976190476191,0.4740483985323701,1.4909223725651677,0.4740483985323701,0.6397566444243986,,,,,,,
catboost_dropout,anemia_class,cbc_only,development_oof,0.032015587800110656,672,0.5505952380952381,0.44977246800910015,1.2726139301609785,0.44977246800910015,0.6006058403086216,,,,,,,
catboost_dropout,anemia_class,hb_only,development_oof,0.02116644758681144,672,0.26339285714285715,0.11159669173695447,2.02200314843194,0.11159669173695447,0.8241728738701407,,,,,,,
catboost_dropout,anemia_class,no_iron,development_oof,0.06772372756099694,672,0.7336309523809523,0.71387450365082,0.8679390340022973,0.71387450365082,0.41419044327585214,,,,,,,
catboost_dropout,anemia_class,no_B12,development_oof,0.06058072188555595,672,0.7247023809523809,0.6778324319801894,0.7673346205443888,0.6778324319801894,0.374722183510685,,,,,,,
catboost_dropout,anemia_class,no_folate,development_oof,0.051916003955232846,672,0.7574404761904762,0.7188765032341252,0.740186675191904,0.7188765032341252,0.3575462591242084,,,,,,,
catboost_dropout,anemia_class,no_B6,development_oof,0.034143397417420916,672,0.7797619047619048,0.726409245451716,0.6930462140981971,0.726409245451716,0.3291951775444884,,,,,,,
catboost_dropout,anemia_class,no_copper,development_oof,0.0382902445037574,672,0.7633928571428571,0.6883555070516608,0.7176242939469272,0.6883555070516608,0.33766235813664514,,,,,,,
catboost_dropout,anemia_class,no_hemoglobin,development_oof,0.054592910204739484,672,0.7767857142857143,0.7520156017320351,0.8053778463835506,0.7520156017320351,0.3757386897808616,,,,,,,
catboost_dropout,anemia_class,no_demographics,development_oof,0.060068395686091416,672,0.7752976190476191,0.7447927024886042,0.6736879628883619,0.7447927024886042,0.3241100730508024,,,,,,,
catboost_dropout,iron_deficiency,available,development_oof,0.015546786650344441,672,0.9866071428571429,0.9852328968475847,0.054980062225305125,0.9807280513918629,,0.9786324786324786,0.9886104783599089,233.0,0.9828326180257511,0.9961071224408882,0.9971061816262087,0.012101327878385278
catboost_dropout,iron_deficiency,drop30,development_oof,0.01678904609327556,672,0.9702380952380952,0.9669486523706472,0.10527915086106979,0.9565217391304348,,0.9691629955947136,0.9840546697038725,233.0,0.944206008583691,0.989670771525649,0.99331293321732,0.026253033492696736
catboost_dropout,iron_deficiency,drop60,development_oof,0.033074628660457274,672,0.9107142857142857,0.8983942665336115,0.2325277283413528,0.863013698630137,,0.9219512195121952,0.9635535307517085,233.0,0.8111587982832618,0.9489027369927997,0.9653035087547782,0.06770457226243112
catboost_dropout,iron_deficiency,cbc_only,development_oof,0.048847058974207706,672,0.8407738095238095,0.8159021954810216,0.38341375156259344,0.7482352941176471,,0.828125,0.9248291571753986,233.0,0.6824034334763949,0.8287601601995742,0.8954705876602109,0.11929505021556278
catboost_dropout,iron_deficiency,hb_only,development_oof,0.0,672,0.6517857142857143,0.3945945945945946,0.6934598915279087,0.0,,0.0,0.9977220956719818,233.0,0.0,0.38537374288656545,0.5361287358119801,0.24309367728772313
catboost_dropout,iron_deficiency,no_iron,development_oof,0.04887429248884225,672,0.8318452380952381,0.7968229505301772,0.3793474182661757,0.712468193384224,,0.875,0.9544419134396356,233.0,0.6008583690987125,0.8470521106251231,0.9108684388045402,0.11860571291596572
catboost_dropout,iron_deficiency,no_B12,development_oof,0.015546786650344441,672,0.9866071428571429,0.9852328968475847,0.056440399761345766,0.9807280513918629,,0.9786324786324786,0.9886104783599089,233.0,0.9828326180257511,0.995753380495066,0.9967933363966095,0.012418587392867912
catboost_dropout,iron_deficiency,no_folate,development_oof,0.015546786650344441,672,0.9866071428571429,0.9852328968475847,0.05620856944131344,0.9807280513918629,,0.9786324786324786,0.9886104783599089,233.0,0.9828326180257511,0.9959919441687978,0.9970475231456588,0.012446656963607194
catboost_dropout,iron_deficiency,no_B6,development_oof,0.015546786650344441,672,0.9866071428571429,0.9852328968475847,0.05568257772921383,0.9807280513918629,,0.9786324786324786,0.9886104783599089,233.0,0.9828326180257511,0.996050644136139,0.9970475231456588,0.012292378887792887
catboost_dropout,iron_deficiency,no_copper,development_oof,0.015546786650344441,672,0.9866071428571429,0.9852328968475847,0.05479941515554294,0.9807280513918629,,0.9786324786324786,0.9886104783599089,233.0,0.9828326180257511,0.9961495924192566,0.9971355108664834,0.01206551558219103
catboost_dropout,iron_deficiency,no_hemoglobin,development_oof,0.015546786650344441,672,0.9866071428571429,0.9852328968475847,0.054403066548445636,0.9807280513918629,,0.9786324786324786,0.9886104783599089,233.0,0.9828326180257511,0.9961959269070613,0.9970964052127835,0.012003399624861086
catboost_dropout,iron_deficiency,no_demographics,development_oof,0.01927632884093024,672,0.9851190476190477,0.9836084767591617,0.05888789976314437,0.9786324786324786,,0.9744680851063829,0.9863325740318907,233.0,0.9828326180257511,0.9962311792498181,0.9973505919618328,0.013588994291983205
catboost_dropout,B12_deficiency,available,development_oof,0.018934344808635806,672,0.9821428571428571,0.9748424533599551,0.07727866213751933,0.9612903225806452,,0.9612903225806452,0.988394584139265,155.0,0.9612903225806452,0.9877072001164379,0.9951207337617771,0.018614447985432023
catboost_dropout,B12_deficiency,drop30,development_oof,0.07548564610255885,672,0.9434523809523809,0.9156080214681348,0.1540828423332997,0.8671328671328671,,0.9465648854961832,0.9864603481624759,155.0,0.8,0.9469968234234104,0.9779372309228178,0.04274587695647458
catboost_dropout,B12_deficiency,drop60,development_oof,0.07920907858988732,672,0.9032738095238095,0.8472380086383269,0.24367994761949563,0.7547169811320755,,0.9090909090909091,0.9806576402321083,155.0,0.6451612903225806,0.8838994643784476,0.945754040057403,0.07176229638842749
catboost_dropout,B12_deficiency,cbc_only,development_oof,0.06900176336591518,672,0.8169642857142857,0.707581112490846,0.3911798193239489,0.5287356321839081,,0.6509433962264151,0.9284332688588007,155.0,0.44516129032258067,0.6261708198799208,0.8559805328508142,0.12734979723876533
catboost_dropout,B12_deficiency,hb_only,development_oof,0.0,672,0.7693452380952381,0.4348191757779647,0.5583047665868486,0.0,,0.0,1.0,155.0,0.0,0.26411788814523873,0.5764023210831721,0.1825707389711165
catboost_dropout,B12_deficiency,no_iron,development_oof,0.01822511039134882,672,0.9821428571428571,0.9751760823523618,0.08414685057168457,0.9620253164556962,,0.9440993788819876,0.9825918762088974,155.0,0.9806451612903225,0.9867003399063069,0.9948337181007051,0.020337448304315987
catboost_dropout,B12_deficiency,no_B12,development_oof,0.08526832109297865,672,0.8735119047619048,0.7851201739503354,0.31242089647615795,0.6473029045643154,,0.9069767441860465,0.9845261121856866,155.0,0.5032258064516129,0.8161982409405575,0.9152430273912773,0.09546736984243942
catboost_dropout,B12_deficiency,no_folate,development_oof,0.030483323857143543,672,0.9732142857142857,0.9617408906882591,0.0907002308538569,0.9407894736842105,,0.959731543624161,0.988394584139265,155.0,0.9225806451612903,0.9825795406614678,0.9922256192674861,0.023569523321027522
catboost_dropout,B12_deficiency,no_B6,development_oof,0.018934344808635806,672,0.9821428571428571,0.9748424533599551,0.07732541942251568,0.9612903225806452,,0.9612903225806452,0.988394584139265,155.0,0.9612903225806452,0.9877526964354834,0.9951207337617771,0.018576389816009224
catboost_dropout,B12_deficiency,no_copper,development_oof,0.0190797367142837,672,0.9806547619047619,0.9728073260848589,0.07747176376257593,0.9581993569131833,,0.9551282051282052,0.9864603481624759,155.0,0.9612903225806452,0.9876547126912267,0.9954327073064204,0.018681475678187533
catboost_dropout,B12_deficiency,no_hemoglobin,development_oof,0.025045002442585,672,0.9821428571428571,0.9747279747279747,0.07737797854138045,0.961038961038961,,0.9673202614379085,0.9903288201160542,155.0,0.9548387096774194,0.9865676907481221,0.9944468709053472,0.01841253969353753
catboost_dropout,B12_deficiency,no_demographics,development_oof,0.025616285587748415,672,0.9776785714285714,0.9681913567585478,0.07710966487105643,0.9508196721311475,,0.9666666666666667,0.9903288201160542,155.0,0.9354838709677419,0.9874512900284526,0.9949959443439196,0.019623693377985345
catboost_dropout,folate_deficiency,available,development_oof,0.08071850706280592,672,0.9330357142857143,0.8725207090614,0.17057009773200163,0.784688995215311,,0.9213483146067416,0.9873188405797102,120.0,0.6833333333333333,0.9030695170581408,0.9655646135265701,0.049148188039419574
catboost_dropout,folate_deficiency,drop30,development_oof,0.08086264529835684,672,0.9032738095238095,0.8050478677110531,0.24580672793366937,0.6666666666666666,,0.8666666666666667,0.9818840579710145,120.0,0.5416666666666666,0.8028924049613294,0.9151268115942031,0.07165200548097227
catboost_dropout,folate_deficiency,drop60,development_oof,0.023557450764332015,672,0.8809523809523809,0.7278911564625851,0.3300671814195833,0.5238095238095238,,0.9166666666666666,0.9927536231884058,120.0,0.36666666666666664,0.6554459972633482,0.828155193236715,0.0980100003987293
catboost_dropout,folate_deficiency,cbc_only,development_oof,0.05554773791011455,672,0.8303571428571429,0.6199698388761012,0.39539039232372564,0.3372093023255814,,0.5576923076923077,0.9583333333333334,120.0,0.24166666666666667,0.4351203619634314,0.7804196859903382,0.12336601316977032
catboost_dropout,folate_deficiency,hb_only,development_oof,0.0,672,0.8214285714285714,0.45098039215686275,0.4685464403448315,0.0,,0.0,1.0,120.0,0.0,0.21153965938693364,0.6023022342995168,0.1464101267952352
catboost_dropout,folate_deficiency,no_iron,development_oof,0.0706482752299715,672,0.9345238095238095,0.8777272351335704,0.16842627080691092,0.794392523364486,,0.9042553191489362,0.9836956521739131,120.0,0.7083333333333334,0.9069895857256163,0.9659420289855072,0.04803136889574175
catboost_dropout,folate_deficiency,no_B12,development_oof,0.06531721874958028,672,0.9285714285714286,0.8676122931442081,0.18501972465350067,0.7777777777777778,,0.875,0.9782608695652174,120.0,0.7,0.8849609867169067,0.9576388888888889,0.05338687268515843
catboost_dropout,folate_deficiency,no_folate,development_oof,0.1145551273464323,672,0.8318452380952381,0.5523248616048532,0.4088887139491592,0.19858156028368795,,0.6666666666666666,0.9873188405797102,120.0,0.11666666666666667,0.4805027635844898,0.8010869565217391,0.12539191760238516
catboost_dropout,folate_deficiency,no_B6,development_oof,0.0747462664309428,672,0.9360119047619048,0.8791280959412373,0.16883716814012462,0.7962085308056872,,0.9230769230769231,0.9873188405797102,120.0,0.7,0.9056071070622745,0.966183574879227,0.048453769871458705
catboost_dropout,folate_deficiency,no_copper,development_oof,0.06363989161992582,672,0.9330357142857143,0.8744722979788545,0.1720365210264188,0.7887323943661971,,0.9032258064516129,0.9836956521739131,120.0,0.7,0.9002660416695606,0.9645380434782609,0.04966539398941008
catboost_dropout,folate_deficiency,no_hemoglobin,development_oof,0.08772513620701511,672,0.9315476190476191,0.8711914127608508,0.1705150600176737,0.7830188679245284,,0.9021739130434783,0.9836956521739131,120.0,0.6916666666666667,0.902961181731815,0.9652324879227053,0.04887135313570189
catboost_dropout,folate_deficiency,no_demographics,development_oof,0.08641891343601327,672,0.9300595238095238,0.8578213132981909,0.1963636839708777,0.7564766839378239,,1.0,1.0,120.0,0.6083333333333333,0.8910025732275231,0.9598429951690821,0.05691540575244561
catboost_dropout,B6_deficiency,available,development_oof,0.12365374815631987,672,0.9791666666666666,0.8279569892473118,0.06831142334973805,0.6666666666666666,,1.0,1.0,28.0,0.5,0.8538575832237837,0.9595718722271517,0.016776792372105945
catboost_dropout,B6_deficiency,drop30,development_oof,0.1776962681623361,672,0.9747023809523809,0.7755378720895962,0.10744953257382528,0.5641025641025641,,1.0,1.0,28.0,0.39285714285714285,0.6308631232323789,0.8696206743566992,0.02329406543235517
catboost_dropout,B6_deficiency,drop60,development_oof,0.2743782912550083,672,0.9702380952380952,0.7145769622833843,0.13385625084011835,0.4444444444444444,,1.0,1.0,28.0,0.2857142857142857,0.40102040267327244,0.8048469387755102,0.030021927007590876
catboost_dropout,B6_deficiency,cbc_only,development_oof,0.0,672,0.9583333333333334,0.48936170212765956,0.14783397043504193,0.0,,0.0,1.0,28.0,0.0,0.22862060104593646,0.8262533274179237,0.03669123277193542
catboost_dropout,B6_deficiency,hb_only,development_oof,0.0,672,0.9583333333333334,0.48936170212765956,0.1718442552228589,0.0,,0.0,1.0,28.0,0.0,0.06629938933152067,0.5905057675244011,0.039841464578005636
catboost_dropout,B6_deficiency,no_iron,development_oof,0.1872089699573175,672,0.9836309523809523,0.8735437516037978,0.06969320822657117,0.7555555555555555,,1.0,1.0,28.0,0.6071428571428571,0.8112249770916274,0.9470385980479148,0.01589116435678282
catboost_dropout,B6_deficiency,no_B12,development_oof,0.1598862659511708,672,0.9806547619047619,0.843841052499866,0.06628817124386172,0.6976744186046512,,1.0,1.0,28.0,0.5357142857142857,0.8617258545534421,0.9621783496007099,0.01626614685221118
catboost_dropout,B6_deficiency,no_folate,development_oof,0.12365374815631987,672,0.9791666666666666,0.8279569892473118,0.06603766920947883,0.6666666666666666,,1.0,1.0,28.0,0.5,0.8613970865696048,0.9619010647737356,0.01639426330641042
catboost_dropout,B6_deficiency,no_B6,development_oof,0.0,672,0.9583333333333334,0.48936170212765956,0.16852838551055555,0.0,,0.0,1.0,28.0,0.0,0.3353978998692055,0.8682897071872226,0.03717224482302816
catboost_dropout,B6_deficiency,no_copper,development_oof,0.12365374815631987,672,0.9791666666666666,0.8279569892473118,0.06706883310700523,0.6666666666666666,,1.0,1.0,28.0,0.5,0.8629183740886094,0.9625665483584738,0.016724700125688514
catboost_dropout,B6_deficiency,no_hemoglobin,development_oof,0.14753112247510838,672,0.9821428571428571,0.8590209790209791,0.06884577587815695,0.7272727272727273,,1.0,1.0,28.0,0.5714285714285714,0.8473760134130118,0.9541925465838509,0.016300223143821815
catboost_dropout,B6_deficiency,no_demographics,development_oof,0.12210363242817222,672,0.9732142857142857,0.7562666236801805,0.07339625573411512,0.5263157894736842,,1.0,1.0,28.0,0.35714285714285715,0.8486013168513893,0.964396628216504,0.018574844749549877
catboost_dropout,copper_deficiency,available,development_oof,0.10438796511324293,672,0.9895833333333334,0.9258687258687259,0.031217722833507894,0.8571428571428571,,1.0,1.0,28.0,0.75,0.9800326499472463,0.9991126885536824,0.008976690071127466
catboost_dropout,copper_deficiency,drop30,development_oof,0.08123278545081884,672,0.9851190476190477,0.8874522677028205,0.051619613001003754,0.782608695652174,,1.0,1.0,28.0,0.6428571428571429,0.8972571869758197,0.9686668145519077,0.012148394369682656
catboost_dropout,copper_deficiency,drop60,development_oof,0.22556303954162402,672,0.9717261904761905,0.735974689302922,0.1024180913571097,0.4864864864864865,,1.0,1.0,28.0,0.32142857142857145,0.6237962791991827,0.8880878438331855,0.024013926606424853
catboost_dropout,copper_deficiency,cbc_only,development_oof,0.0,672,0.9583333333333334,0.48936170212765956,0.14266052864615755,0.0,,0.0,1.0,28.0,0.0,0.18856681976089681,0.8696761313220941,0.037667063634256835
catboost_dropout,copper_deficiency,hb_only,development_oof,0.0,672,0.9583333333333334,0.48936170212765956,0.1792171119705485,0.0,,0.0,1.0,28.0,0.0,0.04390721844278351,0.5239574090505768,0.04027337199082661
catboost_dropout,copper_deficiency,no_iron,development_oof,0.1240410620849192,672,0.9910714285714286,0.9376816074188563,0.029479248600502158,0.88,,1.0,1.0,28.0,0.7857142857142857,0.9821714315723533,0.9992236024844721,0.007779588909218051
catboost_dropout,copper_deficiency,no_B12,development_oof,0.10438796511324293,672,0.9895833333333334,0.9258687258687259,0.028901358020559487,0.8571428571428571,,1.0,1.0,28.0,0.75,0.9834066753471338,0.9992790594498668,0.008035575629593757
catboost_dropout,copper_deficiency,no_folate,development_oof,0.10438796511324293,672,0.9895833333333334,0.9258687258687259,0.030591954264012722,0.8571428571428571,,1.0,1.0,28.0,0.75,0.9747554581552762,0.998835403726708,0.008426318350025894
catboost_dropout,copper_deficiency,no_B6,development_oof,0.10438796511324293,672,0.9895833333333334,0.9258687258687259,0.031120504782722304,0.8571428571428571,,1.0,1.0,28.0,0.75,0.9800326499472463,0.9991126885536824,0.008950404434793243
catboost_dropout,copper_deficiency,no_copper,development_oof,0.0,672,0.9583333333333334,0.48936170212765956,0.17749668300156654,0.0,,0.0,1.0,28.0,0.0,0.2861161136749468,0.8865350488021295,0.03929916262069666
catboost_dropout,copper_deficiency,no_hemoglobin,development_oof,0.10438796511324293,672,0.9895833333333334,0.9258687258687259,0.03158457127600813,0.8571428571428571,,1.0,1.0,28.0,0.75,0.9766711947484321,0.9989463176574978,0.009030316241075455
catboost_dropout,copper_deficiency,no_demographics,development_oof,0.10421579802459056,672,0.9880952380952381,0.9169088098918083,0.03596007303009844,0.84,,0.9545454545454546,0.9984472049689441,28.0,0.75,0.9452667944883899,0.997338065661047,0.009255898431680992
catboost_dropout,inflammation_anemia,available,development_oof,0.003888190933749591,672,0.9925595238095238,0.9737136509078961,0.02295103181229323,0.9514563106796117,,0.9607843137254902,0.9967741935483871,52.0,0.9423076923076923,0.9866224895422765,0.9982009925558313,0.005760578089738725
catboost_dropout,inflammation_anemia,drop30,development_oof,0.0823282764714568,672,0.9836309523809523,0.9400267737617135,0.04748042717134896,0.8888888888888888,,0.9361702127659575,0.9951612903225806,52.0,0.8461538461538461,0.9596658459353854,0.9952233250620347,0.013180865909121956
catboost_dropout,inflammation_anemia,drop60,development_oof,0.14492092939201057,672,0.9717261904761905,0.8832469206923985,0.09751615127533265,0.7816091954022989,,0.9714285714285714,0.9983870967741936,52.0,0.6538461538461539,0.8520885519310398,0.9706265508684864,0.025237126054019926
catboost_dropout,inflammation_anemia,cbc_only,development_oof,0.08872404950639201,672,0.9345238095238095,0.7005711508081176,0.15312718251829663,0.4358974358974359,,0.6538461538461539,0.9854838709677419,52.0,0.3269230769230769,0.5702558208260675,0.9484491315136476,0.046904143875778265
catboost_dropout,inflammation_anemia,hb_only,development_oof,0.0,672,0.9226190476190477,0.47987616099071206,0.27984978629887436,0.0,,0.0,1.0,52.0,0.0,0.13745570406828964,0.7067617866004963,0.07229549639042784
catboost_dropout,inflammation_anemia,no_iron,development_oof,0.047305869188083556,672,0.9851190476190477,0.9478908188585609,0.04549308310262093,0.9038461538461539,,0.9038461538461539,0.9919354838709677,52.0,0.9038461538461539,0.9569069654635288,0.9935483870967743,0.011887992935713576
catboost_dropout,inflammation_anemia,no_B12,development_oof,0.003888190933749591,672,0.9925595238095238,0.9737136509078961,0.023550657120223268,0.9514563106796117,,0.9607843137254902,0.9967741935483871,52.0,0.9423076923076923,0.986120350966435,0.9982009925558313,0.0060133447828012235
catboost_dropout,inflammation_anemia,no_folate,development_oof,0.003888190933749591,672,0.9925595238095238,0.9737136509078961,0.022821351804844313,0.9514563106796117,,0.9607843137254902,0.9967741935483871,52.0,0.9423076923076923,0.9869297480732192,0.9982320099255583,0.005721628598182724
catboost_dropout,inflammation_anemia,no_B6,development_oof,0.003888190933749591,672,0.9925595238095238,0.9737136509078961,0.023395371449756404,0.9514563106796117,,0.9607843137254902,0.9967741935483871,52.0,0.9423076923076923,0.9866224895422765,0.9982009925558313,0.005964812051670078
catboost_dropout,inflammation_anemia,no_copper,development_oof,0.003888190933749591,672,0.9925595238095238,0.9737136509078961,0.022850315353913492,0.9514563106796117,,0.9607843137254902,0.9967741935483871,52.0,0.9423076923076923,0.98683507457629,0.9982630272952854,0.0057482013987221
catboost_dropout,inflammation_anemia,no_hemoglobin,development_oof,0.021637832684100917,672,0.9940476190476191,0.9791563275434243,0.02306871711392327,0.9615384615384616,,0.9615384615384616,0.9967741935483871,52.0,0.9615384615384616,0.9878018276289203,0.9981079404466501,0.0053153139263171795
catboost_dropout,inflammation_anemia,no_demographics,development_oof,0.021637832684100917,672,0.9940476190476191,0.9791563275434243,0.02558380288823628,0.9615384615384616,,0.9615384615384616,0.9967741935483871,52.0,0.9615384615384616,0.9857134444238517,0.998045905707196,0.006027209385296384
logistic_cbc,anemia_class,available,development_oof,0.04374795623529719,672,0.5238095238095238,0.4567737422423346,1.1972416135874897,0.4567737422423346,0.5870134774432605,,,,,,,
logistic_cbc,anemia_class,drop30,development_oof,0.025838933799015574,672,0.3898809523809524,0.34550336628824074,1.7620467917141729,0.34550336628824074,0.7584855703876761,,,,,,,
logistic_cbc,anemia_class,drop60,development_oof,0.010558157151352793,672,0.27529761904761907,0.21898249981659176,2.4617532816607084,0.21898249981659176,0.8931392060510275,,,,,,,
logistic_cbc,anemia_class,cbc_only,development_oof,0.04374795623529719,672,0.5238095238095238,0.4567737422423346,1.1972416135874897,0.4567737422423346,0.5870134774432605,,,,,,,
logistic_cbc,anemia_class,hb_only,development_oof,0.020644603233899217,672,0.20684523809523808,0.12624121104614042,2.8518321313188024,0.12624121104614042,0.9392043792846844,,,,,,,
logistic_cbc,anemia_class,no_iron,development_oof,0.04374795623529719,672,0.5238095238095238,0.4567737422423346,1.1972416135874897,0.4567737422423346,0.5870134774432605,,,,,,,
logistic_cbc,anemia_class,no_B12,development_oof,0.04374795623529719,672,0.5238095238095238,0.4567737422423346,1.1972416135874897,0.4567737422423346,0.5870134774432605,,,,,,,
logistic_cbc,anemia_class,no_folate,development_oof,0.04374795623529719,672,0.5238095238095238,0.4567737422423346,1.1972416135874897,0.4567737422423346,0.5870134774432605,,,,,,,
logistic_cbc,anemia_class,no_B6,development_oof,0.04374795623529719,672,0.5238095238095238,0.4567737422423346,1.1972416135874897,0.4567737422423346,0.5870134774432605,,,,,,,
logistic_cbc,anemia_class,no_copper,development_oof,0.04374795623529719,672,0.5238095238095238,0.4567737422423346,1.1972416135874897,0.4567737422423346,0.5870134774432605,,,,,,,
logistic_cbc,anemia_class,no_hemoglobin,development_oof,0.03786346132147598,672,0.4806547619047619,0.4376856911738272,1.3587898109476857,0.4376856911738272,0.6395557448589755,,,,,,,
logistic_cbc,anemia_class,no_demographics,development_oof,0.06431610154081015,672,0.5267857142857143,0.4498250253844162,1.2297751047816785,0.4498250253844162,0.5959686763055738,,,,,,,
logistic_cbc,iron_deficiency,available,development_oof,0.0193860140925909,672,0.8303571428571429,0.8055555555555556,0.3994077887274963,0.7361111111111112,,0.7989949748743719,0.908883826879271,233.0,0.6824034334763949,0.8157294192463164,0.8856941742352402,0.1257100982188561
logistic_cbc,iron_deficiency,drop30,development_oof,0.06810063899393594,672,0.7455357142857143,0.704279394620969,0.5153050039962045,0.5938242280285035,,0.6648936170212766,0.856492027334852,233.0,0.5364806866952789,0.6910999215052087,0.7968559054425294,0.1714324135556436
logistic_cbc,iron_deficiency,drop60,development_oof,0.04982940263889059,672,0.6904761904761905,0.6276690960235264,0.5946738939405106,0.47474747474747475,,0.5766871165644172,0.8428246013667426,233.0,0.4034334763948498,0.5565662579028985,0.7045958919510787,0.20456726211931442
logistic_cbc,iron_deficiency,cbc_only,development_oof,0.0193860140925909,672,0.8303571428571429,0.8055555555555556,0.3994077887274963,0.7361111111111112,,0.7989949748743719,0.908883826879271,233.0,0.6824034334763949,0.8157294192463164,0.8856941742352402,0.1257100982188561
logistic_cbc,iron_deficiency,hb_only,development_oof,0.061449076922645916,672,0.5431547619047619,0.45902941847445583,0.764840321745409,0.2457002457002457,,0.28735632183908044,0.7175398633257403,233.0,0.2145922746781116,0.3057108614146332,0.4288228220594993,0.2768245144010367
logistic_cbc,iron_deficiency,no_iron,development_oof,0.0193860140925909,672,0.8303571428571429,0.8055555555555556,0.3994077887274963,0.7361111111111112,,0.7989949748743719,0.908883826879271,233.0,0.6824034334763949,0.8157294192463164,0.8856941742352402,0.1257100982188561
logistic_cbc,iron_deficiency,no_B12,development_oof,0.0193860140925909,672,0.8303571428571429,0.8055555555555556,0.3994077887274963,0.7361111111111112,,0.7989949748743719,0.908883826879271,233.0,0.6824034334763949,0.8157294192463164,0.8856941742352402,0.1257100982188561
logistic_cbc,iron_deficiency,no_folate,development_oof,0.0193860140925909,672,0.8303571428571429,0.8055555555555556,0.3994077887274963,0.7361111111111112,,0.7989949748743719,0.908883826879271,233.0,0.6824034334763949,0.8157294192463164,0.8856941742352402,0.1257100982188561
logistic_cbc,iron_deficiency,no_B6,development_oof,0.0193860140925909,672,0.8303571428571429,0.8055555555555556,0.3994077887274963,0.7361111111111112,,0.7989949748743719,0.908883826879271,233.0,0.6824034334763949,0.8157294192463164,0.8856941742352402,0.1257100982188561
logistic_cbc,iron_deficiency,no_copper,development_oof,0.0193860140925909,672,0.8303571428571429,0.8055555555555556,0.3994077887274963,0.7361111111111112,,0.7989949748743719,0.908883826879271,233.0,0.6824034334763949,0.8157294192463164,0.8856941742352402,0.1257100982188561
logistic_cbc,iron_deficiency,no_hemoglobin,development_oof,0.045596689291273376,672,0.8154761904761905,0.7879802554577375,0.428140416553258,0.7116279069767442,,0.7766497461928934,0.8997722095671982,233.0,0.6566523605150214,0.8040713809374543,0.8692013647873141,0.13472479020808092
logistic_cbc,iron_deficiency,no_demographics,development_oof,0.021560791493319343,672,0.8303571428571429,0.8078478193255811,0.40000448205285943,0.7420814479638009,,0.784688995215311,0.89749430523918,233.0,0.703862660944206,0.8165014327156733,0.8865349457897875,0.12660462775028447
logistic_cbc,B12_deficiency,available,development_oof,0.06381754428865437,672,0.8169642857142857,0.7125598572814622,0.37958602708420247,0.5393258426966292,,0.6428571428571429,0.9226305609284333,155.0,0.4645161290322581,0.6535219344235853,0.8620078617333251,0.12262021237839657
logistic_cbc,B12_deficiency,drop30,development_oof,0.04995535030212948,672,0.7886904761904762,0.6196428571428572,0.454954960207637,0.36607142857142855,,0.5942028985507246,0.9458413926499033,155.0,0.2645161290322581,0.5503792969942756,0.7847632120796157,0.14629390027188624
logistic_cbc,B12_deficiency,drop60,development_oof,0.10360003821633854,672,0.7752976190476191,0.5224015475635758,0.5422549531736991,0.17486338797814208,,0.5714285714285714,0.97678916827853,155.0,0.1032258064516129,0.4378430581745786,0.6998689711112498,0.16851333843734986
logistic_cbc,B12_deficiency,cbc_only,development_oof,0.06381754428865437,672,0.8169642857142857,0.7125598572814622,0.37958602708420247,0.5393258426966292,,0.6428571428571429,0.9226305609284333,155.0,0.4645161290322581,0.6535219344235853,0.8620078617333251,0.12262021237839657
logistic_cbc,B12_deficiency,hb_only,development_oof,0.0,672,0.7693452380952381,0.4348191757779647,0.6853030832119986,0.0,,0.0,1.0,155.0,0.0,0.20467907869227098,0.4589629999376053,0.20335650602453065
logistic_cbc,B12_deficiency,no_iron,development_oof,0.06381754428865437,672,0.8169642857142857,0.7125598572814622,0.37958602708420247,0.5393258426966292,,0.6428571428571429,0.9226305609284333,155.0,0.4645161290322581,0.6535219344235853,0.8620078617333251,0.12262021237839657
logistic_cbc,B12_deficiency,no_B12,development_oof,0.06381754428865437,672,0.8169642857142857,0.7125598572814622,0.37958602708420247,0.5393258426966292,,0.6428571428571429,0.9226305609284333,155.0,0.4645161290322581,0.6535219344235853,0.8620078617333251,0.12262021237839657
logistic_cbc,B12_deficiency,no_folate,development_oof,0.06381754428865437,672,0.8169642857142857,0.7125598572814622,0.37958602708420247,0.5393258426966292,,0.6428571428571429,0.9226305609284333,155.0,0.4645161290322581,0.6535219344235853,0.8620078617333251,0.12262021237839657
logistic_cbc,B12_deficiency,no_B6,development_oof,0.06381754428865437,672,0.8169642857142857,0.7125598572814622,0.37958602708420247,0.5393258426966292,,0.6428571428571429,0.9226305609284333,155.0,0.4645161290322581,0.6535219344235853,0.8620078617333251,0.12262021237839657
logistic_cbc,B12_deficiency,no_copper,development_oof,0.06381754428865437,672,0.8169642857142857,0.7125598572814622,0.37958602708420247,0.5393258426966292,,0.6428571428571429,0.9226305609284333,155.0,0.4645161290322581,0.6535219344235853,0.8620078617333251,0.12262021237839657
logistic_cbc,B12_deficiency,no_hemoglobin,development_oof,0.05846549587760288,672,0.8154761904761905,0.7157787025035814,0.3842542130650303,0.5474452554744526,,0.6302521008403361,0.9148936170212766,155.0,0.4838709677419355,0.6568329370887253,0.8584638422661758,0.12446488723426208
logistic_cbc,B12_deficiency,no_demographics,development_oof,0.05368871191889946,672,0.8184523809523809,0.7156966098873662,0.37865671733247974,0.5447761194029851,,0.6460176991150443,0.9226305609284333,155.0,0.47096774193548385,0.6613762285639513,0.8620827353840395,0.12198779268525006
logistic_cbc,folate_deficiency,available,development_oof,0.11006387723729265,672,0.8065476190476191,0.5532554666884857,0.3978691103057965,0.21686746987951808,,0.391304347826087,0.9492753623188406,120.0,0.15,0.38334425038148034,0.7888285024154589,0.12723966786467275
logistic_cbc,folate_deficiency,drop30,development_oof,0.1233306903559429,672,0.8095238095238095,0.5140558618819489,0.45787907118469356,0.13513513513513514,,0.35714285714285715,0.967391304347826,120.0,0.08333333333333333,0.2933964921392775,0.6643115942028985,0.14477312782039475
logistic_cbc,folate_deficiency,drop60,development_oof,0.06592469522941653,672,0.8139880952380952,0.4853414208252918,0.4761090785608884,0.07407407407407407,,0.3333333333333333,0.9818840579710145,120.0,0.041666666666666664,0.24082631464143556,0.5910477053140096,0.14898750008200098
logistic_cbc,folate_deficiency,cbc_only,development_oof,0.11006387723729265,672,0.8065476190476191,0.5532554666884857,0.3978691103057965,0.21686746987951808,,0.391304347826087,0.9492753623188406,120.0,0.15,0.38334425038148034,0.7888285024154589,0.12723966786467275
logistic_cbc,folate_deficiency,hb_only,development_oof,0.0,672,0.8214285714285714,0.45098039215686275,0.4921171657056699,0.0,,0.0,1.0,120.0,0.0,0.15247866795386994,0.4472826086956521,0.15373826779867386
logistic_cbc,folate_deficiency,no_iron,development_oof,0.11006387723729265,672,0.8065476190476191,0.5532554666884857,0.3978691103057965,0.21686746987951808,,0.391304347826087,0.9492753623188406,120.0,0.15,0.38334425038148034,0.7888285024154589,0.12723966786467275
logistic_cbc,folate_deficiency,no_B12,development_oof,0.11006387723729265,672,0.8065476190476191,0.5532554666884857,0.3978691103057965,0.21686746987951808,,0.391304347826087,0.9492753623188406,120.0,0.15,0.38334425038148034,0.7888285024154589,0.12723966786467275
logistic_cbc,folate_deficiency,no_folate,development_oof,0.11006387723729265,672,0.8065476190476191,0.5532554666884857,0.3978691103057965,0.21686746987951808,,0.391304347826087,0.9492753623188406,120.0,0.15,0.38334425038148034,0.7888285024154589,0.12723966786467275
logistic_cbc,folate_deficiency,no_B6,development_oof,0.11006387723729265,672,0.8065476190476191,0.5532554666884857,0.3978691103057965,0.21686746987951808,,0.391304347826087,0.9492753623188406,120.0,0.15,0.38334425038148034,0.7888285024154589,0.12723966786467275
logistic_cbc,folate_deficiency,no_copper,development_oof,0.11006387723729265,672,0.8065476190476191,0.5532554666884857,0.3978691103057965,0.21686746987951808,,0.391304347826087,0.9492753623188406,120.0,0.15,0.38334425038148034,0.7888285024154589,0.12723966786467275
logistic_cbc,folate_deficiency,no_hemoglobin,development_oof,0.11601153676175902,672,0.8154761904761905,0.5906867079280873,0.40066685814467573,0.28735632183908044,,0.46296296296296297,0.947463768115942,120.0,0.20833333333333334,0.38432297914017727,0.7820501207729469,0.12782256386335553
logistic_cbc,folate_deficiency,no_demographics,development_oof,0.07570506949860824,672,0.8035714285714286,0.5317567567567567,0.39702022637713,0.175,,0.35,0.9528985507246377,120.0,0.11666666666666667,0.38512578045575263,0.7951237922705313,0.12754068683520522
logistic_cbc,B6_deficiency,available,development_oof,0.0,672,0.9568452380952381,0.48897338403041823,0.156968086820033,0.0,,0.0,0.9984472049689441,28.0,0.0,0.12972535293995918,0.7702972493345164,0.039368547439650854
logistic_cbc,B6_deficiency,drop30,development_oof,0.0,672,0.9568452380952381,0.48897338403041823,0.1705645363405178,0.0,,0.0,0.9984472049689441,28.0,0.0,0.08984970666246361,0.7288708961845608,0.040580077705617654
logistic_cbc,B6_deficiency,drop60,development_oof,0.0,672,0.9553571428571429,0.4885844748858447,0.18113043082983876,0.0,,0.0,0.9968944099378882,28.0,0.0,0.10123772690414948,0.6602151730257321,0.04079926324190616
logistic_cbc,B6_deficiency,cbc_only,development_oof,0.0,672,0.9568452380952381,0.48897338403041823,0.156968086820033,0.0,,0.0,0.9984472049689441,28.0,0.0,0.12972535293995918,0.7702972493345164,0.039368547439650854
logistic_cbc,B6_deficiency,hb_only,development_oof,0.0,672,0.9583333333333334,0.48936170212765956,0.20227401584530244,0.0,,0.0,1.0,28.0,0.0,0.044317839202764484,0.4924578527062999,0.04071052888939066
logistic_cbc,B6_deficiency,no_iron,development_oof,0.0,672,0.9568452380952381,0.48897338403041823,0.156968086820033,0.0,,0.0,0.9984472049689441,28.0,0.0,0.12972535293995918,0.7702972493345164,0.039368547439650854
logistic_cbc,B6_deficiency,no_B12,development_oof,0.0,672,0.9568452380952381,0.48897338403041823,0.156968086820033,0.0,,0.0,0.9984472049689441,28.0,0.0,0.12972535293995918,0.7702972493345164,0.039368547439650854
logistic_cbc,B6_deficiency,no_folate,development_oof,0.0,672,0.9568452380952381,0.48897338403041823,0.156968086820033,0.0,,0.0,0.9984472049689441,28.0,0.0,0.12972535293995918,0.7702972493345164,0.039368547439650854
logistic_cbc,B6_deficiency,no_B6,development_oof,0.0,672,0.9568452380952381,0.48897338403041823,0.156968086820033,0.0,,0.0,0.9984472049689441,28.0,0.0,0.12972535293995918,0.7702972493345164,0.039368547439650854
logistic_cbc,B6_deficiency,no_copper,development_oof,0.0,672,0.9568452380952381,0.48897338403041823,0.156968086820033,0.0,,0.0,0.9984472049689441,28.0,0.0,0.12972535293995918,0.7702972493345164,0.039368547439650854
logistic_cbc,B6_deficiency,no_hemoglobin,development_oof,0.0,672,0.9568452380952381,0.48897338403041823,0.1592401321259255,0.0,,0.0,0.9984472049689441,28.0,0.0,0.13054517438236996,0.7569875776397516,0.03942422088789197
logistic_cbc,B6_deficiency,no_demographics,development_oof,0.0,672,0.9568452380952381,0.48897338403041823,0.1564559516732691,0.0,,0.0,0.9984472049689441,28.0,0.0,0.14494438871666168,0.7721827861579414,0.03904433577109915
logistic_cbc,copper_deficiency,available,development_oof,0.14907119849998599,672,0.9568452380952381,0.521214652482618,0.1313495771306109,0.06451612903225806,,0.3333333333333333,0.9968944099378882,28.0,0.03571428571428571,0.2382071429150172,0.8841503992901508,0.03619418765862431
logistic_cbc,copper_deficiency,drop30,development_oof,0.0,672,0.9583333333333334,0.48936170212765956,0.15361045642623747,0.0,,0.0,1.0,28.0,0.0,0.1667238097581491,0.8047914818101153,0.03785194173240745
logistic_cbc,copper_deficiency,drop60,development_oof,0.0,672,0.9583333333333334,0.48936170212765956,0.20077965245858226,0.0,,0.0,1.0,28.0,0.0,0.10468358736380609,0.6640971606033719,0.039965888141496604
logistic_cbc,copper_deficiency,cbc_only,development_oof,0.14907119849998599,672,0.9568452380952381,0.521214652482618,0.1313495771306109,0.06451612903225806,,0.3333333333333333,0.9968944099378882,28.0,0.03571428571428571,0.2382071429150172,0.8841503992901508,0.03619418765862431
logistic_cbc,copper_deficiency,hb_only,development_oof,0.0,672,0.9583333333333334,0.48936170212765956,0.25883453523233146,0.0,,0.0,1.0,28.0,0.0,0.031974117405536816,0.37993566992014194,0.041493978102624826
logistic_cbc,copper_deficiency,no_iron,development_oof,0.14907119849998599,672,0.9568452380952381,0.521214652482618,0.1313495771306109,0.06451612903225806,,0.3333333333333333,0.9968944099378882,28.0,0.03571428571428571,0.2382071429150172,0.8841503992901508,0.03619418765862431
logistic_cbc,copper_deficiency,no_B12,development_oof,0.14907119849998599,672,0.9568452380952381,0.521214652482618,0.1313495771306109,0.06451612903225806,,0.3333333333333333,0.9968944099378882,28.0,0.03571428571428571,0.2382071429150172,0.8841503992901508,0.03619418765862431
logistic_cbc,copper_deficiency,no_folate,development_oof,0.14907119849998599,672,0.9568452380952381,0.521214652482618,0.1313495771306109,0.06451612903225806,,0.3333333333333333,0.9968944099378882,28.0,0.03571428571428571,0.2382071429150172,0.8841503992901508,0.03619418765862431
logistic_cbc,copper_deficiency,no_B6,development_oof,0.14907119849998599,672,0.9568452380952381,0.521214652482618,0.1313495771306109,0.06451612903225806,,0.3333333333333333,0.9968944099378882,28.0,0.03571428571428571,0.2382071429150172,0.8841503992901508,0.03619418765862431
logistic_cbc,copper_deficiency,no_copper,development_oof,0.14907119849998599,672,0.9568452380952381,0.521214652482618,0.1313495771306109,0.06451612903225806,,0.3333333333333333,0.9968944099378882,28.0,0.03571428571428571,0.2382071429150172,0.8841503992901508,0.03619418765862431
logistic_cbc,copper_deficiency,no_hemoglobin,development_oof,0.14907119849998599,672,0.9568452380952381,0.521214652482618,0.13139647777170135,0.06451612903225806,,0.3333333333333333,0.9968944099378882,28.0,0.03571428571428571,0.23626501673083936,0.8835958296362023,0.03618766384799731
logistic_cbc,copper_deficiency,no_demographics,development_oof,0.14907119849998599,672,0.9568452380952381,0.521214652482618,0.12938412289442247,0.06451612903225806,,0.3333333333333333,0.9968944099378882,28.0,0.03571428571428571,0.2362446160996671,0.8898070097604259,0.035884800975989686
logistic_cbc,inflammation_anemia,available,development_oof,0.08709061422739646,672,0.9360119047619048,0.7108520538349927,0.16908999280583514,0.45569620253164556,,0.6666666666666666,0.9854838709677419,52.0,0.34615384615384615,0.5087132384330775,0.9325062034739453,0.04968088481126784
logistic_cbc,inflammation_anemia,drop30,development_oof,0.16278185981336346,672,0.9241071428571429,0.5753317720530835,0.20273070795780232,0.19047619047619047,,0.5454545454545454,0.9919354838709677,52.0,0.11538461538461539,0.4410654226775597,0.8925558312655087,0.0561445965336468
logistic_cbc,inflammation_anemia,drop60,development_oof,0.06880209161537815,672,0.9181547619047619,0.49617633828160146,0.3132527604839452,0.03508771929824561,,0.2,0.9935483870967742,52.0,0.019230769230769232,0.188398489513933,0.6798697270471464,0.07090922119558477
logistic_cbc,inflammation_anemia,cbc_only,development_oof,0.08709061422739646,672,0.9360119047619048,0.7108520538349927,0.16908999280583514,0.45569620253164556,,0.6666666666666666,0.9854838709677419,52.0,0.34615384615384615,0.5087132384330775,0.9325062034739453,0.04968088481126784
logistic_cbc,inflammation_anemia,hb_only,development_oof,0.0,672,0.9226190476190477,0.47987616099071206,0.3633897396176212,0.0,,0.0,1.0,52.0,0.0,0.11573053365768277,0.6865384615384615,0.07451403298211565
logistic_cbc,inflammation_anemia,no_iron,development_oof,0.08709061422739646,672,0.9360119047619048,0.7108520538349927,0.16908999280583514,0.45569620253164556,,0.6666666666666666,0.9854838709677419,52.0,0.34615384615384615,0.5087132384330775,0.9325062034739453,0.04968088481126784
logistic_cbc,inflammation_anemia,no_B12,development_oof,0.08709061422739646,672,0.9360119047619048,0.7108520538349927,0.16908999280583514,0.45569620253164556,,0.6666666666666666,0.9854838709677419,52.0,0.34615384615384615,0.5087132384330775,0.9325062034739453,0.04968088481126784
logistic_cbc,inflammation_anemia,no_folate,development_oof,0.08709061422739646,672,0.9360119047619048,0.7108520538349927,0.16908999280583514,0.45569620253164556,,0.6666666666666666,0.9854838709677419,52.0,0.34615384615384615,0.5087132384330775,0.9325062034739453,0.04968088481126784
logistic_cbc,inflammation_anemia,no_B6,development_oof,0.08709061422739646,672,0.9360119047619048,0.7108520538349927,0.16908999280583514,0.45569620253164556,,0.6666666666666666,0.9854838709677419,52.0,0.34615384615384615,0.5087132384330775,0.9325062034739453,0.04968088481126784
logistic_cbc,inflammation_anemia,no_copper,development_oof,0.08709061422739646,672,0.9360119047619048,0.7108520538349927,0.16908999280583514,0.45569620253164556,,0.6666666666666666,0.9854838709677419,52.0,0.34615384615384615,0.5087132384330775,0.9325062034739453,0.04968088481126784
logistic_cbc,inflammation_anemia,no_hemoglobin,development_oof,0.06570236852881363,672,0.9315476190476191,0.6943037974683545,0.18547300036275544,0.425,,0.6071428571428571,0.9822580645161291,52.0,0.3269230769230769,0.4839031804360307,0.8980148883374689,0.051203889471706635
logistic_cbc,inflammation_anemia,no_demographics,development_oof,0.05513721706539435,672,0.9345238095238095,0.693176158060767,0.1831640664160454,0.42105263157894735,,0.6666666666666666,0.9870967741935484,52.0,0.3076923076923077,0.480029732953128,0.9068238213399503,0.051728307066439196
extra_trees_cbc,anemia_class,available,development_oof,0.02781103624451745,672,0.5625,0.4688270931468226,1.2090634957929978,0.4688270931468226,0.5820510848560329,,,,,,,
extra_trees_cbc,anemia_class,drop30,development_oof,0.03670827887759205,672,0.40922619047619047,0.34430181410112565,1.6149439615085104,0.34430181410112565,0.7158447717455552,,,,,,,
extra_trees_cbc,anemia_class,drop60,development_oof,0.037830184934355235,672,0.26339285714285715,0.22047133602898952,2.1285565796863883,0.22047133602898952,0.8426080092989201,,,,,,,
extra_trees_cbc,anemia_class,cbc_only,development_oof,0.02781103624451745,672,0.5625,0.4688270931468226,1.2090634957929978,0.4688270931468226,0.5820510848560329,,,,,,,
extra_trees_cbc,anemia_class,hb_only,development_oof,0.023985560778231965,672,0.16517857142857142,0.08024137701863383,2.256441630452619,0.08024137701863383,0.8955500824932155,,,,,,,
extra_trees_cbc,anemia_class,no_iron,development_oof,0.02781103624451745,672,0.5625,0.4688270931468226,1.2090634957929978,0.4688270931468226,0.5820510848560329,,,,,,,
extra_trees_cbc,anemia_class,no_B12,development_oof,0.02781103624451745,672,0.5625,0.4688270931468226,1.2090634957929978,0.4688270931468226,0.5820510848560329,,,,,,,
extra_trees_cbc,anemia_class,no_folate,development_oof,0.02781103624451745,672,0.5625,0.4688270931468226,1.2090634957929978,0.4688270931468226,0.5820510848560329,,,,,,,
extra_trees_cbc,anemia_class,no_B6,development_oof,0.02781103624451745,672,0.5625,0.4688270931468226,1.2090634957929978,0.4688270931468226,0.5820510848560329,,,,,,,
extra_trees_cbc,anemia_class,no_copper,development_oof,0.02781103624451745,672,0.5625,0.4688270931468226,1.2090634957929978,0.4688270931468226,0.5820510848560329,,,,,,,
extra_trees_cbc,anemia_class,no_hemoglobin,development_oof,0.0383565914738706,672,0.4955357142857143,0.4112312746418724,1.492450372972168,0.4112312746418724,0.6754230899357255,,,,,,,
extra_trees_cbc,anemia_class,no_demographics,development_oof,0.03315513210006108,672,0.5654761904761905,0.4724303351116974,1.2250905454236392,0.4724303351116974,0.5834867111327047,,,,,,,
extra_trees_cbc,iron_deficiency,available,development_oof,0.04907376448675108,672,0.8556547619047619,0.8359304798701217,0.35312134292534997,0.7790432801822323,,0.8300970873786407,0.9202733485193622,233.0,0.7339055793991416,0.8536250499054826,0.9147985570013786,0.10901562836460595
extra_trees_cbc,iron_deficiency,drop30,development_oof,0.12182265775160797,672,0.7708333333333334,0.7226890756302521,0.44864288273537206,0.6071428571428571,,0.7484276729559748,0.908883826879271,233.0,0.5107296137339056,0.7645831776525034,0.8555241624057798,0.1470929229762585
extra_trees_cbc,iron_deficiency,drop60,development_oof,0.09745851318998042,672,0.7247023809523809,0.6246093455121915,0.5387166673800937,0.4307692307692308,,0.7608695652173914,0.9498861047835991,233.0,0.30042918454935624,0.644927298630031,0.7642808959105264,0.18276146976473095
extra_trees_cbc,iron_deficiency,cbc_only,development_oof,0.04907376448675108,672,0.8556547619047619,0.8359304798701217,0.35312134292534997,0.7790432801822323,,0.8300970873786407,0.9202733485193622,233.0,0.7339055793991416,0.8536250499054826,0.9147985570013786,0.10901562836460595
extra_trees_cbc,iron_deficiency,hb_only,development_oof,0.0,672,0.6532738095238095,0.3951395139513951,0.660356416264445,0.0,,0.0,1.0,233.0,0.0,0.362105731222457,0.5069021478780295,0.23242696598058715
extra_trees_cbc,iron_deficiency,no_iron,development_oof,0.04907376448675108,672,0.8556547619047619,0.8359304798701217,0.35312134292534997,0.7790432801822323,,0.8300970873786407,0.9202733485193622,233.0,0.7339055793991416,0.8536250499054826,0.9147985570013786,0.10901562836460595
extra_trees_cbc,iron_deficiency,no_B12,development_oof,0.04907376448675108,672,0.8556547619047619,0.8359304798701217,0.35312134292534997,0.7790432801822323,,0.8300970873786407,0.9202733485193622,233.0,0.7339055793991416,0.8536250499054826,0.9147985570013786,0.10901562836460592
extra_trees_cbc,iron_deficiency,no_folate,development_oof,0.04907376448675108,672,0.8556547619047619,0.8359304798701217,0.35312134292534997,0.7790432801822323,,0.8300970873786407,0.9202733485193622,233.0,0.7339055793991416,0.8536250499054826,0.9147985570013786,0.10901562836460592
extra_trees_cbc,iron_deficiency,no_B6,development_oof,0.04907376448675108,672,0.8556547619047619,0.8359304798701217,0.35312134292534997,0.7790432801822323,,0.8300970873786407,0.9202733485193622,233.0,0.7339055793991416,0.8536250499054826,0.9147985570013786,0.10901562836460595
extra_trees_cbc,iron_deficiency,no_copper,development_oof,0.04907376448675108,672,0.8556547619047619,0.8359304798701217,0.35312134292534997,0.7790432801822323,,0.8300970873786407,0.9202733485193622,233.0,0.7339055793991416,0.8536250499054826,0.9147985570013786,0.10901562836460592
extra_trees_cbc,iron_deficiency,no_hemoglobin,development_oof,0.04661130553083399,672,0.8586309523809523,0.8373648209713783,0.35908335638260835,0.7785547785547785,,0.8520408163265306,0.9339407744874715,233.0,0.7167381974248928,0.8514008664867192,0.9129996969311839,0.11136416744708082
extra_trees_cbc,iron_deficiency,no_demographics,development_oof,0.027466448911571604,672,0.8556547619047619,0.8370624039194611,0.35085648783732964,0.7820224719101123,,0.8207547169811321,0.9134396355353075,233.0,0.7467811158798283,0.8554903657764563,0.9157761983438757,0.10825303245001706
extra_trees_cbc,B12_deficiency,available,development_oof,0.08232321119336017,672,0.8110119047619048,0.6908083746644301,0.37798407778642856,0.4980237154150198,,0.6428571428571429,0.9323017408123792,155.0,0.4064516129032258,0.6284002979759276,0.8628065140076122,0.12256577536426928
extra_trees_cbc,B12_deficiency,drop30,development_oof,0.037787580187066176,672,0.8005952380952381,0.6189057421451788,0.43320989210996463,0.3557692307692308,,0.6981132075471698,0.9690522243713733,155.0,0.23870967741935484,0.559481853773971,0.804405066450365,0.13948613310688593
extra_trees_cbc,B12_deficiency,drop60,development_oof,0.05771278644013477,672,0.78125,0.5217637575704762,0.4915249683312073,0.1694915254237288,,0.6818181818181818,0.9864603481624759,155.0,0.0967741935483871,0.4670628063210574,0.7280838584888002,0.15852320073174977
extra_trees_cbc,B12_deficiency,cbc_only,development_oof,0.08232321119336017,672,0.8110119047619048,0.6908083746644301,0.37798407778642856,0.4980237154150198,,0.6428571428571429,0.9323017408123792,155.0,0.4064516129032258,0.6284002979759276,0.8628065140076122,0.12256577536426928
extra_trees_cbc,B12_deficiency,hb_only,development_oof,0.0,672,0.7693452380952381,0.4348191757779647,0.5886297154490254,0.0,,0.0,1.0,155.0,0.0,0.2233523999021319,0.48425781493729336,0.18926863631038313
extra_trees_cbc,B12_deficiency,no_iron,development_oof,0.08232321119336017,672,0.8110119047619048,0.6908083746644301,0.37798407778642856,0.4980237154150198,,0.6428571428571429,0.9323017408123792,155.0,0.4064516129032258,0.6284002979759276,0.8628065140076122,0.12256577536426928
extra_trees_cbc,B12_deficiency,no_B12,development_oof,0.08232321119336017,672,0.8110119047619048,0.6908083746644301,0.37798407778642845,0.4980237154150198,,0.6428571428571429,0.9323017408123792,155.0,0.4064516129032258,0.6284002979759276,0.8628065140076122,0.12256577536426928
extra_trees_cbc,B12_deficiency,no_folate,development_oof,0.08232321119336017,672,0.8110119047619048,0.6908083746644301,0.37798407778642856,0.4980237154150198,,0.6428571428571429,0.9323017408123792,155.0,0.4064516129032258,0.6284002979759276,0.8628065140076122,0.12256577536426928
extra_trees_cbc,B12_deficiency,no_B6,development_oof,0.08232321119336017,672,0.8110119047619048,0.6908083746644301,0.37798407778642856,0.4980237154150198,,0.6428571428571429,0.9323017408123792,155.0,0.4064516129032258,0.6284002979759276,0.8628065140076122,0.12256577536426928
extra_trees_cbc,B12_deficiency,no_copper,development_oof,0.08232321119336017,672,0.8110119047619048,0.6908083746644301,0.37798407778642845,0.4980237154150198,,0.6428571428571429,0.9323017408123792,155.0,0.4064516129032258,0.6284002979759276,0.8628065140076122,0.12256577536426928
extra_trees_cbc,B12_deficiency,no_hemoglobin,development_oof,0.06986084918617058,672,0.8154761904761905,0.6971916971916972,0.3812752639744354,0.5079365079365079,,0.6597938144329897,0.9361702127659575,155.0,0.4129032258064516,0.6220262475962458,0.859586947026892,0.1231600563450128
extra_trees_cbc,B12_deficiency,no_demographics,development_oof,0.08289800070000772,672,0.8169642857142857,0.6968476646311272,0.3794221822140029,0.5060240963855421,,0.6702127659574468,0.9400386847195358,155.0,0.4064516129032258,0.6303701225973746,0.8598864416297499,0.1231926829900247
extra_trees_cbc,folate_deficiency,available,development_oof,0.09938162899633243,672,0.8273809523809523,0.6013664164297257,0.3857134525406173,0.30120481927710846,,0.5434782608695652,0.9619565217391305,120.0,0.20833333333333334,0.47598801605883817,0.7877415458937198,0.12110649872870843
extra_trees_cbc,folate_deficiency,drop30,development_oof,0.0643472975109054,672,0.8244047619047619,0.5235417117311991,0.4095806887315498,0.14492753623188406,,0.5555555555555556,0.9855072463768116,120.0,0.08333333333333333,0.3946047695339169,0.7508001207729469,0.12908985792538025
extra_trees_cbc,folate_deficiency,drop60,development_oof,0.04136453883277843,672,0.8214285714285714,0.46694870438921204,0.4439788553706999,0.03225806451612903,,0.5,0.9963768115942029,120.0,0.016666666666666666,0.32562620833660183,0.669489734299517,0.13760929332184463
extra_trees_cbc,folate_deficiency,cbc_only,development_oof,0.09938162899633243,672,0.8273809523809523,0.6013664164297257,0.3857134525406173,0.30120481927710846,,0.5434782608695652,0.9619565217391305,120.0,0.20833333333333334,0.47598801605883817,0.7877415458937198,0.12110649872870843
extra_trees_cbc,folate_deficiency,hb_only,development_oof,0.0,672,0.8214285714285714,0.45098039215686275,0.4876894227376386,0.0,,0.0,1.0,120.0,0.0,0.20759597798734813,0.5394927536231885,0.14902315405850275
extra_trees_cbc,folate_deficiency,no_iron,development_oof,0.09938162899633243,672,0.8273809523809523,0.6013664164297257,0.3857134525406173,0.30120481927710846,,0.5434782608695652,0.9619565217391305,120.0,0.20833333333333334,0.47598801605883817,0.7877415458937198,0.12110649872870843
extra_trees_cbc,folate_deficiency,no_B12,development_oof,0.09938162899633243,672,0.8273809523809523,0.6013664164297257,0.3857134525406173,0.30120481927710846,,0.5434782608695652,0.9619565217391305,120.0,0.20833333333333334,0.47598801605883817,0.7877415458937198,0.12110649872870843
extra_trees_cbc,folate_deficiency,no_folate,development_oof,0.09938162899633243,672,0.8273809523809523,0.6013664164297257,0.3857134525406173,0.30120481927710846,,0.5434782608695652,0.9619565217391305,120.0,0.20833333333333334,0.47598801605883817,0.7877415458937198,0.12110649872870843
extra_trees_cbc,folate_deficiency,no_B6,development_oof,0.09938162899633243,672,0.8273809523809523,0.6013664164297257,0.3857134525406173,0.30120481927710846,,0.5434782608695652,0.9619565217391305,120.0,0.20833333333333334,0.47598801605883817,0.7877415458937198,0.12110649872870843
extra_trees_cbc,folate_deficiency,no_copper,development_oof,0.09938162899633243,672,0.8273809523809523,0.6013664164297257,0.3857134525406173,0.30120481927710846,,0.5434782608695652,0.9619565217391305,120.0,0.20833333333333334,0.47598801605883817,0.7877415458937198,0.12110649872870843
extra_trees_cbc,folate_deficiency,no_hemoglobin,development_oof,0.07004054601258357,672,0.8273809523809523,0.5971889210417528,0.3894392536481951,0.2926829268292683,,0.5454545454545454,0.9637681159420289,120.0,0.2,0.44407979911525414,0.7846618357487923,0.12209064478151609
extra_trees_cbc,folate_deficiency,no_demographics,development_oof,0.08991149222238756,672,0.8288690476190477,0.5942519019442096,0.38639108196962607,0.2857142857142857,,0.5609756097560976,0.967391304347826,120.0,0.19166666666666668,0.46417856904380905,0.7867451690821256,0.12230542807440066
extra_trees_cbc,B6_deficiency,available,development_oof,0.15649215928719032,672,0.9613095238095238,0.5567732115677321,0.14498143637043853,0.13333333333333333,,1.0,1.0,28.0,0.07142857142857142,0.2998791980664576,0.7968611357586514,0.03528523145991593
extra_trees_cbc,B6_deficiency,drop30,development_oof,0.0,672,0.9583333333333334,0.48936170212765956,0.15440739362040137,0.0,,0.0,1.0,28.0,0.0,0.14606609710316587,0.7680789707187223,0.038518283441254575
extra_trees_cbc,B6_deficiency,drop60,development_oof,0.0,672,0.9583333333333334,0.48936170212765956,0.16561449163022965,0.0,,0.0,1.0,28.0,0.0,0.1271983086032737,0.7152284826974269,0.03869706149739299
extra_trees_cbc,B6_deficiency,cbc_only,development_oof,0.15649215928719032,672,0.9613095238095238,0.5567732115677321,0.14498143637043853,0.13333333333333333,,1.0,1.0,28.0,0.07142857142857142,0.2998791980664576,0.7968611357586514,0.03528523145991593
extra_trees_cbc,B6_deficiency,hb_only,development_oof,0.0,672,0.9583333333333334,0.48936170212765956,0.18137878031416327,0.0,,0.0,1.0,28.0,0.0,0.044619806873535166,0.5211568322981366,0.04040218458328558
extra_trees_cbc,B6_deficiency,no_iron,development_oof,0.15649215928719032,672,0.9613095238095238,0.5567732115677321,0.14498143637043853,0.13333333333333333,,1.0,1.0,28.0,0.07142857142857142,0.2998791980664576,0.7968611357586514,0.03528523145991593
extra_trees_cbc,B6_deficiency,no_B12,development_oof,0.15649215928719032,672,0.9613095238095238,0.5567732115677321,0.14498143637043853,0.13333333333333333,,1.0,1.0,28.0,0.07142857142857142,0.2998791980664576,0.7968611357586514,0.03528523145991593
extra_trees_cbc,B6_deficiency,no_folate,development_oof,0.15649215928719032,672,0.9613095238095238,0.5567732115677321,0.14498143637043853,0.13333333333333333,,1.0,1.0,28.0,0.07142857142857142,0.2998791980664576,0.7968611357586514,0.03528523145991593
extra_trees_cbc,B6_deficiency,no_B6,development_oof,0.15649215928719032,672,0.9613095238095238,0.5567732115677321,0.14498143637043853,0.13333333333333333,,1.0,1.0,28.0,0.07142857142857142,0.2998791980664576,0.7968611357586514,0.03528523145991593
extra_trees_cbc,B6_deficiency,no_copper,development_oof,0.15649215928719032,672,0.9613095238095238,0.5567732115677321,0.14498143637043853,0.13333333333333333,,1.0,1.0,28.0,0.07142857142857142,0.2998791980664576,0.7968611357586514,0.03528523145991593
extra_trees_cbc,B6_deficiency,no_hemoglobin,development_oof,0.0,672,0.9583333333333334,0.48936170212765956,0.15001314736807878,0.0,,0.0,1.0,28.0,0.0,0.29339697500205375,0.779891304347826,0.03606730473701582
extra_trees_cbc,B6_deficiency,no_demographics,development_oof,0.15649215928719032,672,0.9613095238095238,0.5567732115677321,0.1505790320042465,0.13333333333333333,,1.0,1.0,28.0,0.07142857142857142,0.28545894072623257,0.7918145519077197,0.03539581182810788
extra_trees_cbc,copper_deficiency,available,development_oof,0.0,672,0.9583333333333334,0.48936170212765956,0.12131958402644691,0.0,,0.0,1.0,28.0,0.0,0.25073187226916316,0.9173136645962733,0.03430033275527825
extra_trees_cbc,copper_deficiency,drop30,development_oof,0.0,672,0.9583333333333334,0.48936170212765956,0.14036637065978894,0.0,,0.0,1.0,28.0,0.0,0.1910548969947402,0.8344055013309672,0.03628580352311163
extra_trees_cbc,copper_deficiency,drop60,development_oof,0.0,672,0.9583333333333334,0.48936170212765956,0.1670448567913716,0.0,,0.0,1.0,28.0,0.0,0.09917282371374583,0.6928238686779059,0.03954674394893757
extra_trees_cbc,copper_deficiency,cbc_only,development_oof,0.0,672,0.9583333333333334,0.48936170212765956,0.12131958402644691,0.0,,0.0,1.0,28.0,0.0,0.25073187226916316,0.9173136645962733,0.03430033275527825
extra_trees_cbc,copper_deficiency,hb_only,development_oof,0.0,672,0.9583333333333334,0.48936170212765956,0.18929198255065074,0.0,,0.0,1.0,28.0,0.0,0.04066202184840559,0.48261424134871345,0.04060762692946495
extra_trees_cbc,copper_deficiency,no_iron,development_oof,0.0,672,0.9583333333333334,0.48936170212765956,0.12131958402644691,0.0,,0.0,1.0,28.0,0.0,0.25073187226916316,0.9173136645962733,0.03430033275527825
extra_trees_cbc,copper_deficiency,no_B12,development_oof,0.0,672,0.9583333333333334,0.48936170212765956,0.12131958402644691,0.0,,0.0,1.0,28.0,0.0,0.25073187226916316,0.9173136645962733,0.03430033275527825
extra_trees_cbc,copper_deficiency,no_folate,development_oof,0.0,672,0.9583333333333334,0.48936170212765956,0.12131958402644691,0.0,,0.0,1.0,28.0,0.0,0.25073187226916316,0.9173136645962733,0.03430033275527825
extra_trees_cbc,copper_deficiency,no_B6,development_oof,0.0,672,0.9583333333333334,0.48936170212765956,0.12131958402644691,0.0,,0.0,1.0,28.0,0.0,0.25073187226916316,0.9173136645962733,0.03430033275527825
extra_trees_cbc,copper_deficiency,no_copper,development_oof,0.0,672,0.9583333333333334,0.48936170212765956,0.12131958402644691,0.0,,0.0,1.0,28.0,0.0,0.25073187226916316,0.9173136645962733,0.03430033275527825
extra_trees_cbc,copper_deficiency,no_hemoglobin,development_oof,0.0,672,0.9583333333333334,0.48936170212765956,0.12590828594925801,0.0,,0.0,1.0,28.0,0.0,0.23819592027817663,0.9111024844720497,0.0346623482997615
extra_trees_cbc,copper_deficiency,no_demographics,development_oof,0.0,672,0.9583333333333334,0.48936170212765956,0.12183301196953515,0.0,,0.0,1.0,28.0,0.0,0.2780370689287312,0.9103815439219166,0.034663242377622694
extra_trees_cbc,inflammation_anemia,available,development_oof,0.14625765049743303,672,0.9345238095238095,0.6684458398744113,0.14818739423933355,0.37142857142857144,,0.7222222222222222,0.9919354838709677,52.0,0.25,0.6122751555646465,0.9432071960297767,0.04511248802470752
extra_trees_cbc,inflammation_anemia,drop30,development_oof,0.22806543102901375,672,0.9270833333333334,0.6039213327719974,0.18590983637062528,0.24615384615384617,,0.6153846153846154,0.9919354838709677,52.0,0.15384615384615385,0.4555056983708428,0.8946339950372209,0.05372179256367345
extra_trees_cbc,inflammation_anemia,drop60,development_oof,0.12452567377340847,672,0.9211309523809523,0.544919054981281,0.24627474580679862,0.13114754098360656,,0.4444444444444444,0.9919354838709677,52.0,0.07692307692307693,0.22829331983898898,0.719168734491315,0.0676696859041835
extra_trees_cbc,inflammation_anemia,cbc_only,development_oof,0.14625765049743303,672,0.9345238095238095,0.6684458398744113,0.14818739423933355,0.37142857142857144,,0.7222222222222222,0.9919354838709677,52.0,0.25,0.6122751555646465,0.9432071960297767,0.04511248802470752
extra_trees_cbc,inflammation_anemia,hb_only,development_oof,0.0,672,0.9226190476190477,0.47987616099071206,0.24341765672369467,0.0,,0.0,1.0,52.0,0.0,0.12139153027336852,0.6869727047146402,0.06968746596023959
extra_trees_cbc,inflammation_anemia,no_iron,development_oof,0.14625765049743303,672,0.9345238095238095,0.6684458398744113,0.14818739423933355,0.37142857142857144,,0.7222222222222222,0.9919354838709677,52.0,0.25,0.6122751555646465,0.9432071960297767,0.04511248802470752
extra_trees_cbc,inflammation_anemia,no_B12,development_oof,0.14625765049743303,672,0.9345238095238095,0.6684458398744113,0.14818739423933355,0.37142857142857144,,0.7222222222222222,0.9919354838709677,52.0,0.25,0.6122751555646465,0.9432071960297767,0.04511248802470752
extra_trees_cbc,inflammation_anemia,no_folate,development_oof,0.14625765049743303,672,0.9345238095238095,0.6684458398744113,0.14818739423933355,0.37142857142857144,,0.7222222222222222,0.9919354838709677,52.0,0.25,0.6122751555646465,0.9432071960297767,0.04511248802470752
extra_trees_cbc,inflammation_anemia,no_B6,development_oof,0.14625765049743303,672,0.9345238095238095,0.6684458398744113,0.14818739423933355,0.37142857142857144,,0.7222222222222222,0.9919354838709677,52.0,0.25,0.6122751555646465,0.9432071960297767,0.04511248802470752
extra_trees_cbc,inflammation_anemia,no_copper,development_oof,0.14625765049743303,672,0.9345238095238095,0.6684458398744113,0.14818739423933355,0.37142857142857144,,0.7222222222222222,0.9919354838709677,52.0,0.25,0.6122751555646465,0.9432071960297767,0.04511248802470752
extra_trees_cbc,inflammation_anemia,no_hemoglobin,development_oof,0.10333667397214648,672,0.9375,0.6918238993710691,0.1804446089246841,0.4166666666666667,,0.75,0.9919354838709677,52.0,0.28846153846153844,0.5961279016454685,0.9063275434243175,0.048609071628500124
extra_trees_cbc,inflammation_anemia,no_demographics,development_oof,0.16905719849867132,672,0.9330357142857143,0.6562659846547314,0.15389166915256922,0.34782608695652173,,0.7058823529411765,0.9919354838709677,52.0,0.23076923076923078,0.6082076657392427,0.9364454094292803,0.045273754006828024
catboost_cbc,anemia_class,available,development_oof,0.05129972838400023,672,0.5610119047619048,0.47413381353953393,1.1945264823106052,0.47413381353953393,0.5708412243387787,,,,,,,
catboost_cbc,anemia_class,drop30,development_oof,0.0525050543963033,672,0.34375,0.3085441608933194,1.8872950926153214,0.3085441608933194,0.7868987171823026,,,,,,,
catboost_cbc,anemia_class,drop60,development_oof,0.03786148989820631,672,0.20089285714285715,0.14514116833541077,2.464260019905714,0.14514116833541077,0.9275617705984426,,,,,,,
catboost_cbc,anemia_class,cbc_only,development_oof,0.05129972838400023,672,0.5610119047619048,0.47413381353953393,1.1945264823106052,0.47413381353953393,0.5708412243387787,,,,,,,
catboost_cbc,anemia_class,hb_only,development_oof,0.007000911566999665,672,0.12351190476190477,0.04074128577693993,2.567571522591563,0.04074128577693993,0.9456287358169497,,,,,,,
catboost_cbc,anemia_class,no_iron,development_oof,0.05129972838400023,672,0.5610119047619048,0.47413381353953393,1.1945264823106052,0.47413381353953393,0.5708412243387787,,,,,,,
catboost_cbc,anemia_class,no_B12,development_oof,0.05129972838400023,672,0.5610119047619048,0.47413381353953393,1.1945264823106052,0.47413381353953393,0.5708412243387787,,,,,,,
catboost_cbc,anemia_class,no_folate,development_oof,0.05129972838400023,672,0.5610119047619048,0.47413381353953393,1.1945264823106052,0.47413381353953393,0.5708412243387787,,,,,,,
catboost_cbc,anemia_class,no_B6,development_oof,0.05129972838400023,672,0.5610119047619048,0.47413381353953393,1.1945264823106052,0.47413381353953393,0.5708412243387787,,,,,,,
catboost_cbc,anemia_class,no_copper,development_oof,0.05129972838400023,672,0.5610119047619048,0.47413381353953393,1.1945264823106052,0.47413381353953393,0.5708412243387787,,,,,,,
catboost_cbc,anemia_class,no_hemoglobin,development_oof,0.05996920350715187,672,0.4107142857142857,0.327210735251891,1.582143925185063,0.327210735251891,0.7008191313590642,,,,,,,
catboost_cbc,anemia_class,no_demographics,development_oof,0.04401911963203146,672,0.5476190476190477,0.44991324690716666,1.2107016781727344,0.44991324690716666,0.5763969629662189,,,,,,,
catboost_cbc,iron_deficiency,available,development_oof,0.04016486732653874,672,0.8467261904761905,0.8265884657879508,0.3690151658770652,0.7674943566591422,,0.8095238095238095,0.908883826879271,233.0,0.7296137339055794,0.8435087091943791,0.9047386275870833,0.11364826269833242
catboost_cbc,iron_deficiency,drop30,development_oof,0.10649772582166576,672,0.7157738095238095,0.6853369551094255,0.5840396604701092,0.5874730021598272,,0.591304347826087,0.785876993166287,233.0,0.5836909871244635,0.6513472145998772,0.7728939161379256,0.19089662943816374
catboost_cbc,iron_deficiency,drop60,development_oof,0.0708286190668714,672,0.6130952380952381,0.598529411764706,0.743816573213783,0.5220588235294118,,0.4565916398713826,0.6150341685649203,233.0,0.6094420600858369,0.5079078934258798,0.6487432420542201,0.255841557575466
catboost_cbc,iron_deficiency,cbc_only,development_oof,0.04016486732653874,672,0.8467261904761905,0.8265884657879508,0.3690151658770652,0.7674943566591422,,0.8095238095238095,0.908883826879271,233.0,0.7296137339055794,0.8435087091943791,0.9047386275870833,0.11364826269833242
catboost_cbc,iron_deficiency,hb_only,development_oof,0.22254541318818835,672,0.5505952380952381,0.5336764705882353,0.712127544766509,0.44485294117647056,,0.3890675241157556,0.5671981776765376,233.0,0.51931330472103,0.4190528410919738,0.5538680379715897,0.2576285171630922
catboost_cbc,iron_deficiency,no_iron,development_oof,0.04016486732653874,672,0.8467261904761905,0.8265884657879508,0.3690151658770652,0.7674943566591422,,0.8095238095238095,0.908883826879271,233.0,0.7296137339055794,0.8435087091943791,0.9047386275870833,0.11364826269833242
catboost_cbc,iron_deficiency,no_B12,development_oof,0.04016486732653874,672,0.8467261904761905,0.8265884657879508,0.3690151658770652,0.7674943566591422,,0.8095238095238095,0.908883826879271,233.0,0.7296137339055794,0.8435087091943791,0.9047386275870833,0.11364826269833242
catboost_cbc,iron_deficiency,no_folate,development_oof,0.04016486732653874,672,0.8467261904761905,0.8265884657879508,0.3690151658770652,0.7674943566591422,,0.8095238095238095,0.908883826879271,233.0,0.7296137339055794,0.8435087091943791,0.9047386275870833,0.11364826269833242
catboost_cbc,iron_deficiency,no_B6,development_oof,0.04016486732653874,672,0.8467261904761905,0.8265884657879508,0.3690151658770652,0.7674943566591422,,0.8095238095238095,0.908883826879271,233.0,0.7296137339055794,0.8435087091943791,0.9047386275870833,0.11364826269833242
catboost_cbc,iron_deficiency,no_copper,development_oof,0.04016486732653874,672,0.8467261904761905,0.8265884657879508,0.3690151658770652,0.7674943566591422,,0.8095238095238095,0.908883826879271,233.0,0.7296137339055794,0.8435087091943791,0.9047386275870833,0.11364826269833242
catboost_cbc,iron_deficiency,no_hemoglobin,development_oof,0.02302974607393215,672,0.8526785714285714,0.8362246593552676,0.3743716976363967,0.7843137254901961,,0.7964601769911505,0.8952164009111617,233.0,0.7725321888412017,0.8377933025485114,0.9044551115977593,0.11642176100277395
catboost_cbc,iron_deficiency,no_demographics,development_oof,0.01716727287879796,672,0.8363095238095238,0.8207478539211407,0.3938540956260891,0.7679324894514767,,0.7551867219917012,0.8656036446469249,233.0,0.7811158798283262,0.8393064160089355,0.8980711136312532,0.12099051918231034
catboost_cbc,B12_deficiency,available,development_oof,0.04918867556533368,672,0.8050595238095238,0.6955753436500389,0.42658219645705986,0.5130111524163569,,0.6052631578947368,0.9129593810444874,155.0,0.44516129032258067,0.5703337343936724,0.8356648156236353,0.13868794942426527
catboost_cbc,B12_deficiency,drop30,development_oof,0.09869683127128777,672,0.7916666666666666,0.610950293606815,0.5614384484958371,0.34579439252336447,,0.6271186440677966,0.9574468085106383,155.0,0.23870967741935484,0.4866586570538758,0.7337617770013104,0.16420119630708074
catboost_cbc,B12_deficiency,drop60,development_oof,0.07402671194305932,672,0.7872023809523809,0.5477047768317307,0.7014922875071831,0.2185792349726776,,0.7142857142857143,0.9845261121856866,155.0,0.12903225806451613,0.3812631670319049,0.6333187745679167,0.18774301435297497
catboost_cbc,B12_deficiency,cbc_only,development_oof,0.04918867556533368,672,0.8050595238095238,0.6955753436500389,0.42658219645705986,0.5130111524163569,,0.6052631578947368,0.9129593810444874,155.0,0.44516129032258067,0.5703337343936724,0.8356648156236353,0.13868794942426527
catboost_cbc,B12_deficiency,hb_only,development_oof,0.0,672,0.7693452380952381,0.4348191757779647,0.8563906252224162,0.0,,0.0,1.0,155.0,0.0,0.23495310317609902,0.47887315155674803,0.2153690792890756
catboost_cbc,B12_deficiency,no_iron,development_oof,0.04918867556533368,672,0.8050595238095238,0.6955753436500389,0.42658219645705986,0.5130111524163569,,0.6052631578947368,0.9129593810444874,155.0,0.44516129032258067,0.5703337343936724,0.8356648156236353,0.13868794942426527
catboost_cbc,B12_deficiency,no_B12,development_oof,0.04918867556533368,672,0.8050595238095238,0.6955753436500389,0.42658219645705986,0.5130111524163569,,0.6052631578947368,0.9129593810444874,155.0,0.44516129032258067,0.5703337343936724,0.8356648156236353,0.13868794942426527
catboost_cbc,B12_deficiency,no_folate,development_oof,0.04918867556533368,672,0.8050595238095238,0.6955753436500389,0.42658219645705986,0.5130111524163569,,0.6052631578947368,0.9129593810444874,155.0,0.44516129032258067,0.5703337343936724,0.8356648156236353,0.13868794942426527
catboost_cbc,B12_deficiency,no_B6,development_oof,0.04918867556533368,672,0.8050595238095238,0.6955753436500389,0.42658219645705986,0.5130111524163569,,0.6052631578947368,0.9129593810444874,155.0,0.44516129032258067,0.5703337343936724,0.8356648156236353,0.13868794942426527
catboost_cbc,B12_deficiency,no_copper,development_oof,0.04918867556533368,672,0.8050595238095238,0.6955753436500389,0.42658219645705986,0.5130111524163569,,0.6052631578947368,0.9129593810444874,155.0,0.44516129032258067,0.5703337343936724,0.8356648156236353,0.13868794942426527
catboost_cbc,B12_deficiency,no_hemoglobin,development_oof,0.12281315509327856,672,0.8005952380952381,0.6823524431713959,0.4322688273728252,0.48854961832061067,,0.5981308411214953,0.9168278529980658,155.0,0.4129032258064516,0.5788321722018495,0.8299245024021964,0.13927839605449266
catboost_cbc,B12_deficiency,no_demographics,development_oof,0.04629785110402922,672,0.7946428571428571,0.6544858420268256,0.45309637435779504,0.4344262295081967,,0.5955056179775281,0.9303675048355899,155.0,0.3419354838709677,0.5927673600366439,0.8321582329818431,0.14228745460402564
catboost_cbc,folate_deficiency,available,development_oof,0.08365878714548226,672,0.8348214285714286,0.6388828373491351,0.40870211178041677,0.3728813559322034,,0.5789473684210527,0.9565217391304348,120.0,0.275,0.4637943815120676,0.7676932367149758,0.12448682761566983
catboost_cbc,folate_deficiency,drop30,development_oof,0.16022773965475662,672,0.8169642857142857,0.5515016685205785,0.518362387796505,0.2064516129032258,,0.45714285714285713,0.9655797101449275,120.0,0.13333333333333333,0.31925191659650315,0.6692783816425121,0.14670865370379854
catboost_cbc,folate_deficiency,drop60,development_oof,0.07824607964359516,672,0.8229166666666666,0.48260534811948835,0.6175899724253354,0.06299212598425197,,0.5714285714285714,0.9945652173913043,120.0,0.03333333333333333,0.23974987721199462,0.5861413043478262,0.16114377240706299
catboost_cbc,folate_deficiency,cbc_only,development_oof,0.08365878714548226,672,0.8348214285714286,0.6388828373491351,0.40870211178041677,0.3728813559322034,,0.5789473684210527,0.9565217391304348,120.0,0.275,0.4637943815120676,0.7676932367149758,0.12448682761566983
catboost_cbc,folate_deficiency,hb_only,development_oof,0.0,672,0.8214285714285714,0.45098039215686275,0.6180352457336298,0.0,,0.0,1.0,120.0,0.0,0.1836828782817282,0.4965957125603865,0.16419706875678391
catboost_cbc,folate_deficiency,no_iron,development_oof,0.08365878714548226,672,0.8348214285714286,0.6388828373491351,0.40870211178041677,0.3728813559322034,,0.5789473684210527,0.9565217391304348,120.0,0.275,0.4637943815120676,0.7676932367149758,0.12448682761566983
catboost_cbc,folate_deficiency,no_B12,development_oof,0.08365878714548226,672,0.8348214285714286,0.6388828373491351,0.40870211178041677,0.3728813559322034,,0.5789473684210527,0.9565217391304348,120.0,0.275,0.4637943815120676,0.7676932367149758,0.12448682761566983
catboost_cbc,folate_deficiency,no_folate,development_oof,0.08365878714548226,672,0.8348214285714286,0.6388828373491351,0.40870211178041677,0.3728813559322034,,0.5789473684210527,0.9565217391304348,120.0,0.275,0.4637943815120676,0.7676932367149758,0.12448682761566983
catboost_cbc,folate_deficiency,no_B6,development_oof,0.08365878714548226,672,0.8348214285714286,0.6388828373491351,0.40870211178041677,0.3728813559322034,,0.5789473684210527,0.9565217391304348,120.0,0.275,0.4637943815120676,0.7676932367149758,0.12448682761566983
catboost_cbc,folate_deficiency,no_copper,development_oof,0.08365878714548226,672,0.8348214285714286,0.6388828373491351,0.40870211178041677,0.3728813559322034,,0.5789473684210527,0.9565217391304348,120.0,0.275,0.4637943815120676,0.7676932367149758,0.12448682761566983
catboost_cbc,folate_deficiency,no_hemoglobin,development_oof,0.0984599309943209,672,0.8229166666666666,0.6270410185854535,0.4118672378879334,0.3567567567567568,,0.5076923076923077,0.9420289855072463,120.0,0.275,0.44247622187699664,0.7727204106280193,0.12732419615328128
catboost_cbc,folate_deficiency,no_demographics,development_oof,0.15199850541442578,672,0.8318452380952381,0.5735250343994833,0.43478895063507156,0.24161073825503357,,0.6206896551724138,0.980072463768116,120.0,0.15,0.45164714937924155,0.7666364734299517,0.12967130053738013
catboost_cbc,B6_deficiency,available,development_oof,0.22812456318101873,672,0.9583333333333334,0.600407747196738,0.16180183029371287,0.2222222222222222,,0.5,0.9937888198757764,28.0,0.14285714285714285,0.23056646022831906,0.7922582076308784,0.0369501849611877
catboost_cbc,B6_deficiency,drop30,development_oof,0.14725377234348785,672,0.9494047619047619,0.5396147336181187,0.18428166861496034,0.10526315789473684,,0.2,0.9875776397515528,28.0,0.07142857142857142,0.10474000426877916,0.7105700976042592,0.04648038714212155
catboost_cbc,B6_deficiency,drop60,development_oof,0.13693063937629155,672,0.9464285714285714,0.5361963190184049,0.20670829988153905,0.1,,0.16666666666666666,0.984472049689441,28.0,0.07142857142857142,0.1191957299423419,0.6153504880212954,0.05222634616958595
catboost_cbc,B6_deficiency,cbc_only,development_oof,0.22812456318101873,672,0.9583333333333334,0.600407747196738,0.16180183029371287,0.2222222222222222,,0.5,0.9937888198757764,28.0,0.14285714285714285,0.23056646022831906,0.7922582076308784,0.0369501849611877
catboost_cbc,B6_deficiency,hb_only,development_oof,0.0,672,0.9553571428571429,0.4885844748858447,0.24098307557524387,0.0,,0.0,0.9968944099378882,28.0,0.0,0.04950444152037638,0.5534050576752441,0.05894318709838413
catboost_cbc,B6_deficiency,no_iron,development_oof,0.22812456318101873,672,0.9583333333333334,0.600407747196738,0.16180183029371287,0.2222222222222222,,0.5,0.9937888198757764,28.0,0.14285714285714285,0.23056646022831906,0.7922582076308784,0.0369501849611877
catboost_cbc,B6_deficiency,no_B12,development_oof,0.22812456318101873,672,0.9583333333333334,0.600407747196738,0.16180183029371287,0.2222222222222222,,0.5,0.9937888198757764,28.0,0.14285714285714285,0.23056646022831906,0.7922582076308784,0.0369501849611877
catboost_cbc,B6_deficiency,no_folate,development_oof,0.22812456318101873,672,0.9583333333333334,0.600407747196738,0.16180183029371287,0.2222222222222222,,0.5,0.9937888198757764,28.0,0.14285714285714285,0.23056646022831906,0.7922582076308784,0.0369501849611877
catboost_cbc,B6_deficiency,no_B6,development_oof,0.22812456318101873,672,0.9583333333333334,0.600407747196738,0.16180183029371287,0.2222222222222222,,0.5,0.9937888198757764,28.0,0.14285714285714285,0.23056646022831906,0.7922582076308784,0.0369501849611877
catboost_cbc,B6_deficiency,no_copper,development_oof,0.22812456318101873,672,0.9583333333333334,0.600407747196738,0.16180183029371287,0.2222222222222222,,0.5,0.9937888198757764,28.0,0.14285714285714285,0.23056646022831906,0.7922582076308784,0.0369501849611877
catboost_cbc,B6_deficiency,no_hemoglobin,development_oof,0.12777531299998798,672,0.9583333333333334,0.5226788432267885,0.16129310991059082,0.06666666666666667,,0.5,0.9984472049689441,28.0,0.03571428571428571,0.21173953541774373,0.7844387755102041,0.03742138461676449
catboost_cbc,B6_deficiency,no_demographics,development_oof,0.19208841501681842,672,0.9598214285714286,0.5806116080715623,0.16674674394654912,0.18181818181818182,,0.6,0.9968944099378882,28.0,0.10714285714285714,0.24608254072587857,0.7959183673469388,0.03654398200557715
catboost_cbc,copper_deficiency,available,development_oof,0.14907119849998599,672,0.9583333333333334,0.5226788432267885,0.1322880439770397,0.06666666666666667,,0.5,0.9984472049689441,28.0,0.03571428571428571,0.2841089365027109,0.8959072759538598,0.035769935973739495
catboost_cbc,copper_deficiency,drop30,development_oof,0.023534365341354065,672,0.8184523809523809,0.48754875487548754,0.3568175668246098,0.07575757575757576,,0.04807692307692308,0.8462732919254659,28.0,0.17857142857142858,0.06127579157569911,0.6746339840283939,0.11849136463468952
catboost_cbc,copper_deficiency,drop60,development_oof,0.029071772470652013,672,0.6354166666666666,0.43995237690279787,0.6406427841104173,0.10909090909090909,,0.06072874493927125,0.639751552795031,28.0,0.5357142857142857,0.07933604616898594,0.6114130434782609,0.22724373030674355
catboost_cbc,copper_deficiency,cbc_only,development_oof,0.14907119849998599,672,0.9583333333333334,0.5226788432267885,0.1322880439770397,0.06666666666666667,,0.5,0.9984472049689441,28.0,0.03571428571428571,0.2841089365027109,0.8959072759538598,0.035769935973739495
catboost_cbc,copper_deficiency,hb_only,development_oof,0.04020294408115704,672,0.44345238095238093,0.3363120702221377,1.0442735315021159,0.06965174129353234,,0.0374331550802139,0.4409937888198758,28.0,0.5,0.04939529330155156,0.47765084294587395,0.37883541141098054
catboost_cbc,copper_deficiency,no_iron,development_oof,0.14907119849998599,672,0.9583333333333334,0.5226788432267885,0.1322880439770397,0.06666666666666667,,0.5,0.9984472049689441,28.0,0.03571428571428571,0.2841089365027109,0.8959072759538598,0.035769935973739495
catboost_cbc,copper_deficiency,no_B12,development_oof,0.14907119849998599,672,0.9583333333333334,0.5226788432267885,0.1322880439770397,0.06666666666666667,,0.5,0.9984472049689441,28.0,0.03571428571428571,0.2841089365027109,0.8959072759538598,0.035769935973739495
catboost_cbc,copper_deficiency,no_folate,development_oof,0.14907119849998599,672,0.9583333333333334,0.5226788432267885,0.1322880439770397,0.06666666666666667,,0.5,0.9984472049689441,28.0,0.03571428571428571,0.2841089365027109,0.8959072759538598,0.035769935973739495
catboost_cbc,copper_deficiency,no_B6,development_oof,0.14907119849998599,672,0.9583333333333334,0.5226788432267885,0.1322880439770397,0.06666666666666667,,0.5,0.9984472049689441,28.0,0.03571428571428571,0.2841089365027109,0.8959072759538598,0.035769935973739495
catboost_cbc,copper_deficiency,no_copper,development_oof,0.14907119849998599,672,0.9583333333333334,0.5226788432267885,0.1322880439770397,0.06666666666666667,,0.5,0.9984472049689441,28.0,0.03571428571428571,0.2841089365027109,0.8959072759538598,0.035769935973739495
catboost_cbc,copper_deficiency,no_hemoglobin,development_oof,0.14907119849998599,672,0.9583333333333334,0.5226788432267885,0.12947336904952772,0.06666666666666667,,0.5,0.9984472049689441,28.0,0.03571428571428571,0.2786818980031139,0.8991792369121562,0.03553676301147856
catboost_cbc,copper_deficiency,no_demographics,development_oof,0.1613962602864983,672,0.9583333333333334,0.5775482712168837,0.12612764510014177,0.17647058823529413,,0.5,0.9953416149068323,28.0,0.10714285714285714,0.2890989374855547,0.9001774622892637,0.03516041728941671
catboost_cbc,inflammation_anemia,available,development_oof,0.10301742256355843,672,0.9345238095238095,0.7075949367088608,0.15790062422178266,0.45,,0.6428571428571429,0.9838709677419355,52.0,0.34615384615384615,0.5994475343096004,0.9452853598014889,0.04689693795181483
catboost_cbc,inflammation_anemia,drop30,development_oof,0.15615218026451166,672,0.9211309523809523,0.5715883803452216,0.23146175590637486,0.18461538461538463,,0.46153846153846156,0.9887096774193549,52.0,0.11538461538461539,0.40066306997860984,0.8817307692307692,0.06270243196953121
catboost_cbc,inflammation_anemia,drop60,development_oof,0.08131156281817417,672,0.9241071428571429,0.499115794396621,0.33858092492026615,0.03773584905660377,,1.0,1.0,52.0,0.019230769230769232,0.2087561318963841,0.6913771712158809,0.07161474714498352
catboost_cbc,inflammation_anemia,cbc_only,development_oof,0.10301742256355843,672,0.9345238095238095,0.7075949367088608,0.15790062422178266,0.45,,0.6428571428571429,0.9838709677419355,52.0,0.34615384615384615,0.5994475343096004,0.9452853598014889,0.04689693795181483
catboost_cbc,inflammation_anemia,hb_only,development_oof,0.0,672,0.9226190476190477,0.47987616099071206,0.3919669166779648,0.0,,0.0,1.0,52.0,0.0,0.14088290948387577,0.7359491315136477,0.07626437933410068
catboost_cbc,inflammation_anemia,no_iron,development_oof,0.10301742256355843,672,0.9345238095238095,0.7075949367088608,0.15790062422178266,0.45,,0.6428571428571429,0.9838709677419355,52.0,0.34615384615384615,0.5994475343096004,0.9452853598014889,0.04689693795181483
catboost_cbc,inflammation_anemia,no_B12,development_oof,0.10301742256355843,672,0.9345238095238095,0.7075949367088608,0.15790062422178266,0.45,,0.6428571428571429,0.9838709677419355,52.0,0.34615384615384615,0.5994475343096004,0.9452853598014889,0.04689693795181483
catboost_cbc,inflammation_anemia,no_folate,development_oof,0.10301742256355843,672,0.9345238095238095,0.7075949367088608,0.15790062422178266,0.45,,0.6428571428571429,0.9838709677419355,52.0,0.34615384615384615,0.5994475343096004,0.9452853598014889,0.04689693795181483
catboost_cbc,inflammation_anemia,no_B6,development_oof,0.10301742256355843,672,0.9345238095238095,0.7075949367088608,0.15790062422178266,0.45,,0.6428571428571429,0.9838709677419355,52.0,0.34615384615384615,0.5994475343096004,0.9452853598014889,0.04689693795181483
catboost_cbc,inflammation_anemia,no_copper,development_oof,0.10301742256355843,672,0.9345238095238095,0.7075949367088608,0.15790062422178266,0.45,,0.6428571428571429,0.9838709677419355,52.0,0.34615384615384615,0.5994475343096004,0.9452853598014889,0.04689693795181483
catboost_cbc,inflammation_anemia,no_hemoglobin,development_oof,0.16840368252072227,672,0.9345238095238095,0.6771488469601677,0.17409735029012416,0.3888888888888889,,0.7,0.9903225806451613,52.0,0.2692307692307692,0.5639633574992491,0.920409429280397,0.04980377382269644
catboost_cbc,inflammation_anemia,no_demographics,development_oof,0.051308004617880834,672,0.9255952380952381,0.6894295115909344,0.1740418514394265,0.4186046511627907,,0.5294117647058824,0.9741935483870968,52.0,0.34615384615384615,0.524991206666114,0.9199131513647643,0.05153997698960774
augmented_catboost,anemia_class,available,development_oof,0.03469126040011238,672,0.8229166666666666,0.7962420210049794,0.6153608020820679,0.7962420210049794,0.2942491055695006,,,,,,,
augmented_catboost,anemia_class,drop30,development_oof,0.03714912835428325,672,0.6964285714285714,0.6616335737733433,0.9997393036004699,0.6616335737733433,0.46249024182290505,,,,,,,
augmented_catboost,anemia_class,drop60,development_oof,0.04250328230808594,672,0.5193452380952381,0.47850117744919224,1.4938310190442163,0.47850117744919224,0.6410742731310737,,,,,,,
augmented_catboost,anemia_class,cbc_only,development_oof,0.034701254301119366,672,0.5520833333333334,0.44607725797991066,1.2291192404080087,0.44607725797991066,0.5866517709853303,,,,,,,
augmented_catboost,anemia_class,hb_only,development_oof,0.01189736737304332,672,0.2619047619047619,0.09137023084893862,1.985236798355288,0.09137023084893862,0.8179030141490884,,,,,,,
augmented_catboost,anemia_class,no_iron,development_oof,0.06284937939900648,672,0.7544642857142857,0.7409413670335782,0.8161502660860085,0.7409413670335782,0.3923709049752989,,,,,,,
augmented_catboost,anemia_class,no_B12,development_oof,0.04587812612920639,672,0.7529761904761905,0.7138935815705655,0.7153191689412863,0.7138935815705655,0.3508281121707129,,,,,,,
augmented_catboost,anemia_class,no_folate,development_oof,0.038161791379855786,672,0.7738095238095238,0.7346088972311876,0.6965936258398037,0.7346088972311876,0.33819781567762697,,,,,,,
augmented_catboost,anemia_class,no_B6,development_oof,0.035720922330204644,672,0.8080357142857143,0.7549065974957219,0.652639210328895,0.7549065974957219,0.3098262039746326,,,,,,,
augmented_catboost,anemia_class,no_copper,development_oof,0.019236524333125435,672,0.7946428571428571,0.7193196140340935,0.671321820149478,0.7193196140340935,0.3160564087840306,,,,,,,
augmented_catboost,anemia_class,no_hemoglobin,development_oof,0.04218779853372604,672,0.7886904761904762,0.7618777993558337,0.8192146969681913,0.7618777993558337,0.37808683515961927,,,,,,,
augmented_catboost,anemia_class,no_demographics,development_oof,0.03070289839369407,672,0.7886904761904762,0.7612770178748917,0.7462453567185854,0.7612770178748917,0.34605115606636466,,,,,,,
augmented_catboost,iron_deficiency,available,development_oof,0.015515046025636891,672,0.9866071428571429,0.9852031267202466,0.053685237082693904,0.9806451612903225,,0.9827586206896551,0.9908883826879271,233.0,0.9785407725321889,0.9966622570141103,0.9975950022974571,0.012225813867034778
augmented_catboost,iron_deficiency,drop30,development_oof,0.019306356213161024,672,0.9776785714285714,0.9751331535749792,0.10253855404012893,0.9671772428884027,,0.9866071428571429,0.9931662870159453,233.0,0.9484978540772532,0.989627755156567,0.9936648841006188,0.024429330986133858
augmented_catboost,iron_deficiency,drop60,development_oof,0.0402561125506693,672,0.9122023809523809,0.8992434619304046,0.22836723790690602,0.8631090487238979,,0.9393939393939394,0.9726651480637813,233.0,0.7982832618025751,0.9520417005391846,0.9670143811041481,0.06652421286711983
augmented_catboost,iron_deficiency,cbc_only,development_oof,0.04564482585932152,672,0.8482142857142857,0.8268601220547225,0.37900841356735215,0.7660550458715596,,0.8226600985221675,0.9179954441913439,233.0,0.7167381974248928,0.8328049145311407,0.897816926882204,0.11662628984571313
augmented_catboost,iron_deficiency,hb_only,development_oof,0.0,672,0.6517857142857143,0.3945945945945946,0.6705452620306117,0.0,,0.0,0.9977220956719818,233.0,0.0,0.37671539710145163,0.5258879427493229,0.2357014724144396
augmented_catboost,iron_deficiency,no_iron,development_oof,0.038400563670594835,672,0.8348214285714286,0.801595386731,0.3830883252098814,0.7204030226700252,,0.8719512195121951,0.9521640091116174,233.0,0.6137339055793991,0.8476936225123061,0.9118656329738872,0.11862487031737275
augmented_catboost,iron_deficiency,no_B12,development_oof,0.01563968284369607,672,0.9836309523809523,0.9819513183692704,0.0543620080249421,0.9764453961456103,,0.9743589743589743,0.9863325740318907,233.0,0.9785407725321889,0.9965008574227404,0.9974483560960826,0.012412517958131565
augmented_catboost,iron_deficiency,no_folate,development_oof,0.014748178208106193,672,0.9851190476190477,0.9835756254460488,0.05470677128756941,0.9785407725321889,,0.9785407725321889,0.9886104783599089,233.0,0.9785407725321889,0.99652186134205,0.9975167909900574,0.01263415851165762
augmented_catboost,iron_deficiency,no_B6,development_oof,0.014748178208106193,672,0.9851190476190477,0.9835756254460488,0.05531321790295446,0.9785407725321889,,0.9785407725321889,0.9886104783599089,233.0,0.9785407725321889,0.9965219918909691,0.9975363438169074,0.012938164102472852
augmented_catboost,iron_deficiency,no_copper,development_oof,0.015515046025636891,672,0.9866071428571429,0.9852031267202466,0.05381271576483625,0.9806451612903225,,0.9827586206896551,0.9908883826879271,233.0,0.9785407725321889,0.9966508948395771,0.9975852258840322,0.01227833629511688
augmented_catboost,iron_deficiency,no_hemoglobin,development_oof,0.01879880479520958,672,0.9910714285714286,0.9901453752676292,0.05246870354369174,0.9871244635193133,,0.9871244635193133,0.9931662870159453,233.0,0.9871244635193133,0.9973365122935929,0.9982109163432303,0.011659774640999961
augmented_catboost,iron_deficiency,no_demographics,development_oof,0.018278601208262774,672,0.9821428571428571,0.9802507836990595,0.05542933843357774,0.9741379310344828,,0.9783549783549783,0.9886104783599089,233.0,0.9699570815450643,0.9966286240785306,0.9975852258840322,0.013010739687511694
augmented_catboost,B12_deficiency,available,development_oof,0.03872912146830505,672,0.9776785714285714,0.9683376314161056,0.07195142075554414,0.9511400651465798,,0.9605263157894737,0.988394584139265,155.0,0.9419354838709677,0.9900110581342435,0.9962687964060648,0.017621956133570333
augmented_catboost,B12_deficiency,drop30,development_oof,0.0653251605693588,672,0.9449404761904762,0.9180377045019268,0.15649281601703283,0.8710801393728222,,0.946969696969697,0.9864603481624759,155.0,0.8064516129032258,0.9469011481629458,0.9764272789667436,0.044554435023421414
augmented_catboost,B12_deficiency,drop60,development_oof,0.07188927687929317,672,0.9017857142857143,0.8388278388278388,0.2539925582644092,0.7380952380952381,,0.9587628865979382,0.9922630560928434,155.0,0.6,0.8734505053117826,0.9365944967866725,0.07483077048294276
augmented_catboost,B12_deficiency,cbc_only,development_oof,0.054736253244315365,672,0.8273809523809523,0.7217868002912331,0.3994718132892055,0.5503875968992248,,0.6893203883495146,0.9381044487427466,155.0,0.45806451612903226,0.6153190782174541,0.8478317838647282,0.12964228213950277
augmented_catboost,B12_deficiency,hb_only,development_oof,0.0,672,0.7693452380952381,0.4348191757779647,0.5767065393328125,0.0,,0.0,1.0,155.0,0.0,0.2653561850105181,0.5804579771635365,0.18692977599473948
augmented_catboost,B12_deficiency,no_iron,development_oof,0.024652238534497363,672,0.9747023809523809,0.9645990275888355,0.07889571663642443,0.9456869009584664,,0.9367088607594937,0.9806576402321083,155.0,0.9548387096774194,0.9889196627478873,0.9957322019092781,0.01969195198803188
augmented_catboost,B12_deficiency,no_B12,development_oof,0.06805559507418427,672,0.8705357142857143,0.7800641780432844,0.30945558479941304,0.6390041493775933,,0.8953488372093024,0.9825918762088974,155.0,0.4967741935483871,0.8218952389145084,0.9143320646409184,0.09356234617157219
augmented_catboost,B12_deficiency,no_folate,development_oof,0.0588810638878597,672,0.9717261904761905,0.9595210241485244,0.08612616335523204,0.9372937293729373,,0.9594594594594594,0.988394584139265,155.0,0.9161290322580645,0.9841369864962211,0.9938603606414176,0.02265328662736817
augmented_catboost,B12_deficiency,no_B6,development_oof,0.03872912146830505,672,0.9776785714285714,0.9683376314161056,0.07194586255884558,0.9511400651465798,,0.9605263157894737,0.988394584139265,155.0,0.9419354838709677,0.9901221516282832,0.9962687964060648,0.01755286762638822
augmented_catboost,B12_deficiency,no_copper,development_oof,0.03872912146830505,672,0.9776785714285714,0.9683376314161056,0.07200258603821805,0.9511400651465798,,0.9605263157894737,0.988394584139265,155.0,0.9419354838709677,0.9899500730830523,0.9962812753478505,0.0176304711431053
augmented_catboost,B12_deficiency,no_hemoglobin,development_oof,0.031680922496234803,672,0.9836309523809523,0.976673661622935,0.06924751719274051,0.9639344262295082,,0.98,0.9941972920696325,155.0,0.9483870967741935,0.9904418788331172,0.9962188806389218,0.015999092990404366
augmented_catboost,B12_deficiency,no_demographics,development_oof,0.024234731651371445,672,0.9791666666666666,0.9703804450489252,0.07720618708457365,0.954248366013072,,0.9668874172185431,0.9903288201160542,155.0,0.9419354838709677,0.9875083728760726,0.995070817994634,0.019507372353750916
augmented_catboost,folate_deficiency,available,development_oof,0.056263515826235476,672,0.9285714285714286,0.8634886240520043,0.1707507812494581,0.7692307692307693,,0.9090909090909091,0.9855072463768116,120.0,0.6666666666666666,0.9003460903584437,0.9702596618357487,0.05117120099811016
augmented_catboost,folate_deficiency,drop30,development_oof,0.06685435853819949,672,0.9047619047619048,0.8055555555555556,0.2480889606033457,0.6666666666666666,,0.8888888888888888,0.9855072463768116,120.0,0.5333333333333333,0.7983760550970456,0.9161533816425121,0.07303183736523144
augmented_catboost,folate_deficiency,drop60,development_oof,0.023038682848728207,672,0.8764880952380952,0.7246758118894477,0.3282351625487814,0.5202312138728323,,0.8490566037735849,0.9855072463768116,120.0,0.375,0.6533591822607505,0.8356280193236715,0.0983183861934864
augmented_catboost,folate_deficiency,cbc_only,development_oof,0.06196285218359978,672,0.8244047619047619,0.6179389827895234,0.40023511021534763,0.33707865168539325,,0.5172413793103449,0.9492753623188406,120.0,0.25,0.42092230636485517,0.7829106280193237,0.12586595836589293
augmented_catboost,folate_deficiency,hb_only,development_oof,0.0,672,0.8214285714285714,0.45098039215686275,0.4652534356757316,0.0,,0.0,1.0,120.0,0.0,0.23817190201549818,0.6288345410628019,0.1455603052653514
augmented_catboost,folate_deficiency,no_iron,development_oof,0.06244464850537809,672,0.9315476190476191,0.8701940035273368,0.16846711043826945,0.780952380952381,,0.9111111111111111,0.9855072463768116,120.0,0.6833333333333333,0.9048614953308276,0.9711201690821256,0.049735940676870115
augmented_catboost,folate_deficiency,no_B12,development_oof,0.039146493977233576,672,0.9270833333333334,0.8622622488632703,0.1902227392182652,0.7677725118483413,,0.8901098901098901,0.9818840579710145,120.0,0.675,0.873969781433542,0.9575634057971014,0.0566770825857262
augmented_catboost,folate_deficiency,no_folate,development_oof,0.0335103279462502,672,0.8229166666666666,0.545530492898914,0.4124250351274156,0.19047619047619047,,0.5185185185185185,0.9764492753623188,120.0,0.11666666666666667,0.4717453386591297,0.8059329710144927,0.1267877827412313
augmented_catboost,folate_deficiency,no_B6,development_oof,0.04256158604955625,672,0.9315476190476191,0.8691765980498375,0.16788253047318882,0.7788461538461539,,0.9204545454545454,0.9873188405797102,120.0,0.675,0.9045560687250072,0.971256038647343,0.0499843391814956
augmented_catboost,folate_deficiency,no_copper,development_oof,0.05561820468365646,672,0.9285714285714286,0.8655910394026269,0.17030109521860964,0.7735849056603774,,0.8913043478260869,0.9818840579710145,120.0,0.6833333333333333,0.9007885112845816,0.9701539855072465,0.050793889787108804
augmented_catboost,folate_deficiency,no_hemoglobin,development_oof,0.07784541457275845,672,0.9315476190476191,0.8681386182537922,0.17308712084669284,0.7766990291262136,,0.9302325581395349,0.9891304347826086,120.0,0.6666666666666666,0.9016586980860696,0.9697010869565218,0.05099873119653273
augmented_catboost,folate_deficiency,no_demographics,development_oof,0.09789139057121439,672,0.9166666666666666,0.8313222770058271,0.20065974211219723,0.711340206185567,,0.9324324324324325,0.9909420289855072,120.0,0.575,0.8825212228572518,0.9606733091787439,0.060214070780024956
augmented_catboost,B6_deficiency,available,development_oof,0.10206207261596575,672,0.9791666666666666,0.8279569892473118,0.061160283288103384,0.6666666666666666,,1.0,1.0,28.0,0.5,0.8679379973157689,0.9718833185448092,0.015155517591793193
augmented_catboost,B6_deficiency,drop30,development_oof,0.16712898840545912,672,0.9791666666666666,0.8279569892473118,0.09688776793065297,0.6666666666666666,,1.0,1.0,28.0,0.5,0.6416799371909673,0.912877107364685,0.021270671965781973
augmented_catboost,B6_deficiency,drop60,development_oof,0.2743782912550083,672,0.9702380952380952,0.7145769622833843,0.13435629983104183,0.4444444444444444,,1.0,1.0,28.0,0.2857142857142857,0.3775608361799339,0.7902062999112689,0.029657691132712653
augmented_catboost,B6_deficiency,cbc_only,development_oof,0.12777531299998798,672,0.9598214285714286,0.5242165989248722,0.14206204959055063,0.06896551724137931,,1.0,1.0,28.0,0.03571428571428571,0.2812075754946376,0.8387866015971606,0.03542471401542872
augmented_catboost,B6_deficiency,hb_only,development_oof,0.0,672,0.9583333333333334,0.48936170212765956,0.17483525920970866,0.0,,0.0,1.0,28.0,0.0,0.046558838609014705,0.5598657941437445,0.04022099361581991
augmented_catboost,B6_deficiency,no_iron,development_oof,0.16866720988696035,672,0.9836309523809523,0.8735437516037978,0.060667266034196816,0.7555555555555555,,1.0,1.0,28.0,0.6071428571428571,0.8419237288792565,0.9607364685004436,0.014039272918768376
augmented_catboost,B6_deficiency,no_B12,development_oof,0.1416394309331329,672,0.9806547619047619,0.843841052499866,0.05957973714281245,0.6976744186046512,,1.0,1.0,28.0,0.5357142857142857,0.8735989103926154,0.9703859804791481,0.014543982521027314
augmented_catboost,B6_deficiency,no_folate,development_oof,0.10206207261596575,672,0.9791666666666666,0.8279569892473118,0.059484228552203255,0.6666666666666666,,1.0,1.0,28.0,0.5,0.8743847465180945,0.9718833185448092,0.014711647060665824
augmented_catboost,B6_deficiency,no_B6,development_oof,0.0,672,0.9583333333333334,0.48936170212765956,0.16734370740713914,0.0,,0.0,1.0,28.0,0.0,0.31104759973250773,0.8791038154392192,0.03723603561124931
augmented_catboost,B6_deficiency,no_copper,development_oof,0.10206207261596575,672,0.9791666666666666,0.8279569892473118,0.06058690487472952,0.6666666666666666,,1.0,1.0,28.0,0.5,0.8708271936548073,0.9740461401952085,0.015198854842158079
augmented_catboost,B6_deficiency,no_hemoglobin,development_oof,0.20749832663314555,672,0.9806547619047619,0.843841052499866,0.06428614628495283,0.6976744186046512,,1.0,1.0,28.0,0.5357142857142857,0.8509473213735008,0.9611801242236024,0.015298239183381959
augmented_catboost,B6_deficiency,no_demographics,development_oof,0.10206207261596575,672,0.9791666666666666,0.8279569892473118,0.06811142764725678,0.6666666666666666,,1.0,1.0,28.0,0.5,0.8566780635256543,0.9596827861579413,0.016493461208409447
augmented_catboost,copper_deficiency,available,development_oof,0.1009535195062758,672,0.9880952380952381,0.9135802469135803,0.032032835474045486,0.8333333333333334,,1.0,1.0,28.0,0.7142857142857143,0.9768259670114992,0.9988908606921029,0.009089033295914676
augmented_catboost,copper_deficiency,drop30,development_oof,0.09108400680852975,672,0.9866071428571429,0.9007857740448497,0.051406724044625304,0.8085106382978723,,1.0,1.0,28.0,0.6785714285714286,0.881654621178615,0.971994232475599,0.011592453896215708
augmented_catboost,copper_deficiency,drop60,development_oof,0.3370166864022911,672,0.9702380952380952,0.7145769622833843,0.11240088215024018,0.4444444444444444,,1.0,1.0,28.0,0.2857142857142857,0.5723252474949272,0.8639086069210293,0.026024904564825573
augmented_catboost,copper_deficiency,cbc_only,development_oof,0.0,672,0.9583333333333334,0.48936170212765956,0.13922959853405717,0.0,,0.0,1.0,28.0,0.0,0.26062898363923376,0.8752218278615793,0.03617881845507738
augmented_catboost,copper_deficiency,hb_only,development_oof,0.0,672,0.9583333333333334,0.48936170212765956,0.18150408388045017,0.0,,0.0,1.0,28.0,0.0,0.04717309633107682,0.5490239574090506,0.04180226085825513
augmented_catboost,copper_deficiency,no_iron,development_oof,0.12606772836652677,672,0.9895833333333334,0.9258687258687259,0.02913571501041705,0.8571428571428571,,1.0,1.0,28.0,0.75,0.9718753815628816,0.9983917480035492,0.007480281798417915
augmented_catboost,copper_deficiency,no_B12,development_oof,0.1009535195062758,672,0.9880952380952381,0.9135802469135803,0.03131920159627901,0.8333333333333334,,1.0,1.0,28.0,0.7142857142857143,0.9740223087098088,0.9986690328305236,0.008658817799221964
augmented_catboost,copper_deficiency,no_folate,development_oof,0.10438796511324293,672,0.9895833333333334,0.9258687258687259,0.03149828216183245,0.8571428571428571,,1.0,1.0,28.0,0.75,0.9708797749869178,0.9983917480035492,0.008551599193806502
augmented_catboost,copper_deficiency,no_B6,development_oof,0.1009535195062758,672,0.9880952380952381,0.9135802469135803,0.03193768956280774,0.8333333333333334,,1.0,1.0,28.0,0.7142857142857143,0.9768259670114992,0.9988908606921029,0.009051684479524777
augmented_catboost,copper_deficiency,no_copper,development_oof,0.0,672,0.9583333333333334,0.48936170212765956,0.17619510580383113,0.0,,0.0,1.0,28.0,0.0,0.408680848011819,0.8918589174800355,0.03850005382832572
augmented_catboost,copper_deficiency,no_hemoglobin,development_oof,0.053020201058017725,672,0.9895833333333334,0.9258687258687259,0.033868458852394236,0.8571428571428571,,1.0,1.0,28.0,0.75,0.9730422386672386,0.9985581188997338,0.009290063820596562
augmented_catboost,copper_deficiency,no_demographics,development_oof,0.04540738294007689,672,0.9910714285714286,0.9376816074188563,0.03133412385380541,0.88,,1.0,1.0,28.0,0.7857142857142857,0.9544072622845663,0.9968389529724933,0.0077187861387093175
augmented_catboost,inflammation_anemia,available,development_oof,0.03870953400485607,672,0.9940476190476191,0.9787818509046131,0.02449669137097211,0.9607843137254902,,0.98,0.9983870967741936,52.0,0.9423076923076923,0.9865814623403414,0.9984181141439206,0.00605434976369097
augmented_catboost,inflammation_anemia,drop30,development_oof,0.09932647346365703,672,0.9806547619047619,0.9277771806975917,0.055509466982340196,0.865979381443299,,0.9333333333333333,0.9951612903225806,52.0,0.8076923076923077,0.9468459043296408,0.9926178660049627,0.0153761750269917
augmented_catboost,inflammation_anemia,drop60,development_oof,0.11056760415659199,672,0.9672619047619048,0.8603174603174604,0.10065542877529483,0.7380952380952381,,0.96875,0.9983870967741936,52.0,0.5961538461538461,0.8606789140809683,0.9639578163771713,0.02598644324628162
augmented_catboost,inflammation_anemia,cbc_only,development_oof,0.12255963213777288,672,0.9404761904761905,0.746031746031746,0.15089057715345025,0.5238095238095238,,0.6875,0.9838709677419355,52.0,0.4230769230769231,0.5741411897910423,0.9474875930521092,0.0450956453773485
augmented_catboost,inflammation_anemia,hb_only,development_oof,0.0,672,0.9226190476190477,0.47987616099071206,0.26176130742096226,0.0,,0.0,1.0,52.0,0.0,0.16170337544810753,0.7370502481389577,0.07090196659305834
augmented_catboost,inflammation_anemia,no_iron,development_oof,0.0566520397312303,672,0.9851190476190477,0.9469546272615326,0.04286840947987702,0.9019607843137255,,0.92,0.9935483870967742,52.0,0.8846153846153846,0.963055872075436,0.995409429280397,0.011683413296236194
augmented_catboost,inflammation_anemia,no_B12,development_oof,0.03850223691771455,672,0.9940476190476191,0.9791563275434243,0.024501327840996106,0.9615384615384616,,0.9615384615384616,0.9967741935483871,52.0,0.9615384615384616,0.9859473937168782,0.9982940446650124,0.005897653611292704
augmented_catboost,inflammation_anemia,no_folate,development_oof,0.03850223691771455,672,0.9940476190476191,0.9791563275434243,0.02417544911730382,0.9615384615384616,,0.9615384615384616,0.9967741935483871,52.0,0.9615384615384616,0.9865904185313903,0.9983870967741936,0.005944230957121634
augmented_catboost,inflammation_anemia,no_B6,development_oof,0.03870953400485607,672,0.9940476190476191,0.9787818509046131,0.024603498430034097,0.9607843137254902,,0.98,0.9983870967741936,52.0,0.9423076923076923,0.9864309052792152,0.9983870967741936,0.006097662241198966
augmented_catboost,inflammation_anemia,no_copper,development_oof,0.03870953400485607,672,0.9940476190476191,0.9787818509046131,0.024446466699241505,0.9607843137254902,,0.98,0.9983870967741936,52.0,0.9423076923076923,0.9865814623403414,0.9984181141439206,0.006048006986868855
augmented_catboost,inflammation_anemia,no_hemoglobin,development_oof,0.05297403538806578,672,0.9925595238095238,0.9727394426189606,0.027502104760116414,0.9494949494949495,,1.0,1.0,52.0,0.9038461538461539,0.980722800147493,0.9969292803970224,0.006269024573528769
augmented_catboost,inflammation_anemia,no_demographics,development_oof,0.04489566864676492,672,0.9880952380952381,0.957563701809226,0.030057664756188176,0.9215686274509803,,0.94,0.9951612903225806,52.0,0.9038461538461539,0.9741117471953707,0.9951302729528536,0.006634516589088325
balanced_catboost,anemia_class,available,development_oof,0.03235118917615078,672,0.8348214285714286,0.8224065274194611,0.6097603544250987,0.8224065274194611,0.28896914550779995,,,,,,,
balanced_catboost,anemia_class,drop30,development_oof,0.03318075503436573,672,0.7068452380952381,0.6868260339197644,0.9951042581380681,0.6868260339197644,0.45776404715874974,,,,,,,
balanced_catboost,anemia_class,drop60,development_oof,0.05806823810044077,672,0.5342261904761905,0.5002611618677921,1.5064324634475192,0.5002611618677921,0.6461217218898385,,,,,,,
balanced_catboost,anemia_class,cbc_only,development_oof,0.026580384856466726,672,0.5654761904761905,0.4811819841422696,1.24071139695399,0.4811819841422696,0.5919526442288355,,,,,,,
balanced_catboost,anemia_class,hb_only,development_oof,0.019634765249203684,672,0.2604166666666667,0.12130418332090494,2.008540251362065,0.12130418332090494,0.824970448235604,,,,,,,
balanced_catboost,anemia_class,no_iron,development_oof,0.046395787176031836,672,0.7529761904761905,0.7428784083952316,0.824629970809517,0.7428784083952316,0.39384133546106703,,,,,,,
balanced_catboost,anemia_class,no_B12,development_oof,0.044118585745906616,672,0.7678571428571429,0.7347167192096902,0.7128596671688173,0.7347167192096902,0.34612971627776873,,,,,,,
balanced_catboost,anemia_class,no_folate,development_oof,0.03280276612619362,672,0.7886904761904762,0.7640958443068215,0.6921826855287634,0.7640958443068215,0.33325525059652633,,,,,,,
balanced_catboost,anemia_class,no_B6,development_oof,0.025610223556769496,672,0.8184523809523809,0.7863100234584843,0.6452598599705358,0.7863100234584843,0.30476137011956483,,,,,,,
balanced_catboost,anemia_class,no_copper,development_oof,0.021142991972386598,672,0.8020833333333334,0.7439966398297807,0.6635864770965059,0.7439966398297807,0.31196815275363754,,,,,,,
balanced_catboost,anemia_class,no_hemoglobin,development_oof,0.025116800215554052,672,0.7991071428571429,0.7848738787479911,0.8222564402138055,0.7848738787479911,0.37876089582693206,,,,,,,
balanced_catboost,anemia_class,no_demographics,development_oof,0.034719489336853,672,0.8005952380952381,0.7807886717886605,0.7497854648835686,0.7807886717886605,0.34545990678712135,,,,,,,
balanced_catboost,iron_deficiency,available,development_oof,0.021207908942321954,672,0.9866071428571429,0.9852622601279317,0.051951888817769146,0.9808102345415778,,0.9745762711864406,0.9863325740318907,233.0,0.9871244635193133,0.9971311945188566,0.9980935993821307,0.011730464201507388
balanced_catboost,iron_deficiency,drop30,development_oof,0.02651391250021308,672,0.9747023809523809,0.9719355480601283,0.10464710705998634,0.9631236442516269,,0.9736842105263158,0.9863325740318907,233.0,0.9527896995708155,0.9899201404643739,0.9941830340121423,0.02510139692860673
balanced_catboost,iron_deficiency,drop60,development_oof,0.04508968691806979,672,0.9181547619047619,0.9074016079450222,0.22931270927024497,0.8758465011286681,,0.9238095238095239,0.9635535307517085,233.0,0.8326180257510729,0.9517751771553026,0.9674836489485469,0.0664853545701272
balanced_catboost,iron_deficiency,cbc_only,development_oof,0.05044793804925727,672,0.8497023809523809,0.8318430812912049,0.37101735819519444,0.7770419426048565,,0.8,0.8997722095671982,233.0,0.7553648068669528,0.8381288785263881,0.9010626961392942,0.11503159950189135
balanced_catboost,iron_deficiency,hb_only,development_oof,0.05525924967844261,672,0.6502976190476191,0.4134927856492916,0.655097189568651,0.04081632653061224,,0.4166666666666667,0.9840546697038725,233.0,0.02145922746781116,0.3742596179554009,0.5272028703549816,0.23003769901151971
balanced_catboost,iron_deficiency,no_iron,development_oof,0.036009133972356284,672,0.8482142857142857,0.8219728845254792,0.3552491526056599,0.7536231884057971,,0.861878453038674,0.9430523917995444,233.0,0.6695278969957081,0.8562274304616789,0.9182203017001183,0.1092905945312085
balanced_catboost,iron_deficiency,no_B12,development_oof,0.021207908942321954,672,0.9866071428571429,0.9852622601279317,0.05333514935267775,0.9808102345415778,,0.9745762711864406,0.9863325740318907,233.0,0.9871244635193133,0.9970045256692837,0.997976282421031,0.012169157891048513
balanced_catboost,iron_deficiency,no_folate,development_oof,0.01924065910840157,672,0.9851190476190477,0.9836084767591617,0.052745763955791454,0.9786324786324786,,0.9744680851063829,0.9863325740318907,233.0,0.9828326180257511,0.997107405441882,0.9980838229687057,0.012009720830728168
balanced_catboost,iron_deficiency,no_B6,development_oof,0.019271782448082062,672,0.9851190476190477,0.9836408783290326,0.05388094517807066,0.9787234042553191,,0.9704641350210971,0.9840546697038725,233.0,0.9871244635193133,0.9971027515951243,0.9981229286224056,0.012553652118552763
balanced_catboost,iron_deficiency,no_copper,development_oof,0.021207908942321954,672,0.9866071428571429,0.9852622601279317,0.052096949264830494,0.9808102345415778,,0.9745762711864406,0.9863325740318907,233.0,0.9871244635193133,0.9971092169479303,0.9980838229687057,0.011799875460849615
balanced_catboost,iron_deficiency,no_hemoglobin,development_oof,0.01879880479520958,672,0.9910714285714286,0.9901453752676292,0.051080442603135434,0.9871244635193133,,0.9871244635193133,0.9931662870159453,233.0,0.9871244635193133,0.997977585889529,0.9987779483218786,0.011479224806734053
balanced_catboost,iron_deficiency,no_demographics,development_oof,0.022339686499228566,672,0.9851190476190477,0.9835423197492164,0.05240487419715595,0.978448275862069,,0.9826839826839827,0.9908883826879271,233.0,0.9742489270386266,0.9973380649553951,0.9982500219969301,0.012167049185839097
balanced_catboost,B12_deficiency,available,development_oof,0.02469825331529659,672,0.9776785714285714,0.9686238377902218,0.0792532387925445,0.9517684887459807,,0.9487179487179487,0.9845261121856866,155.0,0.9548387096774194,0.9890295590750352,0.996069133337493,0.020010713882522946
balanced_catboost,B12_deficiency,drop30,development_oof,0.04122682901362599,672,0.9345238095238095,0.9051419918641805,0.16074394198529182,0.8523489932885906,,0.8881118881118881,0.9690522243713733,155.0,0.8193548387096774,0.9447745848301384,0.9776002994946029,0.046598916464324604
balanced_catboost,B12_deficiency,drop60,development_oof,0.0654888297639141,672,0.8928571428571429,0.8349682788730473,0.25507360054167477,0.7372262773722628,,0.8487394957983193,0.965183752417795,155.0,0.6516129032258065,0.8664576069253336,0.9365445810195295,0.0752501947818469
balanced_catboost,B12_deficiency,cbc_only,development_oof,0.05222872614314917,672,0.8080357142857143,0.7212236983010623,0.40020558041390736,0.5656565656565656,,0.5915492957746479,0.8878143133462283,155.0,0.5419354838709678,0.6263418991634542,0.8490671991015162,0.1304672061734209
balanced_catboost,B12_deficiency,hb_only,development_oof,0.0,672,0.7678571428571429,0.43434343434343436,0.5385199985346804,0.0,,0.0,0.9980657640232108,155.0,0.0,0.2691923579676898,0.5824234104947901,0.17752461127275107
balanced_catboost,B12_deficiency,no_iron,development_oof,0.01952713372222153,672,0.9717261904761905,0.9607813023138663,0.09160751471132422,0.9400630914826499,,0.9197530864197531,0.9748549323017408,155.0,0.9612903225806452,0.987155689732199,0.9952080863542772,0.023950334516289484
balanced_catboost,B12_deficiency,no_B12,development_oof,0.05363240016145834,672,0.8764880952380952,0.8003429279171246,0.2975912199193233,0.6770428015564203,,0.8529411764705882,0.9709864603481625,155.0,0.5612903225806452,0.8143908176779742,0.9135334123666313,0.09198207034534184
balanced_catboost,B12_deficiency,no_folate,development_oof,0.03164604331119058,672,0.9717261904761905,0.960076919469068,0.09107561758323574,0.9385113268608414,,0.9415584415584416,0.9825918762088974,155.0,0.9354838709677419,0.9828643791359524,0.9934235976789169,0.023751981969484134
balanced_catboost,B12_deficiency,no_B6,development_oof,0.023317345396561766,672,0.9791666666666666,0.9707811568276685,0.07909215470578093,0.9551282051282052,,0.9490445859872612,0.9845261121856866,155.0,0.9612903225806452,0.9893236045473416,0.9961440069882074,0.019823048345212677
balanced_catboost,B12_deficiency,no_copper,development_oof,0.02469825331529659,672,0.9776785714285714,0.9686238377902218,0.0795714108679602,0.9517684887459807,,0.9487179487179487,0.9845261121856866,155.0,0.9548387096774194,0.989085999519678,0.9961315280464217,0.020078663214977654
balanced_catboost,B12_deficiency,no_hemoglobin,development_oof,0.017513430693800333,672,0.9836309523809523,0.9768866375873552,0.07623197991406852,0.9644012944983819,,0.9675324675324676,0.9903288201160542,155.0,0.9612903225806452,0.9894183977902837,0.99601921757035,0.01808414016652355
balanced_catboost,B12_deficiency,no_demographics,development_oof,0.02984060328270996,672,0.9776785714285714,0.9683376314161056,0.08480298009352688,0.9511400651465798,,0.9605263157894737,0.988394584139265,155.0,0.9419354838709677,0.9844872919389439,0.9942347288949898,0.02189196098078714
balanced_catboost,folate_deficiency,available,development_oof,0.07321802543070763,672,0.9255952380952381,0.8651057474586886,0.1740113201260936,0.7747747747747747,,0.8431372549019608,0.9710144927536232,120.0,0.7166666666666667,0.8929187384653138,0.9679196859903382,0.05195248497369094
balanced_catboost,folate_deficiency,drop30,development_oof,0.06716708621006913,672,0.9002976190476191,0.8145137701608751,0.2550192884461592,0.6883720930232559,,0.7789473684210526,0.9619565217391305,120.0,0.6166666666666667,0.7887633697732411,0.9139794685990339,0.0759594323572482
balanced_catboost,folate_deficiency,drop60,development_oof,0.046290908444721876,672,0.8630952380952381,0.731997017565154,0.3365717488190982,0.5445544554455446,,0.6707317073170732,0.9510869565217391,120.0,0.4583333333333333,0.6449935779665693,0.8364885265700482,0.10310165185208495
balanced_catboost,folate_deficiency,cbc_only,development_oof,0.055609545875803044,672,0.8154761904761905,0.6702075450789178,0.4140519046089706,0.45132743362831856,,0.4811320754716981,0.9003623188405797,120.0,0.425,0.4267309249889768,0.7762530193236714,0.13252399046560923
balanced_catboost,folate_deficiency,hb_only,development_oof,0.034401045807689073,672,0.8199404761904762,0.45858053175126345,0.4627299627158718,0.016260162601626018,,0.3333333333333333,0.9963768115942029,120.0,0.008333333333333333,0.2503417546658841,0.6382019927536231,0.1474506447057287
balanced_catboost,folate_deficiency,no_iron,development_oof,0.042486075209811035,672,0.9330357142857143,0.8815673526935203,0.17328699288078928,0.8034934497816594,,0.8440366972477065,0.9692028985507246,120.0,0.7666666666666667,0.8969356912971601,0.9690972222222223,0.05090131337608789
balanced_catboost,folate_deficiency,no_B12,development_oof,0.04347754946179791,672,0.90625,0.8364540316692614,0.20436696273118088,0.7296137339055794,,0.7522123893805309,0.9492753623188406,120.0,0.7083333333333334,0.8573786063157959,0.9529740338164251,0.06264911878178296
balanced_catboost,folate_deficiency,no_folate,development_oof,0.06177827211151002,672,0.8363095238095238,0.6258503401360545,0.385223252145745,0.34523809523809523,,0.6041666666666666,0.9655797101449275,120.0,0.24166666666666667,0.47877403195140866,0.8101298309178744,0.11931003774731448
balanced_catboost,folate_deficiency,no_B6,development_oof,0.08979070501126792,672,0.9285714285714286,0.8714285714285714,0.17218361934678367,0.7857142857142857,,0.8461538461538461,0.9710144927536232,120.0,0.7333333333333333,0.8974054801800829,0.9689613526570048,0.051071174939314734
balanced_catboost,folate_deficiency,no_copper,development_oof,0.07269031872168966,672,0.9270833333333334,0.869216562406911,0.17590047143311255,0.7822222222222223,,0.8380952380952381,0.9692028985507246,120.0,0.7333333333333333,0.8908002327336314,0.9672252415458937,0.052652430345748596
balanced_catboost,folate_deficiency,no_hemoglobin,development_oof,0.06901671459518541,672,0.9330357142857143,0.8772602739726028,0.17601553038611234,0.7945205479452054,,0.8787878787878788,0.9782608695652174,120.0,0.725,0.8972237514878828,0.9684027777777777,0.05122384119025914
balanced_catboost,folate_deficiency,no_demographics,development_oof,0.08087911743435978,672,0.9181547619047619,0.8336206857744786,0.2005005563910339,0.7150259067357513,,0.9452054794520548,0.9927536231884058,120.0,0.575,0.8752251217243523,0.956868961352657,0.05975808507925565
balanced_catboost,B6_deficiency,available,development_oof,0.14655702629063003,672,0.9791666666666666,0.8279569892473118,0.06282042187677357,0.6666666666666666,,1.0,1.0,28.0,0.5,0.8436373130612559,0.9792590949423248,0.0165430678369641
balanced_catboost,B6_deficiency,drop30,development_oof,0.11180339887498948,672,0.9732142857142857,0.7680981595092025,0.09400912566613459,0.55,,0.9166666666666666,0.9984472049689441,28.0,0.39285714285714285,0.6496101598512722,0.9209183673469388,0.02265146098628548
balanced_catboost,B6_deficiency,drop60,development_oof,0.26427498905736396,672,0.9657738095238095,0.6803904133666949,0.13476473805976666,0.3783783783783784,,0.7777777777777778,0.9968944099378882,28.0,0.25,0.3843572841154825,0.8020186335403726,0.03131692413570329
balanced_catboost,B6_deficiency,cbc_only,development_oof,0.1643607702887686,672,0.9523809523809523,0.5877300613496933,0.14892266491898676,0.2,,0.3333333333333333,0.9875776397515528,28.0,0.14285714285714285,0.2118702992794629,0.8427240461401952,0.03972303482783879
balanced_catboost,B6_deficiency,hb_only,development_oof,0.0,672,0.9583333333333334,0.48936170212765956,0.19846588735127527,0.0,,0.0,1.0,28.0,0.0,0.045167194170648434,0.5392912599822537,0.0466704550199662
balanced_catboost,B6_deficiency,no_iron,development_oof,0.1551209772049257,672,0.9836309523809523,0.8787381682770387,0.06845332815532669,0.7659574468085106,,0.9473684210526315,0.9984472049689441,28.0,0.6428571428571429,0.7933789767433326,0.9645075421472937,0.01703024841164837
balanced_catboost,B6_deficiency,no_B12,development_oof,0.1416394309331329,672,0.9806547619047619,0.843841052499866,0.060721735069131325,0.6976744186046512,,1.0,1.0,28.0,0.5357142857142857,0.8489758900169813,0.9790927240461402,0.01580730462131459
balanced_catboost,B6_deficiency,no_folate,development_oof,0.14655702629063003,672,0.9791666666666666,0.8279569892473118,0.06106163319536616,0.6666666666666666,,1.0,1.0,28.0,0.5,0.852097982658798,0.9792590949423248,0.016024536312493703
balanced_catboost,B6_deficiency,no_B6,development_oof,0.22360679774997902,672,0.9613095238095238,0.5567732115677321,0.15202611127645568,0.13333333333333333,,1.0,1.0,28.0,0.07142857142857142,0.37677298390018826,0.8942990239574091,0.034907829092857626
balanced_catboost,B6_deficiency,no_copper,development_oof,0.14655702629063003,672,0.9791666666666666,0.8279569892473118,0.06203317404977424,0.6666666666666666,,1.0,1.0,28.0,0.5,0.8503936328098911,0.9803682342502219,0.01648005116499715
balanced_catboost,B6_deficiency,no_hemoglobin,development_oof,0.23319021634006135,672,0.9776785714285714,0.8113172229189675,0.06927430547438007,0.6341463414634146,,1.0,1.0,28.0,0.4642857142857143,0.8176067932890837,0.9645075421472937,0.017460424985299944
balanced_catboost,B6_deficiency,no_demographics,development_oof,0.160073679180682,672,0.9717261904761905,0.735974689302922,0.07781221538036183,0.4864864864864865,,1.0,1.0,28.0,0.32142857142857145,0.7771575681245717,0.9648402839396628,0.020251858187032706
balanced_catboost,copper_deficiency,available,development_oof,0.16410395843042122,672,0.9851190476190477,0.8919753086419753,0.03621527876948672,0.7916666666666666,,0.95,0.9984472049689441,28.0,0.6785714285714286,0.9463342784923354,0.9961180124223602,0.010320578727290223
balanced_catboost,copper_deficiency,drop30,development_oof,0.08123278545081884,672,0.9851190476190477,0.8874522677028205,0.0568207230330155,0.782608695652174,,1.0,1.0,28.0,0.6428571428571429,0.8698736893606457,0.9667258207630879,0.01329913408966304
balanced_catboost,copper_deficiency,drop60,development_oof,0.3061278911080886,672,0.96875,0.7081825513348083,0.11559593586180403,0.43243243243243246,,0.8888888888888888,0.9984472049689441,28.0,0.2857142857142857,0.48717441383972726,0.8698979591836735,0.027889392430923636
balanced_catboost,copper_deficiency,cbc_only,development_oof,0.21189138534559035,672,0.9568452380952381,0.5970139994623544,0.13229584693178675,0.21621621621621623,,0.4444444444444444,0.9922360248447205,28.0,0.14285714285714285,0.25934043185309597,0.8817657497781721,0.036075947108279695
balanced_catboost,copper_deficiency,hb_only,development_oof,0.0,672,0.9538690476190477,0.4881949733434882,0.19781525873709038,0.0,,0.0,0.9953416149068323,28.0,0.0,0.05267627587475809,0.6039818101153505,0.0487950393835886
balanced_catboost,copper_deficiency,no_iron,development_oof,0.17442253902575727,672,0.9866071428571429,0.9046883618312189,0.037322286589954956,0.8163265306122449,,0.9523809523809523,0.9984472049689441,28.0,0.7142857142857143,0.9299603822932664,0.9930678793256432,0.009531561359521908
balanced_catboost,copper_deficiency,no_B12,development_oof,0.10350849614700637,672,0.9851190476190477,0.8961360123647605,0.03578225110023204,0.8,,0.9090909090909091,0.9968944099378882,28.0,0.7142857142857143,0.9403334289162807,0.9963952972493345,0.009973780701609945
balanced_catboost,copper_deficiency,no_folate,development_oof,0.16410395843042122,672,0.9851190476190477,0.8919753086419753,0.036340983047616314,0.7916666666666666,,0.95,0.9984472049689441,28.0,0.6785714285714286,0.9358358350282722,0.9951752440106477,0.00993870592389107
balanced_catboost,copper_deficiency,no_B6,development_oof,0.16410395843042122,672,0.9851190476190477,0.8919753086419753,0.03612049014520906,0.7916666666666666,,0.95,0.9984472049689441,28.0,0.6785714285714286,0.945811547511858,0.9961180124223603,0.010260544382962731
balanced_catboost,copper_deficiency,no_copper,development_oof,0.14907119849998599,672,0.9598214285714286,0.5242165989248722,0.1587776112708519,0.06896551724137931,,1.0,1.0,28.0,0.03571428571428571,0.38515108191843894,0.9067768411712511,0.03628937297461636
balanced_catboost,copper_deficiency,no_hemoglobin,development_oof,0.16407317929031667,672,0.9851190476190477,0.8874522677028205,0.03849102129944605,0.782608695652174,,1.0,1.0,28.0,0.6428571428571429,0.9541565035104951,0.9949534161490684,0.010970636580369253
balanced_catboost,copper_deficiency,no_demographics,development_oof,0.11663408526641811,672,0.9836309523809523,0.8879031891178746,0.03922206726732673,0.7843137254901961,,0.8695652173913043,0.9953416149068323,28.0,0.7142857142857143,0.917009918467194,0.9950643300798581,0.011045233624372573
balanced_catboost,inflammation_anemia,available,development_oof,0.03850223691771455,672,0.9940476190476191,0.9791563275434243,0.019344605980292702,0.9615384615384616,,0.9615384615384616,0.9967741935483871,52.0,0.9615384615384616,0.992809988518944,0.9992555831265508,0.00494861553510748
balanced_catboost,inflammation_anemia,drop30,development_oof,0.08757050460789549,672,0.9866071428571429,0.9509309967141293,0.04603571456981585,0.9090909090909091,,0.9574468085106383,0.9967741935483871,52.0,0.8653846153846154,0.9602587528968097,0.994789081885856,0.012019849240496363
balanced_catboost,inflammation_anemia,drop60,development_oof,0.10807622026278124,672,0.96875,0.8709571228705456,0.09595038563143568,0.7586206896551724,,0.9428571428571428,0.9967741935483871,52.0,0.6346153846153846,0.8590864597754829,0.9701612903225806,0.025735197561056265
balanced_catboost,inflammation_anemia,cbc_only,development_oof,0.12006678597651767,672,0.9404761904761905,0.7756410256410257,0.1418092040039774,0.5833333333333334,,0.6363636363636364,0.9741935483870968,52.0,0.5384615384615384,0.6149993372510134,0.9520781637717122,0.042706478199378145
balanced_catboost,inflammation_anemia,hb_only,development_oof,0.0,672,0.9226190476190477,0.47987616099071206,0.2541103403765979,0.0,,0.0,1.0,52.0,0.0,0.13878156775293798,0.7257754342431761,0.07066518871937474
balanced_catboost,inflammation_anemia,no_iron,development_oof,0.058555205296790244,672,0.9836309523809523,0.94317998385795,0.04754160402775792,0.8952380952380953,,0.8867924528301887,0.9903225806451613,52.0,0.9038461538461539,0.9570915506156351,0.9944168734491314,0.012774083436172463
balanced_catboost,inflammation_anemia,no_B12,development_oof,0.03850223691771455,672,0.9940476190476191,0.9791563275434243,0.020413726284530007,0.9615384615384616,,0.9615384615384616,0.9967741935483871,52.0,0.9615384615384616,0.9913557343924195,0.9990694789081885,0.0053151139820826025
balanced_catboost,inflammation_anemia,no_folate,development_oof,0.03850223691771455,672,0.9940476190476191,0.9791563275434243,0.019685339818350172,0.9615384615384616,,0.9615384615384616,0.9967741935483871,52.0,0.9615384615384616,0.992809988518944,0.9992555831265508,0.005045939131625453
balanced_catboost,inflammation_anemia,no_B6,development_oof,0.03233219216363551,672,0.9925595238095238,0.9741727199354318,0.0200508276192036,0.9523809523809523,,0.9433962264150944,0.9951612903225806,52.0,0.9615384615384616,0.992809988518944,0.9992555831265508,0.005257582152652156
balanced_catboost,inflammation_anemia,no_copper,development_oof,0.03850223691771455,672,0.9940476190476191,0.9791563275434243,0.019287955346082145,0.9615384615384616,,0.9615384615384616,0.9967741935483871,52.0,0.9615384615384616,0.9930870419739635,0.9992866004962779,0.004931444237086755
balanced_catboost,inflammation_anemia,no_hemoglobin,development_oof,0.02751190275701776,672,0.9970238095238095,0.9893909254523066,0.019805176699628262,0.9803921568627451,,1.0,1.0,52.0,0.9615384615384616,0.9918121094591683,0.9991315136476427,0.004159860782393289
balanced_catboost,inflammation_anemia,no_demographics,development_oof,0.021963811829781122,672,0.9940476190476191,0.9791563275434243,0.022010837404439626,0.9615384615384616,,0.9615384615384616,0.9967741935483871,52.0,0.9615384615384616,0.9919028340080971,0.9990694789081886,0.004682001020900618
augmented_trees,anemia_class,available,development_oof,0.022130150841696436,672,0.8720238095238095,0.8595099530192036,0.5940506574906022,0.8595099530192036,0.2689608212656183,,,,,,,
augmented_trees,anemia_class,drop30,development_oof,0.024607019724680997,672,0.7619047619047619,0.7388912656265666,0.9871471450124722,0.7388912656265666,0.44189959551622476,,,,,,,
augmented_trees,anemia_class,drop60,development_oof,0.0589413435358462,672,0.5729166666666666,0.5308443982997937,1.4703289728077893,0.5308443982997937,0.6279140025754227,,,,,,,
augmented_trees,anemia_class,cbc_only,development_oof,0.016215126824132793,672,0.5297619047619048,0.4322071908347327,1.2649583386268735,0.4322071908347327,0.5991426764227453,,,,,,,
augmented_trees,anemia_class,hb_only,development_oof,0.007076632066451531,672,0.22172619047619047,0.06913147389431663,1.9458784566201508,0.06913147389431663,0.821594850884635,,,,,,,
augmented_trees,anemia_class,no_iron,development_oof,0.06134592958397157,672,0.7931547619047619,0.788233663822851,0.7943466341913964,0.788233663822851,0.37177874268968647,,,,,,,
augmented_trees,anemia_class,no_B12,development_oof,0.03131717660429631,672,0.7931547619047619,0.7579854499021872,0.7022435495139774,0.7579854499021872,0.3330078111520801,,,,,,,
augmented_trees,anemia_class,no_folate,development_oof,0.04400069616565402,672,0.7916666666666666,0.750475178773239,0.7174546714562157,0.750475178773239,0.3417547981816698,,,,,,,
augmented_trees,anemia_class,no_B6,development_oof,0.02018601325985597,672,0.8467261904761905,0.8030037599489966,0.6401839679199091,0.8030037599489966,0.2875240064880829,,,,,,,
augmented_trees,anemia_class,no_copper,development_oof,0.02202748293785137,672,0.84375,0.7796946330163129,0.6629591395446842,0.7796946330163129,0.29248678120898075,,,,,,,
augmented_trees,anemia_class,no_hemoglobin,development_oof,0.026701197570378716,672,0.84375,0.8227571574683706,0.8639858711152106,0.8227571574683706,0.38376757641005904,,,,,,,
augmented_trees,anemia_class,no_demographics,development_oof,0.027777598060324735,672,0.8482142857142857,0.8259571840341291,0.7742837131019012,0.8259571840341291,0.3448948770261877,,,,,,,
augmented_trees,iron_deficiency,available,development_oof,0.012897909230423343,672,0.9925595238095238,0.9917627475159536,0.07551425882107668,0.9892008639308856,,0.9956521739130435,0.9977220956719818,233.0,0.9828326180257511,0.9988554670966121,0.9993058746468271,0.013340577540870374
augmented_trees,iron_deficiency,drop30,development_oof,0.01766379034332346,672,0.9747023809523809,0.971757376481786,0.1288026675333494,0.9626373626373627,,0.9864864864864865,0.9931662870159453,233.0,0.9399141630901288,0.9961376217689613,0.9978296362196565,0.02671232103174706
augmented_trees,iron_deficiency,drop60,development_oof,0.019322670226842767,672,0.9300595238095238,0.9191346092299815,0.2295900087451259,0.8894117647058823,,0.984375,0.9931662870159453,233.0,0.8111587982832618,0.9675143209795669,0.9747573005367252,0.06126635324785317
augmented_trees,iron_deficiency,cbc_only,development_oof,0.04381103990694062,672,0.8452380952380952,0.815967979776701,0.3793452422489376,0.7425742574257426,,0.8771929824561403,0.9521640091116174,233.0,0.6437768240343348,0.8413185201461137,0.9020696667220665,0.11827966895703813
augmented_trees,iron_deficiency,hb_only,development_oof,0.0,672,0.6532738095238095,0.3951395139513951,0.7718823218693825,0.0,,0.0,1.0,233.0,0.0,0.36944252200878114,0.5103043397499194,0.26705919742484435
augmented_trees,iron_deficiency,no_iron,development_oof,0.058096498842241155,672,0.8333333333333334,0.7932125901178126,0.384610920801718,0.7021276595744681,,0.9230769230769231,0.9749430523917996,233.0,0.5665236051502146,0.8700867823519246,0.9097245984338186,0.12075809828007748
augmented_trees,iron_deficiency,no_B12,development_oof,0.012897909230423343,672,0.9925595238095238,0.9917627475159536,0.07516197365729954,0.9892008639308856,,0.9956521739130435,0.9977220956719818,233.0,0.9828326180257511,0.9988846975991736,0.999325427473677,0.013324465798105579
augmented_trees,iron_deficiency,no_folate,development_oof,0.012897909230423343,672,0.9925595238095238,0.9917627475159536,0.07550222587611848,0.9892008639308856,,0.9956521739130435,0.9977220956719818,233.0,0.9828326180257511,0.9988018364404933,0.9992765454065522,0.013367299762461078
augmented_trees,iron_deficiency,no_B6,development_oof,0.017612074982385945,672,0.9880952380952381,0.9868605003568391,0.07804809267092191,0.9828326180257511,,0.9828326180257511,0.9908883826879271,233.0,0.9828326180257511,0.9985758691353174,0.9991396756186026,0.014520136166255214
augmented_trees,iron_deficiency,no_copper,development_oof,0.012897909230423343,672,0.9925595238095238,0.9917627475159536,0.07508829588184954,0.9892008639308856,,0.9956521739130435,0.9977220956719818,233.0,0.9828326180257511,0.9988554670966121,0.9993058746468271,0.013303848912104736
augmented_trees,iron_deficiency,no_hemoglobin,development_oof,0.012897909230423343,672,0.9925595238095238,0.9917627475159536,0.07776352825960801,0.9892008639308856,,0.9956521739130435,0.9977220956719818,233.0,0.9828326180257511,0.999038658905226,0.9994329680213516,0.01330228763697493
augmented_trees,iron_deficiency,no_demographics,development_oof,0.012897909230423343,672,0.9925595238095238,0.9917627475159536,0.07489624579551904,0.9892008639308856,,0.9956521739130435,0.9977220956719818,233.0,0.9828326180257511,0.99889939687641,0.999335203887102,0.013159927356896271
augmented_trees,B12_deficiency,available,development_oof,0.027908183379427905,672,0.9866071428571429,0.9812583087235012,0.08913795734727288,0.9712460063897763,,0.9620253164556962,0.988394584139265,155.0,0.9806451612903225,0.9894019741825512,0.9970050539714232,0.017375968176912376
augmented_trees,B12_deficiency,drop30,development_oof,0.014305846654049707,672,0.9538690476190477,0.9326816499975763,0.16715850345892594,0.8949152542372881,,0.9428571428571428,0.9845261121856866,155.0,0.8516129032258064,0.9402451311639667,0.9659699257502964,0.04101227318559316
augmented_trees,B12_deficiency,drop60,development_oof,0.04823757876708935,672,0.9107142857142857,0.8577697506737594,0.24212479693662464,0.7709923664122137,,0.9439252336448598,0.988394584139265,155.0,0.6516129032258065,0.8871916045172623,0.9321644724527361,0.06772822488268704
augmented_trees,B12_deficiency,cbc_only,development_oof,0.09928833914632071,672,0.8050595238095238,0.6400377822938432,0.4099265714480379,0.39631336405529954,,0.6935483870967742,0.9632495164410058,155.0,0.27741935483870966,0.6117278524072495,0.8465589318025831,0.13225468015268657
augmented_trees,B12_deficiency,hb_only,development_oof,0.0,672,0.7693452380952381,0.4348191757779647,0.6600373225785345,0.0,,0.0,1.0,155.0,0.0,0.24736386974970165,0.5244025706620078,0.2019530506882297
augmented_trees,B12_deficiency,no_iron,development_oof,0.027801692943168848,672,0.9821428571428571,0.9751760823523618,0.10509484768115793,0.9620253164556962,,0.9440993788819876,0.9825918762088974,155.0,0.9806451612903225,0.9899025281926804,0.9966556436014226,0.020363138298146906
augmented_trees,B12_deficiency,no_B12,development_oof,0.09032462055949629,672,0.8764880952380952,0.7845346766436301,0.31858589987807956,0.6437768240343348,,0.9615384615384616,0.9941972920696325,155.0,0.4838709677419355,0.8384658533078252,0.9034005116366133,0.09344435934258286
augmented_trees,B12_deficiency,no_folate,development_oof,0.03486606038386207,672,0.9836309523809523,0.977194687398769,0.09734128399896409,0.9650793650793651,,0.95,0.9845261121856866,155.0,0.9806451612903225,0.9838796436515987,0.9916640668871279,0.019939727401976512
augmented_trees,B12_deficiency,no_B6,development_oof,0.027908183379427905,672,0.9866071428571429,0.9812583087235012,0.08872966970214817,0.9712460063897763,,0.9620253164556962,0.988394584139265,155.0,0.9806451612903225,0.9895330429770367,0.9970300118549946,0.017305457760979377
augmented_trees,B12_deficiency,no_copper,development_oof,0.027908183379427905,672,0.9866071428571429,0.9812583087235012,0.08814960238627798,0.9712460063897763,,0.9620253164556962,0.988394584139265,155.0,0.9806451612903225,0.9894019741825512,0.9970050539714232,0.017236822244351458
augmented_trees,B12_deficiency,no_hemoglobin,development_oof,0.024573985243429748,672,0.9851190476190477,0.9792220641889803,0.0922077623772958,0.9681528662420382,,0.9559748427672956,0.9864603481624759,155.0,0.9806451612903225,0.9889984275751009,0.9968927434953516,0.01743921407487813
augmented_trees,B12_deficiency,no_demographics,development_oof,0.027908183379427905,672,0.9866071428571429,0.9812583087235012,0.08886916257485576,0.9712460063897763,,0.9620253164556962,0.988394584139265,155.0,0.9806451612903225,0.988446754939074,0.9967055593685654,0.01725430067863123
augmented_trees,folate_deficiency,available,development_oof,0.02825245410571128,672,0.9404761904761905,0.8871252204585538,0.157183802567755,0.8095238095238095,,0.9444444444444444,0.9909420289855072,120.0,0.7083333333333334,0.9198979861887834,0.9702143719806764,0.04311595005166231
augmented_trees,folate_deficiency,drop30,development_oof,0.07751388357388637,672,0.9077380952380952,0.8029921885343572,0.23834141171420944,0.6593406593406593,,0.967741935483871,0.9963768115942029,120.0,0.5,0.82086310538742,0.9154438405797102,0.06771533489280109
augmented_trees,folate_deficiency,drop60,development_oof,0.03115623162885863,672,0.8764880952380952,0.707155720533647,0.3308857751026851,0.484472049689441,,0.9512195121951219,0.9963768115942029,120.0,0.325,0.6347762027390268,0.8111714975845411,0.09851749187027505
augmented_trees,folate_deficiency,cbc_only,development_oof,0.10430382928676692,672,0.8288690476190477,0.5806722917062319,0.38554547157604446,0.25806451612903225,,0.5714285714285714,0.9728260869565217,120.0,0.16666666666666666,0.4576074268385191,0.7920591787439614,0.12181725887236644
augmented_trees,folate_deficiency,hb_only,development_oof,0.0,672,0.8214285714285714,0.45098039215686275,0.49627854044993824,0.0,,0.0,1.0,120.0,0.0,0.23155983372967492,0.5679800724637681,0.15208619759493602
augmented_trees,folate_deficiency,no_iron,development_oof,0.02756990806693675,672,0.9434523809523809,0.89192849404117,0.1568800733147401,0.8173076923076923,,0.9659090909090909,0.9945652173913043,120.0,0.7083333333333334,0.9194475034540615,0.9698369565217392,0.042906159213628024
augmented_trees,folate_deficiency,no_B12,development_oof,0.028047737102817678,672,0.9315476190476191,0.8731284475965327,0.17188262550628067,0.7870370370370371,,0.8854166666666666,0.980072463768116,120.0,0.7083333333333334,0.8988625019681552,0.9607185990338164,0.04837917058290319
augmented_trees,folate_deficiency,no_folate,development_oof,0.12173523790015175,672,0.8318452380952381,0.5347486444260638,0.3880653900072269,0.16296296296296298,,0.7333333333333333,0.9927536231884058,120.0,0.09166666666666666,0.5297188589944147,0.8055404589371982,0.11973539959889597
augmented_trees,folate_deficiency,no_B6,development_oof,0.02825245410571128,672,0.9404761904761905,0.8871252204585538,0.1553766474479731,0.8095238095238095,,0.9444444444444444,0.9909420289855072,120.0,0.7083333333333334,0.9229142324831978,0.971256038647343,0.042520535953886926
augmented_trees,folate_deficiency,no_copper,development_oof,0.02825245410571128,672,0.9404761904761905,0.8871252204585538,0.1569491560222771,0.8095238095238095,,0.9444444444444444,0.9909420289855072,120.0,0.7083333333333334,0.9180962639388454,0.9694897342995169,0.04315243520427216
augmented_trees,folate_deficiency,no_hemoglobin,development_oof,0.029831723236350086,672,0.9404761904761905,0.8871252204585538,0.16680404506412919,0.8095238095238095,,0.9444444444444444,0.9909420289855072,120.0,0.7083333333333334,0.9192714284050123,0.9714221014492753,0.044962929362970486
augmented_trees,folate_deficiency,no_demographics,development_oof,0.048860250426837636,672,0.9419642857142857,0.8895179478532134,0.1617469009613924,0.8133971291866029,,0.9550561797752809,0.9927536231884058,120.0,0.7083333333333334,0.9148988213333992,0.9694595410628021,0.04454202089702227
augmented_trees,B6_deficiency,available,development_oof,0.10632866557973414,672,0.9895833333333334,0.9312511874662028,0.05560426723158951,0.8679245283018868,,0.92,0.9968944099378882,28.0,0.8214285714285714,0.8747956721636138,0.9492014196983142,0.010218158149591714
augmented_trees,B6_deficiency,drop30,development_oof,0.15652475842498528,672,0.9791666666666666,0.8355244755244755,0.09333890586702225,0.6818181818181818,,0.9375,0.9984472049689441,28.0,0.5357142857142857,0.6500360954356905,0.9043921916592724,0.020948465637951077
augmented_trees,B6_deficiency,drop60,development_oof,0.25676780408653166,672,0.9672619047619048,0.7021036511646651,0.13066881352719703,0.42105263157894735,,0.8,0.9968944099378882,28.0,0.2857142857142857,0.44493931172932794,0.7934782608695652,0.029094691351638065
augmented_trees,B6_deficiency,cbc_only,development_oof,0.15649215928719032,672,0.9613095238095238,0.5567732115677321,0.13552802655171267,0.13333333333333333,,1.0,1.0,28.0,0.07142857142857142,0.3008845896870766,0.8328527062999111,0.03430867591417764
augmented_trees,B6_deficiency,hb_only,development_oof,0.0,672,0.9583333333333334,0.48936170212765956,0.21344225312634454,0.0,,0.0,1.0,28.0,0.0,0.04550597567946199,0.5394021739130435,0.04105135705234136
augmented_trees,B6_deficiency,no_iron,development_oof,0.11814296175526015,672,0.9866071428571429,0.914690739826504,0.06538978090450633,0.8363636363636363,,0.8518518518518519,0.9937888198757764,28.0,0.8214285714285714,0.8689883486400362,0.9509760425909495,0.012227060758040934
augmented_trees,B6_deficiency,no_B12,development_oof,0.10632866557973414,672,0.9895833333333334,0.9312511874662028,0.0532206982525927,0.8679245283018868,,0.92,0.9968944099378882,28.0,0.8214285714285714,0.8780374064983263,0.9492014196983142,0.009856727031865133
augmented_trees,B6_deficiency,no_folate,development_oof,0.08489176385402726,672,0.9910714285714286,0.9399857108835437,0.054770992477829884,0.8846153846153846,,0.9583333333333334,0.9984472049689441,28.0,0.8214285714285714,0.8769657616725296,0.9521683673469388,0.010166694085750898
augmented_trees,B6_deficiency,no_B6,development_oof,0.15649215928719032,672,0.9613095238095238,0.5567732115677321,0.13189092087111653,0.13333333333333333,,1.0,1.0,28.0,0.07142857142857142,0.4041727966187011,0.8653782165039929,0.03319898438074751
augmented_trees,B6_deficiency,no_copper,development_oof,0.10632866557973414,672,0.9895833333333334,0.9312511874662028,0.05488660798607814,0.8679245283018868,,0.92,0.9968944099378882,28.0,0.8214285714285714,0.8760639834316633,0.9506433007985804,0.010148351275635785
augmented_trees,B6_deficiency,no_hemoglobin,development_oof,0.12781989165056065,672,0.9895833333333334,0.9286656658022838,0.10423510093201871,0.8627450980392157,,0.9565217391304348,0.9984472049689441,28.0,0.7857142857142857,0.8705244235198151,0.9427406832298136,0.011048631785239451
augmented_trees,B6_deficiency,no_demographics,development_oof,0.12781989165056065,672,0.9895833333333334,0.9286656658022838,0.05540974268755884,0.8627450980392157,,0.9565217391304348,0.9984472049689441,28.0,0.7857142857142857,0.8723114135252835,0.9516415261756878,0.010396209915465941
augmented_trees,copper_deficiency,available,development_oof,0.07074313654502273,672,0.9940476190476191,0.9614125753660637,0.027859085949970535,0.9259259259259259,,0.9615384615384616,0.9984472049689441,28.0,0.8928571428571429,0.9859410430839002,0.9992790594498668,0.005110418457830734
augmented_trees,copper_deficiency,drop30,development_oof,0.053020201058017725,672,0.9895833333333334,0.9258687258687259,0.04943468046190938,0.8571428571428571,,1.0,1.0,28.0,0.75,0.9117876672093065,0.9759316770186336,0.009731042794170534
augmented_trees,copper_deficiency,drop60,development_oof,0.2616882221720778,672,0.9776785714285714,0.8113172229189675,0.11310943614744741,0.6341463414634146,,1.0,1.0,28.0,0.4642857142857143,0.5770143622278714,0.8125554569653949,0.023016684176631236
augmented_trees,copper_deficiency,cbc_only,development_oof,0.0,672,0.9583333333333334,0.48936170212765956,0.12820806462083306,0.0,,0.0,1.0,28.0,0.0,0.23150791350078573,0.8925798580301686,0.03572903259361763
augmented_trees,copper_deficiency,hb_only,development_oof,0.0,672,0.9583333333333334,0.48936170212765956,0.21493007236530545,0.0,,0.0,1.0,28.0,0.0,0.047444282059222354,0.49243012422360244,0.04104349450631696
augmented_trees,copper_deficiency,no_iron,development_oof,0.07074313654502273,672,0.9940476190476191,0.9614125753660637,0.03818602704417225,0.9259259259259259,,0.9615384615384616,0.9984472049689441,28.0,0.8928571428571429,0.9878430682617874,0.9993899733806566,0.005959055517480473
augmented_trees,copper_deficiency,no_B12,development_oof,0.07074313654502273,672,0.9940476190476191,0.9614125753660637,0.02798890128098817,0.9259259259259259,,0.9615384615384616,0.9984472049689441,28.0,0.8928571428571429,0.9842716396903589,0.9991126885536823,0.005287546598696236
augmented_trees,copper_deficiency,no_folate,development_oof,0.047583289052318886,672,0.9955357142857143,0.971563579942168,0.026728479481761533,0.9454545454545454,,0.9629629629629629,0.9984472049689441,28.0,0.9285714285714286,0.9864185614185614,0.9992790594498668,0.004968752251727847
augmented_trees,copper_deficiency,no_B6,development_oof,0.07074313654502273,672,0.9940476190476191,0.9614125753660637,0.027619849731874056,0.9259259259259259,,0.9615384615384616,0.9984472049689441,28.0,0.8928571428571429,0.9859410430839002,0.9992790594498668,0.0050875741117213215
augmented_trees,copper_deficiency,no_copper,development_oof,0.0,672,0.9583333333333334,0.48936170212765956,0.16920060760758995,0.0,,0.0,1.0,28.0,0.0,0.24106347193438646,0.826530612244898,0.0386232855556759
augmented_trees,copper_deficiency,no_hemoglobin,development_oof,0.07074313654502273,672,0.9940476190476191,0.9614125753660637,0.02955282424942965,0.9259259259259259,,0.9615384615384616,0.9984472049689441,28.0,0.8928571428571429,0.9875269358027978,0.9993345164152617,0.005170691519920621
augmented_trees,copper_deficiency,no_demographics,development_oof,0.07074313654502273,672,0.9940476190476191,0.9614125753660637,0.02732537010798049,0.9259259259259259,,0.9615384615384616,0.9984472049689441,28.0,0.8928571428571429,0.9862986667173859,0.9992790594498668,0.004909933004224321
augmented_trees,inflammation_anemia,available,development_oof,0.04572971520916806,672,0.9940476190476191,0.9783922829581994,0.027353770544160744,0.96,,1.0,1.0,52.0,0.9230769230769231,0.9974358974358976,0.9997518610421836,0.005029310226752626
augmented_trees,inflammation_anemia,drop30,development_oof,0.07310692329204359,672,0.9880952380952381,0.9559734005961935,0.05272469286503768,0.9183673469387755,,0.9782608695652174,0.9983870967741936,52.0,0.8653846153846154,0.9609629531756768,0.9946029776674938,0.011941268744265598
augmented_trees,inflammation_anemia,drop60,development_oof,0.17113227995240068,672,0.9657738095238095,0.8555716488342755,0.1014008750147686,0.7294117647058823,,0.9393939393939394,0.9967741935483871,52.0,0.5961538461538461,0.8440960197337993,0.9705955334987594,0.026813042265058422
augmented_trees,inflammation_anemia,cbc_only,development_oof,0.08969901717564868,672,0.9226190476190477,0.5315064085375664,0.17262616327087507,0.10344827586206896,,0.5,0.9951612903225806,52.0,0.057692307692307696,0.49118150879502803,0.919727047146402,0.05247103341948838
augmented_trees,inflammation_anemia,hb_only,development_oof,0.0,672,0.9226190476190477,0.47987616099071206,0.3018496919202793,0.0,,0.0,1.0,52.0,0.0,0.12391768263349243,0.6805521091811414,0.0739308190169483
augmented_trees,inflammation_anemia,no_iron,development_oof,0.07483753034844197,672,0.9910714285714286,0.9669800504471452,0.04403785396748824,0.9387755102040817,,1.0,1.0,52.0,0.8846153846153846,0.9640810170557468,0.9922456575682381,0.00950063467272854
augmented_trees,inflammation_anemia,no_B12,development_oof,0.04572971520916806,672,0.9940476190476191,0.9783922829581994,0.027415730129313462,0.96,,1.0,1.0,52.0,0.9230769230769231,0.9974358974358976,0.9997518610421836,0.005052965151699153
augmented_trees,inflammation_anemia,no_folate,development_oof,0.04572971520916806,672,0.9940476190476191,0.9783922829581994,0.027252198891663585,0.96,,1.0,1.0,52.0,0.9230769230769231,0.9974358974358976,0.9997518610421836,0.005034520267051607
augmented_trees,inflammation_anemia,no_B6,development_oof,0.04572971520916806,672,0.9940476190476191,0.9783922829581994,0.0273396825018447,0.96,,1.0,1.0,52.0,0.9230769230769231,0.9974358974358977,0.9997518610421836,0.005032190745680512
augmented_trees,inflammation_anemia,no_copper,development_oof,0.04572971520916806,672,0.9940476190476191,0.9783922829581994,0.026917119516338864,0.96,,1.0,1.0,52.0,0.9230769230769231,0.9974358974358976,0.9997518610421836,0.0049736810062955316
augmented_trees,inflammation_anemia,no_hemoglobin,development_oof,0.04572971520916806,672,0.9940476190476191,0.9783922829581994,0.03830436158818238,0.96,,1.0,1.0,52.0,0.9230769230769231,0.9967928509069748,0.9996898263027295,0.006000421740582182
augmented_trees,inflammation_anemia,no_demographics,development_oof,0.04572971520916806,672,0.9940476190476191,0.9783922829581994,0.03699398694437167,0.96,,1.0,1.0,52.0,0.9230769230769231,0.9965284405420884,0.9996588089330025,0.0058691182777367784
panel_expert,anemia_class,available,development_oof,0.03469126040011238,672,0.8229166666666666,0.7962420210049794,0.6153608020820679,0.7962420210049794,0.2942491055695006,,,,,,,
panel_expert,anemia_class,drop30,development_oof,0.03714912835428325,672,0.6964285714285714,0.6616335737733433,0.9997393036004699,0.6616335737733433,0.46249024182290505,,,,,,,
panel_expert,anemia_class,drop60,development_oof,0.04250328230808594,672,0.5193452380952381,0.47850117744919224,1.4938310190442163,0.47850117744919224,0.6410742731310737,,,,,,,
panel_expert,anemia_class,cbc_only,development_oof,0.034701254301119366,672,0.5520833333333334,0.44607725797991066,1.2291192404080087,0.44607725797991066,0.5866517709853303,,,,,,,
panel_expert,anemia_class,hb_only,development_oof,0.01189736737304332,672,0.2619047619047619,0.09137023084893862,1.985236798355288,0.09137023084893862,0.8179030141490884,,,,,,,
panel_expert,anemia_class,no_iron,development_oof,0.06284937939900648,672,0.7544642857142857,0.7409413670335782,0.8161502660860085,0.7409413670335782,0.3923709049752989,,,,,,,
panel_expert,anemia_class,no_B12,development_oof,0.04587812612920639,672,0.7529761904761905,0.7138935815705655,0.7153191689412863,0.7138935815705655,0.3508281121707129,,,,,,,
panel_expert,anemia_class,no_folate,development_oof,0.038161791379855786,672,0.7738095238095238,0.7346088972311876,0.6965936258398037,0.7346088972311876,0.33819781567762697,,,,,,,
panel_expert,anemia_class,no_B6,development_oof,0.035720922330204644,672,0.8080357142857143,0.7549065974957219,0.652639210328895,0.7549065974957219,0.3098262039746326,,,,,,,
panel_expert,anemia_class,no_copper,development_oof,0.019236524333125435,672,0.7946428571428571,0.7193196140340935,0.671321820149478,0.7193196140340935,0.3160564087840306,,,,,,,
panel_expert,anemia_class,no_hemoglobin,development_oof,0.04218779853372604,672,0.7886904761904762,0.7618777993558337,0.8192146969681913,0.7618777993558337,0.37808683515961927,,,,,,,
panel_expert,anemia_class,no_demographics,development_oof,0.03070289839369407,672,0.7886904761904762,0.7612770178748917,0.7462453567185854,0.7612770178748917,0.34605115606636466,,,,,,,
panel_expert,iron_deficiency,available,development_oof,0.020090219433940345,672,0.9836309523809523,0.9819872068230278,0.05514465184530301,0.976545842217484,,0.9703389830508474,0.9840546697038725,233.0,0.9828326180257511,0.9965942607840289,0.9977416484988317,0.013528612950914187
panel_expert,iron_deficiency,drop30,development_oof,0.01779435228308407,672,0.9717261904761905,0.9686338478319081,0.0979347734056901,0.9587852494577006,,0.9692982456140351,0.9840546697038725,233.0,0.9484978540772532,0.9908959602733796,0.9943394566269419,0.023881055479205132
panel_expert,iron_deficiency,drop60,development_oof,0.04043424128947504,672,0.9151785714285714,0.9026589377971705,0.21876417319308783,0.8677494199535963,,0.9444444444444444,0.9749430523917996,233.0,0.8025751072961373,0.9560976290245051,0.9696931183825901,0.06340925008523104
panel_expert,iron_deficiency,cbc_only,development_oof,0.04702932697688664,672,0.8452380952380952,0.8234652224871681,0.3797689010169454,0.7614678899082569,,0.8177339901477833,0.9157175398633257,233.0,0.7124463519313304,0.8329671155770964,0.898833673878401,0.11714032114115722
panel_expert,iron_deficiency,hb_only,development_oof,0.0,672,0.6517857142857143,0.3945945945945946,0.6924723415325924,0.0,,0.0,0.9977220956719818,233.0,0.0,0.3689427486340042,0.526220340805772,0.2426752252934602
panel_expert,iron_deficiency,no_iron,development_oof,0.045635547821800834,672,0.8452380952380952,0.8212893921261776,0.3727799868134916,0.755868544600939,,0.8341968911917098,0.9271070615034168,233.0,0.6909871244635193,0.842241755198325,0.9100276672499926,0.11531969257816398
panel_expert,iron_deficiency,no_B12,development_oof,0.020090219433940345,672,0.9836309523809523,0.9819872068230278,0.05514465184530301,0.976545842217484,,0.9703389830508474,0.9840546697038725,233.0,0.9828326180257511,0.9965942607840289,0.9977416484988317,0.013528612950914187
panel_expert,iron_deficiency,no_folate,development_oof,0.020090219433940345,672,0.9836309523809523,0.9819872068230278,0.05514465184530301,0.976545842217484,,0.9703389830508474,0.9840546697038725,233.0,0.9828326180257511,0.9965942607840289,0.9977416484988317,0.013528612950914187
panel_expert,iron_deficiency,no_B6,development_oof,0.020090219433940345,672,0.9836309523809523,0.9819872068230278,0.05514465184530301,0.976545842217484,,0.9703389830508474,0.9840546697038725,233.0,0.9828326180257511,0.9965942607840289,0.9977416484988317,0.013528612950914187
panel_expert,iron_deficiency,no_copper,development_oof,0.020090219433940345,672,0.9836309523809523,0.9819872068230278,0.05514465184530301,0.976545842217484,,0.9703389830508474,0.9840546697038725,233.0,0.9828326180257511,0.9965942607840289,0.9977416484988317,0.013528612950914187
panel_expert,iron_deficiency,no_hemoglobin,development_oof,0.015832908351511205,672,0.9880952380952381,0.9868867814073293,0.05327131056232308,0.9829059829059829,,0.9787234042553191,0.9886104783599089,233.0,0.9871244635193133,0.9972526022984796,0.9982206927566553,0.012796535037783248
panel_expert,iron_deficiency,no_demographics,development_oof,0.01927632884093024,672,0.9851190476190477,0.9836084767591617,0.0586127835605318,0.9786324786324786,,0.9744680851063829,0.9863325740318907,233.0,0.9828326180257511,0.9966641252273345,0.9978198598062316,0.014884466541850085
panel_expert,B12_deficiency,available,development_oof,0.035330144586578335,672,0.9613095238095238,0.9452439452439453,0.09955925070866786,0.9155844155844156,,0.9215686274509803,0.97678916827853,155.0,0.9096774193548387,0.9793358615509333,0.9922380982092718,0.027942620642391877
panel_expert,B12_deficiency,drop30,development_oof,0.08983985540250188,672,0.9270833333333334,0.890900054669251,0.1768290764449779,0.8280701754385965,,0.9076923076923077,0.97678916827853,155.0,0.7612903225806451,0.9314468943045722,0.9704249079678043,0.0521682884994973
panel_expert,B12_deficiency,drop60,development_oof,0.049484274448160843,672,0.8839285714285714,0.8129256070923808,0.288694994652634,0.6976744186046512,,0.8737864077669902,0.9748549323017408,155.0,0.5806451612903226,0.8324775798967431,0.9163286953266362,0.08666179451886233
panel_expert,B12_deficiency,cbc_only,development_oof,0.0762667626005636,672,0.8229166666666666,0.7120293847566574,0.40084860837201586,0.5333333333333333,,0.68,0.9381044487427466,155.0,0.43870967741935485,0.6320594641554534,0.848605478255444,0.12891863748651683
panel_expert,B12_deficiency,hb_only,development_oof,0.0,672,0.7693452380952381,0.4348191757779647,0.5727296765034324,0.0,,0.0,1.0,155.0,0.0,0.27330126476221045,0.5876271292194422,0.18513323549686211
panel_expert,B12_deficiency,no_iron,development_oof,0.035330144586578335,672,0.9613095238095238,0.9452439452439453,0.09955925070866786,0.9155844155844156,,0.9215686274509803,0.97678916827853,155.0,0.9096774193548387,0.9793358615509333,0.9922380982092718,0.027942620642391877
panel_expert,B12_deficiency,no_B12,development_oof,0.06464860925901894,672,0.8184523809523809,0.6983753237579469,0.4073655227218617,0.5080645161290323,,0.6774193548387096,0.941972920696325,155.0,0.4064516129032258,0.6283724188779756,0.8468209895800836,0.13074266146606664
panel_expert,B12_deficiency,no_folate,development_oof,0.03966314894371911,672,0.9568452380952381,0.9385032897331924,0.11604996084477474,0.9049180327868852,,0.92,0.97678916827853,155.0,0.8903225806451613,0.9702533346138905,0.9888438260435515,0.03333132964015075
panel_expert,B12_deficiency,no_B6,development_oof,0.035330144586578335,672,0.9613095238095238,0.9452439452439453,0.09955925070866786,0.9155844155844156,,0.9215686274509803,0.97678916827853,155.0,0.9096774193548387,0.9793358615509333,0.9922380982092718,0.027942620642391877
panel_expert,B12_deficiency,no_copper,development_oof,0.035330144586578335,672,0.9613095238095238,0.9452439452439453,0.09955925070866786,0.9155844155844156,,0.9215686274509803,0.97678916827853,155.0,0.9096774193548387,0.9793358615509333,0.9922380982092718,0.027942620642391877
panel_expert,B12_deficiency,no_hemoglobin,development_oof,0.03264105156132467,672,0.9657738095238095,0.9512267470297733,0.09413187188248241,0.9245901639344263,,0.94,0.9825918762088974,155.0,0.9096774193548387,0.9818120184882433,0.993510950271417,0.025872738245155416
panel_expert,B12_deficiency,no_demographics,development_oof,0.026058373424032492,672,0.9568452380952381,0.9382163000161687,0.10099240625345886,0.9042904290429042,,0.9256756756756757,0.9787234042553191,155.0,0.8838709677419355,0.9778755097914219,0.9919885193735571,0.02902106499972363
panel_expert,folate_deficiency,available,development_oof,0.04551653898974652,672,0.9315476190476191,0.8740691250998094,0.17696754413358265,0.7889908256880734,,0.8775510204081632,0.9782608695652174,120.0,0.7166666666666667,0.8905564052121001,0.9623943236714976,0.05197865515567131
panel_expert,folate_deficiency,drop30,development_oof,0.05548338660256962,672,0.90625,0.8110463948584052,0.24970195599605358,0.676923076923077,,0.88,0.9836956521739131,120.0,0.55,0.7928755797120388,0.9098580917874396,0.07292154676587921
panel_expert,folate_deficiency,drop60,development_oof,0.04876731691303489,672,0.8720238095238095,0.7188667496886675,0.328746623825459,0.5113636363636364,,0.8035714285714286,0.980072463768116,120.0,0.375,0.6523693339824673,0.8351902173913043,0.09881291830640537
panel_expert,folate_deficiency,cbc_only,development_oof,0.08134345847059805,672,0.8273809523809523,0.6094197815412365,0.4065982658919323,0.3176470588235294,,0.54,0.9583333333333334,120.0,0.225,0.44012389274577773,0.783695652173913,0.125765719606527
panel_expert,folate_deficiency,hb_only,development_oof,0.0,672,0.8214285714285714,0.45098039215686275,0.4711681762245331,0.0,,0.0,1.0,120.0,0.0,0.2500654016952537,0.6368659420289856,0.14621957244767775
panel_expert,folate_deficiency,no_iron,development_oof,0.04551653898974652,672,0.9315476190476191,0.8740691250998094,0.17696754413358265,0.7889908256880734,,0.8775510204081632,0.9782608695652174,120.0,0.7166666666666667,0.8905564052121001,0.9623943236714976,0.05197865515567131
panel_expert,folate_deficiency,no_B12,development_oof,0.04905957161160071,672,0.9300595238095238,0.8718051750380518,0.18292183652844166,0.7853881278538812,,0.8686868686868687,0.9764492753623188,120.0,0.7166666666666667,0.8845577617587235,0.959284420289855,0.05365507175820915
panel_expert,folate_deficiency,no_folate,development_oof,0.06513062439579158,672,0.8392857142857143,0.6249689954526664,0.41195346380196646,0.34146341463414637,,0.6363636363636364,0.9710144927536232,120.0,0.23333333333333334,0.43629134833195776,0.7883303140096618,0.12710683261101405
panel_expert,folate_deficiency,no_B6,development_oof,0.04551653898974652,672,0.9315476190476191,0.8740691250998094,0.17696754413358265,0.7889908256880734,,0.8775510204081632,0.9782608695652174,120.0,0.7166666666666667,0.8905564052121001,0.9623943236714976,0.05197865515567131
panel_expert,folate_deficiency,no_copper,development_oof,0.04551653898974652,672,0.9315476190476191,0.8740691250998094,0.17696754413358265,0.7889908256880734,,0.8775510204081632,0.9782608695652174,120.0,0.7166666666666667,0.8905564052121001,0.9623943236714976,0.05197865515567131
panel_expert,folate_deficiency,no_hemoglobin,development_oof,0.04747058963785809,672,0.9285714285714286,0.8695567777418312,0.17513231213394134,0.7818181818181819,,0.86,0.9746376811594203,120.0,0.7166666666666667,0.8945859895829361,0.9632397342995169,0.05077672636860507
panel_expert,folate_deficiency,no_demographics,development_oof,0.07335802281833352,672,0.9270833333333334,0.8554870421978891,0.21062601101038977,0.7537688442211056,,0.9493670886075949,0.9927536231884058,120.0,0.625,0.868984787147093,0.948112922705314,0.060051083368084554
panel_expert,B6_deficiency,available,development_oof,0.16866720988696035,672,0.9836309523809523,0.8735437516037978,0.06118357853240024,0.7555555555555555,,1.0,1.0,28.0,0.6071428571428571,0.8510695976103837,0.9565217391304348,0.013897466079221002
panel_expert,B6_deficiency,drop30,development_oof,0.17848816400915224,672,0.9806547619047619,0.843841052499866,0.10196838839764241,0.6976744186046512,,1.0,1.0,28.0,0.5357142857142857,0.6145454820475438,0.8835403726708074,0.021588187730329805
panel_expert,B6_deficiency,drop60,development_oof,0.2743782912550083,672,0.9702380952380952,0.7145769622833843,0.1379154679092301,0.4444444444444444,,1.0,1.0,28.0,0.2857142857142857,0.36918342767917883,0.7905944986690329,0.029942862240767556
panel_expert,B6_deficiency,cbc_only,development_oof,0.12777531299998798,672,0.9583333333333334,0.5226788432267885,0.15857543489569506,0.06666666666666667,,0.5,0.9984472049689441,28.0,0.03571428571428571,0.2260753720032198,0.8384538598047915,0.0373022279224249
panel_expert,B6_deficiency,hb_only,development_oof,0.0,672,0.9583333333333334,0.48936170212765956,0.18660189204842711,0.0,,0.0,1.0,28.0,0.0,0.04240458730846414,0.5243733362910382,0.041111171250505
panel_expert,B6_deficiency,no_iron,development_oof,0.16866720988696035,672,0.9836309523809523,0.8735437516037978,0.06118357853240024,0.7555555555555555,,1.0,1.0,28.0,0.6071428571428571,0.8510695976103837,0.9565217391304348,0.013897466079221002
panel_expert,B6_deficiency,no_B12,development_oof,0.16866720988696035,672,0.9836309523809523,0.8735437516037978,0.06118357853240024,0.7555555555555555,,1.0,1.0,28.0,0.6071428571428571,0.8510695976103837,0.9565217391304348,0.013897466079221002
panel_expert,B6_deficiency,no_folate,development_oof,0.16866720988696035,672,0.9836309523809523,0.8735437516037978,0.06118357853240024,0.7555555555555555,,1.0,1.0,28.0,0.6071428571428571,0.8510695976103837,0.9565217391304348,0.013897466079221002
panel_expert,B6_deficiency,no_B6,development_oof,0.12777531299998798,672,0.9583333333333334,0.5226788432267885,0.16799808436474567,0.06666666666666667,,0.5,0.9984472049689441,28.0,0.03571428571428571,0.25464445226572435,0.8350155279503106,0.037053342073031174
panel_expert,B6_deficiency,no_copper,development_oof,0.16866720988696035,672,0.9836309523809523,0.8735437516037978,0.06118357853240024,0.7555555555555555,,1.0,1.0,28.0,0.6071428571428571,0.8510695976103837,0.9565217391304348,0.013897466079221002
panel_expert,B6_deficiency,no_hemoglobin,development_oof,0.16866720988696035,672,0.9836309523809523,0.8735437516037978,0.06668916422607993,0.7555555555555555,,1.0,1.0,28.0,0.6071428571428571,0.8262595378777288,0.9353926353149956,0.014588694728829536
panel_expert,B6_deficiency,no_demographics,development_oof,0.14889784864013395,672,0.9821428571428571,0.8590209790209791,0.07259723180875413,0.7272727272727273,,1.0,1.0,28.0,0.5714285714285714,0.7824715330218638,0.949645075421473,0.0164474965126433
panel_expert,copper_deficiency,available,development_oof,0.12606772836652677,672,0.9895833333333334,0.9258687258687259,0.031644294487514546,0.8571428571428571,,1.0,1.0,28.0,0.75,0.9732223153190894,0.9986690328305234,0.008724680059075618
panel_expert,copper_deficiency,drop30,development_oof,0.17151443766136198,672,0.9866071428571429,0.9007857740448497,0.054808221142596966,0.8085106382978723,,1.0,1.0,28.0,0.6785714285714286,0.8734680517614217,0.9651730257320319,0.012270141776040437
panel_expert,copper_deficiency,drop60,development_oof,0.26890008597214626,672,0.9672619047619048,0.6680736416704086,0.12143642667483848,0.35294117647058826,,1.0,1.0,28.0,0.21428571428571427,0.5438145587422105,0.8417812777284827,0.028284949021552715
panel_expert,copper_deficiency,cbc_only,development_oof,0.0,672,0.9583333333333334,0.48936170212765956,0.15478943774526846,0.0,,0.0,1.0,28.0,0.0,0.24907376721936156,0.8782165039929015,0.037742782865020245
panel_expert,copper_deficiency,hb_only,development_oof,0.0,672,0.9583333333333334,0.48936170212765956,0.1911388005141651,0.0,,0.0,1.0,28.0,0.0,0.044715360576953925,0.5263975155279503,0.04096636259546918
panel_expert,copper_deficiency,no_iron,development_oof,0.12606772836652677,672,0.9895833333333334,0.9258687258687259,0.031644294487514546,0.8571428571428571,,1.0,1.0,28.0,0.75,0.9732223153190894,0.9986690328305234,0.008724680059075618
panel_expert,copper_deficiency,no_B12,development_oof,0.12606772836652677,672,0.9895833333333334,0.9258687258687259,0.031644294487514546,0.8571428571428571,,1.0,1.0,28.0,0.75,0.9732223153190894,0.9986690328305234,0.008724680059075618
panel_expert,copper_deficiency,no_folate,development_oof,0.12606772836652677,672,0.9895833333333334,0.9258687258687259,0.031644294487514546,0.8571428571428571,,1.0,1.0,28.0,0.75,0.9732223153190894,0.9986690328305234,0.008724680059075618
panel_expert,copper_deficiency,no_B6,development_oof,0.12606772836652677,672,0.9895833333333334,0.9258687258687259,0.031644294487514546,0.8571428571428571,,1.0,1.0,28.0,0.75,0.9732223153190894,0.9986690328305234,0.008724680059075618
panel_expert,copper_deficiency,no_copper,development_oof,0.0,672,0.9583333333333334,0.48936170212765956,0.17630525816606057,0.0,,0.0,1.0,28.0,0.0,0.1823761591214082,0.8674023957409049,0.0394412570285388
panel_expert,copper_deficiency,no_hemoglobin,development_oof,0.11730334821521397,672,0.9851190476190477,0.8874522677028205,0.03611663338661592,0.782608695652174,,1.0,1.0,28.0,0.6428571428571429,0.9726804382147124,0.998502661934339,0.010337775124166748
panel_expert,copper_deficiency,no_demographics,development_oof,0.10248917114017411,672,0.9880952380952381,0.919980947844725,0.037723274468790736,0.8461538461538461,,0.9166666666666666,0.9968944099378882,28.0,0.7857142857142857,0.9352861104856222,0.9956743566992015,0.009293625495273754
panel_expert,inflammation_anemia,available,development_oof,0.04852556894819555,672,0.9836309523809523,0.94317998385795,0.04362834466237788,0.8952380952380953,,0.8867924528301887,0.9903225806451613,52.0,0.9038461538461539,0.9611497366834922,0.9935483870967742,0.011374273855328222
panel_expert,inflammation_anemia,drop30,development_oof,0.18479378195621476,672,0.96875,0.881066958830222,0.08257455691886302,0.7789473684210526,,0.8604651162790697,0.9903225806451613,52.0,0.7115384615384616,0.8846715459912345,0.9802419354838711,0.02316819324754568
panel_expert,inflammation_anemia,drop60,development_oof,0.16658128428777733,672,0.9627976190476191,0.8430126617763865,0.13605535755004863,0.7058823529411765,,0.9090909090909091,0.9951612903225806,52.0,0.5769230769230769,0.7422638787617035,0.9080645161290323,0.032507875248378316
panel_expert,inflammation_anemia,cbc_only,development_oof,0.08801759033644733,672,0.9315476190476191,0.686960748572123,0.15619762826398148,0.41025641025641024,,0.6153846153846154,0.9838709677419355,52.0,0.3076923076923077,0.5846476663073383,0.9493486352357321,0.046591025885383136
panel_expert,inflammation_anemia,hb_only,development_oof,0.0,672,0.9226190476190477,0.47987616099071206,0.2673861967619935,0.0,,0.0,1.0,52.0,0.0,0.13615972427002968,0.7260856079404466,0.07213835948229683
panel_expert,inflammation_anemia,no_iron,development_oof,0.04852556894819555,672,0.9836309523809523,0.94317998385795,0.04362834466237788,0.8952380952380953,,0.8867924528301887,0.9903225806451613,52.0,0.9038461538461539,0.9611497366834922,0.9935483870967742,0.011374273855328222
panel_expert,inflammation_anemia,no_B12,development_oof,0.04852556894819555,672,0.9836309523809523,0.94317998385795,0.04362834466237788,0.8952380952380953,,0.8867924528301887,0.9903225806451613,52.0,0.9038461538461539,0.9611497366834922,0.9935483870967742,0.011374273855328222
panel_expert,inflammation_anemia,no_folate,development_oof,0.04852556894819555,672,0.9836309523809523,0.94317998385795,0.04362834466237788,0.8952380952380953,,0.8867924528301887,0.9903225806451613,52.0,0.9038461538461539,0.9611497366834922,0.9935483870967742,0.011374273855328222
panel_expert,inflammation_anemia,no_B6,development_oof,0.04852556894819555,672,0.9836309523809523,0.94317998385795,0.04362834466237788,0.8952380952380953,,0.8867924528301887,0.9903225806451613,52.0,0.9038461538461539,0.9611497366834922,0.9935483870967742,0.011374273855328222
panel_expert,inflammation_anemia,no_copper,development_oof,0.04852556894819555,672,0.9836309523809523,0.94317998385795,0.04362834466237788,0.8952380952380953,,0.8867924528301887,0.9903225806451613,52.0,0.9038461538461539,0.9611497366834922,0.9935483870967742,0.011374273855328222
panel_expert,inflammation_anemia,no_hemoglobin,development_oof,0.07367532541068908,672,0.9880952380952381,0.9567845659163987,0.04243345217812916,0.92,,0.9583333333333334,0.9967741935483871,52.0,0.8846153846153846,0.9593717244454503,0.9886786600496278,0.009912199352384903
panel_expert,inflammation_anemia,no_demographics,development_oof,0.028613667089051508,672,0.9880952380952381,0.9583126550868486,0.044988141389211055,0.9230769230769231,,0.9230769230769231,0.9935483870967742,52.0,0.9230769230769231,0.963488935524545,0.9878101736972704,0.009817895517934858
balanced_catboost_cbc,anemia_class,available,development_oof,0.055180491885237146,672,0.5461309523809523,0.47105463561198047,1.1807094537280445,0.47105463561198047,0.5771034830763623,,,,,,,
balanced_catboost_cbc,anemia_class,drop30,development_oof,0.04376739248520776,672,0.4568452380952381,0.4100708769469004,1.5074541145824516,0.4100708769469004,0.682404015007038,,,,,,,
balanced_catboost_cbc,anemia_class,drop60,development_oof,0.06677731764418383,672,0.32142857142857145,0.27636954393132934,1.8890814599442034,0.27636954393132934,0.7877045248102891,,,,,,,
balanced_catboost_cbc,anemia_class,cbc_only,development_oof,0.055180491885237146,672,0.5461309523809523,0.47105463561198047,1.1807094537280445,0.47105463561198047,0.5771034830763623,,,,,,,
balanced_catboost_cbc,anemia_class,hb_only,development_oof,0.020878825462551924,672,0.25,0.1418539028216376,1.991682509903452,0.1418539028216376,0.8238903486444575,,,,,,,
balanced_catboost_cbc,anemia_class,no_iron,development_oof,0.055180491885237146,672,0.5461309523809523,0.47105463561198047,1.1807094537280445,0.47105463561198047,0.5771034830763623,,,,,,,
balanced_catboost_cbc,anemia_class,no_B12,development_oof,0.055180491885237146,672,0.5461309523809523,0.47105463561198047,1.1807094537280445,0.47105463561198047,0.5771034830763623,,,,,,,
balanced_catboost_cbc,anemia_class,no_folate,development_oof,0.055180491885237146,672,0.5461309523809523,0.47105463561198047,1.1807094537280445,0.47105463561198047,0.5771034830763623,,,,,,,
balanced_catboost_cbc,anemia_class,no_B6,development_oof,0.055180491885237146,672,0.5461309523809523,0.47105463561198047,1.1807094537280445,0.47105463561198047,0.5771034830763623,,,,,,,
balanced_catboost_cbc,anemia_class,no_copper,development_oof,0.055180491885237146,672,0.5461309523809523,0.47105463561198047,1.1807094537280445,0.47105463561198047,0.5771034830763623,,,,,,,
balanced_catboost_cbc,anemia_class,no_hemoglobin,development_oof,0.05262696047787348,672,0.5029761904761905,0.4340469038463189,1.3770118251424812,0.4340469038463189,0.6367755417309768,,,,,,,
balanced_catboost_cbc,anemia_class,no_demographics,development_oof,0.05687635654386557,672,0.5327380952380952,0.4618736806535348,1.3116309208050208,0.4618736806535348,0.6125565500122466,,,,,,,
balanced_catboost_cbc,iron_deficiency,available,development_oof,0.04876623342451709,672,0.8511904761904762,0.8322130893764919,0.3740977462298123,0.7757847533632287,,0.812206572769953,0.908883826879271,233.0,0.7424892703862661,0.8331749509954484,0.9029299911034637,0.11424782306745988
balanced_catboost_cbc,iron_deficiency,drop30,development_oof,0.07876841352759234,672,0.7916666666666666,0.7629199552450936,0.45497223025452127,0.680365296803653,,0.7268292682926829,0.8724373576309795,233.0,0.6394849785407726,0.7554756822412844,0.850098252954921,0.14567003599596973
balanced_catboost_cbc,iron_deficiency,drop60,development_oof,0.03163720907307902,672,0.6875,0.6557780119423955,0.5528070295884207,0.5512820512820513,,0.548936170212766,0.7585421412300684,233.0,0.5536480686695279,0.6225453838814189,0.7576818168486709,0.187357473590911
balanced_catboost_cbc,iron_deficiency,cbc_only,development_oof,0.04876623342451709,672,0.8511904761904762,0.8322130893764919,0.3740977462298123,0.7757847533632287,,0.812206572769953,0.908883826879271,233.0,0.7424892703862661,0.8331749509954484,0.9029299911034637,0.11424782306745988
balanced_catboost_cbc,iron_deficiency,hb_only,development_oof,0.09076000988655074,672,0.5178571428571429,0.4932787190467325,0.6979586076106793,0.3816793893129771,,0.3436426116838488,0.5649202733485194,233.0,0.4291845493562232,0.3525899082629401,0.5103972156774566,0.2520574742097573
balanced_catboost_cbc,iron_deficiency,no_iron,development_oof,0.04876623342451709,672,0.8511904761904762,0.8322130893764919,0.3740977462298123,0.7757847533632287,,0.812206572769953,0.908883826879271,233.0,0.7424892703862661,0.8331749509954484,0.9029299911034637,0.11424782306745988
balanced_catboost_cbc,iron_deficiency,no_B12,development_oof,0.04876623342451709,672,0.8511904761904762,0.8322130893764919,0.3740977462298123,0.7757847533632287,,0.812206572769953,0.908883826879271,233.0,0.7424892703862661,0.8331749509954484,0.9029299911034637,0.11424782306745988
balanced_catboost_cbc,iron_deficiency,no_folate,development_oof,0.04876623342451709,672,0.8511904761904762,0.8322130893764919,0.3740977462298123,0.7757847533632287,,0.812206572769953,0.908883826879271,233.0,0.7424892703862661,0.8331749509954484,0.9029299911034637,0.11424782306745988
balanced_catboost_cbc,iron_deficiency,no_B6,development_oof,0.04876623342451709,672,0.8511904761904762,0.8322130893764919,0.3740977462298123,0.7757847533632287,,0.812206572769953,0.908883826879271,233.0,0.7424892703862661,0.8331749509954484,0.9029299911034637,0.11424782306745988
balanced_catboost_cbc,iron_deficiency,no_copper,development_oof,0.04876623342451709,672,0.8511904761904762,0.8322130893764919,0.3740977462298123,0.7757847533632287,,0.812206572769953,0.908883826879271,233.0,0.7424892703862661,0.8331749509954484,0.9029299911034637,0.11424782306745988
balanced_catboost_cbc,iron_deficiency,no_hemoglobin,development_oof,0.05248927059772481,672,0.84375,0.8223989730552863,0.3760625447997518,0.7608200455580866,,0.8106796116504854,0.9111617312072893,233.0,0.7167381974248928,0.8308982161118921,0.9005836518814706,0.11492807202647609
balanced_catboost_cbc,iron_deficiency,no_demographics,development_oof,0.0145243935228551,672,0.8422619047619048,0.8275955543507726,0.3994645646095529,0.7773109243697479,,0.7613168724279835,0.8678815489749431,233.0,0.7939914163090128,0.8335137191022189,0.896790403472582,0.12080595342948679
balanced_catboost_cbc,B12_deficiency,available,development_oof,0.049378062339075754,672,0.8020833333333334,0.7097644693985575,0.4247293925200041,0.5460750853242321,,0.5797101449275363,0.8878143133462283,155.0,0.5161290322580645,0.5937932717560077,0.8374742621825668,0.13840011960329737
balanced_catboost_cbc,B12_deficiency,drop30,development_oof,0.06223666970698084,672,0.7752976190476191,0.6655052264808362,0.4525502683484967,0.4738675958188153,,0.5151515151515151,0.8762088974854932,155.0,0.43870967741935485,0.5503011703564831,0.7946090971485619,0.14678488525275182
balanced_catboost_cbc,B12_deficiency,drop60,development_oof,0.05429429764399105,672,0.7544642857142857,0.616564364139362,0.5113075019940189,0.38661710037174724,,0.45614035087719296,0.8800773694390716,155.0,0.33548387096774196,0.44976046050190643,0.7047981531166158,0.16978713051295263
balanced_catboost_cbc,B12_deficiency,cbc_only,development_oof,0.049378062339075754,672,0.8020833333333334,0.7097644693985575,0.4247293925200041,0.5460750853242321,,0.5797101449275363,0.8878143133462283,155.0,0.5161290322580645,0.5937932717560077,0.8374742621825668,0.13840011960329737
balanced_catboost_cbc,B12_deficiency,hb_only,development_oof,0.08376472683252709,672,0.7321428571428571,0.47987616099071206,0.5760205454954114,0.11764705882352941,,0.24489795918367346,0.9284332688588007,155.0,0.07741935483870968,0.24215262313139901,0.5357334498034567,0.19568541764595904
balanced_catboost_cbc,B12_deficiency,no_iron,development_oof,0.049378062339075754,672,0.8020833333333334,0.7097644693985575,0.4247293925200041,0.5460750853242321,,0.5797101449275363,0.8878143133462283,155.0,0.5161290322580645,0.5937932717560077,0.8374742621825668,0.13840011960329737
balanced_catboost_cbc,B12_deficiency,no_B12,development_oof,0.049378062339075754,672,0.8020833333333334,0.7097644693985575,0.4247293925200041,0.5460750853242321,,0.5797101449275363,0.8878143133462283,155.0,0.5161290322580645,0.5937932717560077,0.8374742621825668,0.13840011960329737
balanced_catboost_cbc,B12_deficiency,no_folate,development_oof,0.049378062339075754,672,0.8020833333333334,0.7097644693985575,0.4247293925200041,0.5460750853242321,,0.5797101449275363,0.8878143133462283,155.0,0.5161290322580645,0.5937932717560077,0.8374742621825668,0.13840011960329737
balanced_catboost_cbc,B12_deficiency,no_B6,development_oof,0.049378062339075754,672,0.8020833333333334,0.7097644693985575,0.4247293925200041,0.5460750853242321,,0.5797101449275363,0.8878143133462283,155.0,0.5161290322580645,0.5937932717560077,0.8374742621825668,0.13840011960329737
balanced_catboost_cbc,B12_deficiency,no_copper,development_oof,0.049378062339075754,672,0.8020833333333334,0.7097644693985575,0.4247293925200041,0.5460750853242321,,0.5797101449275363,0.8878143133462283,155.0,0.5161290322580645,0.5937932717560077,0.8374742621825668,0.13840011960329737
balanced_catboost_cbc,B12_deficiency,no_hemoglobin,development_oof,0.02177924709141828,672,0.8050595238095238,0.7112710933272111,0.416278287039876,0.5467128027681661,,0.5895522388059702,0.8936170212765957,155.0,0.5096774193548387,0.6016650168355835,0.8405690397454296,0.13468848975134465
balanced_catboost_cbc,B12_deficiency,no_demographics,development_oof,0.05592382431286883,672,0.8095238095238095,0.721360544217687,0.4371857534137139,0.564625850340136,,0.5971223021582733,0.8916827852998066,155.0,0.535483870967742,0.6154222118368576,0.8369127098022088,0.1393106345249467
balanced_catboost_cbc,folate_deficiency,available,development_oof,0.047884468005793,672,0.8199404761904762,0.6624699567875867,0.4186582468813777,0.431924882629108,,0.4946236559139785,0.9148550724637681,120.0,0.38333333333333336,0.45351510809579576,0.771105072463768,0.13076490709877175
balanced_catboost_cbc,folate_deficiency,drop30,development_oof,0.04918161154792901,672,0.8110119047619048,0.640225112239951,0.43487909223662846,0.3923444976076555,,0.4606741573033708,0.9130434782608695,120.0,0.3416666666666667,0.4011973887429523,0.7483242753623188,0.13807583099806037
balanced_catboost_cbc,folate_deficiency,drop60,development_oof,0.05666448955349975,672,0.8065476190476191,0.6149981490295626,0.45413462303980556,0.3434343434343434,,0.4358974358974359,0.9202898550724637,120.0,0.2833333333333333,0.385612737767252,0.7089371980676328,0.14302203680599906
balanced_catboost_cbc,folate_deficiency,cbc_only,development_oof,0.047884468005793,672,0.8199404761904762,0.6624699567875867,0.4186582468813777,0.431924882629108,,0.4946236559139785,0.9148550724637681,120.0,0.38333333333333336,0.45351510809579576,0.771105072463768,0.13076490709877175
balanced_catboost_cbc,folate_deficiency,hb_only,development_oof,0.10486102053465184,672,0.7991071428571429,0.4844253490870032,0.4701310874190454,0.08163265306122448,,0.2222222222222222,0.9619565217391305,120.0,0.05,0.24392394999392158,0.6409420289855072,0.1517507757664496
balanced_catboost_cbc,folate_deficiency,no_iron,development_oof,0.047884468005793,672,0.8199404761904762,0.6624699567875867,0.4186582468813777,0.431924882629108,,0.4946236559139785,0.9148550724637681,120.0,0.38333333333333336,0.45351510809579576,0.771105072463768,0.13076490709877175
balanced_catboost_cbc,folate_deficiency,no_B12,development_oof,0.047884468005793,672,0.8199404761904762,0.6624699567875867,0.4186582468813777,0.431924882629108,,0.4946236559139785,0.9148550724637681,120.0,0.38333333333333336,0.45351510809579576,0.771105072463768,0.13076490709877175
balanced_catboost_cbc,folate_deficiency,no_folate,development_oof,0.047884468005793,672,0.8199404761904762,0.6624699567875867,0.4186582468813777,0.431924882629108,,0.4946236559139785,0.9148550724637681,120.0,0.38333333333333336,0.45351510809579576,0.771105072463768,0.13076490709877175
balanced_catboost_cbc,folate_deficiency,no_B6,development_oof,0.047884468005793,672,0.8199404761904762,0.6624699567875867,0.4186582468813777,0.431924882629108,,0.4946236559139785,0.9148550724637681,120.0,0.38333333333333336,0.45351510809579576,0.771105072463768,0.13076490709877175
balanced_catboost_cbc,folate_deficiency,no_copper,development_oof,0.047884468005793,672,0.8199404761904762,0.6624699567875867,0.4186582468813777,0.431924882629108,,0.4946236559139785,0.9148550724637681,120.0,0.38333333333333336,0.45351510809579576,0.771105072463768,0.13076490709877175
balanced_catboost_cbc,folate_deficiency,no_hemoglobin,development_oof,0.05317387793630416,672,0.8139880952380952,0.6513119388301516,0.4180636882376018,0.4131455399061033,,0.4731182795698925,0.9112318840579711,120.0,0.36666666666666664,0.43609278990197764,0.7666666666666667,0.13050691662828678
balanced_catboost_cbc,folate_deficiency,no_demographics,development_oof,0.13190726194190747,672,0.8288690476190477,0.5554916453366311,0.4684935040305282,0.20689655172413793,,0.6,0.9818840579710145,120.0,0.125,0.40974208197848877,0.7456219806763285,0.13440174111597716
balanced_catboost_cbc,B6_deficiency,available,development_oof,0.09938079899999064,672,0.9538690476190477,0.5184799944525345,0.16581322056371134,0.06060606060606061,,0.2,0.9937888198757764,28.0,0.03571428571428571,0.16457929456612821,0.8268078970718722,0.039986673091225666
balanced_catboost_cbc,B6_deficiency,drop30,development_oof,0.0,672,0.9538690476190477,0.4881949733434882,0.16618252948094442,0.0,,0.0,0.9953416149068323,28.0,0.0,0.10994501402938565,0.7792812777284827,0.04167387289305326
balanced_catboost_cbc,B6_deficiency,drop60,development_oof,0.0,672,0.9538690476190477,0.4881949733434882,0.18297781059757945,0.0,,0.0,0.9953416149068323,28.0,0.0,0.07237493492556764,0.6826197870452528,0.045222812157665354
balanced_catboost_cbc,B6_deficiency,cbc_only,development_oof,0.09938079899999064,672,0.9538690476190477,0.5184799944525345,0.16581322056371134,0.06060606060606061,,0.2,0.9937888198757764,28.0,0.03571428571428571,0.16457929456612821,0.8268078970718722,0.039986673091225666
balanced_catboost_cbc,B6_deficiency,hb_only,development_oof,0.0,672,0.9479166666666666,0.48663101604278075,0.2213156367292285,0.0,,0.0,0.9891304347826086,28.0,0.0,0.04367374804990777,0.5092613132209405,0.05313895676813266
balanced_catboost_cbc,B6_deficiency,no_iron,development_oof,0.09938079899999064,672,0.9538690476190477,0.5184799944525345,0.16581322056371134,0.06060606060606061,,0.2,0.9937888198757764,28.0,0.03571428571428571,0.16457929456612821,0.8268078970718722,0.039986673091225666
balanced_catboost_cbc,B6_deficiency,no_B12,development_oof,0.09938079899999064,672,0.9538690476190477,0.5184799944525345,0.16581322056371134,0.06060606060606061,,0.2,0.9937888198757764,28.0,0.03571428571428571,0.16457929456612821,0.8268078970718722,0.039986673091225666
balanced_catboost_cbc,B6_deficiency,no_folate,development_oof,0.09938079899999064,672,0.9538690476190477,0.5184799944525345,0.16581322056371134,0.06060606060606061,,0.2,0.9937888198757764,28.0,0.03571428571428571,0.16457929456612821,0.8268078970718722,0.039986673091225666
balanced_catboost_cbc,B6_deficiency,no_B6,development_oof,0.09938079899999064,672,0.9538690476190477,0.5184799944525345,0.16581322056371134,0.06060606060606061,,0.2,0.9937888198757764,28.0,0.03571428571428571,0.16457929456612821,0.8268078970718722,0.039986673091225666
balanced_catboost_cbc,B6_deficiency,no_copper,development_oof,0.09938079899999064,672,0.9538690476190477,0.5184799944525345,0.16581322056371134,0.06060606060606061,,0.2,0.9937888198757764,28.0,0.03571428571428571,0.16457929456612821,0.8268078970718722,0.039986673091225666
balanced_catboost_cbc,B6_deficiency,no_hemoglobin,development_oof,0.0,672,0.9523809523809523,0.4878048780487805,0.17826981416534995,0.0,,0.0,0.9937888198757764,28.0,0.0,0.09944454541579933,0.7634760425909494,0.04296852216795063
balanced_catboost_cbc,B6_deficiency,no_demographics,development_oof,0.0,672,0.9568452380952381,0.48897338403041823,0.18530159287140302,0.0,,0.0,0.9984472049689441,28.0,0.0,0.1091633627398618,0.7760093167701863,0.04164856875594149
balanced_catboost_cbc,copper_deficiency,available,development_oof,0.14907119849998599,672,0.9568452380952381,0.521214652482618,0.1385462690780241,0.06451612903225806,,0.3333333333333333,0.9968944099378882,28.0,0.03571428571428571,0.25130888380642435,0.8936335403726707,0.036436599454032
balanced_catboost_cbc,copper_deficiency,drop30,development_oof,0.16680435084270162,672,0.9553571428571429,0.5718654434250765,0.16326326332180416,0.16666666666666666,,0.375,0.9922360248447205,28.0,0.10714285714285714,0.1658781348838755,0.7985803016858918,0.04097893260889077
balanced_catboost_cbc,copper_deficiency,drop60,development_oof,0.0,672,0.9434523809523809,0.48545176110260335,0.20297631265910607,0.0,,0.0,0.984472049689441,28.0,0.0,0.06273483219131196,0.6632653061224489,0.05223107368487487
balanced_catboost_cbc,copper_deficiency,cbc_only,development_oof,0.14907119849998599,672,0.9568452380952381,0.521214652482618,0.1385462690780241,0.06451612903225806,,0.3333333333333333,0.9968944099378882,28.0,0.03571428571428571,0.25130888380642435,0.8936335403726707,0.036436599454032
balanced_catboost_cbc,copper_deficiency,hb_only,development_oof,0.0,672,0.9464285714285714,0.48623853211009177,0.22347227205321168,0.0,,0.0,0.9875776397515528,28.0,0.0,0.04514575083521587,0.5546251109139307,0.057167796087489856
balanced_catboost_cbc,copper_deficiency,no_iron,development_oof,0.14907119849998599,672,0.9568452380952381,0.521214652482618,0.1385462690780241,0.06451612903225806,,0.3333333333333333,0.9968944099378882,28.0,0.03571428571428571,0.25130888380642435,0.8936335403726707,0.036436599454032
balanced_catboost_cbc,copper_deficiency,no_B12,development_oof,0.14907119849998599,672,0.9568452380952381,0.521214652482618,0.1385462690780241,0.06451612903225806,,0.3333333333333333,0.9968944099378882,28.0,0.03571428571428571,0.25130888380642435,0.8936335403726707,0.036436599454032
balanced_catboost_cbc,copper_deficiency,no_folate,development_oof,0.14907119849998599,672,0.9568452380952381,0.521214652482618,0.1385462690780241,0.06451612903225806,,0.3333333333333333,0.9968944099378882,28.0,0.03571428571428571,0.25130888380642435,0.8936335403726707,0.036436599454032
balanced_catboost_cbc,copper_deficiency,no_B6,development_oof,0.14907119849998599,672,0.9568452380952381,0.521214652482618,0.1385462690780241,0.06451612903225806,,0.3333333333333333,0.9968944099378882,28.0,0.03571428571428571,0.25130888380642435,0.8936335403726707,0.036436599454032
balanced_catboost_cbc,copper_deficiency,no_copper,development_oof,0.14907119849998599,672,0.9568452380952381,0.521214652482618,0.1385462690780241,0.06451612903225806,,0.3333333333333333,0.9968944099378882,28.0,0.03571428571428571,0.25130888380642435,0.8936335403726707,0.036436599454032
balanced_catboost_cbc,copper_deficiency,no_hemoglobin,development_oof,0.14907119849998599,672,0.9583333333333334,0.5226788432267885,0.1507255833625622,0.06666666666666667,,0.5,0.9984472049689441,28.0,0.03571428571428571,0.22181863103803368,0.8793256433007985,0.03787198840494721
balanced_catboost_cbc,copper_deficiency,no_demographics,development_oof,0.24899799195977465,672,0.9583333333333334,0.600407747196738,0.137229955176363,0.2222222222222222,,0.5,0.9937888198757764,28.0,0.14285714285714285,0.31100066740339405,0.8784383318544811,0.0373840635497443
balanced_catboost_cbc,inflammation_anemia,available,development_oof,0.13230287871552251,672,0.9419642857142857,0.7833315420927752,0.1444009521542004,0.5979381443298969,,0.6444444444444445,0.9741935483870968,52.0,0.5576923076923077,0.641226784800579,0.9495347394540943,0.042684943449736876
balanced_catboost_cbc,inflammation_anemia,drop30,development_oof,0.14812528774529884,672,0.9255952380952381,0.7082928184470065,0.17445015839723962,0.45652173913043476,,0.525,0.9693548387096774,52.0,0.40384615384615385,0.4641625083508365,0.9278225806451613,0.052460506535699135
balanced_catboost_cbc,inflammation_anemia,drop60,development_oof,0.11745173713834682,672,0.9077380952380952,0.5780775306841658,0.25446478228463887,0.20512820512820512,,0.3076923076923077,0.9709677419354839,52.0,0.15384615384615385,0.23137948361611546,0.7787841191066998,0.07467863344693489
balanced_catboost_cbc,inflammation_anemia,cbc_only,development_oof,0.13230287871552251,672,0.9419642857142857,0.7833315420927752,0.1444009521542004,0.5979381443298969,,0.6444444444444445,0.9741935483870968,52.0,0.5576923076923077,0.641226784800579,0.9495347394540943,0.042684943449736876
balanced_catboost_cbc,inflammation_anemia,hb_only,development_oof,0.06388765649999399,672,0.9092261904761905,0.49206349206349204,0.2713769568958023,0.031746031746031744,,0.09090909090909091,0.9838709677419355,52.0,0.019230769230769232,0.13240806417473783,0.7057847394540944,0.08090952139552629
balanced_catboost_cbc,inflammation_anemia,no_iron,development_oof,0.13230287871552251,672,0.9419642857142857,0.7833315420927752,0.1444009521542004,0.5979381443298969,,0.6444444444444445,0.9741935483870968,52.0,0.5576923076923077,0.641226784800579,0.9495347394540943,0.042684943449736876
balanced_catboost_cbc,inflammation_anemia,no_B12,development_oof,0.13230287871552251,672,0.9419642857142857,0.7833315420927752,0.1444009521542004,0.5979381443298969,,0.6444444444444445,0.9741935483870968,52.0,0.5576923076923077,0.641226784800579,0.9495347394540943,0.042684943449736876
balanced_catboost_cbc,inflammation_anemia,no_folate,development_oof,0.13230287871552251,672,0.9419642857142857,0.7833315420927752,0.1444009521542004,0.5979381443298969,,0.6444444444444445,0.9741935483870968,52.0,0.5576923076923077,0.641226784800579,0.9495347394540943,0.042684943449736876
balanced_catboost_cbc,inflammation_anemia,no_B6,development_oof,0.13230287871552251,672,0.9419642857142857,0.7833315420927752,0.1444009521542004,0.5979381443298969,,0.6444444444444445,0.9741935483870968,52.0,0.5576923076923077,0.641226784800579,0.9495347394540943,0.042684943449736876
balanced_catboost_cbc,inflammation_anemia,no_copper,development_oof,0.13230287871552251,672,0.9419642857142857,0.7833315420927752,0.1444009521542004,0.5979381443298969,,0.6444444444444445,0.9741935483870968,52.0,0.5576923076923077,0.641226784800579,0.9495347394540943,0.042684943449736876
balanced_catboost_cbc,inflammation_anemia,no_hemoglobin,development_oof,0.13058876072281955,672,0.9508928571428571,0.801459331214468,0.1470872714920869,0.6292134831460674,,0.7567567567567568,0.9854838709677419,52.0,0.5384615384615384,0.6518012080348097,0.9328163771712158,0.04096279037740969
balanced_catboost_cbc,inflammation_anemia,no_demographics,development_oof,0.11691137019081095,672,0.9360119047619048,0.7299817782553848,0.16561077179790035,0.49411764705882355,,0.6363636363636364,0.9806451612903225,52.0,0.40384615384615385,0.5386139084378355,0.9241625310173698,0.04718263183817663
balanced_trees_cbc,anemia_class,available,development_oof,0.015339512703637249,672,0.5431547619047619,0.4632658366129068,1.1974729327880427,0.4632658366129068,0.5906905399063717,,,,,,,
balanced_trees_cbc,anemia_class,drop30,development_oof,0.051859108872555966,672,0.47619047619047616,0.389899153031619,1.446360598109214,0.389899153031619,0.6709309622354095,,,,,,,
balanced_trees_cbc,anemia_class,drop60,development_oof,0.04627777792798156,672,0.36607142857142855,0.3119031644403125,1.782484296142334,0.3119031644403125,0.7604517675889708,,,,,,,
balanced_trees_cbc,anemia_class,cbc_only,development_oof,0.015339512703637249,672,0.5431547619047619,0.4632658366129068,1.1974729327880427,0.4632658366129068,0.5906905399063717,,,,,,,
balanced_trees_cbc,anemia_class,hb_only,development_oof,0.016194126050617475,672,0.23511904761904762,0.15965804079288615,1.8936331002933753,0.15965804079288615,0.8160157108227963,,,,,,,
balanced_trees_cbc,anemia_class,no_iron,development_oof,0.015339512703637249,672,0.5431547619047619,0.4632658366129068,1.1974729327880427,0.4632658366129068,0.5906905399063717,,,,,,,
balanced_trees_cbc,anemia_class,no_B12,development_oof,0.015339512703637249,672,0.5431547619047619,0.4632658366129068,1.1974729327880427,0.4632658366129068,0.5906905399063717,,,,,,,
balanced_trees_cbc,anemia_class,no_folate,development_oof,0.015339512703637249,672,0.5431547619047619,0.4632658366129068,1.1974729327880427,0.4632658366129068,0.5906905399063717,,,,,,,
balanced_trees_cbc,anemia_class,no_B6,development_oof,0.015339512703637249,672,0.5431547619047619,0.4632658366129068,1.1974729327880427,0.4632658366129068,0.5906905399063717,,,,,,,
balanced_trees_cbc,anemia_class,no_copper,development_oof,0.015339512703637249,672,0.5431547619047619,0.4632658366129068,1.1974729327880427,0.4632658366129068,0.5906905399063717,,,,,,,
balanced_trees_cbc,anemia_class,no_hemoglobin,development_oof,0.04164264308989483,672,0.5342261904761905,0.4466716138223088,1.4079045939823982,0.4466716138223088,0.647938744686852,,,,,,,
balanced_trees_cbc,anemia_class,no_demographics,development_oof,0.034330318269552074,672,0.5491071428571429,0.47831610948973674,1.372848731722914,0.47831610948973674,0.6332142355498999,,,,,,,
balanced_trees_cbc,iron_deficiency,available,development_oof,0.04439107330940573,672,0.8541666666666666,0.8351951951951953,0.35397167663776086,0.7792792792792793,,0.8199052132701422,0.9134396355353075,233.0,0.7424892703862661,0.8485864368403502,0.9126575224613098,0.10952354913042245
balanced_trees_cbc,iron_deficiency,drop30,development_oof,0.055726234309412724,672,0.8110119047619048,0.785687918578284,0.43938138843907193,0.7120181405895691,,0.7548076923076923,0.8838268792710706,233.0,0.6738197424892703,0.7703412493523388,0.8650072834280016,0.14136376093372333
balanced_trees_cbc,iron_deficiency,drop60,development_oof,0.0624545161183862,672,0.7470238095238095,0.7032881408757987,0.5222907053712693,0.5893719806763285,,0.6740331491712708,0.8656036446469249,233.0,0.5236051502145923,0.6731219748527627,0.7836284180785437,0.17491804018099566
balanced_trees_cbc,iron_deficiency,cbc_only,development_oof,0.04439107330940573,672,0.8541666666666666,0.8351951951951953,0.35397167663776086,0.7792792792792793,,0.8199052132701422,0.9134396355353075,233.0,0.7424892703862661,0.8485864368403502,0.9126575224613098,0.10952354913042245
balanced_trees_cbc,iron_deficiency,hb_only,development_oof,0.03597066706205056,672,0.6547619047619048,0.40772258270396766,0.6499752941147167,0.025210084033613446,,0.6,0.9954441913439636,233.0,0.012875536480686695,0.4191076679500228,0.5531445833781419,0.2287427281753678
balanced_trees_cbc,iron_deficiency,no_iron,development_oof,0.04439107330940573,672,0.8541666666666666,0.8351951951951953,0.35397167663776086,0.7792792792792793,,0.8199052132701422,0.9134396355353075,233.0,0.7424892703862661,0.8485864368403502,0.9126575224613098,0.10952354913042245
balanced_trees_cbc,iron_deficiency,no_B12,development_oof,0.04439107330940573,672,0.8541666666666666,0.8351951951951953,0.35397167663776086,0.7792792792792793,,0.8199052132701422,0.9134396355353075,233.0,0.7424892703862661,0.8485864368403502,0.9126575224613098,0.10952354913042245
balanced_trees_cbc,iron_deficiency,no_folate,development_oof,0.04439107330940573,672,0.8541666666666666,0.8351951951951953,0.35397167663776086,0.7792792792792793,,0.8199052132701422,0.9134396355353075,233.0,0.7424892703862661,0.8485864368403502,0.9126575224613098,0.10952354913042245
balanced_trees_cbc,iron_deficiency,no_B6,development_oof,0.04439107330940573,672,0.8541666666666666,0.8351951951951953,0.35397167663776086,0.7792792792792793,,0.8199052132701422,0.9134396355353075,233.0,0.7424892703862661,0.8485864368403502,0.9126575224613098,0.10952354913042245
balanced_trees_cbc,iron_deficiency,no_copper,development_oof,0.04439107330940573,672,0.8541666666666666,0.8351951951951953,0.3539716766377608,0.7792792792792793,,0.8199052132701422,0.9134396355353075,233.0,0.7424892703862661,0.8485864368403502,0.9126575224613098,0.10952354913042245
balanced_trees_cbc,iron_deficiency,no_hemoglobin,development_oof,0.03851921848156097,672,0.8541666666666666,0.8336499211898315,0.3758938861104399,0.7752293577981652,,0.8325123152709359,0.9225512528473804,233.0,0.7253218884120172,0.8305647892709931,0.9049634850958577,0.11679342098930903
balanced_trees_cbc,iron_deficiency,no_demographics,development_oof,0.020947912441071137,672,0.8482142857142857,0.8284684684684684,0.36351836226969847,0.7702702702702703,,0.8104265402843602,0.908883826879271,233.0,0.7339055793991416,0.8348079215013227,0.9084341118617223,0.11298669274930488
balanced_trees_cbc,B12_deficiency,available,development_oof,0.08856132284055702,672,0.8005952380952381,0.6945122944145905,0.3947337527587906,0.5144927536231884,,0.5867768595041323,0.9032882011605415,155.0,0.45806451612903226,0.5734822002920921,0.8476445997379423,0.12991301603522235
balanced_trees_cbc,B12_deficiency,drop30,development_oof,0.03965110250697652,672,0.7931547619047619,0.6714491229427758,0.4228947111432,0.4714828897338403,,0.5740740740740741,0.9110251450676983,155.0,0.4,0.5648281848179106,0.8247457415611156,0.13667498982035328
balanced_trees_cbc,B12_deficiency,drop60,development_oof,0.06990943478178799,672,0.7782738095238095,0.6257498794586291,0.4801385418749219,0.3868312757201646,,0.5340909090909091,0.9206963249516441,155.0,0.3032258064516129,0.46952582024759915,0.7510326324327696,0.15649845628330394
balanced_trees_cbc,B12_deficiency,cbc_only,development_oof,0.08856132284055702,672,0.8005952380952381,0.6945122944145905,0.3947337527587906,0.5144927536231884,,0.5867768595041323,0.9032882011605415,155.0,0.45806451612903226,0.5734822002920921,0.8476445997379423,0.12991301603522235
balanced_trees_cbc,B12_deficiency,hb_only,development_oof,0.11194688310684003,672,0.7440476190476191,0.4774305555555555,0.5666179419166736,0.10416666666666667,,0.2702702702702703,0.9477756286266924,155.0,0.06451612903225806,0.2673285556166102,0.5556061645972422,0.18960609061938663
balanced_trees_cbc,B12_deficiency,no_iron,development_oof,0.08856132284055702,672,0.8005952380952381,0.6945122944145905,0.3947337527587906,0.5144927536231884,,0.5867768595041323,0.9032882011605415,155.0,0.45806451612903226,0.5734822002920921,0.8476445997379423,0.12991301603522235
balanced_trees_cbc,B12_deficiency,no_B12,development_oof,0.08856132284055702,672,0.8005952380952381,0.6945122944145905,0.3947337527587906,0.5144927536231884,,0.5867768595041323,0.9032882011605415,155.0,0.45806451612903226,0.5734822002920921,0.8476445997379423,0.12991301603522235
balanced_trees_cbc,B12_deficiency,no_folate,development_oof,0.08856132284055702,672,0.8005952380952381,0.6945122944145905,0.3947337527587906,0.5144927536231884,,0.5867768595041323,0.9032882011605415,155.0,0.45806451612903226,0.5734822002920921,0.8476445997379423,0.12991301603522235
balanced_trees_cbc,B12_deficiency,no_B6,development_oof,0.08856132284055702,672,0.8005952380952381,0.6945122944145905,0.3947337527587906,0.5144927536231884,,0.5867768595041323,0.9032882011605415,155.0,0.45806451612903226,0.5734822002920921,0.8476445997379423,0.12991301603522235
balanced_trees_cbc,B12_deficiency,no_copper,development_oof,0.08856132284055702,672,0.8005952380952381,0.6945122944145905,0.3947337527587906,0.5144927536231884,,0.5867768595041323,0.9032882011605415,155.0,0.45806451612903226,0.5734822002920921,0.8476445997379423,0.12991301603522235
balanced_trees_cbc,B12_deficiency,no_hemoglobin,development_oof,0.07987822177118524,672,0.8065476190476191,0.7052114406036147,0.3924310469574046,0.5323741007194245,,0.6016260162601627,0.9052224371373307,155.0,0.4774193548387097,0.5824639415875558,0.8537093654458101,0.12714937968520792
balanced_trees_cbc,B12_deficiency,no_demographics,development_oof,0.0824985011123298,672,0.8065476190476191,0.7067669172932332,0.39611960483595304,0.5357142857142857,,0.6,0.9032882011605415,155.0,0.4838709677419355,0.580265967996092,0.844999064079366,0.12930072834199238
balanced_trees_cbc,folate_deficiency,available,development_oof,0.13258946483662792,672,0.8154761904761905,0.6022909507445591,0.3977184098632407,0.3111111111111111,,0.4666666666666667,0.9420289855072463,120.0,0.23333333333333334,0.4555048984974594,0.7739734299516907,0.12596993524289551
balanced_trees_cbc,folate_deficiency,drop30,development_oof,0.10654593243950275,672,0.8005952380952381,0.5619551681195517,0.4173620230312946,0.23863636363636365,,0.375,0.9365942028985508,120.0,0.175,0.39449068545031574,0.7565821256038647,0.13246515214089735
balanced_trees_cbc,folate_deficiency,drop60,development_oof,0.020603352513313092,672,0.8229166666666666,0.6128563751760998,0.4415350047639925,0.327683615819209,,0.5087719298245614,0.9492753623188406,120.0,0.24166666666666667,0.4049801155523189,0.7318236714975845,0.1379410903187675
balanced_trees_cbc,folate_deficiency,cbc_only,development_oof,0.13258946483662792,672,0.8154761904761905,0.6022909507445591,0.3977184098632407,0.3111111111111111,,0.4666666666666667,0.9420289855072463,120.0,0.23333333333333334,0.4555048984974594,0.7739734299516907,0.12596993524289551
balanced_trees_cbc,folate_deficiency,hb_only,development_oof,0.0,672,0.8214285714285714,0.45098039215686275,0.4793053997657889,0.0,,0.0,1.0,120.0,0.0,0.2350665771584389,0.6119942632850242,0.15180076690142733
balanced_trees_cbc,folate_deficiency,no_iron,development_oof,0.13258946483662792,672,0.8154761904761905,0.6022909507445591,0.3977184098632407,0.3111111111111111,,0.4666666666666667,0.9420289855072463,120.0,0.23333333333333334,0.4555048984974594,0.7739734299516907,0.12596993524289551
balanced_trees_cbc,folate_deficiency,no_B12,development_oof,0.13258946483662792,672,0.8154761904761905,0.6022909507445591,0.3977184098632407,0.3111111111111111,,0.4666666666666667,0.9420289855072463,120.0,0.23333333333333334,0.4555048984974594,0.7739734299516907,0.12596993524289551
balanced_trees_cbc,folate_deficiency,no_folate,development_oof,0.13258946483662792,672,0.8154761904761905,0.6022909507445591,0.3977184098632406,0.3111111111111111,,0.4666666666666667,0.9420289855072463,120.0,0.23333333333333334,0.4555048984974594,0.7739734299516907,0.12596993524289551
balanced_trees_cbc,folate_deficiency,no_B6,development_oof,0.13258946483662792,672,0.8154761904761905,0.6022909507445591,0.3977184098632407,0.3111111111111111,,0.4666666666666667,0.9420289855072463,120.0,0.23333333333333334,0.4555048984974594,0.7739734299516907,0.12596993524289551
balanced_trees_cbc,folate_deficiency,no_copper,development_oof,0.13258946483662792,672,0.8154761904761905,0.6022909507445591,0.3977184098632407,0.3111111111111111,,0.4666666666666667,0.9420289855072463,120.0,0.23333333333333334,0.4555048984974594,0.7739734299516907,0.12596993524289551
balanced_trees_cbc,folate_deficiency,no_hemoglobin,development_oof,0.05440654317434808,672,0.8229166666666666,0.6052580917451119,0.403268685007346,0.31213872832369943,,0.5094339622641509,0.9528985507246377,120.0,0.225,0.4311004337587748,0.7755283816425121,0.1269420246376835
balanced_trees_cbc,folate_deficiency,no_demographics,development_oof,0.07974839174384325,672,0.8110119047619048,0.5907449588798044,0.40402690611127895,0.2905027932960894,,0.4406779661016949,0.9402173913043478,120.0,0.21666666666666667,0.4559751182277733,0.7692481884057972,0.12768122181990713
balanced_trees_cbc,B6_deficiency,available,development_oof,0.12474463711837842,672,0.9613095238095238,0.607723394701392,0.14648337531650124,0.23529411764705882,,0.6666666666666666,0.9968944099378882,28.0,0.14285714285714285,0.26810954443186424,0.8101153504880213,0.03620767932567161
balanced_trees_cbc,B6_deficiency,drop30,development_oof,0.12777531299998798,672,0.9568452380952381,0.521214652482618,0.16813963495140224,0.06451612903225806,,0.3333333333333333,0.9968944099378882,28.0,0.03571428571428571,0.1509724143736206,0.7329747116237799,0.041398062406287996
balanced_trees_cbc,B6_deficiency,drop60,development_oof,0.14907119849998599,672,0.9583333333333334,0.5226788432267885,0.17704733957446878,0.06666666666666667,,0.5,0.9984472049689441,28.0,0.03571428571428571,0.10706444389369393,0.7361912156166814,0.04459181652044115
balanced_trees_cbc,B6_deficiency,cbc_only,development_oof,0.12474463711837842,672,0.9613095238095238,0.607723394701392,0.14648337531650124,0.23529411764705882,,0.6666666666666666,0.9968944099378882,28.0,0.14285714285714285,0.26810954443186424,0.8101153504880213,0.0362076793256716
balanced_trees_cbc,B6_deficiency,hb_only,development_oof,0.0,672,0.9553571428571429,0.4885844748858447,0.21788601329616725,0.0,,0.0,0.9968944099378882,28.0,0.0,0.042352061131728985,0.5053515971606034,0.05186556847334741
balanced_trees_cbc,B6_deficiency,no_iron,development_oof,0.12474463711837842,672,0.9613095238095238,0.607723394701392,0.14648337531650124,0.23529411764705882,,0.6666666666666666,0.9968944099378882,28.0,0.14285714285714285,0.26810954443186424,0.8101153504880213,0.0362076793256716
balanced_trees_cbc,B6_deficiency,no_B12,development_oof,0.12474463711837842,672,0.9613095238095238,0.607723394701392,0.14648337531650124,0.23529411764705882,,0.6666666666666666,0.9968944099378882,28.0,0.14285714285714285,0.26810954443186424,0.8101153504880213,0.0362076793256716
balanced_trees_cbc,B6_deficiency,no_folate,development_oof,0.12474463711837842,672,0.9613095238095238,0.607723394701392,0.14648337531650124,0.23529411764705882,,0.6666666666666666,0.9968944099378882,28.0,0.14285714285714285,0.26810954443186424,0.8101153504880213,0.0362076793256716
balanced_trees_cbc,B6_deficiency,no_B6,development_oof,0.12474463711837842,672,0.9613095238095238,0.607723394701392,0.14648337531650124,0.23529411764705882,,0.6666666666666666,0.9968944099378882,28.0,0.14285714285714285,0.26810954443186424,0.8101153504880213,0.0362076793256716
balanced_trees_cbc,B6_deficiency,no_copper,development_oof,0.12474463711837842,672,0.9613095238095238,0.607723394701392,0.14648337531650124,0.23529411764705882,,0.6666666666666666,0.9968944099378882,28.0,0.14285714285714285,0.26810954443186424,0.8101153504880213,0.0362076793256716
balanced_trees_cbc,B6_deficiency,no_hemoglobin,development_oof,0.21428571428571427,672,0.9627976190476191,0.6116774148810762,0.15233774669877698,0.24242424242424243,,0.8,0.9984472049689441,28.0,0.14285714285714285,0.2521589325018561,0.7967502218278616,0.037558829372947515
balanced_trees_cbc,B6_deficiency,no_demographics,development_oof,0.12474463711837842,672,0.9613095238095238,0.607723394701392,0.1496764473007596,0.23529411764705882,,0.6666666666666666,0.9968944099378882,28.0,0.14285714285714285,0.2543567141515014,0.8065661047027507,0.03720408852774034
balanced_trees_cbc,copper_deficiency,available,development_oof,0.14907119849998599,672,0.9598214285714286,0.5242165989248722,0.1187268761375329,0.06896551724137931,,1.0,1.0,28.0,0.03571428571428571,0.31148356378908176,0.9158717834960072,0.033181935520932584
balanced_trees_cbc,copper_deficiency,drop30,development_oof,0.0,672,0.9553571428571429,0.4885844748858447,0.15287241636254156,0.0,,0.0,0.9968944099378882,28.0,0.0,0.18734978258728036,0.8405612244897959,0.03944644294378665
balanced_trees_cbc,copper_deficiency,drop60,development_oof,0.0,672,0.9568452380952381,0.48897338403041823,0.19056155247165202,0.0,,0.0,0.9984472049689441,28.0,0.0,0.0733526728747149,0.6919920141969831,0.04723353220228515
balanced_trees_cbc,copper_deficiency,cbc_only,development_oof,0.14907119849998599,672,0.9598214285714286,0.5242165989248722,0.1187268761375329,0.06896551724137931,,1.0,1.0,28.0,0.03571428571428571,0.31148356378908176,0.9158717834960072,0.033181935520932584
balanced_trees_cbc,copper_deficiency,hb_only,development_oof,0.0,672,0.9583333333333334,0.48936170212765956,0.22072100222699645,0.0,,0.0,1.0,28.0,0.0,0.04999610975242809,0.5573425022182786,0.05103430928887667
balanced_trees_cbc,copper_deficiency,no_iron,development_oof,0.14907119849998599,672,0.9598214285714286,0.5242165989248722,0.1187268761375329,0.06896551724137931,,1.0,1.0,28.0,0.03571428571428571,0.31148356378908176,0.9158717834960072,0.033181935520932584
balanced_trees_cbc,copper_deficiency,no_B12,development_oof,0.14907119849998599,672,0.9598214285714286,0.5242165989248722,0.1187268761375329,0.06896551724137931,,1.0,1.0,28.0,0.03571428571428571,0.31148356378908176,0.9158717834960072,0.033181935520932584
balanced_trees_cbc,copper_deficiency,no_folate,development_oof,0.14907119849998599,672,0.9598214285714286,0.5242165989248722,0.1187268761375329,0.06896551724137931,,1.0,1.0,28.0,0.03571428571428571,0.31148356378908176,0.9158717834960072,0.033181935520932584
balanced_trees_cbc,copper_deficiency,no_B6,development_oof,0.14907119849998599,672,0.9598214285714286,0.5242165989248722,0.1187268761375329,0.06896551724137931,,1.0,1.0,28.0,0.03571428571428571,0.31148356378908176,0.9158717834960072,0.033181935520932584
balanced_trees_cbc,copper_deficiency,no_copper,development_oof,0.14907119849998599,672,0.9598214285714286,0.5242165989248722,0.1187268761375329,0.06896551724137931,,1.0,1.0,28.0,0.03571428571428571,0.31148356378908176,0.9158717834960072,0.033181935520932584
balanced_trees_cbc,copper_deficiency,no_hemoglobin,development_oof,0.12777531299998798,672,0.9583333333333334,0.5226788432267885,0.13182248299628482,0.06666666666666667,,0.5,0.9984472049689441,28.0,0.03571428571428571,0.2587380988894488,0.8898070097604259,0.03557086377441953
balanced_trees_cbc,copper_deficiency,no_demographics,development_oof,0.14907119849998599,672,0.9598214285714286,0.5242165989248722,0.1252849827822504,0.06896551724137931,,1.0,1.0,28.0,0.03571428571428571,0.28058980091087127,0.9006765749778173,0.034425780652531865
balanced_trees_cbc,inflammation_anemia,available,development_oof,0.1626527298018476,672,0.9404761904761905,0.7515436092727474,0.13401012098498488,0.5348837209302325,,0.6764705882352942,0.9822580645161291,52.0,0.4423076923076923,0.6733879055958464,0.9560173697270472,0.040628297866300414
balanced_trees_cbc,inflammation_anemia,drop30,development_oof,0.1466816023620495,672,0.9404761904761905,0.7402497004367825,0.1777271249200298,0.5121951219512195,,0.7,0.9854838709677419,52.0,0.40384615384615385,0.5385381181189868,0.9372518610421836,0.050302683347513054
balanced_trees_cbc,inflammation_anemia,drop60,development_oof,0.2251607636084262,672,0.9270833333333334,0.6039213327719974,0.2580476831430131,0.24615384615384617,,0.6153846153846154,0.9919354838709677,52.0,0.15384615384615385,0.26520565720913836,0.7767059553349877,0.07236786752114577
balanced_trees_cbc,inflammation_anemia,cbc_only,development_oof,0.1626527298018476,672,0.9404761904761905,0.7515436092727474,0.13401012098498485,0.5348837209302325,,0.6764705882352942,0.9822580645161291,52.0,0.4423076923076923,0.6733879055958464,0.9560173697270472,0.040628297866300414
balanced_trees_cbc,inflammation_anemia,hb_only,development_oof,0.0,672,0.9226190476190477,0.47987616099071206,0.27280176221724883,0.0,,0.0,1.0,52.0,0.0,0.1359995638603013,0.7020936724565756,0.08208454929060723
balanced_trees_cbc,inflammation_anemia,no_iron,development_oof,0.1626527298018476,672,0.9404761904761905,0.7515436092727474,0.13401012098498485,0.5348837209302325,,0.6764705882352942,0.9822580645161291,52.0,0.4423076923076923,0.6733879055958464,0.9560173697270472,0.040628297866300414
balanced_trees_cbc,inflammation_anemia,no_B12,development_oof,0.1626527298018476,672,0.9404761904761905,0.7515436092727474,0.13401012098498488,0.5348837209302325,,0.6764705882352942,0.9822580645161291,52.0,0.4423076923076923,0.6733879055958464,0.9560173697270472,0.040628297866300414
balanced_trees_cbc,inflammation_anemia,no_folate,development_oof,0.1626527298018476,672,0.9404761904761905,0.7515436092727474,0.13401012098498485,0.5348837209302325,,0.6764705882352942,0.9822580645161291,52.0,0.4423076923076923,0.6733879055958464,0.9560173697270472,0.040628297866300414
balanced_trees_cbc,inflammation_anemia,no_B6,development_oof,0.1626527298018476,672,0.9404761904761905,0.7515436092727474,0.13401012098498485,0.5348837209302325,,0.6764705882352942,0.9822580645161291,52.0,0.4423076923076923,0.6733879055958464,0.9560173697270472,0.040628297866300414
balanced_trees_cbc,inflammation_anemia,no_copper,development_oof,0.1626527298018476,672,0.9404761904761905,0.7515436092727474,0.13401012098498485,0.5348837209302325,,0.6764705882352942,0.9822580645161291,52.0,0.4423076923076923,0.6733879055958464,0.9560173697270472,0.040628297866300414
balanced_trees_cbc,inflammation_anemia,no_hemoglobin,development_oof,0.16500105461895026,672,0.9464285714285714,0.7607594936708861,0.17286516953332565,0.55,,0.7857142857142857,0.9903225806451613,52.0,0.4230769230769231,0.6652031402575804,0.9340260545905708,0.045338220191642895
balanced_trees_cbc,inflammation_anemia,no_demographics,development_oof,0.12380746018407711,672,0.9434523809523809,0.7639664288091101,0.16015181593474226,0.5581395348837209,,0.7058823529411765,0.9838709677419355,52.0,0.46153846153846156,0.6555275985076134,0.9373138957816378,0.043438519197815086
logistic_hb,anemia_class,available,development_oof,0.04210404834492365,672,0.8467261904761905,0.8441310448549633,0.4203870565148765,0.8441310448549633,0.22030407435188945,,,,,,,
logistic_hb,anemia_class,drop30,development_oof,0.028757962075090928,672,0.6889880952380952,0.6791722972988655,0.9278726107092394,0.6791722972988655,0.4340123779093156,,,,,,,
logistic_hb,anemia_class,drop60,development_oof,0.0684840083034424,672,0.4494047619047619,0.4345825241219716,1.9605180904489496,0.4345825241219716,0.7659224362807048,,,,,,,
logistic_hb,anemia_class,cbc_only,development_oof,0.062193125670459225,672,0.3913690476190476,0.23241049636149683,2.3273119621847194,0.23241049636149683,0.87050312799944,,,,,,,
logistic_hb,anemia_class,hb_only,development_oof,0.022224300843486103,672,0.20684523809523808,0.09786113850694511,3.5860339773178462,0.09786113850694511,1.2076414635181947,,,,,,,
logistic_hb,anemia_class,no_iron,development_oof,0.039023533040310955,672,0.6860119047619048,0.6860664277572641,0.9999990912565248,0.6860664277572641,0.4602590998344726,,,,,,,
logistic_hb,anemia_class,no_B12,development_oof,0.03239931713714913,672,0.7663690476190477,0.7317214743501871,0.68455322189896,0.7317214743501871,0.335237523291265,,,,,,,
logistic_hb,anemia_class,no_folate,development_oof,0.03233368753175403,672,0.7797619047619048,0.7518702514239011,0.7060978088175052,0.7518702514239011,0.333359613456067,,,,,,,
logistic_hb,anemia_class,no_B6,development_oof,0.03420703794923573,672,0.8229166666666666,0.7825620435809073,0.5282418242656612,0.7825620435809073,0.2573775578543755,,,,,,,
logistic_hb,anemia_class,no_copper,development_oof,0.030872235202711634,672,0.8303571428571429,0.7716917483903193,0.5763365442585576,0.7716917483903193,0.2626115932483599,,,,,,,
logistic_hb,anemia_class,no_hemoglobin,development_oof,0.0484313976477574,672,0.7976190476190477,0.790714421350998,0.5597378059593255,0.790714421350998,0.28652183350445065,,,,,,,
logistic_hb,anemia_class,no_demographics,development_oof,0.036110433636001874,672,0.8303571428571429,0.8197666074939147,0.5005166218036378,0.8197666074939147,0.25193983250241037,,,,,,,
logistic_values_hb,anemia_class,available,development_oof,0.03913068247864606,672,0.8660714285714286,0.8639759502744431,0.3889009716671952,0.8639759502744431,0.20405254678784399,,,,,,,
logistic_values_hb,anemia_class,drop30,development_oof,0.03331040080202942,672,0.7261904761904762,0.7176532313688564,0.73572251057137,0.7176532313688564,0.37343943906543425,,,,,,,
logistic_values_hb,anemia_class,drop60,development_oof,0.07410179879720992,672,0.5372023809523809,0.5262214739425399,1.3583178870792265,0.5262214739425399,0.6099879452116317,,,,,,,
logistic_values_hb,anemia_class,cbc_only,development_oof,0.05661313348929192,672,0.46726190476190477,0.3279924056309008,1.4597427565896641,0.3279924056309008,0.7002636954305055,,,,,,,
logistic_values_hb,anemia_class,hb_only,development_oof,0.030040024998987225,672,0.25744047619047616,0.14839588814374585,2.0545944556369227,0.14839588814374585,0.8731999981045282,,,,,,,
logistic_values_hb,anemia_class,no_iron,development_oof,0.035130142980594095,672,0.7276785714285714,0.7405964942441003,0.7350640876020101,0.7405964942441003,0.38654794780547563,,,,,,,
logistic_values_hb,anemia_class,no_B12,development_oof,0.016404766143022508,672,0.7916666666666666,0.7667334174656104,0.5763419861805555,0.7667334174656104,0.29836304957749527,,,,,,,
logistic_values_hb,anemia_class,no_folate,development_oof,0.04646598678385897,672,0.8080357142857143,0.788683111118775,0.5431704235950302,0.788683111118775,0.2837137462979176,,,,,,,
logistic_values_hb,anemia_class,no_B6,development_oof,0.0475783031283814,672,0.8482142857142857,0.8214646856923215,0.4746047630736192,0.8214646856923215,0.23648989499409107,,,,,,,
logistic_values_hb,anemia_class,no_copper,development_oof,0.033026226815586174,672,0.8363095238095238,0.782984460086796,0.5247153544169803,0.782984460086796,0.24899089371877,,,,,,,
logistic_values_hb,anemia_class,no_hemoglobin,development_oof,0.04230642758515301,672,0.8229166666666666,0.821889468013166,0.5096124825206901,0.821889468013166,0.2575825494067849,,,,,,,
logistic_values_hb,anemia_class,no_demographics,development_oof,0.05971176117349367,672,0.8497023809523809,0.8480091936801765,0.4446616672892201,0.8480091936801765,0.21947905170231938,,,,,,,
extra_trees_hb,anemia_class,available,development_oof,0.024116534364508085,672,0.8883928571428571,0.8829446238667003,0.5810837214027276,0.8829446238667003,0.26682238419635373,,,,,,,
extra_trees_hb,anemia_class,drop30,development_oof,0.027635424406120945,672,0.7336309523809523,0.7200725033545531,1.0298399877983269,0.7200725033545531,0.46877917476969666,,,,,,,
extra_trees_hb,anemia_class,drop60,development_oof,0.08199736287169233,672,0.4836309523809524,0.4790599255662205,1.605903505215267,0.4790599255662205,0.680123229904594,,,,,,,
extra_trees_hb,anemia_class,cbc_only,development_oof,0.03645936149986684,672,0.40327380952380953,0.2408277379125453,1.5391025303432389,0.2408277379125453,0.7217183141219314,,,,,,,
extra_trees_hb,anemia_class,hb_only,development_oof,0.019094225058257936,672,0.24107142857142858,0.08673805899139146,1.970673208424242,0.08673805899139146,0.859724136305215,,,,,,,
extra_trees_hb,anemia_class,no_iron,development_oof,0.021454586541804842,672,0.7514880952380952,0.7537089320790041,0.9268035208465636,0.7537089320790041,0.43996475252074607,,,,,,,
extra_trees_hb,anemia_class,no_B12,development_oof,0.0232962046770109,672,0.78125,0.7431011576406471,0.7379803385827712,0.7431011576406471,0.3577850640448664,,,,,,,
extra_trees_hb,anemia_class,no_folate,development_oof,0.024208389817287696,672,0.8035714285714286,0.7689491724249692,0.7069143263156443,0.7689491724249692,0.3411541080877359,,,,,,,
extra_trees_hb,anemia_class,no_B6,development_oof,0.023645493498875937,672,0.8556547619047619,0.8042491852520098,0.6327256840448632,0.8042491852520098,0.28842153146677396,,,,,,,
extra_trees_hb,anemia_class,no_copper,development_oof,0.02766552783316493,672,0.8571428571428571,0.7997556471429976,0.6615264459206035,0.7997556471429976,0.29348040587499924,,,,,,,
extra_trees_hb,anemia_class,no_hemoglobin,development_oof,0.012693386911845298,672,0.7931547619047619,0.7869490626490204,0.9368983211746416,0.7869490626490204,0.4259050481007087,,,,,,,
extra_trees_hb,anemia_class,no_demographics,development_oof,0.022318280990653923,672,0.8705357142857143,0.8643230668322653,0.6625005970511938,0.8643230668322653,0.2969150230040187,,,,,,,
catboost_hb,anemia_class,available,development_oof,0.05705668755223232,672,0.8273809523809523,0.8023281310614397,0.6222116715446097,0.8023281310614397,0.29807622676578205,,,,,,,
catboost_hb,anemia_class,drop30,development_oof,0.015865848191719326,672,0.5892857142857143,0.5679382311159881,1.2011519951968583,0.5679382311159881,0.5400659958698262,,,,,,,
catboost_hb,anemia_class,drop60,development_oof,0.03237647507197927,672,0.38392857142857145,0.3300052416698063,1.9031302804487116,0.3300052416698063,0.7595590465114529,,,,,,,
catboost_hb,anemia_class,cbc_only,development_oof,0.02559150479315012,672,0.46130952380952384,0.32794465073965673,1.3626340828098304,0.32794465073965673,0.660476660743349,,,,,,,
catboost_hb,anemia_class,hb_only,development_oof,0.017103644536386547,672,0.25,0.09572059287489972,2.1191802331626093,0.09572059287489972,0.8837143034592135,,,,,,,
catboost_hb,anemia_class,no_iron,development_oof,0.08113983258835622,672,0.7455357142857143,0.7239905859019123,0.8689582403398358,0.7239905859019123,0.4206240115761676,,,,,,,
catboost_hb,anemia_class,no_B12,development_oof,0.023034720872029298,672,0.7455357142857143,0.6949735534321132,0.7531988427333793,0.6949735534321132,0.37336399467656345,,,,,,,
catboost_hb,anemia_class,no_folate,development_oof,0.02566630257277347,672,0.7633928571428571,0.7184558392944425,0.7403140171962779,0.7184558392944425,0.3653121092942753,,,,,,,
catboost_hb,anemia_class,no_B6,development_oof,0.04918809161673389,672,0.8110119047619048,0.7574062329377887,0.6524618732161284,0.7574062329377887,0.3106408478786963,,,,,,,
catboost_hb,anemia_class,no_copper,development_oof,0.04122430664898712,672,0.8065476190476191,0.7458423827459312,0.6764968944424832,0.7458423827459312,0.31786856415416614,,,,,,,
catboost_hb,anemia_class,no_hemoglobin,development_oof,0.06422644497489183,672,0.5967261904761905,0.5455203669403696,1.15494361406514,0.5455203669403696,0.5203568885881031,,,,,,,
catboost_hb,anemia_class,no_demographics,development_oof,0.056645505474584655,672,0.8214285714285714,0.796354679828556,0.6987013653779593,0.796354679828556,0.3208492313794099,,,,,,,
catboost_dropout_hb,anemia_class,available,development_oof,0.06204152977121225,672,0.8005952380952381,0.7733894673318761,0.6051032866953603,0.7733894673318761,0.3018220558865917,,,,,,,
catboost_dropout_hb,anemia_class,drop30,development_oof,0.03735271232388282,672,0.6785714285714286,0.6391209906459944,0.9792346930619689,0.6391209906459944,0.4654021674681218,,,,,,,
catboost_dropout_hb,anemia_class,drop60,development_oof,0.06547975983986713,672,0.5267857142857143,0.47797666211899476,1.4386638964400535,0.47797666211899476,0.6301759311917079,,,,,,,
catboost_dropout_hb,anemia_class,cbc_only,development_oof,0.0349822296242731,672,0.5550595238095238,0.46221227419904554,1.1868927621822998,0.46221227419904554,0.5890656042978499,,,,,,,
catboost_dropout_hb,anemia_class,hb_only,development_oof,0.020930352286364452,672,0.26339285714285715,0.1129202884593578,1.8165324798920957,0.1129202884593578,0.8110116452896693,,,,,,,
catboost_dropout_hb,anemia_class,no_iron,development_oof,0.0724992466591797,672,0.7380952380952381,0.7164367454826749,0.8062746639429101,0.7164367454826749,0.4015026784997607,,,,,,,
catboost_dropout_hb,anemia_class,no_B12,development_oof,0.07156406673131097,672,0.7351190476190477,0.6884476776848337,0.7073325295281273,0.6884476776848337,0.3601269767109551,,,,,,,
catboost_dropout_hb,anemia_class,no_folate,development_oof,0.05589035961746296,672,0.7648809523809523,0.724640896670739,0.6812553391414214,0.724640896670739,0.34266991915633965,,,,,,,
catboost_dropout_hb,anemia_class,no_B6,development_oof,0.040512993784441675,672,0.7901785714285714,0.7381550259320591,0.6329352220518982,0.7381550259320591,0.31302760959308895,,,,,,,
catboost_dropout_hb,anemia_class,no_copper,development_oof,0.053581464351599536,672,0.7767857142857143,0.7083326845491608,0.6549041288763234,0.7083326845491608,0.32261461678937986,,,,,,,
catboost_dropout_hb,anemia_class,no_hemoglobin,development_oof,0.054592910204739484,672,0.7767857142857143,0.7520156017320351,0.8053778463835508,0.7520156017320351,0.37573868978086167,,,,,,,
catboost_dropout_hb,anemia_class,no_demographics,development_oof,0.060068395686091416,672,0.7752976190476191,0.7447927024886042,0.6736879628883619,0.7447927024886042,0.3241100730508024,,,,,,,
logistic_cbc_hb,anemia_class,available,development_oof,0.04358518903939031,672,0.5252976190476191,0.45862736466098314,1.1455883557138462,0.45862736466098314,0.5832190573477489,,,,,,,
logistic_cbc_hb,anemia_class,drop30,development_oof,0.028124808483301057,672,0.39732142857142855,0.3559936308594119,1.6898140758136546,0.3559936308594119,0.7503657119482077,,,,,,,
logistic_cbc_hb,anemia_class,drop60,development_oof,0.008998275751595128,672,0.28422619047619047,0.22679289163892083,2.405414251942844,0.22679289163892083,0.8908948259792957,,,,,,,
logistic_cbc_hb,anemia_class,cbc_only,development_oof,0.04358518903939031,672,0.5252976190476191,0.45862736466098314,1.1455883557138462,0.45862736466098314,0.5832190573477489,,,,,,,
logistic_cbc_hb,anemia_class,hb_only,development_oof,0.02655456206201268,672,0.2261904761904762,0.1392786698812447,2.635880574278825,0.1392786698812447,0.9489279892173735,,,,,,,
logistic_cbc_hb,anemia_class,no_iron,development_oof,0.04358518903939031,672,0.5252976190476191,0.45862736466098314,1.1455883557138462,0.45862736466098314,0.5832190573477489,,,,,,,
logistic_cbc_hb,anemia_class,no_B12,development_oof,0.04358518903939031,672,0.5252976190476191,0.45862736466098314,1.1455883557138462,0.45862736466098314,0.5832190573477489,,,,,,,
logistic_cbc_hb,anemia_class,no_folate,development_oof,0.04358518903939031,672,0.5252976190476191,0.45862736466098314,1.1455883557138462,0.45862736466098314,0.5832190573477489,,,,,,,
logistic_cbc_hb,anemia_class,no_B6,development_oof,0.04358518903939031,672,0.5252976190476191,0.45862736466098314,1.1455883557138462,0.45862736466098314,0.5832190573477489,,,,,,,
logistic_cbc_hb,anemia_class,no_copper,development_oof,0.04358518903939031,672,0.5252976190476191,0.45862736466098314,1.1455883557138462,0.45862736466098314,0.5832190573477489,,,,,,,
logistic_cbc_hb,anemia_class,no_hemoglobin,development_oof,0.03786346132147598,672,0.4806547619047619,0.4376856911738272,1.3587898109476857,0.4376856911738272,0.6395557448589755,,,,,,,
logistic_cbc_hb,anemia_class,no_demographics,development_oof,0.06431610154081015,672,0.5267857142857143,0.4498250253844162,1.2297751047816785,0.4498250253844162,0.5959686763055738,,,,,,,
extra_trees_cbc_hb,anemia_class,available,development_oof,0.02788130114604143,672,0.5625,0.46922200229464944,1.1595355716248836,0.46922200229464944,0.5749817996683502,,,,,,,
extra_trees_cbc_hb,anemia_class,drop30,development_oof,0.043368317612316395,672,0.41369047619047616,0.3524128613123421,1.545428026950727,0.3524128613123421,0.7059846265309082,,,,,,,
extra_trees_cbc_hb,anemia_class,drop60,development_oof,0.040871973998517865,672,0.2663690476190476,0.22636741048077147,2.0735505343451677,0.22636741048077147,0.8355167593503439,,,,,,,
extra_trees_cbc_hb,anemia_class,cbc_only,development_oof,0.02788130114604143,672,0.5625,0.46922200229464944,1.1595355716248836,0.46922200229464944,0.5749817996683502,,,,,,,
extra_trees_cbc_hb,anemia_class,hb_only,development_oof,0.0179208017835711,672,0.17857142857142858,0.0875847076095246,2.0478326738084016,0.0875847076095246,0.8734714966855497,,,,,,,
extra_trees_cbc_hb,anemia_class,no_iron,development_oof,0.02788130114604143,672,0.5625,0.46922200229464944,1.1595355716248836,0.46922200229464944,0.5749817996683502,,,,,,,
extra_trees_cbc_hb,anemia_class,no_B12,development_oof,0.02788130114604143,672,0.5625,0.46922200229464944,1.1595355716248836,0.46922200229464944,0.5749817996683502,,,,,,,
extra_trees_cbc_hb,anemia_class,no_folate,development_oof,0.02788130114604143,672,0.5625,0.46922200229464944,1.1595355716248836,0.46922200229464944,0.5749817996683502,,,,,,,
extra_trees_cbc_hb,anemia_class,no_B6,development_oof,0.02788130114604143,672,0.5625,0.46922200229464944,1.1595355716248836,0.46922200229464944,0.5749817996683502,,,,,,,
extra_trees_cbc_hb,anemia_class,no_copper,development_oof,0.02788130114604143,672,0.5625,0.46922200229464944,1.1595355716248836,0.46922200229464944,0.5749817996683502,,,,,,,
extra_trees_cbc_hb,anemia_class,no_hemoglobin,development_oof,0.0383565914738706,672,0.4955357142857143,0.4112312746418724,1.492450372972168,0.4112312746418724,0.6754230899357255,,,,,,,
extra_trees_cbc_hb,anemia_class,no_demographics,development_oof,0.03315513210006108,672,0.5654761904761905,0.4724303351116974,1.2250905454236394,0.4724303351116974,0.5834867111327047,,,,,,,
catboost_cbc_hb,anemia_class,available,development_oof,0.05071275607488839,672,0.5654761904761905,0.4812302964829715,1.123526957530034,0.4812302964829715,0.5621009846433903,,,,,,,
catboost_cbc_hb,anemia_class,drop30,development_oof,0.05187606214345884,672,0.34672619047619047,0.30970452552982053,1.7864473280616286,0.30970452552982053,0.775845452581741,,,,,,,
catboost_cbc_hb,anemia_class,drop60,development_oof,0.03821463803736761,672,0.20238095238095238,0.1463618622072128,2.3866361692894453,0.1463618622072128,0.9265350144635537,,,,,,,
catboost_cbc_hb,anemia_class,cbc_only,development_oof,0.05071275607488839,672,0.5654761904761905,0.4812302964829715,1.123526957530034,0.4812302964829715,0.5621009846433903,,,,,,,
catboost_cbc_hb,anemia_class,hb_only,development_oof,0.006675643882820011,672,0.125,0.044693043051285804,2.2948403803807746,0.044693043051285804,0.9569771963532825,,,,,,,
catboost_cbc_hb,anemia_class,no_iron,development_oof,0.05071275607488839,672,0.5654761904761905,0.4812302964829715,1.123526957530034,0.4812302964829715,0.5621009846433903,,,,,,,
catboost_cbc_hb,anemia_class,no_B12,development_oof,0.05071275607488839,672,0.5654761904761905,0.4812302964829715,1.123526957530034,0.4812302964829715,0.5621009846433903,,,,,,,
catboost_cbc_hb,anemia_class,no_folate,development_oof,0.05071275607488839,672,0.5654761904761905,0.4812302964829715,1.123526957530034,0.4812302964829715,0.5621009846433903,,,,,,,
catboost_cbc_hb,anemia_class,no_B6,development_oof,0.05071275607488839,672,0.5654761904761905,0.4812302964829715,1.123526957530034,0.4812302964829715,0.5621009846433903,,,,,,,
catboost_cbc_hb,anemia_class,no_copper,development_oof,0.05071275607488839,672,0.5654761904761905,0.4812302964829715,1.123526957530034,0.4812302964829715,0.5621009846433903,,,,,,,
catboost_cbc_hb,anemia_class,no_hemoglobin,development_oof,0.05996920350715187,672,0.4107142857142857,0.327210735251891,1.5821439251850635,0.327210735251891,0.7008191313590642,,,,,,,
catboost_cbc_hb,anemia_class,no_demographics,development_oof,0.04401911963203146,672,0.5476190476190477,0.44991324690716666,1.2107016781727342,0.44991324690716666,0.5763969629662189,,,,,,,
augmented_catboost_hb,anemia_class,available,development_oof,0.036797662598103235,672,0.8258928571428571,0.8009917041742689,0.5706491679109114,0.8009917041742689,0.28272764997059946,,,,,,,
augmented_catboost_hb,anemia_class,drop30,development_oof,0.03711816799154533,672,0.6979166666666666,0.6628541777343262,0.9457756031415224,0.6628541777343262,0.44999360901155905,,,,,,,
augmented_catboost_hb,anemia_class,drop60,development_oof,0.042251365930359296,672,0.5193452380952381,0.47845958422056983,1.4508230321996611,0.47845958422056983,0.6343688634251438,,,,,,,
augmented_catboost_hb,anemia_class,cbc_only,development_oof,0.029833328394420988,672,0.5550595238095238,0.448981965903452,1.1651617426239824,0.448981965903452,0.5787705187209985,,,,,,,
augmented_catboost_hb,anemia_class,hb_only,development_oof,0.012041273460580378,672,0.2619047619047619,0.09139689977335774,1.818565549290251,0.09139689977335774,0.8101162148001841,,,,,,,
augmented_catboost_hb,anemia_class,no_iron,development_oof,0.06544442570125415,672,0.7604166666666666,0.7504643299348711,0.7687586632690062,0.7504643299348711,0.3827005624946428,,,,,,,
augmented_catboost_hb,anemia_class,no_B12,development_oof,0.0470923385033561,672,0.7544642857142857,0.7161961137665412,0.6701248010269781,0.7161961137665412,0.34058747667832034,,,,,,,
augmented_catboost_hb,anemia_class,no_folate,development_oof,0.036099394590956395,672,0.7752976190476191,0.7371747231636835,0.6524093380467811,0.7371747231636835,0.3281287325901857,,,,,,,
augmented_catboost_hb,anemia_class,no_B6,development_oof,0.03041176891012683,672,0.8110119047619048,0.7596454792990582,0.6066752989426478,0.7596454792990582,0.2983256585085047,,,,,,,
augmented_catboost_hb,anemia_class,no_copper,development_oof,0.018057517556392615,672,0.7976190476190477,0.7238495199155816,0.6241212819079828,0.7238495199155816,0.30577911930447343,,,,,,,
augmented_catboost_hb,anemia_class,no_hemoglobin,development_oof,0.04218779853372604,672,0.7886904761904762,0.7618777993558337,0.8192146969681913,0.7618777993558337,0.37808683515961927,,,,,,,
augmented_catboost_hb,anemia_class,no_demographics,development_oof,0.03070289839369407,672,0.7886904761904762,0.7612770178748917,0.7462453567185854,0.7612770178748917,0.34605115606636466,,,,,,,
balanced_catboost_hb,anemia_class,available,development_oof,0.03180877045533595,672,0.8363095238095238,0.823128648608687,0.5650695407482454,0.823128648608687,0.27703897813199385,,,,,,,
balanced_catboost_hb,anemia_class,drop30,development_oof,0.034922986185702935,672,0.7083333333333334,0.6880131442760157,0.9415151591426509,0.6880131442760157,0.4449562628085819,,,,,,,
balanced_catboost_hb,anemia_class,drop60,development_oof,0.058416195448843376,672,0.5342261904761905,0.5003035226844464,1.4637092256740547,0.5003035226844464,0.6391378796743519,,,,,,,
balanced_catboost_hb,anemia_class,cbc_only,development_oof,0.022321228016846238,672,0.5669642857142857,0.4827264824843978,1.1762746079373148,0.4827264824843978,0.5835738541612502,,,,,,,
balanced_catboost_hb,anemia_class,hb_only,development_oof,0.013034929282022337,672,0.2619047619047619,0.12406062096182173,1.8435465081912132,0.12406062096182173,0.8156668773348963,,,,,,,
balanced_catboost_hb,anemia_class,no_iron,development_oof,0.04892806460150567,672,0.7574404761904762,0.7484054261197272,0.7773790727534091,0.7484054261197272,0.3839368531038474,,,,,,,
balanced_catboost_hb,anemia_class,no_B12,development_oof,0.04367779504928204,672,0.7693452380952381,0.7356614897275634,0.6682201244248686,0.7356614897275634,0.3360470387633447,,,,,,,
balanced_catboost_hb,anemia_class,no_folate,development_oof,0.033259666928303296,672,0.7901785714285714,0.76484136554787,0.6482666384645103,0.76484136554787,0.3229836302851331,,,,,,,
balanced_catboost_hb,anemia_class,no_B6,development_oof,0.02557647074347794,672,0.8199404761904762,0.7870037600215115,0.5994345129410116,0.7870037600215115,0.29278103089232294,,,,,,,
balanced_catboost_hb,anemia_class,no_copper,development_oof,0.033888566462001404,672,0.8050595238095238,0.7509899836380779,0.6157872034859933,0.7509899836380779,0.3008272436682506,,,,,,,
balanced_catboost_hb,anemia_class,no_hemoglobin,development_oof,0.025116800215554052,672,0.7991071428571429,0.7848738787479911,0.8222564402138055,0.7848738787479911,0.37876089582693206,,,,,,,
balanced_catboost_hb,anemia_class,no_demographics,development_oof,0.034719489336853,672,0.8005952380952381,0.7807886717886605,0.7497854648835686,0.7807886717886605,0.3454599067871213,,,,,,,
augmented_trees_hb,anemia_class,available,development_oof,0.023949173383374225,672,0.875,0.8631465282686016,0.5523258667763116,0.8631465282686016,0.2556069058797824,,,,,,,
augmented_trees_hb,anemia_class,drop30,development_oof,0.022632549128867054,672,0.7633928571428571,0.7399485899336216,0.9399685262764171,0.7399485899336216,0.42914396391863413,,,,,,,
augmented_trees_hb,anemia_class,drop60,development_oof,0.0589413435358462,672,0.5729166666666666,0.5308443982997937,1.4363992113698962,0.5308443982997937,0.622074427136682,,,,,,,
augmented_trees_hb,anemia_class,cbc_only,development_oof,0.016227743308247975,672,0.5297619047619048,0.4321757842781196,1.2115117641726103,0.4321757842781196,0.5932071745217717,,,,,,,
augmented_trees_hb,anemia_class,hb_only,development_oof,0.007299746522484985,672,0.22172619047619047,0.06922002974634554,1.8154333952578763,0.06922002974634554,0.8176207529296823,,,,,,,
augmented_trees_hb,anemia_class,no_iron,development_oof,0.06134592958397157,672,0.7931547619047619,0.788233663822851,0.7514083737649313,0.788233663822851,0.36043841365958,,,,,,,
augmented_trees_hb,anemia_class,no_B12,development_oof,0.03411248378176342,672,0.7961309523809523,0.7614931788589314,0.660682390391539,0.7614931788589314,0.3220542235389053,,,,,,,
augmented_trees_hb,anemia_class,no_folate,development_oof,0.04469232894915985,672,0.7946428571428571,0.7559121368097811,0.6758295000797783,0.7559121368097811,0.33084324730344095,,,,,,,
augmented_trees_hb,anemia_class,no_B6,development_oof,0.021147710352480233,672,0.8497023809523809,0.8066019246114352,0.5968321161664438,0.8066019246114352,0.27448306624431495,,,,,,,
augmented_trees_hb,anemia_class,no_copper,development_oof,0.023657555838283814,672,0.8467261904761905,0.7832643787422128,0.6193372413326802,0.7832643787422128,0.28027647175111514,,,,,,,
augmented_trees_hb,anemia_class,no_hemoglobin,development_oof,0.026701197570378716,672,0.84375,0.8227571574683706,0.8639858711152106,0.8227571574683706,0.38376757641005904,,,,,,,
augmented_trees_hb,anemia_class,no_demographics,development_oof,0.027777598060324735,672,0.8482142857142857,0.8259571840341291,0.7742837131019012,0.8259571840341291,0.3448948770261877,,,,,,,
panel_expert_hb,anemia_class,available,development_oof,0.036797662598103235,672,0.8258928571428571,0.8009917041742689,0.5706491679109114,0.8009917041742689,0.28272764997059946,,,,,,,
panel_expert_hb,anemia_class,drop30,development_oof,0.03711816799154533,672,0.6979166666666666,0.6628541777343262,0.9457756031415224,0.6628541777343262,0.44999360901155905,,,,,,,
panel_expert_hb,anemia_class,drop60,development_oof,0.042251365930359296,672,0.5193452380952381,0.47845958422056983,1.4508230321996611,0.47845958422056983,0.6343688634251438,,,,,,,
panel_expert_hb,anemia_class,cbc_only,development_oof,0.029833328394420988,672,0.5550595238095238,0.448981965903452,1.1651617426239824,0.448981965903452,0.5787705187209985,,,,,,,
panel_expert_hb,anemia_class,hb_only,development_oof,0.012041273460580378,672,0.2619047619047619,0.09139689977335774,1.818565549290251,0.09139689977335774,0.8101162148001841,,,,,,,
panel_expert_hb,anemia_class,no_iron,development_oof,0.06544442570125415,672,0.7604166666666666,0.7504643299348711,0.7687586632690062,0.7504643299348711,0.3827005624946428,,,,,,,
panel_expert_hb,anemia_class,no_B12,development_oof,0.0470923385033561,672,0.7544642857142857,0.7161961137665412,0.6701248010269781,0.7161961137665412,0.34058747667832034,,,,,,,
panel_expert_hb,anemia_class,no_folate,development_oof,0.036099394590956395,672,0.7752976190476191,0.7371747231636835,0.6524093380467811,0.7371747231636835,0.3281287325901857,,,,,,,
panel_expert_hb,anemia_class,no_B6,development_oof,0.03041176891012683,672,0.8110119047619048,0.7596454792990582,0.6066752989426478,0.7596454792990582,0.2983256585085047,,,,,,,
panel_expert_hb,anemia_class,no_copper,development_oof,0.018057517556392615,672,0.7976190476190477,0.7238495199155816,0.6241212819079828,0.7238495199155816,0.30577911930447343,,,,,,,
panel_expert_hb,anemia_class,no_hemoglobin,development_oof,0.04218779853372604,672,0.7886904761904762,0.7618777993558337,0.8192146969681913,0.7618777993558337,0.37808683515961927,,,,,,,
panel_expert_hb,anemia_class,no_demographics,development_oof,0.03070289839369407,672,0.7886904761904762,0.7612770178748917,0.7462453567185854,0.7612770178748917,0.34605115606636466,,,,,,,
balanced_catboost_cbc_hb,anemia_class,available,development_oof,0.05131104292832393,672,0.5476190476190477,0.47267479196375684,1.1353740068390927,0.47267479196375684,0.5740593084372145,,,,,,,
balanced_catboost_cbc_hb,anemia_class,drop30,development_oof,0.04376739248520776,672,0.4568452380952381,0.4100708769469004,1.452425595081806,0.4100708769469004,0.6779969254583487,,,,,,,
balanced_catboost_cbc_hb,anemia_class,drop60,development_oof,0.06677402482196976,672,0.32142857142857145,0.27671690259830173,1.8446713076351007,0.27671690259830173,0.7849502949701884,,,,,,,
balanced_catboost_cbc_hb,anemia_class,cbc_only,development_oof,0.05131104292832393,672,0.5476190476190477,0.47267479196375684,1.1353740068390927,0.47267479196375684,0.5740593084372145,,,,,,,
balanced_catboost_cbc_hb,anemia_class,hb_only,development_oof,0.020819534099901647,672,0.25,0.14162562657071354,1.828273634933609,0.14162562657071354,0.8143530409915627,,,,,,,
balanced_catboost_cbc_hb,anemia_class,no_iron,development_oof,0.05131104292832393,672,0.5476190476190477,0.47267479196375684,1.1353740068390927,0.47267479196375684,0.5740593084372145,,,,,,,
balanced_catboost_cbc_hb,anemia_class,no_B12,development_oof,0.05131104292832393,672,0.5476190476190477,0.47267479196375684,1.1353740068390927,0.47267479196375684,0.5740593084372145,,,,,,,
balanced_catboost_cbc_hb,anemia_class,no_folate,development_oof,0.05131104292832393,672,0.5476190476190477,0.47267479196375684,1.1353740068390927,0.47267479196375684,0.5740593084372145,,,,,,,
balanced_catboost_cbc_hb,anemia_class,no_B6,development_oof,0.05131104292832393,672,0.5476190476190477,0.47267479196375684,1.1353740068390927,0.47267479196375684,0.5740593084372145,,,,,,,
balanced_catboost_cbc_hb,anemia_class,no_copper,development_oof,0.05131104292832393,672,0.5476190476190477,0.47267479196375684,1.1353740068390927,0.47267479196375684,0.5740593084372145,,,,,,,
balanced_catboost_cbc_hb,anemia_class,no_hemoglobin,development_oof,0.05262696047787348,672,0.5029761904761905,0.4340469038463189,1.3770118251424812,0.4340469038463189,0.6367755417309768,,,,,,,
balanced_catboost_cbc_hb,anemia_class,no_demographics,development_oof,0.05687635654386557,672,0.5327380952380952,0.4618736806535348,1.3116309208050208,0.4618736806535348,0.6125565500122465,,,,,,,
balanced_trees_cbc_hb,anemia_class,available,development_oof,0.015339512703637249,672,0.5431547619047619,0.4632658366129068,1.1704563395090066,0.4632658366129068,0.5886554304924584,,,,,,,
balanced_trees_cbc_hb,anemia_class,drop30,development_oof,0.051859108872555966,672,0.47619047619047616,0.389899153031619,1.4164893898528708,0.389899153031619,0.6685834986307626,,,,,,,
balanced_trees_cbc_hb,anemia_class,drop60,development_oof,0.04627777792798156,672,0.36607142857142855,0.3119031644403125,1.7620770502767358,0.3119031644403125,0.7591319856815557,,,,,,,
balanced_trees_cbc_hb,anemia_class,cbc_only,development_oof,0.015339512703637249,672,0.5431547619047619,0.4632658366129068,1.1704563395090066,0.4632658366129068,0.5886554304924584,,,,,,,
balanced_trees_cbc_hb,anemia_class,hb_only,development_oof,0.016194126050617475,672,0.23511904761904762,0.15965804079288615,1.8195597891635784,0.15965804079288615,0.8140375473328367,,,,,,,
balanced_trees_cbc_hb,anemia_class,no_iron,development_oof,0.015339512703637249,672,0.5431547619047619,0.4632658366129068,1.1704563395090066,0.4632658366129068,0.5886554304924584,,,,,,,
balanced_trees_cbc_hb,anemia_class,no_B12,development_oof,0.015339512703637249,672,0.5431547619047619,0.4632658366129068,1.1704563395090066,0.4632658366129068,0.5886554304924584,,,,,,,
balanced_trees_cbc_hb,anemia_class,no_folate,development_oof,0.015339512703637249,672,0.5431547619047619,0.4632658366129068,1.1704563395090066,0.4632658366129068,0.5886554304924584,,,,,,,
balanced_trees_cbc_hb,anemia_class,no_B6,development_oof,0.015339512703637249,672,0.5431547619047619,0.4632658366129068,1.1704563395090066,0.4632658366129068,0.5886554304924584,,,,,,,
balanced_trees_cbc_hb,anemia_class,no_copper,development_oof,0.015339512703637249,672,0.5431547619047619,0.4632658366129068,1.1704563395090066,0.4632658366129068,0.5886554304924584,,,,,,,
balanced_trees_cbc_hb,anemia_class,no_hemoglobin,development_oof,0.04164264308989483,672,0.5342261904761905,0.4466716138223088,1.4079045939823982,0.4466716138223088,0.647938744686852,,,,,,,
balanced_trees_cbc_hb,anemia_class,no_demographics,development_oof,0.034330318269552074,672,0.5491071428571429,0.47831610948973674,1.372848731722914,0.47831610948973674,0.6332142355498999,,,,,,,
