config,target,scenario,partition,label,precision,recall,f1,support
logistic,anemia_class,available,development_oof,B12_deficiency_anemia,0.7647058823529411,0.75,0.7572815533980582,52
logistic,anemia_class,available,development_oof,B12_deficiency_no_anemia,0.9459459459459459,0.875,0.9090909090909091,40
logistic,anemia_class,available,development_oof,B6_deficiency,0.875,0.75,0.8076923076923077,28
logistic,anemia_class,available,development_oof,anemia_other,0.7846153846153846,0.85,0.816,60
logistic,anemia_class,available,development_oof,copper_deficiency,0.96,0.8571428571428571,0.9056603773584906,28
logistic,anemia_class,available,development_oof,folate_deficiency_anemia,0.6888888888888889,0.775,0.7294117647058823,40
logistic,anemia_class,available,development_oof,folate_deficiency_no_anemia,0.5862068965517241,0.53125,0.5573770491803278,32
logistic,anemia_class,available,development_oof,inflammation_anemia,1.0,0.9230769230769231,0.96,52
logistic,anemia_class,available,development_oof,iron_deficiency_anemia,0.7714285714285715,0.8804347826086957,0.8223350253807107,92
logistic,anemia_class,available,development_oof,latent_deficiency,0.921875,0.8676470588235294,0.8939393939393939,68
logistic,anemia_class,available,development_oof,mixed_deficiency,0.8095238095238095,0.7391304347826086,0.7727272727272727,92
logistic,anemia_class,available,development_oof,no_anemia_no_deficiency,0.8315789473684211,0.8977272727272727,0.8633879781420765,88
logistic,anemia_class,drop30,development_oof,B12_deficiency_anemia,0.7948717948717948,0.5961538461538461,0.6813186813186813,52
logistic,anemia_class,drop30,development_oof,B12_deficiency_no_anemia,0.6538461538461539,0.85,0.7391304347826086,40
logistic,anemia_class,drop30,development_oof,B6_deficiency,0.6363636363636364,0.5,0.56,28
logistic,anemia_class,drop30,development_oof,anemia_other,0.5176470588235295,0.7333333333333333,0.6068965517241379,60
logistic,anemia_class,drop30,development_oof,copper_deficiency,0.8571428571428571,0.6428571428571429,0.7346938775510204,28
logistic,anemia_class,drop30,development_oof,folate_deficiency_anemia,0.5,0.225,0.3103448275862069,40
logistic,anemia_class,drop30,development_oof,folate_deficiency_no_anemia,0.375,0.65625,0.4772727272727273,32
logistic,anemia_class,drop30,development_oof,inflammation_anemia,0.9534883720930233,0.7884615384615384,0.8631578947368421,52
logistic,anemia_class,drop30,development_oof,iron_deficiency_anemia,0.5826086956521739,0.7282608695652174,0.6473429951690821,92
logistic,anemia_class,drop30,development_oof,latent_deficiency,0.8070175438596491,0.6764705882352942,0.736,68
logistic,anemia_class,drop30,development_oof,mixed_deficiency,0.7301587301587301,0.5,0.5935483870967742,92
logistic,anemia_class,drop30,development_oof,no_anemia_no_deficiency,0.6831683168316832,0.7840909090909091,0.7301587301587301,88
logistic,anemia_class,drop60,development_oof,B12_deficiency_anemia,0.6944444444444444,0.4807692307692308,0.5681818181818182,52
logistic,anemia_class,drop60,development_oof,B12_deficiency_no_anemia,0.475,0.475,0.475,40
logistic,anemia_class,drop60,development_oof,B6_deficiency,0.6153846153846154,0.2857142857142857,0.3902439024390244,28
logistic,anemia_class,drop60,development_oof,anemia_other,0.3076923076923077,0.6,0.4067796610169492,60
logistic,anemia_class,drop60,development_oof,copper_deficiency,0.7692307692307693,0.35714285714285715,0.4878048780487805,28
logistic,anemia_class,drop60,development_oof,folate_deficiency_anemia,0.0,0.0,0.0,40
logistic,anemia_class,drop60,development_oof,folate_deficiency_no_anemia,0.1322314049586777,0.5,0.20915032679738563,32
logistic,anemia_class,drop60,development_oof,inflammation_anemia,0.8823529411764706,0.5769230769230769,0.6976744186046512,52
logistic,anemia_class,drop60,development_oof,iron_deficiency_anemia,0.4330708661417323,0.5978260869565217,0.502283105022831,92
logistic,anemia_class,drop60,development_oof,latent_deficiency,0.7380952380952381,0.45588235294117646,0.5636363636363636,68
logistic,anemia_class,drop60,development_oof,mixed_deficiency,0.7647058823529411,0.14130434782608695,0.23853211009174313,92
logistic,anemia_class,drop60,development_oof,no_anemia_no_deficiency,0.4375,0.5568181818181818,0.49,88
logistic,anemia_class,cbc_only,development_oof,B12_deficiency_anemia,0.4166666666666667,0.28846153846153844,0.3409090909090909,52
logistic,anemia_class,cbc_only,development_oof,B12_deficiency_no_anemia,0.06666666666666667,0.025,0.03636363636363636,40
logistic,anemia_class,cbc_only,development_oof,B6_deficiency,0.0,0.0,0.0,28
logistic,anemia_class,cbc_only,development_oof,anemia_other,0.3181818181818182,0.4666666666666667,0.3783783783783784,60
logistic,anemia_class,cbc_only,development_oof,copper_deficiency,0.0,0.0,0.0,28
logistic,anemia_class,cbc_only,development_oof,folate_deficiency_anemia,0.0,0.0,0.0,40
logistic,anemia_class,cbc_only,development_oof,folate_deficiency_no_anemia,0.08130081300813008,0.3125,0.12903225806451613,32
logistic,anemia_class,cbc_only,development_oof,inflammation_anemia,0.0,0.0,0.0,52
logistic,anemia_class,cbc_only,development_oof,iron_deficiency_anemia,0.39520958083832336,0.717391304347826,0.5096525096525096,92
logistic,anemia_class,cbc_only,development_oof,latent_deficiency,0.68,0.25,0.3655913978494624,68
logistic,anemia_class,cbc_only,development_oof,mixed_deficiency,0.0,0.0,0.0,92
logistic,anemia_class,cbc_only,development_oof,no_anemia_no_deficiency,0.3953488372093023,0.9659090909090909,0.5610561056105611,88
logistic,anemia_class,hb_only,development_oof,B12_deficiency_anemia,0.0,0.0,0.0,52
logistic,anemia_class,hb_only,development_oof,B12_deficiency_no_anemia,0.0,0.0,0.0,40
logistic,anemia_class,hb_only,development_oof,B6_deficiency,0.0,0.0,0.0,28
logistic,anemia_class,hb_only,development_oof,anemia_other,0.14666666666666667,0.18333333333333332,0.16296296296296298,60
logistic,anemia_class,hb_only,development_oof,copper_deficiency,0.0,0.0,0.0,28
logistic,anemia_class,hb_only,development_oof,folate_deficiency_anemia,0.0,0.0,0.0,40
logistic,anemia_class,hb_only,development_oof,folate_deficiency_no_anemia,0.04709141274238227,0.53125,0.08651399491094147,32
logistic,anemia_class,hb_only,development_oof,inflammation_anemia,0.0,0.0,0.0,52
logistic,anemia_class,hb_only,development_oof,iron_deficiency_anemia,0.18333333333333332,0.11956521739130435,0.14473684210526316,92
logistic,anemia_class,hb_only,development_oof,latent_deficiency,0.0,0.0,0.0,68
logistic,anemia_class,hb_only,development_oof,mixed_deficiency,0.0,0.0,0.0,92
logistic,anemia_class,hb_only,development_oof,no_anemia_no_deficiency,0.3181818181818182,0.6363636363636364,0.42424242424242425,88
logistic,anemia_class,no_iron,development_oof,B12_deficiency_anemia,0.673469387755102,0.6346153846153846,0.6534653465346535,52
logistic,anemia_class,no_iron,development_oof,B12_deficiency_no_anemia,0.74,0.925,0.8222222222222222,40
logistic,anemia_class,no_iron,development_oof,B6_deficiency,0.575,0.8214285714285714,0.6764705882352942,28
logistic,anemia_class,no_iron,development_oof,anemia_other,0.5769230769230769,0.75,0.6521739130434783,60
logistic,anemia_class,no_iron,development_oof,copper_deficiency,0.7878787878787878,0.9285714285714286,0.8524590163934426,28
logistic,anemia_class,no_iron,development_oof,folate_deficiency_anemia,0.6875,0.55,0.6111111111111112,40
logistic,anemia_class,no_iron,development_oof,folate_deficiency_no_anemia,0.5263157894736842,0.625,0.5714285714285714,32
logistic,anemia_class,no_iron,development_oof,inflammation_anemia,0.9666666666666667,0.5576923076923077,0.7073170731707317,52
logistic,anemia_class,no_iron,development_oof,iron_deficiency_anemia,0.7252747252747253,0.717391304347826,0.7213114754098361,92
logistic,anemia_class,no_iron,development_oof,latent_deficiency,1.0,0.07352941176470588,0.136986301369863,68
logistic,anemia_class,no_iron,development_oof,mixed_deficiency,0.746031746031746,0.5108695652173914,0.6064516129032258,92
logistic,anemia_class,no_iron,development_oof,no_anemia_no_deficiency,0.5214723926380368,0.9659090909090909,0.6772908366533864,88
logistic,anemia_class,no_B12,development_oof,B12_deficiency_anemia,0.6935483870967742,0.8269230769230769,0.7543859649122807,52
logistic,anemia_class,no_B12,development_oof,B12_deficiency_no_anemia,1.0,0.075,0.13953488372093023,40
logistic,anemia_class,no_B12,development_oof,B6_deficiency,0.9047619047619048,0.6785714285714286,0.7755102040816326,28
logistic,anemia_class,no_B12,development_oof,anemia_other,0.7285714285714285,0.85,0.7846153846153846,60
logistic,anemia_class,no_B12,development_oof,copper_deficiency,0.8888888888888888,0.8571428571428571,0.8727272727272727,28
logistic,anemia_class,no_B12,development_oof,folate_deficiency_anemia,0.6,0.6,0.6,40
logistic,anemia_class,no_B12,development_oof,folate_deficiency_no_anemia,0.4166666666666667,0.625,0.5,32
logistic,anemia_class,no_B12,development_oof,inflammation_anemia,1.0,0.9038461538461539,0.9494949494949495,52
logistic,anemia_class,no_B12,development_oof,iron_deficiency_anemia,0.7181818181818181,0.8586956521739131,0.7821782178217822,92
logistic,anemia_class,no_B12,development_oof,latent_deficiency,0.9242424242424242,0.8970588235294118,0.9104477611940298,68
logistic,anemia_class,no_B12,development_oof,mixed_deficiency,0.8333333333333334,0.5434782608695652,0.6578947368421053,92
logistic,anemia_class,no_B12,development_oof,no_anemia_no_deficiency,0.6694915254237288,0.8977272727272727,0.7669902912621359,88
logistic,anemia_class,no_folate,development_oof,B12_deficiency_anemia,0.6133333333333333,0.8846153846153846,0.7244094488188977,52
logistic,anemia_class,no_folate,development_oof,B12_deficiency_no_anemia,0.8857142857142857,0.775,0.8266666666666667,40
logistic,anemia_class,no_folate,development_oof,B6_deficiency,0.8076923076923077,0.75,0.7777777777777778,28
logistic,anemia_class,no_folate,development_oof,anemia_other,0.6842105263157895,0.8666666666666667,0.7647058823529411,60
logistic,anemia_class,no_folate,development_oof,copper_deficiency,0.9259259259259259,0.8928571428571429,0.9090909090909091,28
logistic,anemia_class,no_folate,development_oof,folate_deficiency_anemia,0.8421052631578947,0.4,0.5423728813559322,40
logistic,anemia_class,no_folate,development_oof,folate_deficiency_no_anemia,0.5,0.15625,0.23809523809523808,32
logistic,anemia_class,no_folate,development_oof,inflammation_anemia,1.0,0.9230769230769231,0.96,52
logistic,anemia_class,no_folate,development_oof,iron_deficiency_anemia,0.6896551724137931,0.8695652173913043,0.7692307692307693,92
logistic,anemia_class,no_folate,development_oof,latent_deficiency,0.8923076923076924,0.8529411764705882,0.8721804511278195,68
logistic,anemia_class,no_folate,development_oof,mixed_deficiency,0.8703703703703703,0.5108695652173914,0.6438356164383562,92
logistic,anemia_class,no_folate,development_oof,no_anemia_no_deficiency,0.6859504132231405,0.9431818181818182,0.7942583732057417,88
logistic,anemia_class,no_B6,development_oof,B12_deficiency_anemia,0.75,0.75,0.75,52
logistic,anemia_class,no_B6,development_oof,B12_deficiency_no_anemia,0.9210526315789473,0.875,0.8974358974358975,40
logistic,anemia_class,no_B6,development_oof,B6_deficiency,0.3333333333333333,0.03571428571428571,0.06451612903225806,28
logistic,anemia_class,no_B6,development_oof,anemia_other,0.7323943661971831,0.8666666666666667,0.7938931297709924,60
logistic,anemia_class,no_B6,development_oof,copper_deficiency,0.96,0.8571428571428571,0.9056603773584906,28
logistic,anemia_class,no_B6,development_oof,folate_deficiency_anemia,0.7021276595744681,0.825,0.7586206896551724,40
logistic,anemia_class,no_B6,development_oof,folate_deficiency_no_anemia,0.5862068965517241,0.53125,0.5573770491803278,32
logistic,anemia_class,no_B6,development_oof,inflammation_anemia,0.9411764705882353,0.9230769230769231,0.9320388349514563,52
logistic,anemia_class,no_B6,development_oof,iron_deficiency_anemia,0.7547169811320755,0.8695652173913043,0.8080808080808081,92
logistic,anemia_class,no_B6,development_oof,latent_deficiency,0.921875,0.8676470588235294,0.8939393939393939,68
logistic,anemia_class,no_B6,development_oof,mixed_deficiency,0.8170731707317073,0.7282608695652174,0.7701149425287356,92
logistic,anemia_class,no_B6,development_oof,no_anemia_no_deficiency,0.7692307692307693,0.9090909090909091,0.8333333333333334,88
logistic,anemia_class,no_copper,development_oof,B12_deficiency_anemia,0.8333333333333334,0.7692307692307693,0.8,52
logistic,anemia_class,no_copper,development_oof,B12_deficiency_no_anemia,0.8536585365853658,0.875,0.8641975308641975,40
logistic,anemia_class,no_copper,development_oof,B6_deficiency,0.88,0.7857142857142857,0.8301886792452831,28
logistic,anemia_class,no_copper,development_oof,anemia_other,0.7162162162162162,0.8833333333333333,0.7910447761194029,60
logistic,anemia_class,no_copper,development_oof,copper_deficiency,0.0,0.0,0.0,28
logistic,anemia_class,no_copper,development_oof,folate_deficiency_anemia,0.6326530612244898,0.775,0.6966292134831461,40
logistic,anemia_class,no_copper,development_oof,folate_deficiency_no_anemia,0.5625,0.5625,0.5625,32
logistic,anemia_class,no_copper,development_oof,inflammation_anemia,1.0,0.9615384615384616,0.9803921568627451,52
logistic,anemia_class,no_copper,development_oof,iron_deficiency_anemia,0.7961165048543689,0.8913043478260869,0.841025641025641,92
logistic,anemia_class,no_copper,development_oof,latent_deficiency,0.9384615384615385,0.8970588235294118,0.9172932330827067,68
logistic,anemia_class,no_copper,development_oof,mixed_deficiency,0.8295454545454546,0.7934782608695652,0.8111111111111111,92
logistic,anemia_class,no_copper,development_oof,no_anemia_no_deficiency,0.8041237113402062,0.8863636363636364,0.8432432432432433,88
logistic,anemia_class,no_hemoglobin,development_oof,B12_deficiency_anemia,0.7647058823529411,0.75,0.7572815533980582,52
logistic,anemia_class,no_hemoglobin,development_oof,B12_deficiency_no_anemia,0.9,0.9,0.9,40
logistic,anemia_class,no_hemoglobin,development_oof,B6_deficiency,0.75,0.75,0.75,28
logistic,anemia_class,no_hemoglobin,development_oof,anemia_other,0.7391304347826086,0.85,0.7906976744186046,60
logistic,anemia_class,no_hemoglobin,development_oof,copper_deficiency,0.9285714285714286,0.9285714285714286,0.9285714285714286,28
logistic,anemia_class,no_hemoglobin,development_oof,folate_deficiency_anemia,0.6444444444444445,0.725,0.6823529411764706,40
logistic,anemia_class,no_hemoglobin,development_oof,folate_deficiency_no_anemia,0.4444444444444444,0.5,0.47058823529411764,32
logistic,anemia_class,no_hemoglobin,development_oof,inflammation_anemia,0.9795918367346939,0.9230769230769231,0.9504950495049505,52
logistic,anemia_class,no_hemoglobin,development_oof,iron_deficiency_anemia,0.7641509433962265,0.8804347826086957,0.8181818181818182,92
logistic,anemia_class,no_hemoglobin,development_oof,latent_deficiency,0.9333333333333333,0.8235294117647058,0.875,68
logistic,anemia_class,no_hemoglobin,development_oof,mixed_deficiency,0.8023255813953488,0.75,0.7752808988764045,92
logistic,anemia_class,no_hemoglobin,development_oof,no_anemia_no_deficiency,0.8648648648648649,0.7272727272727273,0.7901234567901234,88
logistic,anemia_class,no_demographics,development_oof,B12_deficiency_anemia,0.78,0.75,0.7647058823529411,52
logistic,anemia_class,no_demographics,development_oof,B12_deficiency_no_anemia,1.0,0.875,0.9333333333333333,40
logistic,anemia_class,no_demographics,development_oof,B6_deficiency,0.875,0.75,0.8076923076923077,28
logistic,anemia_class,no_demographics,development_oof,anemia_other,0.8253968253968254,0.8666666666666667,0.8455284552845529,60
logistic,anemia_class,no_demographics,development_oof,copper_deficiency,0.8928571428571429,0.8928571428571429,0.8928571428571429,28
logistic,anemia_class,no_demographics,development_oof,folate_deficiency_anemia,0.6666666666666666,0.7,0.6829268292682927,40
logistic,anemia_class,no_demographics,development_oof,folate_deficiency_no_anemia,0.5294117647058824,0.5625,0.5454545454545454,32
logistic,anemia_class,no_demographics,development_oof,inflammation_anemia,1.0,0.9423076923076923,0.9702970297029703,52
logistic,anemia_class,no_demographics,development_oof,iron_deficiency_anemia,0.8137254901960784,0.9021739130434783,0.8556701030927835,92
logistic,anemia_class,no_demographics,development_oof,latent_deficiency,0.8939393939393939,0.8676470588235294,0.8805970149253731,68
logistic,anemia_class,no_demographics,development_oof,mixed_deficiency,0.8313253012048193,0.75,0.7885714285714286,92
logistic,anemia_class,no_demographics,development_oof,no_anemia_no_deficiency,0.8333333333333334,0.9090909090909091,0.8695652173913043,88
logistic,iron_deficiency,available,development_oof,0,0.981941309255079,0.9908883826879271,0.9863945578231292,439
logistic,iron_deficiency,available,development_oof,1,0.982532751091703,0.9656652360515021,0.974025974025974,233
logistic,iron_deficiency,drop30,development_oof,0,0.937365010799136,0.9886104783599089,0.9623059866962306,439
logistic,iron_deficiency,drop30,development_oof,1,0.9760765550239234,0.8755364806866953,0.9230769230769231,233
logistic,iron_deficiency,drop60,development_oof,0,0.8631790744466801,0.9772209567198178,0.9166666666666666,439
logistic,iron_deficiency,drop60,development_oof,1,0.9428571428571428,0.7081545064377682,0.8088235294117647,233
logistic,iron_deficiency,cbc_only,development_oof,0,0.8114406779661016,0.8724373576309795,0.8408342480790341,439
logistic,iron_deficiency,cbc_only,development_oof,1,0.72,0.6180257510729614,0.6651270207852193,233
logistic,iron_deficiency,hb_only,development_oof,0,0.6532738095238095,1.0,0.7902790279027903,439
logistic,iron_deficiency,hb_only,development_oof,1,0.0,0.0,0.0,233
logistic,iron_deficiency,no_iron,development_oof,0,0.7178217821782178,0.9908883826879271,0.8325358851674641,439
logistic,iron_deficiency,no_iron,development_oof,1,0.9393939393939394,0.26609442060085836,0.41471571906354515,233
logistic,iron_deficiency,no_B12,development_oof,0,0.9863636363636363,0.9886104783599089,0.987485779294653,439
logistic,iron_deficiency,no_B12,development_oof,1,0.978448275862069,0.9742489270386266,0.9763440860215054,233
logistic,iron_deficiency,no_folate,development_oof,0,0.9841628959276018,0.9908883826879271,0.9875141884222475,439
logistic,iron_deficiency,no_folate,development_oof,1,0.9826086956521739,0.9699570815450643,0.9762419006479481,233
logistic,iron_deficiency,no_B6,development_oof,0,0.981859410430839,0.9863325740318907,0.9840909090909091,439
logistic,iron_deficiency,no_B6,development_oof,1,0.974025974025974,0.9656652360515021,0.9698275862068966,233
logistic,iron_deficiency,no_copper,development_oof,0,0.9797297297297297,0.9908883826879271,0.9852774631936579,439
logistic,iron_deficiency,no_copper,development_oof,1,0.9824561403508771,0.9613733905579399,0.9718004338394793,233
logistic,iron_deficiency,no_hemoglobin,development_oof,0,0.981941309255079,0.9908883826879271,0.9863945578231292,439
logistic,iron_deficiency,no_hemoglobin,development_oof,1,0.982532751091703,0.9656652360515021,0.974025974025974,233
logistic,iron_deficiency,no_demographics,development_oof,0,0.9841986455981941,0.9931662870159453,0.9886621315192744,439
logistic,iron_deficiency,no_demographics,development_oof,1,0.9868995633187773,0.9699570815450643,0.9783549783549783,233
logistic,B12_deficiency,available,development_oof,0,0.9752380952380952,0.9903288201160542,0.982725527831094,517
logistic,B12_deficiency,available,development_oof,1,0.9659863945578231,0.9161290322580645,0.9403973509933775,155
logistic,B12_deficiency,drop30,development_oof,0,0.9338235294117647,0.9825918762088974,0.9575871819038643,517
logistic,B12_deficiency,drop30,development_oof,1,0.9296875,0.7677419354838709,0.8409893992932862,155
logistic,B12_deficiency,drop60,development_oof,0,0.8923611111111112,0.9941972920696325,0.9405306495882891,517
logistic,B12_deficiency,drop60,development_oof,1,0.96875,0.6,0.7410358565737052,155
logistic,B12_deficiency,cbc_only,development_oof,0,0.7981072555205048,0.9787234042553191,0.8792354474370113,517
logistic,B12_deficiency,cbc_only,development_oof,1,0.7105263157894737,0.17419354838709677,0.27979274611398963,155
logistic,B12_deficiency,hb_only,development_oof,0,0.7693452380952381,1.0,0.8696383515559294,517
logistic,B12_deficiency,hb_only,development_oof,1,0.0,0.0,0.0,155
logistic,B12_deficiency,no_iron,development_oof,0,0.986328125,0.97678916827853,0.9815354713313897,517
logistic,B12_deficiency,no_iron,development_oof,1,0.925,0.9548387096774194,0.9396825396825397,155
logistic,B12_deficiency,no_B12,development_oof,0,0.8484349258649094,0.9961315280464217,0.9163701067615658,517
logistic,B12_deficiency,no_B12,development_oof,1,0.9692307692307692,0.4064516129032258,0.5727272727272728,155
logistic,B12_deficiency,no_folate,development_oof,0,0.9641509433962264,0.988394584139265,0.9761222540592168,517
logistic,B12_deficiency,no_folate,development_oof,1,0.9577464788732394,0.8774193548387097,0.9158249158249159,155
logistic,B12_deficiency,no_B6,development_oof,0,0.9788867562380038,0.9864603481624759,0.9826589595375722,517
logistic,B12_deficiency,no_B6,development_oof,1,0.9536423841059603,0.9290322580645162,0.9411764705882353,155
logistic,B12_deficiency,no_copper,development_oof,0,0.9752380952380952,0.9903288201160542,0.982725527831094,517
logistic,B12_deficiency,no_copper,development_oof,1,0.9659863945578231,0.9161290322580645,0.9403973509933775,155
logistic,B12_deficiency,no_hemoglobin,development_oof,0,0.9751908396946565,0.988394584139265,0.9817483189241114,517
logistic,B12_deficiency,no_hemoglobin,development_oof,1,0.9594594594594594,0.9161290322580645,0.9372937293729373,155
logistic,B12_deficiency,no_demographics,development_oof,0,0.9771863117870723,0.9941972920696325,0.9856184084372004,517
logistic,B12_deficiency,no_demographics,development_oof,1,0.9794520547945206,0.9225806451612903,0.9501661129568106,155
logistic,folate_deficiency,available,development_oof,0,0.9468085106382979,0.967391304347826,0.956989247311828,552
logistic,folate_deficiency,available,development_oof,1,0.8333333333333334,0.75,0.7894736842105263,120
logistic,folate_deficiency,drop30,development_oof,0,0.9100346020761245,0.9528985507246377,0.9309734513274336,552
logistic,folate_deficiency,drop30,development_oof,1,0.723404255319149,0.5666666666666667,0.6355140186915887,120
logistic,folate_deficiency,drop60,development_oof,0,0.8735440931780366,0.9510869565217391,0.9106678230702515,552
logistic,folate_deficiency,drop60,development_oof,1,0.6197183098591549,0.36666666666666664,0.4607329842931937,120
logistic,folate_deficiency,cbc_only,development_oof,0,0.8432956381260097,0.9456521739130435,0.8915456874466268,552
logistic,folate_deficiency,cbc_only,development_oof,1,0.4339622641509434,0.19166666666666668,0.2658959537572254,120
logistic,folate_deficiency,hb_only,development_oof,0,0.8214285714285714,1.0,0.9019607843137255,552
logistic,folate_deficiency,hb_only,development_oof,1,0.0,0.0,0.0,120
logistic,folate_deficiency,no_iron,development_oof,0,0.9438596491228071,0.9746376811594203,0.9590017825311943,552
logistic,folate_deficiency,no_iron,development_oof,1,0.8627450980392157,0.7333333333333333,0.7927927927927928,120
logistic,folate_deficiency,no_B12,development_oof,0,0.9537037037037037,0.9329710144927537,0.9432234432234432,552
logistic,folate_deficiency,no_B12,development_oof,1,0.7196969696969697,0.7916666666666666,0.753968253968254,120
logistic,folate_deficiency,no_folate,development_oof,0,0.8356374807987711,0.9855072463768116,0.9044056525353283,552
logistic,folate_deficiency,no_folate,development_oof,1,0.6190476190476191,0.10833333333333334,0.18439716312056736,120
logistic,folate_deficiency,no_B6,development_oof,0,0.9532374100719424,0.9601449275362319,0.9566787003610109,552
logistic,folate_deficiency,no_B6,development_oof,1,0.8103448275862069,0.7833333333333333,0.7966101694915254,120
logistic,folate_deficiency,no_copper,development_oof,0,0.9514388489208633,0.9583333333333334,0.9548736462093863,552
logistic,folate_deficiency,no_copper,development_oof,1,0.8017241379310345,0.775,0.788135593220339,120
logistic,folate_deficiency,no_hemoglobin,development_oof,0,0.9452296819787986,0.9692028985507246,0.9570661896243292,552
logistic,folate_deficiency,no_hemoglobin,development_oof,1,0.839622641509434,0.7416666666666667,0.7876106194690266,120
logistic,folate_deficiency,no_demographics,development_oof,0,0.9468085106382979,0.967391304347826,0.956989247311828,552
logistic,folate_deficiency,no_demographics,development_oof,1,0.8333333333333334,0.75,0.7894736842105263,120
logistic,B6_deficiency,available,development_oof,0,0.9846153846153847,0.9937888198757764,0.9891808346213292,644
logistic,B6_deficiency,available,development_oof,1,0.8181818181818182,0.6428571428571429,0.72,28
logistic,B6_deficiency,drop30,development_oof,0,0.9727272727272728,0.9968944099378882,0.9846625766871165,644
logistic,B6_deficiency,drop30,development_oof,1,0.8333333333333334,0.35714285714285715,0.5,28
logistic,B6_deficiency,drop60,development_oof,0,0.9640179910044977,0.9984472049689441,0.9809305873379099,644
logistic,B6_deficiency,drop60,development_oof,1,0.8,0.14285714285714285,0.24242424242424243,28
logistic,B6_deficiency,cbc_only,development_oof,0,0.9583333333333334,1.0,0.9787234042553191,644
logistic,B6_deficiency,cbc_only,development_oof,1,0.0,0.0,0.0,28
logistic,B6_deficiency,hb_only,development_oof,0,0.9583333333333334,1.0,0.9787234042553191,644
logistic,B6_deficiency,hb_only,development_oof,1,0.0,0.0,0.0,28
logistic,B6_deficiency,no_iron,development_oof,0,0.9859594383775351,0.9813664596273292,0.9836575875486381,644
logistic,B6_deficiency,no_iron,development_oof,1,0.6129032258064516,0.6785714285714286,0.6440677966101694,28
logistic,B6_deficiency,no_B12,development_oof,0,0.9831804281345565,0.9984472049689441,0.9907550077041603,644
logistic,B6_deficiency,no_B12,development_oof,1,0.9444444444444444,0.6071428571428571,0.7391304347826086,28
logistic,B6_deficiency,no_folate,development_oof,0,0.9876352395672334,0.9922360248447205,0.9899302865995352,644
logistic,B6_deficiency,no_folate,development_oof,1,0.8,0.7142857142857143,0.7547169811320755,28
logistic,B6_deficiency,no_B6,development_oof,0,0.9582089552238806,0.9968944099378882,0.9771689497716894,644
logistic,B6_deficiency,no_B6,development_oof,1,0.0,0.0,0.0,28
logistic,B6_deficiency,no_copper,development_oof,0,0.9860896445131375,0.9906832298136646,0.9883810999225406,644
logistic,B6_deficiency,no_copper,development_oof,1,0.76,0.6785714285714286,0.7169811320754716,28
logistic,B6_deficiency,no_hemoglobin,development_oof,0,0.9846153846153847,0.9937888198757764,0.9891808346213292,644
logistic,B6_deficiency,no_hemoglobin,development_oof,1,0.8181818181818182,0.6428571428571429,0.72,28
logistic,B6_deficiency,no_demographics,development_oof,0,0.9846153846153847,0.9937888198757764,0.9891808346213292,644
logistic,B6_deficiency,no_demographics,development_oof,1,0.8181818181818182,0.6428571428571429,0.72,28
logistic,copper_deficiency,available,development_oof,0,0.9892141756548536,0.9968944099378882,0.9930394431554525,644
logistic,copper_deficiency,available,development_oof,1,0.9130434782608695,0.75,0.8235294117647058,28
logistic,copper_deficiency,drop30,development_oof,0,0.9772382397572079,1.0,0.9884881043745203,644
logistic,copper_deficiency,drop30,development_oof,1,1.0,0.4642857142857143,0.6341463414634146,28
logistic,copper_deficiency,drop60,development_oof,0,0.9640718562874252,1.0,0.9817073170731707,644
logistic,copper_deficiency,drop60,development_oof,1,1.0,0.14285714285714285,0.25,28
logistic,copper_deficiency,cbc_only,development_oof,0,0.9583333333333334,1.0,0.9787234042553191,644
logistic,copper_deficiency,cbc_only,development_oof,1,0.0,0.0,0.0,28
logistic,copper_deficiency,hb_only,development_oof,0,0.9583333333333334,1.0,0.9787234042553191,644
logistic,copper_deficiency,hb_only,development_oof,1,0.0,0.0,0.0,28
logistic,copper_deficiency,no_iron,development_oof,0,0.9907407407407407,0.9968944099378882,0.9938080495356038,644
logistic,copper_deficiency,no_iron,development_oof,1,0.9166666666666666,0.7857142857142857,0.8461538461538461,28
logistic,copper_deficiency,no_B12,development_oof,0,0.9907407407407407,0.9968944099378882,0.9938080495356038,644
logistic,copper_deficiency,no_B12,development_oof,1,0.9166666666666666,0.7857142857142857,0.8461538461538461,28
logistic,copper_deficiency,no_folate,development_oof,0,0.9907407407407407,0.9968944099378882,0.9938080495356038,644
logistic,copper_deficiency,no_folate,development_oof,1,0.9166666666666666,0.7857142857142857,0.8461538461538461,28
logistic,copper_deficiency,no_B6,development_oof,0,0.9907407407407407,0.9968944099378882,0.9938080495356038,644
logistic,copper_deficiency,no_B6,development_oof,1,0.9166666666666666,0.7857142857142857,0.8461538461538461,28
logistic,copper_deficiency,no_copper,development_oof,0,0.9583333333333334,1.0,0.9787234042553191,644
logistic,copper_deficiency,no_copper,development_oof,1,0.0,0.0,0.0,28
logistic,copper_deficiency,no_hemoglobin,development_oof,0,0.9892141756548536,0.9968944099378882,0.9930394431554525,644
logistic,copper_deficiency,no_hemoglobin,development_oof,1,0.9130434782608695,0.75,0.8235294117647058,28
logistic,copper_deficiency,no_demographics,development_oof,0,0.9892141756548536,0.9968944099378882,0.9930394431554525,644
logistic,copper_deficiency,no_demographics,development_oof,1,0.9130434782608695,0.75,0.8235294117647058,28
logistic,inflammation_anemia,available,development_oof,0,0.9919871794871795,0.9983870967741936,0.9951768488745981,620
logistic,inflammation_anemia,available,development_oof,1,0.9791666666666666,0.9038461538461539,0.94,52
logistic,inflammation_anemia,drop30,development_oof,0,0.9702194357366771,0.9983870967741936,0.9841017488076311,620
logistic,inflammation_anemia,drop30,development_oof,1,0.9705882352941176,0.6346153846153846,0.7674418604651163,52
logistic,inflammation_anemia,drop60,development_oof,0,0.9508448540706606,0.9983870967741936,0.9740361919748229,620
logistic,inflammation_anemia,drop60,development_oof,1,0.9523809523809523,0.38461538461538464,0.547945205479452,52
logistic,inflammation_anemia,cbc_only,development_oof,0,0.9226190476190477,1.0,0.9597523219814241,620
logistic,inflammation_anemia,cbc_only,development_oof,1,0.0,0.0,0.0,52
logistic,inflammation_anemia,hb_only,development_oof,0,0.9226190476190477,1.0,0.9597523219814241,620
logistic,inflammation_anemia,hb_only,development_oof,1,0.0,0.0,0.0,52
logistic,inflammation_anemia,no_iron,development_oof,0,0.9642301710730948,1.0,0.9817893903404592,620
logistic,inflammation_anemia,no_iron,development_oof,1,1.0,0.5576923076923077,0.7160493827160493,52
logistic,inflammation_anemia,no_B12,development_oof,0,0.9904,0.9983870967741936,0.9943775100401606,620
logistic,inflammation_anemia,no_B12,development_oof,1,0.9787234042553191,0.8846153846153846,0.9292929292929293,52
logistic,inflammation_anemia,no_folate,development_oof,0,0.988835725677831,1.0,0.9943865276663993,620
logistic,inflammation_anemia,no_folate,development_oof,1,1.0,0.8653846153846154,0.9278350515463918,52
logistic,inflammation_anemia,no_B6,development_oof,0,0.9919871794871795,0.9983870967741936,0.9951768488745981,620
logistic,inflammation_anemia,no_B6,development_oof,1,0.9791666666666666,0.9038461538461539,0.94,52
logistic,inflammation_anemia,no_copper,development_oof,0,0.9935794542536116,0.9983870967741936,0.99597747385358,620
logistic,inflammation_anemia,no_copper,development_oof,1,0.9795918367346939,0.9230769230769231,0.9504950495049505,52
logistic,inflammation_anemia,no_hemoglobin,development_oof,0,0.9919871794871795,0.9983870967741936,0.9951768488745981,620
logistic,inflammation_anemia,no_hemoglobin,development_oof,1,0.9791666666666666,0.9038461538461539,0.94,52
logistic,inflammation_anemia,no_demographics,development_oof,0,0.9919871794871795,0.9983870967741936,0.9951768488745981,620
logistic,inflammation_anemia,no_demographics,development_oof,1,0.9791666666666666,0.9038461538461539,0.94,52
logistic_values,anemia_class,available,development_oof,B12_deficiency_anemia,0.7692307692307693,0.7692307692307693,0.7692307692307693,52
logistic_values,anemia_class,available,development_oof,B12_deficiency_no_anemia,0.8636363636363636,0.95,0.9047619047619048,40
logistic_values,anemia_class,available,development_oof,B6_deficiency,0.875,0.75,0.8076923076923077,28
logistic_values,anemia_class,available,development_oof,anemia_other,0.8253968253968254,0.8666666666666667,0.8455284552845529,60
logistic_values,anemia_class,available,development_oof,copper_deficiency,0.9629629629629629,0.9285714285714286,0.9454545454545454,28
logistic_values,anemia_class,available,development_oof,folate_deficiency_anemia,0.7857142857142857,0.825,0.8048780487804879,40
logistic_values,anemia_class,available,development_oof,folate_deficiency_no_anemia,0.8,0.625,0.7017543859649122,32
logistic_values,anemia_class,available,development_oof,inflammation_anemia,0.9807692307692307,0.9807692307692307,0.9807692307692307,52
logistic_values,anemia_class,available,development_oof,iron_deficiency_anemia,0.8421052631578947,0.8695652173913043,0.8556149732620321,92
logistic_values,anemia_class,available,development_oof,latent_deficiency,0.9253731343283582,0.9117647058823529,0.9185185185185185,68
logistic_values,anemia_class,available,development_oof,mixed_deficiency,0.8072289156626506,0.7282608695652174,0.7657142857142857,92
logistic_values,anemia_class,available,development_oof,no_anemia_no_deficiency,0.8571428571428571,0.9545454545454546,0.9032258064516129,88
logistic_values,anemia_class,drop30,development_oof,B12_deficiency_anemia,0.7142857142857143,0.4807692307692308,0.5747126436781609,52
logistic_values,anemia_class,drop30,development_oof,B12_deficiency_no_anemia,0.7435897435897436,0.725,0.7341772151898734,40
logistic_values,anemia_class,drop30,development_oof,B6_deficiency,0.8333333333333334,0.5357142857142857,0.6521739130434783,28
logistic_values,anemia_class,drop30,development_oof,anemia_other,0.6049382716049383,0.8166666666666667,0.6950354609929078,60
logistic_values,anemia_class,drop30,development_oof,copper_deficiency,0.88,0.7857142857142857,0.8301886792452831,28
logistic_values,anemia_class,drop30,development_oof,folate_deficiency_anemia,0.6111111111111112,0.55,0.5789473684210527,40
logistic_values,anemia_class,drop30,development_oof,folate_deficiency_no_anemia,0.5416666666666666,0.40625,0.4642857142857143,32
logistic_values,anemia_class,drop30,development_oof,inflammation_anemia,0.9767441860465116,0.8076923076923077,0.8842105263157894,52
logistic_values,anemia_class,drop30,development_oof,iron_deficiency_anemia,0.6636363636363637,0.7934782608695652,0.7227722772277227,92
logistic_values,anemia_class,drop30,development_oof,latent_deficiency,0.85,0.75,0.796875,68
logistic_values,anemia_class,drop30,development_oof,mixed_deficiency,0.5636363636363636,0.6739130434782609,0.6138613861386139,92
logistic_values,anemia_class,drop30,development_oof,no_anemia_no_deficiency,0.7692307692307693,0.7954545454545454,0.7821229050279329,88
logistic_values,anemia_class,drop60,development_oof,B12_deficiency_anemia,0.6190476190476191,0.25,0.3561643835616438,52
logistic_values,anemia_class,drop60,development_oof,B12_deficiency_no_anemia,0.6,0.525,0.56,40
logistic_values,anemia_class,drop60,development_oof,B6_deficiency,0.5263157894736842,0.35714285714285715,0.425531914893617,28
logistic_values,anemia_class,drop60,development_oof,anemia_other,0.35036496350364965,0.8,0.4873096446700508,60
logistic_values,anemia_class,drop60,development_oof,copper_deficiency,0.8666666666666667,0.4642857142857143,0.6046511627906976,28
logistic_values,anemia_class,drop60,development_oof,folate_deficiency_anemia,0.6,0.375,0.46153846153846156,40
logistic_values,anemia_class,drop60,development_oof,folate_deficiency_no_anemia,0.36666666666666664,0.34375,0.3548387096774194,32
logistic_values,anemia_class,drop60,development_oof,inflammation_anemia,0.96875,0.5961538461538461,0.7380952380952381,52
logistic_values,anemia_class,drop60,development_oof,iron_deficiency_anemia,0.4791666666666667,0.75,0.5847457627118644,92
logistic_values,anemia_class,drop60,development_oof,latent_deficiency,0.8285714285714286,0.4264705882352941,0.5631067961165048,68
logistic_values,anemia_class,drop60,development_oof,mixed_deficiency,0.4444444444444444,0.6086956521739131,0.5137614678899083,92
logistic_values,anemia_class,drop60,development_oof,no_anemia_no_deficiency,0.6226415094339622,0.375,0.46808510638297873,88
logistic_values,anemia_class,cbc_only,development_oof,B12_deficiency_anemia,0.4782608695652174,0.21153846153846154,0.29333333333333333,52
logistic_values,anemia_class,cbc_only,development_oof,B12_deficiency_no_anemia,0.45454545454545453,0.125,0.19607843137254902,40
logistic_values,anemia_class,cbc_only,development_oof,B6_deficiency,0.0,0.0,0.0,28
logistic_values,anemia_class,cbc_only,development_oof,anemia_other,0.4520547945205479,0.55,0.49624060150375937,60
logistic_values,anemia_class,cbc_only,development_oof,copper_deficiency,0.0,0.0,0.0,28
logistic_values,anemia_class,cbc_only,development_oof,folate_deficiency_anemia,0.3333333333333333,0.5,0.4,40
logistic_values,anemia_class,cbc_only,development_oof,folate_deficiency_no_anemia,0.20833333333333334,0.15625,0.17857142857142858,32
logistic_values,anemia_class,cbc_only,development_oof,inflammation_anemia,0.0,0.0,0.0,52
logistic_values,anemia_class,cbc_only,development_oof,iron_deficiency_anemia,0.4069767441860465,0.7608695652173914,0.5303030303030303,92
logistic_values,anemia_class,cbc_only,development_oof,latent_deficiency,0.7346938775510204,0.5294117647058824,0.6153846153846154,68
logistic_values,anemia_class,cbc_only,development_oof,mixed_deficiency,0.4888888888888889,0.4782608695652174,0.4835164835164835,92
logistic_values,anemia_class,cbc_only,development_oof,no_anemia_no_deficiency,0.5059523809523809,0.9659090909090909,0.6640625,88
logistic_values,anemia_class,hb_only,development_oof,B12_deficiency_anemia,0.0,0.0,0.0,52
logistic_values,anemia_class,hb_only,development_oof,B12_deficiency_no_anemia,0.058823529411764705,0.025,0.03508771929824561,40
logistic_values,anemia_class,hb_only,development_oof,B6_deficiency,0.0,0.0,0.0,28
logistic_values,anemia_class,hb_only,development_oof,anemia_other,0.12658227848101267,0.3333333333333333,0.1834862385321101,60
logistic_values,anemia_class,hb_only,development_oof,copper_deficiency,0.0,0.0,0.0,28
logistic_values,anemia_class,hb_only,development_oof,folate_deficiency_anemia,0.0,0.0,0.0,40
logistic_values,anemia_class,hb_only,development_oof,folate_deficiency_no_anemia,0.14814814814814814,0.125,0.13559322033898305,32
logistic_values,anemia_class,hb_only,development_oof,inflammation_anemia,0.0,0.0,0.0,52
logistic_values,anemia_class,hb_only,development_oof,iron_deficiency_anemia,0.1901840490797546,0.6739130434782609,0.2966507177033493,92
logistic_values,anemia_class,hb_only,development_oof,latent_deficiency,0.0,0.0,0.0,68
logistic_values,anemia_class,hb_only,development_oof,mixed_deficiency,0.16363636363636364,0.09782608695652174,0.12244897959183673,92
logistic_values,anemia_class,hb_only,development_oof,no_anemia_no_deficiency,0.5955056179775281,0.6022727272727273,0.5988700564971752,88
logistic_values,anemia_class,no_iron,development_oof,B12_deficiency_anemia,0.5833333333333334,0.6730769230769231,0.625,52
logistic_values,anemia_class,no_iron,development_oof,B12_deficiency_no_anemia,0.8837209302325582,0.95,0.9156626506024096,40
logistic_values,anemia_class,no_iron,development_oof,B6_deficiency,0.6666666666666666,0.7857142857142857,0.7213114754098361,28
logistic_values,anemia_class,no_iron,development_oof,anemia_other,0.6935483870967742,0.7166666666666667,0.7049180327868853,60
logistic_values,anemia_class,no_iron,development_oof,copper_deficiency,0.9285714285714286,0.9285714285714286,0.9285714285714286,28
logistic_values,anemia_class,no_iron,development_oof,folate_deficiency_anemia,0.7027027027027027,0.65,0.6753246753246753,40
logistic_values,anemia_class,no_iron,development_oof,folate_deficiency_no_anemia,0.76,0.59375,0.6666666666666666,32
logistic_values,anemia_class,no_iron,development_oof,inflammation_anemia,1.0,0.6923076923076923,0.8181818181818182,52
logistic_values,anemia_class,no_iron,development_oof,iron_deficiency_anemia,0.7070707070707071,0.7608695652173914,0.7329842931937173,92
logistic_values,anemia_class,no_iron,development_oof,latent_deficiency,0.7878787878787878,0.38235294117647056,0.5148514851485149,68
logistic_values,anemia_class,no_iron,development_oof,mixed_deficiency,0.6363636363636364,0.6086956521739131,0.6222222222222222,92
logistic_values,anemia_class,no_iron,development_oof,no_anemia_no_deficiency,0.640625,0.9318181818181818,0.7592592592592593,88
logistic_values,anemia_class,no_B12,development_oof,B12_deficiency_anemia,0.7959183673469388,0.75,0.7722772277227723,52
logistic_values,anemia_class,no_B12,development_oof,B12_deficiency_no_anemia,0.7777777777777778,0.175,0.2857142857142857,40
logistic_values,anemia_class,no_B12,development_oof,B6_deficiency,0.9130434782608695,0.75,0.8235294117647058,28
logistic_values,anemia_class,no_B12,development_oof,anemia_other,0.796875,0.85,0.8225806451612904,60
logistic_values,anemia_class,no_B12,development_oof,copper_deficiency,0.9629629629629629,0.9285714285714286,0.9454545454545454,28
logistic_values,anemia_class,no_B12,development_oof,folate_deficiency_anemia,0.6976744186046512,0.75,0.7228915662650602,40
logistic_values,anemia_class,no_B12,development_oof,folate_deficiency_no_anemia,0.5757575757575758,0.59375,0.5846153846153846,32
logistic_values,anemia_class,no_B12,development_oof,inflammation_anemia,0.9615384615384616,0.9615384615384616,0.9615384615384616,52
logistic_values,anemia_class,no_B12,development_oof,iron_deficiency_anemia,0.7596153846153846,0.8586956521739131,0.8061224489795918,92
logistic_values,anemia_class,no_B12,development_oof,latent_deficiency,0.8714285714285714,0.8970588235294118,0.8840579710144928,68
logistic_values,anemia_class,no_B12,development_oof,mixed_deficiency,0.7631578947368421,0.6304347826086957,0.6904761904761905,92
logistic_values,anemia_class,no_B12,development_oof,no_anemia_no_deficiency,0.6885245901639344,0.9545454545454546,0.8,88
logistic_values,anemia_class,no_folate,development_oof,B12_deficiency_anemia,0.6779661016949152,0.7692307692307693,0.7207207207207207,52
logistic_values,anemia_class,no_folate,development_oof,B12_deficiency_no_anemia,0.8421052631578947,0.8,0.8205128205128205,40
logistic_values,anemia_class,no_folate,development_oof,B6_deficiency,0.9545454545454546,0.75,0.84,28
logistic_values,anemia_class,no_folate,development_oof,anemia_other,0.7846153846153846,0.85,0.816,60
logistic_values,anemia_class,no_folate,development_oof,copper_deficiency,0.896551724137931,0.9285714285714286,0.9122807017543859,28
logistic_values,anemia_class,no_folate,development_oof,folate_deficiency_anemia,0.8055555555555556,0.725,0.7631578947368421,40
logistic_values,anemia_class,no_folate,development_oof,folate_deficiency_no_anemia,0.6,0.1875,0.2857142857142857,32
logistic_values,anemia_class,no_folate,development_oof,inflammation_anemia,0.9807692307692307,0.9807692307692307,0.9807692307692307,52
logistic_values,anemia_class,no_folate,development_oof,iron_deficiency_anemia,0.7623762376237624,0.8369565217391305,0.7979274611398963,92
logistic_values,anemia_class,no_folate,development_oof,latent_deficiency,0.9264705882352942,0.9264705882352942,0.9264705882352942,68
logistic_values,anemia_class,no_folate,development_oof,mixed_deficiency,0.7368421052631579,0.6086956521739131,0.6666666666666666,92
logistic_values,anemia_class,no_folate,development_oof,no_anemia_no_deficiency,0.7327586206896551,0.9659090909090909,0.8333333333333334,88
logistic_values,anemia_class,no_B6,development_oof,B12_deficiency_anemia,0.7735849056603774,0.7884615384615384,0.780952380952381,52
logistic_values,anemia_class,no_B6,development_oof,B12_deficiency_no_anemia,0.8636363636363636,0.95,0.9047619047619048,40
logistic_values,anemia_class,no_B6,development_oof,B6_deficiency,0.8,0.14285714285714285,0.24242424242424243,28
logistic_values,anemia_class,no_B6,development_oof,anemia_other,0.7536231884057971,0.8666666666666667,0.8062015503875969,60
logistic_values,anemia_class,no_B6,development_oof,copper_deficiency,0.9629629629629629,0.9285714285714286,0.9454545454545454,28
logistic_values,anemia_class,no_B6,development_oof,folate_deficiency_anemia,0.7906976744186046,0.85,0.8192771084337349,40
logistic_values,anemia_class,no_B6,development_oof,folate_deficiency_no_anemia,0.7692307692307693,0.625,0.6896551724137931,32
logistic_values,anemia_class,no_B6,development_oof,inflammation_anemia,0.9807692307692307,0.9807692307692307,0.9807692307692307,52
logistic_values,anemia_class,no_B6,development_oof,iron_deficiency_anemia,0.8247422680412371,0.8695652173913043,0.8465608465608465,92
logistic_values,anemia_class,no_B6,development_oof,latent_deficiency,0.9264705882352942,0.9264705882352942,0.9264705882352942,68
logistic_values,anemia_class,no_B6,development_oof,mixed_deficiency,0.8170731707317073,0.7282608695652174,0.7701149425287356,92
logistic_values,anemia_class,no_B6,development_oof,no_anemia_no_deficiency,0.7924528301886793,0.9545454545454546,0.865979381443299,88
logistic_values,anemia_class,no_copper,development_oof,B12_deficiency_anemia,0.78,0.75,0.7647058823529411,52
logistic_values,anemia_class,no_copper,development_oof,B12_deficiency_no_anemia,0.8260869565217391,0.95,0.8837209302325582,40
logistic_values,anemia_class,no_copper,development_oof,B6_deficiency,0.8846153846153846,0.8214285714285714,0.8518518518518519,28
logistic_values,anemia_class,no_copper,development_oof,anemia_other,0.7428571428571429,0.8666666666666667,0.8,60
logistic_values,anemia_class,no_copper,development_oof,copper_deficiency,1.0,0.03571428571428571,0.06896551724137931,28
logistic_values,anemia_class,no_copper,development_oof,folate_deficiency_anemia,0.723404255319149,0.85,0.7816091954022989,40
logistic_values,anemia_class,no_copper,development_oof,folate_deficiency_no_anemia,0.7692307692307693,0.625,0.6896551724137931,32
logistic_values,anemia_class,no_copper,development_oof,inflammation_anemia,0.9803921568627451,0.9615384615384616,0.970873786407767,52
logistic_values,anemia_class,no_copper,development_oof,iron_deficiency_anemia,0.8333333333333334,0.8695652173913043,0.851063829787234,92
logistic_values,anemia_class,no_copper,development_oof,latent_deficiency,0.9264705882352942,0.9264705882352942,0.9264705882352942,68
logistic_values,anemia_class,no_copper,development_oof,mixed_deficiency,0.7840909090909091,0.75,0.7666666666666667,92
logistic_values,anemia_class,no_copper,development_oof,no_anemia_no_deficiency,0.8252427184466019,0.9659090909090909,0.8900523560209425,88
logistic_values,anemia_class,no_hemoglobin,development_oof,B12_deficiency_anemia,0.7321428571428571,0.7884615384615384,0.7592592592592593,52
logistic_values,anemia_class,no_hemoglobin,development_oof,B12_deficiency_no_anemia,0.8780487804878049,0.9,0.8888888888888888,40
logistic_values,anemia_class,no_hemoglobin,development_oof,B6_deficiency,0.7857142857142857,0.7857142857142857,0.7857142857142857,28
logistic_values,anemia_class,no_hemoglobin,development_oof,anemia_other,0.7846153846153846,0.85,0.816,60
logistic_values,anemia_class,no_hemoglobin,development_oof,copper_deficiency,0.9629629629629629,0.9285714285714286,0.9454545454545454,28
logistic_values,anemia_class,no_hemoglobin,development_oof,folate_deficiency_anemia,0.717391304347826,0.825,0.7674418604651163,40
logistic_values,anemia_class,no_hemoglobin,development_oof,folate_deficiency_no_anemia,0.6785714285714286,0.59375,0.6333333333333333,32
logistic_values,anemia_class,no_hemoglobin,development_oof,inflammation_anemia,0.9629629629629629,1.0,0.9811320754716981,52
logistic_values,anemia_class,no_hemoglobin,development_oof,iron_deficiency_anemia,0.7920792079207921,0.8695652173913043,0.8290155440414507,92
logistic_values,anemia_class,no_hemoglobin,development_oof,latent_deficiency,0.9166666666666666,0.8088235294117647,0.859375,68
logistic_values,anemia_class,no_hemoglobin,development_oof,mixed_deficiency,0.7857142857142857,0.717391304347826,0.75,92
logistic_values,anemia_class,no_hemoglobin,development_oof,no_anemia_no_deficiency,0.8780487804878049,0.8181818181818182,0.8470588235294118,88
logistic_values,anemia_class,no_demographics,development_oof,B12_deficiency_anemia,0.75,0.75,0.75,52
logistic_values,anemia_class,no_demographics,development_oof,B12_deficiency_no_anemia,0.8809523809523809,0.925,0.9024390243902439,40
logistic_values,anemia_class,no_demographics,development_oof,B6_deficiency,0.9166666666666666,0.7857142857142857,0.8461538461538461,28
logistic_values,anemia_class,no_demographics,development_oof,anemia_other,0.8225806451612904,0.85,0.8360655737704918,60
logistic_values,anemia_class,no_demographics,development_oof,copper_deficiency,0.9310344827586207,0.9642857142857143,0.9473684210526315,28
logistic_values,anemia_class,no_demographics,development_oof,folate_deficiency_anemia,0.8,0.8,0.8,40
logistic_values,anemia_class,no_demographics,development_oof,folate_deficiency_no_anemia,0.75,0.65625,0.7,32
logistic_values,anemia_class,no_demographics,development_oof,inflammation_anemia,0.9803921568627451,0.9615384615384616,0.970873786407767,52
logistic_values,anemia_class,no_demographics,development_oof,iron_deficiency_anemia,0.8367346938775511,0.8913043478260869,0.8631578947368421,92
logistic_values,anemia_class,no_demographics,development_oof,latent_deficiency,0.9117647058823529,0.9117647058823529,0.9117647058823529,68
logistic_values,anemia_class,no_demographics,development_oof,mixed_deficiency,0.8125,0.7065217391304348,0.7558139534883721,92
logistic_values,anemia_class,no_demographics,development_oof,no_anemia_no_deficiency,0.8469387755102041,0.9431818181818182,0.8924731182795699,88
logistic_values,iron_deficiency,available,development_oof,0,0.9820224719101124,0.9954441913439636,0.9886877828054299,439
logistic_values,iron_deficiency,available,development_oof,1,0.9911894273127754,0.9656652360515021,0.9782608695652174,233
logistic_values,iron_deficiency,drop30,development_oof,0,0.9416846652267818,0.9931662870159453,0.9667405764966741,439
logistic_values,iron_deficiency,drop30,development_oof,1,0.9856459330143541,0.8841201716738197,0.9321266968325792,233
logistic_values,iron_deficiency,drop60,development_oof,0,0.8694779116465864,0.9863325740318907,0.9242262540021344,439
logistic_values,iron_deficiency,drop60,development_oof,1,0.9655172413793104,0.721030042918455,0.8255528255528255,233
logistic_values,iron_deficiency,cbc_only,development_oof,0,0.7732342007434945,0.9476082004555809,0.8515864892528148,439
logistic_values,iron_deficiency,cbc_only,development_oof,1,0.8283582089552238,0.47639484978540775,0.6049046321525886,233
logistic_values,iron_deficiency,hb_only,development_oof,0,0.6532738095238095,1.0,0.7902790279027903,439
logistic_values,iron_deficiency,hb_only,development_oof,1,0.0,0.0,0.0,233
logistic_values,iron_deficiency,no_iron,development_oof,0,0.773308957952468,0.9635535307517085,0.8580121703853956,439
logistic_values,iron_deficiency,no_iron,development_oof,1,0.872,0.4678111587982833,0.6089385474860335,233
logistic_values,iron_deficiency,no_B12,development_oof,0,0.9820224719101124,0.9954441913439636,0.9886877828054299,439
logistic_values,iron_deficiency,no_B12,development_oof,1,0.9911894273127754,0.9656652360515021,0.9782608695652174,233
logistic_values,iron_deficiency,no_folate,development_oof,0,0.9819819819819819,0.9931662870159453,0.9875424688561721,439
logistic_values,iron_deficiency,no_folate,development_oof,1,0.9868421052631579,0.9656652360515021,0.9761388286334056,233
logistic_values,iron_deficiency,no_B6,development_oof,0,0.9819004524886877,0.9886104783599089,0.985244040862656,439
logistic_values,iron_deficiency,no_B6,development_oof,1,0.9782608695652174,0.9656652360515021,0.9719222462203023,233
logistic_values,iron_deficiency,no_copper,development_oof,0,0.9820224719101124,0.9954441913439636,0.9886877828054299,439
logistic_values,iron_deficiency,no_copper,development_oof,1,0.9911894273127754,0.9656652360515021,0.9782608695652174,233
logistic_values,iron_deficiency,no_hemoglobin,development_oof,0,0.9820224719101124,0.9954441913439636,0.9886877828054299,439
logistic_values,iron_deficiency,no_hemoglobin,development_oof,1,0.9911894273127754,0.9656652360515021,0.9782608695652174,233
logistic_values,iron_deficiency,no_demographics,development_oof,0,0.9864559819413092,0.9954441913439636,0.9909297052154195,439
logistic_values,iron_deficiency,no_demographics,development_oof,1,0.9912663755458515,0.9742489270386266,0.9826839826839827,233
logistic_values,B12_deficiency,available,development_oof,0,0.9789272030651341,0.988394584139265,0.983638113570741,517
logistic_values,B12_deficiency,available,development_oof,1,0.96,0.9290322580645162,0.9442622950819672,155
logistic_values,B12_deficiency,drop30,development_oof,0,0.9296028880866426,0.9961315280464217,0.96171802054155,517
logistic_values,B12_deficiency,drop30,development_oof,1,0.9830508474576272,0.7483870967741936,0.8498168498168498,155
logistic_values,B12_deficiency,drop60,development_oof,0,0.8602329450915142,1.0,0.924865831842576,517
logistic_values,B12_deficiency,drop60,development_oof,1,1.0,0.45806451612903226,0.6283185840707964,155
logistic_values,B12_deficiency,cbc_only,development_oof,0,0.7693452380952381,1.0,0.8696383515559294,517
logistic_values,B12_deficiency,cbc_only,development_oof,1,0.0,0.0,0.0,155
logistic_values,B12_deficiency,hb_only,development_oof,0,0.7693452380952381,1.0,0.8696383515559294,517
logistic_values,B12_deficiency,hb_only,development_oof,1,0.0,0.0,0.0,155
logistic_values,B12_deficiency,no_iron,development_oof,0,0.982725527831094,0.9903288201160542,0.9865125240847784,517
logistic_values,B12_deficiency,no_iron,development_oof,1,0.9668874172185431,0.9419354838709677,0.954248366013072,155
logistic_values,B12_deficiency,no_B12,development_oof,0,0.8431372549019608,0.9980657640232108,0.9140832595217007,517
logistic_values,B12_deficiency,no_B12,development_oof,1,0.9833333333333333,0.38064516129032255,0.5488372093023256,155
logistic_values,B12_deficiency,no_folate,development_oof,0,0.9607476635514018,0.9941972920696325,0.9771863117870723,517
logistic_values,B12_deficiency,no_folate,development_oof,1,0.9781021897810219,0.864516129032258,0.9178082191780822,155
logistic_values,B12_deficiency,no_B6,development_oof,0,0.9770554493307839,0.988394584139265,0.9826923076923076,517
logistic_values,B12_deficiency,no_B6,development_oof,1,0.959731543624161,0.9225806451612903,0.9407894736842105,155
logistic_values,B12_deficiency,no_copper,development_oof,0,0.9789272030651341,0.988394584139265,0.983638113570741,517
logistic_values,B12_deficiency,no_copper,development_oof,1,0.96,0.9290322580645162,0.9442622950819672,155
logistic_values,B12_deficiency,no_hemoglobin,development_oof,0,0.9733333333333334,0.988394584139265,0.980806142034549,517
logistic_values,B12_deficiency,no_hemoglobin,development_oof,1,0.9591836734693877,0.9096774193548387,0.9337748344370861,155
logistic_values,B12_deficiency,no_demographics,development_oof,0,0.9770554493307839,0.988394584139265,0.9826923076923076,517
logistic_values,B12_deficiency,no_demographics,development_oof,1,0.959731543624161,0.9225806451612903,0.9407894736842105,155
logistic_values,folate_deficiency,available,development_oof,0,0.9551971326164874,0.9655797101449275,0.9603603603603603,552
logistic_values,folate_deficiency,available,development_oof,1,0.8333333333333334,0.7916666666666666,0.811965811965812,120
logistic_values,folate_deficiency,drop30,development_oof,0,0.9092436974789916,0.980072463768116,0.9433304272013949,552
logistic_values,folate_deficiency,drop30,development_oof,1,0.8571428571428571,0.55,0.6700507614213198,120
logistic_values,folate_deficiency,drop60,development_oof,0,0.866877971473851,0.9909420289855072,0.9247675401521556,552
logistic_values,folate_deficiency,drop60,development_oof,1,0.8780487804878049,0.3,0.4472049689440994,120
logistic_values,folate_deficiency,cbc_only,development_oof,0,0.8305343511450382,0.9855072463768116,0.9014084507042254,552
logistic_values,folate_deficiency,cbc_only,development_oof,1,0.5294117647058824,0.075,0.13138686131386862,120
logistic_values,folate_deficiency,hb_only,development_oof,0,0.8214285714285714,1.0,0.9019607843137255,552
logistic_values,folate_deficiency,hb_only,development_oof,1,0.0,0.0,0.0,120
logistic_values,folate_deficiency,no_iron,development_oof,0,0.9504424778761061,0.9728260869565217,0.9615040286481648,552
logistic_values,folate_deficiency,no_iron,development_oof,1,0.8598130841121495,0.7666666666666667,0.8105726872246696,120
logistic_values,folate_deficiency,no_B12,development_oof,0,0.941696113074205,0.9655797101449275,0.9534883720930233,552
logistic_values,folate_deficiency,no_B12,development_oof,1,0.8207547169811321,0.725,0.7699115044247787,120
logistic_values,folate_deficiency,no_folate,development_oof,0,0.8348623853211009,0.9891304347826086,0.9054726368159204,552
logistic_values,folate_deficiency,no_folate,development_oof,1,0.6666666666666666,0.1,0.17391304347826086,120
logistic_values,folate_deficiency,no_B6,development_oof,0,0.9551971326164874,0.9655797101449275,0.9603603603603603,552
logistic_values,folate_deficiency,no_B6,development_oof,1,0.8333333333333334,0.7916666666666666,0.811965811965812,120
logistic_values,folate_deficiency,no_copper,development_oof,0,0.9572192513368984,0.9728260869565217,0.9649595687331537,552
logistic_values,folate_deficiency,no_copper,development_oof,1,0.8648648648648649,0.8,0.8311688311688312,120
logistic_values,folate_deficiency,no_hemoglobin,development_oof,0,0.9519572953736655,0.9692028985507246,0.9605026929982047,552
logistic_values,folate_deficiency,no_hemoglobin,development_oof,1,0.8454545454545455,0.775,0.808695652173913,120
logistic_values,folate_deficiency,no_demographics,development_oof,0,0.9536541889483066,0.9692028985507246,0.9613656783468104,552
logistic_values,folate_deficiency,no_demographics,development_oof,1,0.8468468468468469,0.7833333333333333,0.8138528138528138,120
logistic_values,B6_deficiency,available,development_oof,0,0.9861325115562404,0.9937888198757764,0.9899458623356535,644
logistic_values,B6_deficiency,available,development_oof,1,0.8260869565217391,0.6785714285714286,0.7450980392156863,28
logistic_values,B6_deficiency,drop30,development_oof,0,0.9771689497716894,0.9968944099378882,0.9869331283627979,644
logistic_values,B6_deficiency,drop30,development_oof,1,0.8666666666666667,0.4642857142857143,0.6046511627906976,28
logistic_values,B6_deficiency,drop60,development_oof,0,0.9653614457831325,0.9953416149068323,0.9801223241590215,644
logistic_values,B6_deficiency,drop60,development_oof,1,0.625,0.17857142857142858,0.2777777777777778,28
logistic_values,B6_deficiency,cbc_only,development_oof,0,0.9583333333333334,1.0,0.9787234042553191,644
logistic_values,B6_deficiency,cbc_only,development_oof,1,0.0,0.0,0.0,28
logistic_values,B6_deficiency,hb_only,development_oof,0,0.9583333333333334,1.0,0.9787234042553191,644
logistic_values,B6_deficiency,hb_only,development_oof,1,0.0,0.0,0.0,28
logistic_values,B6_deficiency,no_iron,development_oof,0,0.9845916795069337,0.9922360248447205,0.988399071925754,644
logistic_values,B6_deficiency,no_iron,development_oof,1,0.782608695652174,0.6428571428571429,0.7058823529411765,28
logistic_values,B6_deficiency,no_B12,development_oof,0,0.9846625766871165,0.9968944099378882,0.9907407407407407,644
logistic_values,B6_deficiency,no_B12,development_oof,1,0.9,0.6428571428571429,0.75,28
logistic_values,B6_deficiency,no_folate,development_oof,0,0.9861538461538462,0.9953416149068323,0.990726429675425,644
logistic_values,B6_deficiency,no_folate,development_oof,1,0.8636363636363636,0.6785714285714286,0.76,28
logistic_values,B6_deficiency,no_B6,development_oof,0,0.9597615499254843,1.0,0.979467680608365,644
logistic_values,B6_deficiency,no_B6,development_oof,1,1.0,0.03571428571428571,0.06896551724137931,28
logistic_values,B6_deficiency,no_copper,development_oof,0,0.9861538461538462,0.9953416149068323,0.990726429675425,644
logistic_values,B6_deficiency,no_copper,development_oof,1,0.8636363636363636,0.6785714285714286,0.76,28
logistic_values,B6_deficiency,no_hemoglobin,development_oof,0,0.9860896445131375,0.9906832298136646,0.9883810999225406,644
logistic_values,B6_deficiency,no_hemoglobin,development_oof,1,0.76,0.6785714285714286,0.7169811320754716,28
logistic_values,B6_deficiency,no_demographics,development_oof,0,0.9876543209876543,0.9937888198757764,0.9907120743034056,644
logistic_values,B6_deficiency,no_demographics,development_oof,1,0.8333333333333334,0.7142857142857143,0.7692307692307693,28
logistic_values,copper_deficiency,available,development_oof,0,0.9922839506172839,0.9984472049689441,0.9953560371517027,644
logistic_values,copper_deficiency,available,development_oof,1,0.9583333333333334,0.8214285714285714,0.8846153846153846,28
logistic_values,copper_deficiency,drop30,development_oof,0,0.9862174578866769,1.0,0.9930609097918273,644
logistic_values,copper_deficiency,drop30,development_oof,1,1.0,0.6785714285714286,0.8085106382978723,28
logistic_values,copper_deficiency,drop60,development_oof,0,0.9669669669669669,1.0,0.983206106870229,644
logistic_values,copper_deficiency,drop60,development_oof,1,1.0,0.21428571428571427,0.35294117647058826,28
logistic_values,copper_deficiency,cbc_only,development_oof,0,0.9583333333333334,1.0,0.9787234042553191,644
logistic_values,copper_deficiency,cbc_only,development_oof,1,0.0,0.0,0.0,28
logistic_values,copper_deficiency,hb_only,development_oof,0,0.9583333333333334,1.0,0.9787234042553191,644
logistic_values,copper_deficiency,hb_only,development_oof,1,0.0,0.0,0.0,28
logistic_values,copper_deficiency,no_iron,development_oof,0,0.9922839506172839,0.9984472049689441,0.9953560371517027,644
logistic_values,copper_deficiency,no_iron,development_oof,1,0.9583333333333334,0.8214285714285714,0.8846153846153846,28
logistic_values,copper_deficiency,no_B12,development_oof,0,0.9922839506172839,0.9984472049689441,0.9953560371517027,644
logistic_values,copper_deficiency,no_B12,development_oof,1,0.9583333333333334,0.8214285714285714,0.8846153846153846,28
logistic_values,copper_deficiency,no_folate,development_oof,0,0.9922839506172839,0.9984472049689441,0.9953560371517027,644
logistic_values,copper_deficiency,no_folate,development_oof,1,0.9583333333333334,0.8214285714285714,0.8846153846153846,28
logistic_values,copper_deficiency,no_B6,development_oof,0,0.9922839506172839,0.9984472049689441,0.9953560371517027,644
logistic_values,copper_deficiency,no_B6,development_oof,1,0.9583333333333334,0.8214285714285714,0.8846153846153846,28
logistic_values,copper_deficiency,no_copper,development_oof,0,0.9583333333333334,1.0,0.9787234042553191,644
logistic_values,copper_deficiency,no_copper,development_oof,1,0.0,0.0,0.0,28
logistic_values,copper_deficiency,no_hemoglobin,development_oof,0,0.9922839506172839,0.9984472049689441,0.9953560371517027,644
logistic_values,copper_deficiency,no_hemoglobin,development_oof,1,0.9583333333333334,0.8214285714285714,0.8846153846153846,28
logistic_values,copper_deficiency,no_demographics,development_oof,0,0.9922839506172839,0.9984472049689441,0.9953560371517027,644
logistic_values,copper_deficiency,no_demographics,development_oof,1,0.9583333333333334,0.8214285714285714,0.8846153846153846,28
logistic_values,inflammation_anemia,available,development_oof,0,0.9951845906902087,1.0,0.997586484312148,620
logistic_values,inflammation_anemia,available,development_oof,1,1.0,0.9423076923076923,0.9702970297029703,52
logistic_values,inflammation_anemia,drop30,development_oof,0,0.9748427672955975,1.0,0.9872611464968153,620
logistic_values,inflammation_anemia,drop30,development_oof,1,1.0,0.6923076923076923,0.8181818181818182,52
logistic_values,inflammation_anemia,drop60,development_oof,0,0.9553158705701078,1.0,0.9771473601260835,620
logistic_values,inflammation_anemia,drop60,development_oof,1,1.0,0.4423076923076923,0.6133333333333333,52
logistic_values,inflammation_anemia,cbc_only,development_oof,0,0.9226190476190477,1.0,0.9597523219814241,620
logistic_values,inflammation_anemia,cbc_only,development_oof,1,0.0,0.0,0.0,52
logistic_values,inflammation_anemia,hb_only,development_oof,0,0.9226190476190477,1.0,0.9597523219814241,620
logistic_values,inflammation_anemia,hb_only,development_oof,1,0.0,0.0,0.0,52
logistic_values,inflammation_anemia,no_iron,development_oof,0,0.9748427672955975,1.0,0.9872611464968153,620
logistic_values,inflammation_anemia,no_iron,development_oof,1,1.0,0.6923076923076923,0.8181818181818182,52
logistic_values,inflammation_anemia,no_B12,development_oof,0,0.9935897435897436,1.0,0.9967845659163987,620
logistic_values,inflammation_anemia,no_B12,development_oof,1,1.0,0.9230769230769231,0.96,52
logistic_values,inflammation_anemia,no_folate,development_oof,0,0.9951845906902087,1.0,0.997586484312148,620
logistic_values,inflammation_anemia,no_folate,development_oof,1,1.0,0.9423076923076923,0.9702970297029703,52
logistic_values,inflammation_anemia,no_B6,development_oof,0,0.9951845906902087,1.0,0.997586484312148,620
logistic_values,inflammation_anemia,no_B6,development_oof,1,1.0,0.9423076923076923,0.9702970297029703,52
logistic_values,inflammation_anemia,no_copper,development_oof,0,0.9951845906902087,1.0,0.997586484312148,620
logistic_values,inflammation_anemia,no_copper,development_oof,1,1.0,0.9423076923076923,0.9702970297029703,52
logistic_values,inflammation_anemia,no_hemoglobin,development_oof,0,0.9951845906902087,1.0,0.997586484312148,620
logistic_values,inflammation_anemia,no_hemoglobin,development_oof,1,1.0,0.9423076923076923,0.9702970297029703,52
logistic_values,inflammation_anemia,no_demographics,development_oof,0,0.9951845906902087,1.0,0.997586484312148,620
logistic_values,inflammation_anemia,no_demographics,development_oof,1,1.0,0.9423076923076923,0.9702970297029703,52
extra_trees,anemia_class,available,development_oof,B12_deficiency_anemia,0.8679245283018868,0.8846153846153846,0.8761904761904762,52
extra_trees,anemia_class,available,development_oof,B12_deficiency_no_anemia,0.9459459459459459,0.875,0.9090909090909091,40
extra_trees,anemia_class,available,development_oof,B6_deficiency,1.0,0.7857142857142857,0.88,28
extra_trees,anemia_class,available,development_oof,anemia_other,0.8285714285714286,0.9666666666666667,0.8923076923076924,60
extra_trees,anemia_class,available,development_oof,copper_deficiency,0.9545454545454546,0.75,0.84,28
extra_trees,anemia_class,available,development_oof,folate_deficiency_anemia,0.8333333333333334,0.75,0.7894736842105263,40
extra_trees,anemia_class,available,development_oof,folate_deficiency_no_anemia,0.84,0.65625,0.7368421052631579,32
extra_trees,anemia_class,available,development_oof,inflammation_anemia,0.9811320754716981,1.0,0.9904761904761905,52
extra_trees,anemia_class,available,development_oof,iron_deficiency_anemia,0.851063829787234,0.8695652173913043,0.8602150537634409,92
extra_trees,anemia_class,available,development_oof,latent_deficiency,0.9264705882352942,0.9264705882352942,0.9264705882352942,68
extra_trees,anemia_class,available,development_oof,mixed_deficiency,0.8902439024390244,0.7934782608695652,0.8390804597701149,92
extra_trees,anemia_class,available,development_oof,no_anemia_no_deficiency,0.7909090909090909,0.9886363636363636,0.8787878787878788,88
extra_trees,anemia_class,drop30,development_oof,B12_deficiency_anemia,0.7857142857142857,0.6346153846153846,0.7021276595744681,52
extra_trees,anemia_class,drop30,development_oof,B12_deficiency_no_anemia,0.8387096774193549,0.65,0.7323943661971831,40
extra_trees,anemia_class,drop30,development_oof,B6_deficiency,0.9375,0.5357142857142857,0.6818181818181818,28
extra_trees,anemia_class,drop30,development_oof,anemia_other,0.47540983606557374,0.9666666666666667,0.6373626373626373,60
extra_trees,anemia_class,drop30,development_oof,copper_deficiency,0.9,0.6428571428571429,0.75,28
extra_trees,anemia_class,drop30,development_oof,folate_deficiency_anemia,0.6190476190476191,0.65,0.6341463414634146,40
extra_trees,anemia_class,drop30,development_oof,folate_deficiency_no_anemia,0.8461538461538461,0.34375,0.4888888888888889,32
extra_trees,anemia_class,drop30,development_oof,inflammation_anemia,1.0,0.8461538461538461,0.9166666666666666,52
extra_trees,anemia_class,drop30,development_oof,iron_deficiency_anemia,0.6694214876033058,0.8804347826086957,0.7605633802816901,92
extra_trees,anemia_class,drop30,development_oof,latent_deficiency,0.92,0.6764705882352942,0.7796610169491526,68
extra_trees,anemia_class,drop30,development_oof,mixed_deficiency,0.8169014084507042,0.6304347826086957,0.7116564417177914,92
extra_trees,anemia_class,drop30,development_oof,no_anemia_no_deficiency,0.71,0.8068181818181818,0.7553191489361702,88
extra_trees,anemia_class,drop60,development_oof,B12_deficiency_anemia,0.75,0.34615384615384615,0.47368421052631576,52
extra_trees,anemia_class,drop60,development_oof,B12_deficiency_no_anemia,0.9285714285714286,0.325,0.48148148148148145,40
extra_trees,anemia_class,drop60,development_oof,B6_deficiency,0.8181818181818182,0.32142857142857145,0.46153846153846156,28
extra_trees,anemia_class,drop60,development_oof,anemia_other,0.24890829694323144,0.95,0.3944636678200692,60
extra_trees,anemia_class,drop60,development_oof,copper_deficiency,0.9166666666666666,0.39285714285714285,0.55,28
extra_trees,anemia_class,drop60,development_oof,folate_deficiency_anemia,0.46153846153846156,0.3,0.36363636363636365,40
extra_trees,anemia_class,drop60,development_oof,folate_deficiency_no_anemia,0.4166666666666667,0.15625,0.22727272727272727,32
extra_trees,anemia_class,drop60,development_oof,inflammation_anemia,0.9473684210526315,0.6923076923076923,0.8,52
extra_trees,anemia_class,drop60,development_oof,iron_deficiency_anemia,0.4161849710982659,0.782608695652174,0.5433962264150943,92
extra_trees,anemia_class,drop60,development_oof,latent_deficiency,1.0,0.3088235294117647,0.47191011235955055,68
extra_trees,anemia_class,drop60,development_oof,mixed_deficiency,0.6829268292682927,0.30434782608695654,0.42105263157894735,92
extra_trees,anemia_class,drop60,development_oof,no_anemia_no_deficiency,0.5915492957746479,0.4772727272727273,0.5283018867924528,88
extra_trees,anemia_class,cbc_only,development_oof,B12_deficiency_anemia,0.4666666666666667,0.1346153846153846,0.208955223880597,52
extra_trees,anemia_class,cbc_only,development_oof,B12_deficiency_no_anemia,0.0,0.0,0.0,40
extra_trees,anemia_class,cbc_only,development_oof,B6_deficiency,1.0,0.03571428571428571,0.06896551724137931,28
extra_trees,anemia_class,cbc_only,development_oof,anemia_other,0.44036697247706424,0.8,0.5680473372781065,60
extra_trees,anemia_class,cbc_only,development_oof,copper_deficiency,0.0,0.0,0.0,28
extra_trees,anemia_class,cbc_only,development_oof,folate_deficiency_anemia,0.3058823529411765,0.65,0.416,40
extra_trees,anemia_class,cbc_only,development_oof,folate_deficiency_no_anemia,0.2222222222222222,0.125,0.16,32
extra_trees,anemia_class,cbc_only,development_oof,inflammation_anemia,0.0,0.0,0.0,52
extra_trees,anemia_class,cbc_only,development_oof,iron_deficiency_anemia,0.4090909090909091,0.8804347826086957,0.5586206896551724,92
extra_trees,anemia_class,cbc_only,development_oof,latent_deficiency,0.8333333333333334,0.14705882352941177,0.25,68
extra_trees,anemia_class,cbc_only,development_oof,mixed_deficiency,1.0,0.03260869565217391,0.06315789473684211,92
extra_trees,anemia_class,cbc_only,development_oof,no_anemia_no_deficiency,0.38095238095238093,1.0,0.5517241379310345,88
extra_trees,anemia_class,hb_only,development_oof,B12_deficiency_anemia,0.0,0.0,0.0,52
extra_trees,anemia_class,hb_only,development_oof,B12_deficiency_no_anemia,0.0,0.0,0.0,40
extra_trees,anemia_class,hb_only,development_oof,B6_deficiency,0.0,0.0,0.0,28
extra_trees,anemia_class,hb_only,development_oof,anemia_other,0.1453287197231834,0.7,0.24068767908309455,60
extra_trees,anemia_class,hb_only,development_oof,copper_deficiency,0.0,0.0,0.0,28
extra_trees,anemia_class,hb_only,development_oof,folate_deficiency_anemia,0.0,0.0,0.0,40
extra_trees,anemia_class,hb_only,development_oof,folate_deficiency_no_anemia,0.0,0.0,0.0,32
extra_trees,anemia_class,hb_only,development_oof,inflammation_anemia,0.0,0.0,0.0,52
extra_trees,anemia_class,hb_only,development_oof,iron_deficiency_anemia,0.22962962962962963,0.33695652173913043,0.27312775330396477,92
extra_trees,anemia_class,hb_only,development_oof,latent_deficiency,0.0,0.0,0.0,68
extra_trees,anemia_class,hb_only,development_oof,mixed_deficiency,0.0,0.0,0.0,92
extra_trees,anemia_class,hb_only,development_oof,no_anemia_no_deficiency,0.34274193548387094,0.9659090909090909,0.5059523809523809,88
extra_trees,anemia_class,no_iron,development_oof,B12_deficiency_anemia,0.7586206896551724,0.8461538461538461,0.8,52
extra_trees,anemia_class,no_iron,development_oof,B12_deficiency_no_anemia,0.8974358974358975,0.875,0.8860759493670886,40
extra_trees,anemia_class,no_iron,development_oof,B6_deficiency,0.7857142857142857,0.7857142857142857,0.7857142857142857,28
extra_trees,anemia_class,no_iron,development_oof,anemia_other,0.7012987012987013,0.9,0.7883211678832117,60
extra_trees,anemia_class,no_iron,development_oof,copper_deficiency,0.9166666666666666,0.7857142857142857,0.8461538461538461,28
extra_trees,anemia_class,no_iron,development_oof,folate_deficiency_anemia,0.7368421052631579,0.7,0.717948717948718,40
extra_trees,anemia_class,no_iron,development_oof,folate_deficiency_no_anemia,0.84,0.65625,0.7368421052631579,32
extra_trees,anemia_class,no_iron,development_oof,inflammation_anemia,1.0,0.8076923076923077,0.8936170212765957,52
extra_trees,anemia_class,no_iron,development_oof,iron_deficiency_anemia,0.7755102040816326,0.8260869565217391,0.8,92
extra_trees,anemia_class,no_iron,development_oof,latent_deficiency,1.0,0.11764705882352941,0.21052631578947367,68
extra_trees,anemia_class,no_iron,development_oof,mixed_deficiency,0.8656716417910447,0.6304347826086957,0.7295597484276729,92
extra_trees,anemia_class,no_iron,development_oof,no_anemia_no_deficiency,0.5178571428571429,0.9886363636363636,0.6796875,88
extra_trees,anemia_class,no_B12,development_oof,B12_deficiency_anemia,0.9333333333333333,0.8076923076923077,0.865979381443299,52
extra_trees,anemia_class,no_B12,development_oof,B12_deficiency_no_anemia,1.0,0.025,0.04878048780487805,40
extra_trees,anemia_class,no_B12,development_oof,B6_deficiency,0.9545454545454546,0.75,0.84,28
extra_trees,anemia_class,no_B12,development_oof,anemia_other,0.7733333333333333,0.9666666666666667,0.8592592592592593,60
extra_trees,anemia_class,no_B12,development_oof,copper_deficiency,0.9565217391304348,0.7857142857142857,0.8627450980392157,28
extra_trees,anemia_class,no_B12,development_oof,folate_deficiency_anemia,0.5918367346938775,0.725,0.651685393258427,40
extra_trees,anemia_class,no_B12,development_oof,folate_deficiency_no_anemia,0.6129032258064516,0.59375,0.6031746031746031,32
extra_trees,anemia_class,no_B12,development_oof,inflammation_anemia,0.9811320754716981,1.0,0.9904761904761905,52
extra_trees,anemia_class,no_B12,development_oof,iron_deficiency_anemia,0.6956521739130435,0.8695652173913043,0.7729468599033816,92
extra_trees,anemia_class,no_B12,development_oof,latent_deficiency,0.9264705882352942,0.9264705882352942,0.9264705882352942,68
extra_trees,anemia_class,no_B12,development_oof,mixed_deficiency,0.8461538461538461,0.4782608695652174,0.6111111111111112,92
extra_trees,anemia_class,no_B12,development_oof,no_anemia_no_deficiency,0.6304347826086957,0.9886363636363636,0.7699115044247787,88
extra_trees,anemia_class,no_folate,development_oof,B12_deficiency_anemia,0.6172839506172839,0.9615384615384616,0.7518796992481203,52
extra_trees,anemia_class,no_folate,development_oof,B12_deficiency_no_anemia,1.0,0.775,0.8732394366197183,40
extra_trees,anemia_class,no_folate,development_oof,B6_deficiency,1.0,0.75,0.8571428571428571,28
extra_trees,anemia_class,no_folate,development_oof,anemia_other,0.7631578947368421,0.9666666666666667,0.8529411764705882,60
extra_trees,anemia_class,no_folate,development_oof,copper_deficiency,0.9545454545454546,0.75,0.84,28
extra_trees,anemia_class,no_folate,development_oof,folate_deficiency_anemia,0.8636363636363636,0.475,0.6129032258064516,40
extra_trees,anemia_class,no_folate,development_oof,folate_deficiency_no_anemia,0.6,0.09375,0.16216216216216217,32
extra_trees,anemia_class,no_folate,development_oof,inflammation_anemia,0.9629629629629629,1.0,0.9811320754716981,52
extra_trees,anemia_class,no_folate,development_oof,iron_deficiency_anemia,0.75,0.8804347826086957,0.81,92
extra_trees,anemia_class,no_folate,development_oof,latent_deficiency,0.9264705882352942,0.9264705882352942,0.9264705882352942,68
extra_trees,anemia_class,no_folate,development_oof,mixed_deficiency,0.8846153846153846,0.5,0.6388888888888888,92
extra_trees,anemia_class,no_folate,development_oof,no_anemia_no_deficiency,0.6666666666666666,1.0,0.8,88
extra_trees,anemia_class,no_B6,development_oof,B12_deficiency_anemia,0.8518518518518519,0.8846153846153846,0.8679245283018868,52
extra_trees,anemia_class,no_B6,development_oof,B12_deficiency_no_anemia,0.9459459459459459,0.875,0.9090909090909091,40
extra_trees,anemia_class,no_B6,development_oof,B6_deficiency,1.0,0.03571428571428571,0.06896551724137931,28
extra_trees,anemia_class,no_B6,development_oof,anemia_other,0.725,0.9666666666666667,0.8285714285714286,60
extra_trees,anemia_class,no_B6,development_oof,copper_deficiency,0.9545454545454546,0.75,0.84,28
extra_trees,anemia_class,no_B6,development_oof,folate_deficiency_anemia,0.8333333333333334,0.75,0.7894736842105263,40
extra_trees,anemia_class,no_B6,development_oof,folate_deficiency_no_anemia,0.8076923076923077,0.65625,0.7241379310344828,32
extra_trees,anemia_class,no_B6,development_oof,inflammation_anemia,0.9811320754716981,1.0,0.9904761904761905,52
extra_trees,anemia_class,no_B6,development_oof,iron_deficiency_anemia,0.8333333333333334,0.8695652173913043,0.851063829787234,92
extra_trees,anemia_class,no_B6,development_oof,latent_deficiency,0.9,0.9264705882352942,0.9130434782608695,68
extra_trees,anemia_class,no_B6,development_oof,mixed_deficiency,0.8888888888888888,0.782608695652174,0.8323699421965318,92
extra_trees,anemia_class,no_B6,development_oof,no_anemia_no_deficiency,0.75,0.9886363636363636,0.8529411764705882,88
extra_trees,anemia_class,no_copper,development_oof,B12_deficiency_anemia,0.8679245283018868,0.8846153846153846,0.8761904761904762,52
extra_trees,anemia_class,no_copper,development_oof,B12_deficiency_no_anemia,0.9210526315789473,0.875,0.8974358974358975,40
extra_trees,anemia_class,no_copper,development_oof,B6_deficiency,1.0,0.7857142857142857,0.88,28
extra_trees,anemia_class,no_copper,development_oof,anemia_other,0.7341772151898734,0.9666666666666667,0.8345323741007195,60
extra_trees,anemia_class,no_copper,development_oof,copper_deficiency,0.0,0.0,0.0,28
extra_trees,anemia_class,no_copper,development_oof,folate_deficiency_anemia,0.7317073170731707,0.75,0.7407407407407407,40
extra_trees,anemia_class,no_copper,development_oof,folate_deficiency_no_anemia,0.7777777777777778,0.65625,0.711864406779661,32
extra_trees,anemia_class,no_copper,development_oof,inflammation_anemia,0.9811320754716981,1.0,0.9904761904761905,52
extra_trees,anemia_class,no_copper,development_oof,iron_deficiency_anemia,0.8421052631578947,0.8695652173913043,0.8556149732620321,92
extra_trees,anemia_class,no_copper,development_oof,latent_deficiency,0.9264705882352942,0.9264705882352942,0.9264705882352942,68
extra_trees,anemia_class,no_copper,development_oof,mixed_deficiency,0.8902439024390244,0.7934782608695652,0.8390804597701149,92
extra_trees,anemia_class,no_copper,development_oof,no_anemia_no_deficiency,0.7631578947368421,0.9886363636363636,0.8613861386138614,88
extra_trees,anemia_class,no_hemoglobin,development_oof,B12_deficiency_anemia,0.8135593220338984,0.9230769230769231,0.8648648648648649,52
extra_trees,anemia_class,no_hemoglobin,development_oof,B12_deficiency_no_anemia,1.0,0.725,0.8405797101449275,40
extra_trees,anemia_class,no_hemoglobin,development_oof,B6_deficiency,0.8846153846153846,0.8214285714285714,0.8518518518518519,28
extra_trees,anemia_class,no_hemoglobin,development_oof,anemia_other,0.5576923076923077,0.9666666666666667,0.7073170731707317,60
extra_trees,anemia_class,no_hemoglobin,development_oof,copper_deficiency,0.8888888888888888,0.8571428571428571,0.8727272727272727,28
extra_trees,anemia_class,no_hemoglobin,development_oof,folate_deficiency_anemia,0.673469387755102,0.825,0.7415730337078652,40
extra_trees,anemia_class,no_hemoglobin,development_oof,folate_deficiency_no_anemia,0.9090909090909091,0.3125,0.46511627906976744,32
extra_trees,anemia_class,no_hemoglobin,development_oof,inflammation_anemia,0.9629629629629629,1.0,0.9811320754716981,52
extra_trees,anemia_class,no_hemoglobin,development_oof,iron_deficiency_anemia,0.664,0.9021739130434783,0.7649769585253456,92
extra_trees,anemia_class,no_hemoglobin,development_oof,latent_deficiency,0.975,0.5735294117647058,0.7222222222222222,68
extra_trees,anemia_class,no_hemoglobin,development_oof,mixed_deficiency,0.9012345679012346,0.7934782608695652,0.8439306358381503,92
extra_trees,anemia_class,no_hemoglobin,development_oof,no_anemia_no_deficiency,0.9104477611940298,0.6931818181818182,0.7870967741935484,88
extra_trees,anemia_class,no_demographics,development_oof,B12_deficiency_anemia,0.8653846153846154,0.8653846153846154,0.8653846153846154,52
extra_trees,anemia_class,no_demographics,development_oof,B12_deficiency_no_anemia,0.9459459459459459,0.875,0.9090909090909091,40
extra_trees,anemia_class,no_demographics,development_oof,B6_deficiency,1.0,0.7857142857142857,0.88,28
extra_trees,anemia_class,no_demographics,development_oof,anemia_other,0.8285714285714286,0.9666666666666667,0.8923076923076924,60
extra_trees,anemia_class,no_demographics,development_oof,copper_deficiency,0.9545454545454546,0.75,0.84,28
extra_trees,anemia_class,no_demographics,development_oof,folate_deficiency_anemia,0.8285714285714286,0.725,0.7733333333333333,40
extra_trees,anemia_class,no_demographics,development_oof,folate_deficiency_no_anemia,0.84,0.65625,0.7368421052631579,32
extra_trees,anemia_class,no_demographics,development_oof,inflammation_anemia,0.9811320754716981,1.0,0.9904761904761905,52
extra_trees,anemia_class,no_demographics,development_oof,iron_deficiency_anemia,0.8494623655913979,0.8586956521739131,0.8540540540540541,92
extra_trees,anemia_class,no_demographics,development_oof,latent_deficiency,0.9264705882352942,0.9264705882352942,0.9264705882352942,68
extra_trees,anemia_class,no_demographics,development_oof,mixed_deficiency,0.8690476190476191,0.7934782608695652,0.8295454545454546,92
extra_trees,anemia_class,no_demographics,development_oof,no_anemia_no_deficiency,0.7837837837837838,0.9886363636363636,0.8743718592964824,88
extra_trees,iron_deficiency,available,development_oof,0,0.977728285077951,1.0,0.9887387387387387,439
extra_trees,iron_deficiency,available,development_oof,1,1.0,0.9570815450643777,0.9780701754385965,233
extra_trees,iron_deficiency,drop30,development_oof,0,0.9399141630901288,0.9977220956719818,0.9679558011049724,439
extra_trees,iron_deficiency,drop30,development_oof,1,0.9951456310679612,0.8798283261802575,0.9339407744874715,233
extra_trees,iron_deficiency,drop60,development_oof,0,0.8426103646833013,1.0,0.9145833333333333,439
extra_trees,iron_deficiency,drop60,development_oof,1,1.0,0.648068669527897,0.7864583333333334,233
extra_trees,iron_deficiency,cbc_only,development_oof,0,0.6811819595645412,0.9977220956719818,0.8096118299445472,439
extra_trees,iron_deficiency,cbc_only,development_oof,1,0.9655172413793104,0.12017167381974249,0.21374045801526717,233
extra_trees,iron_deficiency,hb_only,development_oof,0,0.6532738095238095,1.0,0.7902790279027903,439
extra_trees,iron_deficiency,hb_only,development_oof,1,0.0,0.0,0.0,233
extra_trees,iron_deficiency,no_iron,development_oof,0,0.6738461538461539,0.9977220956719818,0.8044077134986226,439
extra_trees,iron_deficiency,no_iron,development_oof,1,0.9545454545454546,0.09012875536480687,0.16470588235294117,233
extra_trees,iron_deficiency,no_B12,development_oof,0,0.9799107142857143,1.0,0.9898534385569335,439
extra_trees,iron_deficiency,no_B12,development_oof,1,1.0,0.9613733905579399,0.9803063457330415,233
extra_trees,iron_deficiency,no_folate,development_oof,0,0.977728285077951,1.0,0.9887387387387387,439
extra_trees,iron_deficiency,no_folate,development_oof,1,1.0,0.9570815450643777,0.9780701754385965,233
extra_trees,iron_deficiency,no_B6,development_oof,0,0.977728285077951,1.0,0.9887387387387387,439
extra_trees,iron_deficiency,no_B6,development_oof,1,1.0,0.9570815450643777,0.9780701754385965,233
extra_trees,iron_deficiency,no_copper,development_oof,0,0.977728285077951,1.0,0.9887387387387387,439
extra_trees,iron_deficiency,no_copper,development_oof,1,1.0,0.9570815450643777,0.9780701754385965,233
extra_trees,iron_deficiency,no_hemoglobin,development_oof,0,0.977728285077951,1.0,0.9887387387387387,439
extra_trees,iron_deficiency,no_hemoglobin,development_oof,1,1.0,0.9570815450643777,0.9780701754385965,233
extra_trees,iron_deficiency,no_demographics,development_oof,0,0.977728285077951,1.0,0.9887387387387387,439
extra_trees,iron_deficiency,no_demographics,development_oof,1,1.0,0.9570815450643777,0.9780701754385965,233
extra_trees,B12_deficiency,available,development_oof,0,0.9903288201160542,0.9903288201160542,0.9903288201160542,517
extra_trees,B12_deficiency,available,development_oof,1,0.967741935483871,0.967741935483871,0.967741935483871,155
extra_trees,B12_deficiency,drop30,development_oof,0,0.9396709323583181,0.9941972920696325,0.9661654135338346,517
extra_trees,B12_deficiency,drop30,development_oof,1,0.976,0.7870967741935484,0.8714285714285714,155
extra_trees,B12_deficiency,drop60,development_oof,0,0.879045996592845,0.9980657640232108,0.9347826086956522,517
extra_trees,B12_deficiency,drop60,development_oof,1,0.9882352941176471,0.5419354838709678,0.7,155
extra_trees,B12_deficiency,cbc_only,development_oof,0,0.7693452380952381,1.0,0.8696383515559294,517
extra_trees,B12_deficiency,cbc_only,development_oof,1,0.0,0.0,0.0,155
extra_trees,B12_deficiency,hb_only,development_oof,0,0.7693452380952381,1.0,0.8696383515559294,517
extra_trees,B12_deficiency,hb_only,development_oof,1,0.0,0.0,0.0,155
extra_trees,B12_deficiency,no_iron,development_oof,0,0.9922480620155039,0.9903288201160542,0.9912875121006777,517
extra_trees,B12_deficiency,no_iron,development_oof,1,0.967948717948718,0.9741935483870968,0.9710610932475884,155
extra_trees,B12_deficiency,no_B12,development_oof,0,0.8352180936995154,1.0,0.9102112676056338,517
extra_trees,B12_deficiency,no_B12,development_oof,1,1.0,0.3419354838709677,0.5096153846153846,155
extra_trees,B12_deficiency,no_folate,development_oof,0,0.9846449136276392,0.9922630560928434,0.9884393063583815,517
extra_trees,B12_deficiency,no_folate,development_oof,1,0.9735099337748344,0.9483870967741935,0.9607843137254902,155
extra_trees,B12_deficiency,no_B6,development_oof,0,0.9903288201160542,0.9903288201160542,0.9903288201160542,517
extra_trees,B12_deficiency,no_B6,development_oof,1,0.967741935483871,0.967741935483871,0.967741935483871,155
extra_trees,B12_deficiency,no_copper,development_oof,0,0.9903288201160542,0.9903288201160542,0.9903288201160542,517
extra_trees,B12_deficiency,no_copper,development_oof,1,0.967741935483871,0.967741935483871,0.967741935483871,155
extra_trees,B12_deficiency,no_hemoglobin,development_oof,0,0.9903288201160542,0.9903288201160542,0.9903288201160542,517
extra_trees,B12_deficiency,no_hemoglobin,development_oof,1,0.967741935483871,0.967741935483871,0.967741935483871,155
extra_trees,B12_deficiency,no_demographics,development_oof,0,0.9903288201160542,0.9903288201160542,0.9903288201160542,517
extra_trees,B12_deficiency,no_demographics,development_oof,1,0.967741935483871,0.967741935483871,0.967741935483871,155
extra_trees,folate_deficiency,available,development_oof,0,0.9413793103448276,0.9891304347826086,0.9646643109540636,552
extra_trees,folate_deficiency,available,development_oof,1,0.9347826086956522,0.7166666666666667,0.8113207547169812,120
extra_trees,folate_deficiency,drop30,development_oof,0,0.90311986863711,0.9963768115942029,0.9474590869939707,552
extra_trees,folate_deficiency,drop30,development_oof,1,0.9682539682539683,0.5083333333333333,0.6666666666666666,120
extra_trees,folate_deficiency,drop60,development_oof,0,0.8690851735015773,0.9981884057971014,0.9291736930860034,552
extra_trees,folate_deficiency,drop60,development_oof,1,0.9736842105263158,0.30833333333333335,0.46835443037974683,120
extra_trees,folate_deficiency,cbc_only,development_oof,0,0.8412698412698413,0.9601449275362319,0.8967851099830795,552
extra_trees,folate_deficiency,cbc_only,development_oof,1,0.47619047619047616,0.16666666666666666,0.24691358024691357,120
extra_trees,folate_deficiency,hb_only,development_oof,0,0.8214285714285714,1.0,0.9019607843137255,552
extra_trees,folate_deficiency,hb_only,development_oof,1,0.0,0.0,0.0,120
extra_trees,folate_deficiency,no_iron,development_oof,0,0.9352640545144804,0.9945652173913043,0.9640035118525022,552
extra_trees,folate_deficiency,no_iron,development_oof,1,0.9647058823529412,0.6833333333333333,0.8,120
extra_trees,folate_deficiency,no_B12,development_oof,0,0.9392361111111112,0.980072463768116,0.9592198581560284,552
extra_trees,folate_deficiency,no_B12,development_oof,1,0.8854166666666666,0.7083333333333334,0.7870370370370371,120
extra_trees,folate_deficiency,no_folate,development_oof,0,0.8265460030165912,0.9927536231884058,0.9020576131687242,552
extra_trees,folate_deficiency,no_folate,development_oof,1,0.5555555555555556,0.041666666666666664,0.07751937984496124,120
extra_trees,folate_deficiency,no_B6,development_oof,0,0.9430051813471503,0.9891304347826086,0.9655172413793104,552
extra_trees,folate_deficiency,no_B6,development_oof,1,0.9354838709677419,0.725,0.8169014084507042,120
extra_trees,folate_deficiency,no_copper,development_oof,0,0.9447322970639033,0.9909420289855072,0.9672855879752431,552
extra_trees,folate_deficiency,no_copper,development_oof,1,0.946236559139785,0.7333333333333333,0.8262910798122066,120
extra_trees,folate_deficiency,no_hemoglobin,development_oof,0,0.9413793103448276,0.9891304347826086,0.9646643109540636,552
extra_trees,folate_deficiency,no_hemoglobin,development_oof,1,0.9347826086956522,0.7166666666666667,0.8113207547169812,120
extra_trees,folate_deficiency,no_demographics,development_oof,0,0.9382504288164666,0.9909420289855072,0.9638766519823788,552
extra_trees,folate_deficiency,no_demographics,development_oof,1,0.9438202247191011,0.7,0.8038277511961722,120
extra_trees,B6_deficiency,available,development_oof,0,0.989247311827957,1.0,0.9945945945945946,644
extra_trees,B6_deficiency,available,development_oof,1,1.0,0.75,0.8571428571428571,28
extra_trees,B6_deficiency,drop30,development_oof,0,0.9772382397572079,1.0,0.9884881043745203,644
extra_trees,B6_deficiency,drop30,development_oof,1,1.0,0.4642857142857143,0.6341463414634146,28
extra_trees,B6_deficiency,drop60,development_oof,0,0.9698340874811463,0.9984472049689441,0.9839326702371843,644
extra_trees,B6_deficiency,drop60,development_oof,1,0.8888888888888888,0.2857142857142857,0.43243243243243246,28
extra_trees,B6_deficiency,cbc_only,development_oof,0,0.9583333333333334,1.0,0.9787234042553191,644
extra_trees,B6_deficiency,cbc_only,development_oof,1,0.0,0.0,0.0,28
extra_trees,B6_deficiency,hb_only,development_oof,0,0.9583333333333334,1.0,0.9787234042553191,644
extra_trees,B6_deficiency,hb_only,development_oof,1,0.0,0.0,0.0,28
extra_trees,B6_deficiency,no_iron,development_oof,0,0.990726429675425,0.9953416149068323,0.9930286599535244,644
extra_trees,B6_deficiency,no_iron,development_oof,1,0.88,0.7857142857142857,0.8301886792452831,28
extra_trees,B6_deficiency,no_B12,development_oof,0,0.989247311827957,1.0,0.9945945945945946,644
extra_trees,B6_deficiency,no_B12,development_oof,1,1.0,0.75,0.8571428571428571,28
extra_trees,B6_deficiency,no_folate,development_oof,0,0.989247311827957,1.0,0.9945945945945946,644
extra_trees,B6_deficiency,no_folate,development_oof,1,1.0,0.75,0.8571428571428571,28
extra_trees,B6_deficiency,no_B6,development_oof,0,0.9583333333333334,1.0,0.9787234042553191,644
extra_trees,B6_deficiency,no_B6,development_oof,1,0.0,0.0,0.0,28
extra_trees,B6_deficiency,no_copper,development_oof,0,0.989247311827957,1.0,0.9945945945945946,644
extra_trees,B6_deficiency,no_copper,development_oof,1,1.0,0.75,0.8571428571428571,28
extra_trees,B6_deficiency,no_hemoglobin,development_oof,0,0.989247311827957,1.0,0.9945945945945946,644
extra_trees,B6_deficiency,no_hemoglobin,development_oof,1,1.0,0.75,0.8571428571428571,28
extra_trees,B6_deficiency,no_demographics,development_oof,0,0.989247311827957,1.0,0.9945945945945946,644
extra_trees,B6_deficiency,no_demographics,development_oof,1,1.0,0.75,0.8571428571428571,28
extra_trees,copper_deficiency,available,development_oof,0,0.9907550077041603,0.9984472049689441,0.9945862335653519,644
extra_trees,copper_deficiency,available,development_oof,1,0.9565217391304348,0.7857142857142857,0.8627450980392157,28
extra_trees,copper_deficiency,drop30,development_oof,0,0.9787234042553191,1.0,0.989247311827957,644
extra_trees,copper_deficiency,drop30,development_oof,1,1.0,0.5,0.6666666666666666,28
extra_trees,copper_deficiency,drop60,development_oof,0,0.9626307922272048,1.0,0.9809596344249809,644
extra_trees,copper_deficiency,drop60,development_oof,1,1.0,0.10714285714285714,0.1935483870967742,28
extra_trees,copper_deficiency,cbc_only,development_oof,0,0.9583333333333334,1.0,0.9787234042553191,644
extra_trees,copper_deficiency,cbc_only,development_oof,1,0.0,0.0,0.0,28
extra_trees,copper_deficiency,hb_only,development_oof,0,0.9583333333333334,1.0,0.9787234042553191,644
extra_trees,copper_deficiency,hb_only,development_oof,1,0.0,0.0,0.0,28
extra_trees,copper_deficiency,no_iron,development_oof,0,0.989247311827957,1.0,0.9945945945945946,644
extra_trees,copper_deficiency,no_iron,development_oof,1,1.0,0.75,0.8571428571428571,28
extra_trees,copper_deficiency,no_B12,development_oof,0,0.9907550077041603,0.9984472049689441,0.9945862335653519,644
extra_trees,copper_deficiency,no_B12,development_oof,1,0.9565217391304348,0.7857142857142857,0.8627450980392157,28
extra_trees,copper_deficiency,no_folate,development_oof,0,0.9922839506172839,0.9984472049689441,0.9953560371517027,644
extra_trees,copper_deficiency,no_folate,development_oof,1,0.9583333333333334,0.8214285714285714,0.8846153846153846,28
extra_trees,copper_deficiency,no_B6,development_oof,0,0.9907550077041603,0.9984472049689441,0.9945862335653519,644
extra_trees,copper_deficiency,no_B6,development_oof,1,0.9565217391304348,0.7857142857142857,0.8627450980392157,28
extra_trees,copper_deficiency,no_copper,development_oof,0,0.9583333333333334,1.0,0.9787234042553191,644
extra_trees,copper_deficiency,no_copper,development_oof,1,0.0,0.0,0.0,28
extra_trees,copper_deficiency,no_hemoglobin,development_oof,0,0.9907550077041603,0.9984472049689441,0.9945862335653519,644
extra_trees,copper_deficiency,no_hemoglobin,development_oof,1,0.9565217391304348,0.7857142857142857,0.8627450980392157,28
extra_trees,copper_deficiency,no_demographics,development_oof,0,0.9907550077041603,0.9984472049689441,0.9945862335653519,644
extra_trees,copper_deficiency,no_demographics,development_oof,1,0.9565217391304348,0.7857142857142857,0.8627450980392157,28
extra_trees,inflammation_anemia,available,development_oof,0,0.992,1.0,0.9959839357429718,620
extra_trees,inflammation_anemia,available,development_oof,1,1.0,0.9038461538461539,0.9494949494949495,52
extra_trees,inflammation_anemia,drop30,development_oof,0,0.9733124018838305,1.0,0.9864757358790772,620
extra_trees,inflammation_anemia,drop30,development_oof,1,1.0,0.6730769230769231,0.8045977011494253,52
extra_trees,inflammation_anemia,drop60,development_oof,0,0.9553158705701078,1.0,0.9771473601260835,620
extra_trees,inflammation_anemia,drop60,development_oof,1,1.0,0.4423076923076923,0.6133333333333333,52
extra_trees,inflammation_anemia,cbc_only,development_oof,0,0.9226190476190477,1.0,0.9597523219814241,620
extra_trees,inflammation_anemia,cbc_only,development_oof,1,0.0,0.0,0.0,52
extra_trees,inflammation_anemia,hb_only,development_oof,0,0.9226190476190477,1.0,0.9597523219814241,620
extra_trees,inflammation_anemia,hb_only,development_oof,1,0.0,0.0,0.0,52
extra_trees,inflammation_anemia,no_iron,development_oof,0,0.9763779527559056,1.0,0.9880478087649402,620
extra_trees,inflammation_anemia,no_iron,development_oof,1,1.0,0.7115384615384616,0.8314606741573034,52
extra_trees,inflammation_anemia,no_B12,development_oof,0,0.992,1.0,0.9959839357429718,620
extra_trees,inflammation_anemia,no_B12,development_oof,1,1.0,0.9038461538461539,0.9494949494949495,52
extra_trees,inflammation_anemia,no_folate,development_oof,0,0.992,1.0,0.9959839357429718,620
extra_trees,inflammation_anemia,no_folate,development_oof,1,1.0,0.9038461538461539,0.9494949494949495,52
extra_trees,inflammation_anemia,no_B6,development_oof,0,0.992,1.0,0.9959839357429718,620
extra_trees,inflammation_anemia,no_B6,development_oof,1,1.0,0.9038461538461539,0.9494949494949495,52
extra_trees,inflammation_anemia,no_copper,development_oof,0,0.992,1.0,0.9959839357429718,620
extra_trees,inflammation_anemia,no_copper,development_oof,1,1.0,0.9038461538461539,0.9494949494949495,52
extra_trees,inflammation_anemia,no_hemoglobin,development_oof,0,0.992,1.0,0.9959839357429718,620
extra_trees,inflammation_anemia,no_hemoglobin,development_oof,1,1.0,0.9038461538461539,0.9494949494949495,52
extra_trees,inflammation_anemia,no_demographics,development_oof,0,0.992,1.0,0.9959839357429718,620
extra_trees,inflammation_anemia,no_demographics,development_oof,1,1.0,0.9038461538461539,0.9494949494949495,52
catboost,anemia_class,available,development_oof,B12_deficiency_anemia,0.7636363636363637,0.8076923076923077,0.7850467289719626,52
catboost,anemia_class,available,development_oof,B12_deficiency_no_anemia,0.8461538461538461,0.825,0.8354430379746836,40
catboost,anemia_class,available,development_oof,B6_deficiency,0.8823529411764706,0.5357142857142857,0.6666666666666666,28
catboost,anemia_class,available,development_oof,anemia_other,0.7971014492753623,0.9166666666666666,0.8527131782945736,60
catboost,anemia_class,available,development_oof,copper_deficiency,0.95,0.6785714285714286,0.7916666666666666,28
catboost,anemia_class,available,development_oof,folate_deficiency_anemia,0.62,0.775,0.6888888888888889,40
catboost,anemia_class,available,development_oof,folate_deficiency_no_anemia,0.7272727272727273,0.5,0.5925925925925926,32
catboost,anemia_class,available,development_oof,inflammation_anemia,0.9411764705882353,0.9230769230769231,0.9320388349514563,52
catboost,anemia_class,available,development_oof,iron_deficiency_anemia,0.845360824742268,0.8913043478260869,0.8677248677248677,92
catboost,anemia_class,available,development_oof,latent_deficiency,0.8970588235294118,0.8970588235294118,0.8970588235294118,68
catboost,anemia_class,available,development_oof,mixed_deficiency,0.8666666666666667,0.7065217391304348,0.7784431137724551,92
catboost,anemia_class,available,development_oof,no_anemia_no_deficiency,0.7706422018348624,0.9545454545454546,0.8527918781725888,88
catboost,anemia_class,drop30,development_oof,B12_deficiency_anemia,0.7105263157894737,0.5192307692307693,0.6,52
catboost,anemia_class,drop30,development_oof,B12_deficiency_no_anemia,0.8260869565217391,0.475,0.6031746031746031,40
catboost,anemia_class,drop30,development_oof,B6_deficiency,0.8,0.42857142857142855,0.5581395348837209,28
catboost,anemia_class,drop30,development_oof,anemia_other,0.39669421487603307,0.8,0.5303867403314917,60
catboost,anemia_class,drop30,development_oof,copper_deficiency,0.625,0.5357142857142857,0.5769230769230769,28
catboost,anemia_class,drop30,development_oof,folate_deficiency_anemia,0.5,0.375,0.42857142857142855,40
catboost,anemia_class,drop30,development_oof,folate_deficiency_no_anemia,0.5555555555555556,0.15625,0.24390243902439024,32
catboost,anemia_class,drop30,development_oof,inflammation_anemia,0.8409090909090909,0.7115384615384616,0.7708333333333334,52
catboost,anemia_class,drop30,development_oof,iron_deficiency_anemia,0.4880952380952381,0.8913043478260869,0.6307692307692307,92
catboost,anemia_class,drop30,development_oof,latent_deficiency,0.8333333333333334,0.5147058823529411,0.6363636363636364,68
catboost,anemia_class,drop30,development_oof,mixed_deficiency,0.6153846153846154,0.43478260869565216,0.5095541401273885,92
catboost,anemia_class,drop30,development_oof,no_anemia_no_deficiency,0.6021505376344086,0.6363636363636364,0.6187845303867403,88
catboost,anemia_class,drop60,development_oof,B12_deficiency_anemia,0.5,0.15384615384615385,0.23529411764705882,52
catboost,anemia_class,drop60,development_oof,B12_deficiency_no_anemia,0.8571428571428571,0.15,0.2553191489361702,40
catboost,anemia_class,drop60,development_oof,B6_deficiency,0.23076923076923078,0.21428571428571427,0.2222222222222222,28
catboost,anemia_class,drop60,development_oof,anemia_other,0.24581005586592178,0.7333333333333333,0.3682008368200837,60
catboost,anemia_class,drop60,development_oof,copper_deficiency,0.5294117647058824,0.32142857142857145,0.4,28
catboost,anemia_class,drop60,development_oof,folate_deficiency_anemia,0.3333333333333333,0.075,0.12244897959183673,40
catboost,anemia_class,drop60,development_oof,folate_deficiency_no_anemia,0.3333333333333333,0.0625,0.10526315789473684,32
catboost,anemia_class,drop60,development_oof,inflammation_anemia,0.8787878787878788,0.5576923076923077,0.6823529411764706,52
catboost,anemia_class,drop60,development_oof,iron_deficiency_anemia,0.3115942028985507,0.9347826086956522,0.4673913043478261,92
catboost,anemia_class,drop60,development_oof,latent_deficiency,0.8947368421052632,0.25,0.39080459770114945,68
catboost,anemia_class,drop60,development_oof,mixed_deficiency,0.42857142857142855,0.16304347826086957,0.23622047244094488,92
catboost,anemia_class,drop60,development_oof,no_anemia_no_deficiency,0.6530612244897959,0.36363636363636365,0.46715328467153283,88
catboost,anemia_class,cbc_only,development_oof,B12_deficiency_anemia,0.37037037037037035,0.38461538461538464,0.37735849056603776,52
catboost,anemia_class,cbc_only,development_oof,B12_deficiency_no_anemia,0.3,0.075,0.12,40
catboost,anemia_class,cbc_only,development_oof,B6_deficiency,0.5,0.07142857142857142,0.125,28
catboost,anemia_class,cbc_only,development_oof,anemia_other,0.44680851063829785,0.7,0.5454545454545454,60
catboost,anemia_class,cbc_only,development_oof,copper_deficiency,0.0,0.0,0.0,28
catboost,anemia_class,cbc_only,development_oof,folate_deficiency_anemia,0.3541666666666667,0.425,0.38636363636363635,40
catboost,anemia_class,cbc_only,development_oof,folate_deficiency_no_anemia,0.17391304347826086,0.125,0.14545454545454545,32
catboost,anemia_class,cbc_only,development_oof,inflammation_anemia,0.0,0.0,0.0,52
catboost,anemia_class,cbc_only,development_oof,iron_deficiency_anemia,0.42780748663101603,0.8695652173913043,0.5734767025089605,92
catboost,anemia_class,cbc_only,development_oof,latent_deficiency,0.7391304347826086,0.5,0.5964912280701754,68
catboost,anemia_class,cbc_only,development_oof,mixed_deficiency,0.5862068965517241,0.18478260869565216,0.2809917355371901,92
catboost,anemia_class,cbc_only,development_oof,no_anemia_no_deficiency,0.4915254237288136,0.9886363636363636,0.6566037735849056,88
catboost,anemia_class,hb_only,development_oof,B12_deficiency_anemia,0.0,0.0,0.0,52
catboost,anemia_class,hb_only,development_oof,B12_deficiency_no_anemia,0.0,0.0,0.0,40
catboost,anemia_class,hb_only,development_oof,B6_deficiency,0.06451612903225806,0.21428571428571427,0.09917355371900827,28
catboost,anemia_class,hb_only,development_oof,anemia_other,0.21428571428571427,0.05,0.08108108108108109,60
catboost,anemia_class,hb_only,development_oof,copper_deficiency,0.0,0.0,0.0,28
catboost,anemia_class,hb_only,development_oof,folate_deficiency_anemia,0.0,0.0,0.0,40
catboost,anemia_class,hb_only,development_oof,folate_deficiency_no_anemia,0.0,0.0,0.0,32
catboost,anemia_class,hb_only,development_oof,inflammation_anemia,0.0,0.0,0.0,52
catboost,anemia_class,hb_only,development_oof,iron_deficiency_anemia,0.21897810218978103,0.9782608695652174,0.35785288270377735,92
catboost,anemia_class,hb_only,development_oof,latent_deficiency,0.0,0.0,0.0,68
catboost,anemia_class,hb_only,development_oof,mixed_deficiency,0.0,0.0,0.0,92
catboost,anemia_class,hb_only,development_oof,no_anemia_no_deficiency,0.4928571428571429,0.7840909090909091,0.6052631578947368,88
catboost,anemia_class,no_iron,development_oof,B12_deficiency_anemia,0.7592592592592593,0.7884615384615384,0.7735849056603774,52
catboost,anemia_class,no_iron,development_oof,B12_deficiency_no_anemia,0.7727272727272727,0.85,0.8095238095238095,40
catboost,anemia_class,no_iron,development_oof,B6_deficiency,0.7,0.5,0.5833333333333334,28
catboost,anemia_class,no_iron,development_oof,anemia_other,0.8166666666666667,0.8166666666666667,0.8166666666666667,60
catboost,anemia_class,no_iron,development_oof,copper_deficiency,0.9,0.6428571428571429,0.75,28
catboost,anemia_class,no_iron,development_oof,folate_deficiency_anemia,0.65,0.65,0.65,40
catboost,anemia_class,no_iron,development_oof,folate_deficiency_no_anemia,0.7222222222222222,0.40625,0.52,32
catboost,anemia_class,no_iron,development_oof,inflammation_anemia,0.8823529411764706,0.8653846153846154,0.8737864077669902,52
catboost,anemia_class,no_iron,development_oof,iron_deficiency_anemia,0.7064220183486238,0.8369565217391305,0.7661691542288557,92
catboost,anemia_class,no_iron,development_oof,latent_deficiency,0.9375,0.4411764705882353,0.6,68
catboost,anemia_class,no_iron,development_oof,mixed_deficiency,0.7804878048780488,0.6956521739130435,0.735632183908046,92
catboost,anemia_class,no_iron,development_oof,no_anemia_no_deficiency,0.6056338028169014,0.9772727272727273,0.7478260869565218,88
catboost,anemia_class,no_B12,development_oof,B12_deficiency_anemia,0.75,0.75,0.75,52
catboost,anemia_class,no_B12,development_oof,B12_deficiency_no_anemia,0.6,0.075,0.13333333333333333,40
catboost,anemia_class,no_B12,development_oof,B6_deficiency,0.9333333333333333,0.5,0.6511627906976745,28
catboost,anemia_class,no_B12,development_oof,anemia_other,0.7432432432432432,0.9166666666666666,0.8208955223880597,60
catboost,anemia_class,no_B12,development_oof,copper_deficiency,0.9545454545454546,0.75,0.84,28
catboost,anemia_class,no_B12,development_oof,folate_deficiency_anemia,0.5833333333333334,0.7,0.6363636363636364,40
catboost,anemia_class,no_B12,development_oof,folate_deficiency_no_anemia,0.4827586206896552,0.4375,0.45901639344262296,32
catboost,anemia_class,no_B12,development_oof,inflammation_anemia,0.94,0.9038461538461539,0.9215686274509803,52
catboost,anemia_class,no_B12,development_oof,iron_deficiency_anemia,0.7321428571428571,0.8913043478260869,0.803921568627451,92
catboost,anemia_class,no_B12,development_oof,latent_deficiency,0.8840579710144928,0.8970588235294118,0.8905109489051095,68
catboost,anemia_class,no_B12,development_oof,mixed_deficiency,0.8166666666666667,0.532608695652174,0.6447368421052632,92
catboost,anemia_class,no_B12,development_oof,no_anemia_no_deficiency,0.6176470588235294,0.9545454545454546,0.75,88
catboost,anemia_class,no_folate,development_oof,B12_deficiency_anemia,0.6285714285714286,0.8461538461538461,0.7213114754098361,52
catboost,anemia_class,no_folate,development_oof,B12_deficiency_no_anemia,0.8666666666666667,0.65,0.7428571428571429,40
catboost,anemia_class,no_folate,development_oof,B6_deficiency,0.875,0.5,0.6363636363636364,28
catboost,anemia_class,no_folate,development_oof,anemia_other,0.7534246575342466,0.9166666666666666,0.8270676691729323,60
catboost,anemia_class,no_folate,development_oof,copper_deficiency,0.95,0.6785714285714286,0.7916666666666666,28
catboost,anemia_class,no_folate,development_oof,folate_deficiency_anemia,0.6756756756756757,0.625,0.6493506493506493,40
catboost,anemia_class,no_folate,development_oof,folate_deficiency_no_anemia,0.4,0.125,0.19047619047619047,32
catboost,anemia_class,no_folate,development_oof,inflammation_anemia,0.9411764705882353,0.9230769230769231,0.9320388349514563,52
catboost,anemia_class,no_folate,development_oof,iron_deficiency_anemia,0.7321428571428571,0.8913043478260869,0.803921568627451,92
catboost,anemia_class,no_folate,development_oof,latent_deficiency,0.9104477611940298,0.8970588235294118,0.9037037037037037,68
catboost,anemia_class,no_folate,development_oof,mixed_deficiency,0.8363636363636363,0.5,0.6258503401360545,92
catboost,anemia_class,no_folate,development_oof,no_anemia_no_deficiency,0.648854961832061,0.9659090909090909,0.776255707762557,88
catboost,anemia_class,no_B6,development_oof,B12_deficiency_anemia,0.7636363636363637,0.8076923076923077,0.7850467289719626,52
catboost,anemia_class,no_B6,development_oof,B12_deficiency_no_anemia,0.8461538461538461,0.825,0.8354430379746836,40
catboost,anemia_class,no_B6,development_oof,B6_deficiency,0.5,0.07142857142857142,0.125,28
catboost,anemia_class,no_B6,development_oof,anemia_other,0.7534246575342466,0.9166666666666666,0.8270676691729323,60
catboost,anemia_class,no_B6,development_oof,copper_deficiency,0.95,0.6785714285714286,0.7916666666666666,28
catboost,anemia_class,no_B6,development_oof,folate_deficiency_anemia,0.62,0.775,0.6888888888888889,40
catboost,anemia_class,no_B6,development_oof,folate_deficiency_no_anemia,0.7272727272727273,0.5,0.5925925925925926,32
catboost,anemia_class,no_B6,development_oof,inflammation_anemia,0.9230769230769231,0.9230769230769231,0.9230769230769231,52
catboost,anemia_class,no_B6,development_oof,iron_deficiency_anemia,0.8282828282828283,0.8913043478260869,0.8586387434554974,92
catboost,anemia_class,no_B6,development_oof,latent_deficiency,0.8472222222222222,0.8970588235294118,0.8714285714285714,68
catboost,anemia_class,no_B6,development_oof,mixed_deficiency,0.8666666666666667,0.7065217391304348,0.7784431137724551,92
catboost,anemia_class,no_B6,development_oof,no_anemia_no_deficiency,0.7567567567567568,0.9545454545454546,0.8442211055276382,88
catboost,anemia_class,no_copper,development_oof,B12_deficiency_anemia,0.7636363636363637,0.8076923076923077,0.7850467289719626,52
catboost,anemia_class,no_copper,development_oof,B12_deficiency_no_anemia,0.8048780487804879,0.825,0.8148148148148148,40
catboost,anemia_class,no_copper,development_oof,B6_deficiency,0.9411764705882353,0.5714285714285714,0.7111111111111111,28
catboost,anemia_class,no_copper,development_oof,anemia_other,0.7567567567567568,0.9333333333333333,0.835820895522388,60
catboost,anemia_class,no_copper,development_oof,copper_deficiency,1.0,0.03571428571428571,0.06896551724137931,28
catboost,anemia_class,no_copper,development_oof,folate_deficiency_anemia,0.5714285714285714,0.8,0.6666666666666666,40
catboost,anemia_class,no_copper,development_oof,folate_deficiency_no_anemia,0.64,0.5,0.5614035087719298,32
catboost,anemia_class,no_copper,development_oof,inflammation_anemia,0.96,0.9230769230769231,0.9411764705882353,52
catboost,anemia_class,no_copper,development_oof,iron_deficiency_anemia,0.82,0.8913043478260869,0.8541666666666666,92
catboost,anemia_class,no_copper,development_oof,latent_deficiency,0.8985507246376812,0.9117647058823529,0.9051094890510949,68
catboost,anemia_class,no_copper,development_oof,mixed_deficiency,0.8648648648648649,0.6956521739130435,0.7710843373493976,92
catboost,anemia_class,no_copper,development_oof,no_anemia_no_deficiency,0.7636363636363637,0.9545454545454546,0.8484848484848485,88
catboost,anemia_class,no_hemoglobin,development_oof,B12_deficiency_anemia,0.6774193548387096,0.8076923076923077,0.7368421052631579,52
catboost,anemia_class,no_hemoglobin,development_oof,B12_deficiency_no_anemia,0.85,0.425,0.5666666666666667,40
catboost,anemia_class,no_hemoglobin,development_oof,B6_deficiency,0.6153846153846154,0.5714285714285714,0.5925925925925926,28
catboost,anemia_class,no_hemoglobin,development_oof,anemia_other,0.38620689655172413,0.9333333333333333,0.5463414634146342,60
catboost,anemia_class,no_hemoglobin,development_oof,copper_deficiency,0.84,0.75,0.7924528301886793,28
catboost,anemia_class,no_hemoglobin,development_oof,folate_deficiency_anemia,0.43243243243243246,0.8,0.5614035087719298,40
catboost,anemia_class,no_hemoglobin,development_oof,folate_deficiency_no_anemia,0.5,0.03125,0.058823529411764705,32
catboost,anemia_class,no_hemoglobin,development_oof,inflammation_anemia,0.875,0.9423076923076923,0.9074074074074074,52
catboost,anemia_class,no_hemoglobin,development_oof,iron_deficiency_anemia,0.509090909090909,0.9130434782608695,0.6536964980544747,92
catboost,anemia_class,no_hemoglobin,development_oof,latent_deficiency,1.0,0.029411764705882353,0.05714285714285714,68
catboost,anemia_class,no_hemoglobin,development_oof,mixed_deficiency,0.8552631578947368,0.7065217391304348,0.7738095238095238,92
catboost,anemia_class,no_hemoglobin,development_oof,no_anemia_no_deficiency,0.8421052631578947,0.18181818181818182,0.29906542056074764,88
catboost,anemia_class,no_demographics,development_oof,B12_deficiency_anemia,0.7592592592592593,0.7884615384615384,0.7735849056603774,52
catboost,anemia_class,no_demographics,development_oof,B12_deficiency_no_anemia,0.8717948717948718,0.85,0.8607594936708861,40
catboost,anemia_class,no_demographics,development_oof,B6_deficiency,0.8823529411764706,0.5357142857142857,0.6666666666666666,28
catboost,anemia_class,no_demographics,development_oof,anemia_other,0.8088235294117647,0.9166666666666666,0.859375,60
catboost,anemia_class,no_demographics,development_oof,copper_deficiency,0.9473684210526315,0.6428571428571429,0.7659574468085106,28
catboost,anemia_class,no_demographics,development_oof,folate_deficiency_anemia,0.62,0.775,0.6888888888888889,40
catboost,anemia_class,no_demographics,development_oof,folate_deficiency_no_anemia,0.7619047619047619,0.5,0.6037735849056604,32
catboost,anemia_class,no_demographics,development_oof,inflammation_anemia,0.9423076923076923,0.9423076923076923,0.9423076923076923,52
catboost,anemia_class,no_demographics,development_oof,iron_deficiency_anemia,0.8367346938775511,0.8913043478260869,0.8631578947368421,92
catboost,anemia_class,no_demographics,development_oof,latent_deficiency,0.9104477611940298,0.8970588235294118,0.9037037037037037,68
catboost,anemia_class,no_demographics,development_oof,mixed_deficiency,0.8552631578947368,0.7065217391304348,0.7738095238095238,92
catboost,anemia_class,no_demographics,development_oof,no_anemia_no_deficiency,0.7657657657657657,0.9659090909090909,0.8542713567839196,88
catboost,iron_deficiency,available,development_oof,0,0.9842696629213483,0.9977220956719818,0.9909502262443439,439
catboost,iron_deficiency,available,development_oof,1,0.9955947136563876,0.9699570815450643,0.9826086956521739,233
catboost,iron_deficiency,drop30,development_oof,0,0.9431072210065645,0.9817767653758542,0.9620535714285714,439
catboost,iron_deficiency,drop30,development_oof,1,0.9627906976744186,0.8884120171673819,0.9241071428571429,233
catboost,iron_deficiency,drop60,development_oof,0,0.8594704684317719,0.9612756264236902,0.9075268817204301,439
catboost,iron_deficiency,drop60,development_oof,1,0.9060773480662984,0.703862660944206,0.7922705314009661,233
catboost,iron_deficiency,cbc_only,development_oof,0,0.735593220338983,0.9886104783599089,0.8435374149659864,439
catboost,iron_deficiency,cbc_only,development_oof,1,0.9390243902439024,0.33047210300429186,0.4888888888888889,233
catboost,iron_deficiency,hb_only,development_oof,0,0.6532738095238095,1.0,0.7902790279027903,439
catboost,iron_deficiency,hb_only,development_oof,1,0.0,0.0,0.0,233
catboost,iron_deficiency,no_iron,development_oof,0,0.7225913621262459,0.9908883826879271,0.8357348703170029,439
catboost,iron_deficiency,no_iron,development_oof,1,0.9428571428571428,0.2832618025751073,0.43564356435643564,233
catboost,iron_deficiency,no_B12,development_oof,0,0.9842696629213483,0.9977220956719818,0.9909502262443439,439
catboost,iron_deficiency,no_B12,development_oof,1,0.9955947136563876,0.9699570815450643,0.9826086956521739,233
catboost,iron_deficiency,no_folate,development_oof,0,0.9842696629213483,0.9977220956719818,0.9909502262443439,439
catboost,iron_deficiency,no_folate,development_oof,1,0.9955947136563876,0.9699570815450643,0.9826086956521739,233
catboost,iron_deficiency,no_B6,development_oof,0,0.9842696629213483,0.9977220956719818,0.9909502262443439,439
catboost,iron_deficiency,no_B6,development_oof,1,0.9955947136563876,0.9699570815450643,0.9826086956521739,233
catboost,iron_deficiency,no_copper,development_oof,0,0.9820627802690582,0.9977220956719818,0.9898305084745763,439
catboost,iron_deficiency,no_copper,development_oof,1,0.995575221238938,0.9656652360515021,0.9803921568627451,233
catboost,iron_deficiency,no_hemoglobin,development_oof,0,0.9820627802690582,0.9977220956719818,0.9898305084745763,439
catboost,iron_deficiency,no_hemoglobin,development_oof,1,0.995575221238938,0.9656652360515021,0.9803921568627451,233
catboost,iron_deficiency,no_demographics,development_oof,0,0.9842696629213483,0.9977220956719818,0.9909502262443439,439
catboost,iron_deficiency,no_demographics,development_oof,1,0.9955947136563876,0.9699570815450643,0.9826086956521739,233
catboost,B12_deficiency,available,development_oof,0,0.9771863117870723,0.9941972920696325,0.9856184084372004,517
catboost,B12_deficiency,available,development_oof,1,0.9794520547945206,0.9225806451612903,0.9501661129568106,155
catboost,B12_deficiency,drop30,development_oof,0,0.9194991055456172,0.9941972920696325,0.9553903345724907,517
catboost,B12_deficiency,drop30,development_oof,1,0.9734513274336283,0.7096774193548387,0.8208955223880597,155
catboost,B12_deficiency,drop60,development_oof,0,0.8390243902439024,0.9980657640232108,0.911660777385159,517
catboost,B12_deficiency,drop60,development_oof,1,0.9824561403508771,0.36129032258064514,0.5283018867924528,155
catboost,B12_deficiency,cbc_only,development_oof,0,0.7693452380952381,1.0,0.8696383515559294,517
catboost,B12_deficiency,cbc_only,development_oof,1,0.0,0.0,0.0,155
catboost,B12_deficiency,hb_only,development_oof,0,0.7693452380952381,1.0,0.8696383515559294,517
catboost,B12_deficiency,hb_only,development_oof,1,0.0,0.0,0.0,155
catboost,B12_deficiency,no_iron,development_oof,0,0.979047619047619,0.9941972920696325,0.9865642994241842,517
catboost,B12_deficiency,no_iron,development_oof,1,0.9795918367346939,0.9290322580645162,0.9536423841059603,155
catboost,B12_deficiency,no_B12,development_oof,0,0.8298555377207063,1.0,0.9070175438596492,517
catboost,B12_deficiency,no_B12,development_oof,1,1.0,0.3161290322580645,0.4803921568627451,155
catboost,B12_deficiency,no_folate,development_oof,0,0.967984934086629,0.9941972920696325,0.9809160305343512,517
catboost,B12_deficiency,no_folate,development_oof,1,0.9787234042553191,0.8903225806451613,0.9324324324324325,155
catboost,B12_deficiency,no_B6,development_oof,0,0.9771863117870723,0.9941972920696325,0.9856184084372004,517
catboost,B12_deficiency,no_B6,development_oof,1,0.9794520547945206,0.9225806451612903,0.9501661129568106,155
catboost,B12_deficiency,no_copper,development_oof,0,0.9771863117870723,0.9941972920696325,0.9856184084372004,517
catboost,B12_deficiency,no_copper,development_oof,1,0.9794520547945206,0.9225806451612903,0.9501661129568106,155
catboost,B12_deficiency,no_hemoglobin,development_oof,0,0.979047619047619,0.9941972920696325,0.9865642994241842,517
catboost,B12_deficiency,no_hemoglobin,development_oof,1,0.9795918367346939,0.9290322580645162,0.9536423841059603,155
catboost,B12_deficiency,no_demographics,development_oof,0,0.9771863117870723,0.9941972920696325,0.9856184084372004,517
catboost,B12_deficiency,no_demographics,development_oof,1,0.9794520547945206,0.9225806451612903,0.9501661129568106,155
catboost,folate_deficiency,available,development_oof,0,0.934931506849315,0.9891304347826086,0.9612676056338029,552
catboost,folate_deficiency,available,development_oof,1,0.9318181818181818,0.6833333333333333,0.7884615384615384,120
catboost,folate_deficiency,drop30,development_oof,0,0.8976897689768977,0.9855072463768116,0.9395509499136442,552
catboost,folate_deficiency,drop30,development_oof,1,0.8787878787878788,0.48333333333333334,0.6236559139784946,120
catboost,folate_deficiency,drop60,development_oof,0,0.8675078864353313,0.9963768115942029,0.927487352445194,552
catboost,folate_deficiency,drop60,development_oof,1,0.9473684210526315,0.3,0.45569620253164556,120
catboost,folate_deficiency,cbc_only,development_oof,0,0.8280060882800608,0.9855072463768116,0.8999172870140613,552
catboost,folate_deficiency,cbc_only,development_oof,1,0.4666666666666667,0.058333333333333334,0.1037037037037037,120
catboost,folate_deficiency,hb_only,development_oof,0,0.8214285714285714,1.0,0.9019607843137255,552
catboost,folate_deficiency,hb_only,development_oof,1,0.0,0.0,0.0,120
catboost,folate_deficiency,no_iron,development_oof,0,0.9365351629502573,0.9891304347826086,0.9621145374449339,552
catboost,folate_deficiency,no_iron,development_oof,1,0.9325842696629213,0.6916666666666667,0.7942583732057417,120
catboost,folate_deficiency,no_B12,development_oof,0,0.9389179755671903,0.9746376811594203,0.9564444444444444,552
catboost,folate_deficiency,no_B12,development_oof,1,0.8585858585858586,0.7083333333333334,0.776255707762557,120
catboost,folate_deficiency,no_folate,development_oof,0,0.8233532934131736,0.9963768115942029,0.9016393442622951,552
catboost,folate_deficiency,no_folate,development_oof,1,0.5,0.016666666666666666,0.03225806451612903,120
catboost,folate_deficiency,no_B6,development_oof,0,0.9381443298969072,0.9891304347826086,0.9629629629629629,552
catboost,folate_deficiency,no_B6,development_oof,1,0.9333333333333333,0.7,0.8,120
catboost,folate_deficiency,no_copper,development_oof,0,0.934931506849315,0.9891304347826086,0.9612676056338029,552
catboost,folate_deficiency,no_copper,development_oof,1,0.9318181818181818,0.6833333333333333,0.7884615384615384,120
catboost,folate_deficiency,no_hemoglobin,development_oof,0,0.934931506849315,0.9891304347826086,0.9612676056338029,552
catboost,folate_deficiency,no_hemoglobin,development_oof,1,0.9318181818181818,0.6833333333333333,0.7884615384615384,120
catboost,folate_deficiency,no_demographics,development_oof,0,0.9303904923599321,0.9927536231884058,0.9605609114811569,552
catboost,folate_deficiency,no_demographics,development_oof,1,0.9518072289156626,0.6583333333333333,0.7783251231527094,120
catboost,B6_deficiency,available,development_oof,0,0.989247311827957,1.0,0.9945945945945946,644
catboost,B6_deficiency,available,development_oof,1,1.0,0.75,0.8571428571428571,28
catboost,B6_deficiency,drop30,development_oof,0,0.9801829268292683,0.9984472049689441,0.9892307692307692,644
catboost,B6_deficiency,drop30,development_oof,1,0.9375,0.5357142857142857,0.6818181818181818,28
catboost,B6_deficiency,drop60,development_oof,0,0.9698340874811463,0.9984472049689441,0.9839326702371843,644
catboost,B6_deficiency,drop60,development_oof,1,0.8888888888888888,0.2857142857142857,0.43243243243243246,28
catboost,B6_deficiency,cbc_only,development_oof,0,0.9583333333333334,1.0,0.9787234042553191,644
catboost,B6_deficiency,cbc_only,development_oof,1,0.0,0.0,0.0,28
catboost,B6_deficiency,hb_only,development_oof,0,0.9583333333333334,1.0,0.9787234042553191,644
catboost,B6_deficiency,hb_only,development_oof,1,0.0,0.0,0.0,28
catboost,B6_deficiency,no_iron,development_oof,0,0.9892307692307692,0.9984472049689441,0.9938176197836167,644
catboost,B6_deficiency,no_iron,development_oof,1,0.9545454545454546,0.75,0.84,28
catboost,B6_deficiency,no_B12,development_oof,0,0.9892307692307692,0.9984472049689441,0.9938176197836167,644
catboost,B6_deficiency,no_B12,development_oof,1,0.9545454545454546,0.75,0.84,28
catboost,B6_deficiency,no_folate,development_oof,0,0.989247311827957,1.0,0.9945945945945946,644
catboost,B6_deficiency,no_folate,development_oof,1,1.0,0.75,0.8571428571428571,28
catboost,B6_deficiency,no_B6,development_oof,0,0.9583333333333334,1.0,0.9787234042553191,644
catboost,B6_deficiency,no_B6,development_oof,1,0.0,0.0,0.0,28
catboost,B6_deficiency,no_copper,development_oof,0,0.989247311827957,1.0,0.9945945945945946,644
catboost,B6_deficiency,no_copper,development_oof,1,1.0,0.75,0.8571428571428571,28
catboost,B6_deficiency,no_hemoglobin,development_oof,0,0.989247311827957,1.0,0.9945945945945946,644
catboost,B6_deficiency,no_hemoglobin,development_oof,1,1.0,0.75,0.8571428571428571,28
catboost,B6_deficiency,no_demographics,development_oof,0,0.989247311827957,1.0,0.9945945945945946,644
catboost,B6_deficiency,no_demographics,development_oof,1,1.0,0.75,0.8571428571428571,28
catboost,copper_deficiency,available,development_oof,0,0.9922958397534669,1.0,0.9961330239752514,644
catboost,copper_deficiency,available,development_oof,1,1.0,0.8214285714285714,0.9019607843137255,28
catboost,copper_deficiency,drop30,development_oof,0,0.9861751152073732,0.9968944099378882,0.9915057915057915,644
catboost,copper_deficiency,drop30,development_oof,1,0.9047619047619048,0.6785714285714286,0.7755102040816326,28
catboost,copper_deficiency,drop60,development_oof,0,0.972768532526475,0.9984472049689441,0.98544061302682,644
catboost,copper_deficiency,drop60,development_oof,1,0.9090909090909091,0.35714285714285715,0.5128205128205128,28
catboost,copper_deficiency,cbc_only,development_oof,0,0.9583333333333334,1.0,0.9787234042553191,644
catboost,copper_deficiency,cbc_only,development_oof,1,0.0,0.0,0.0,28
catboost,copper_deficiency,hb_only,development_oof,0,0.9583333333333334,1.0,0.9787234042553191,644
catboost,copper_deficiency,hb_only,development_oof,1,0.0,0.0,0.0,28
catboost,copper_deficiency,no_iron,development_oof,0,0.9922958397534669,1.0,0.9961330239752514,644
catboost,copper_deficiency,no_iron,development_oof,1,1.0,0.8214285714285714,0.9019607843137255,28
catboost,copper_deficiency,no_B12,development_oof,0,0.9922958397534669,1.0,0.9961330239752514,644
catboost,copper_deficiency,no_B12,development_oof,1,1.0,0.8214285714285714,0.9019607843137255,28
catboost,copper_deficiency,no_folate,development_oof,0,0.9922958397534669,1.0,0.9961330239752514,644
catboost,copper_deficiency,no_folate,development_oof,1,1.0,0.8214285714285714,0.9019607843137255,28
catboost,copper_deficiency,no_B6,development_oof,0,0.9922958397534669,1.0,0.9961330239752514,644
catboost,copper_deficiency,no_B6,development_oof,1,1.0,0.8214285714285714,0.9019607843137255,28
catboost,copper_deficiency,no_copper,development_oof,0,0.9583333333333334,1.0,0.9787234042553191,644
catboost,copper_deficiency,no_copper,development_oof,1,0.0,0.0,0.0,28
catboost,copper_deficiency,no_hemoglobin,development_oof,0,0.9922958397534669,1.0,0.9961330239752514,644
catboost,copper_deficiency,no_hemoglobin,development_oof,1,1.0,0.8214285714285714,0.9019607843137255,28
catboost,copper_deficiency,no_demographics,development_oof,0,0.9922958397534669,1.0,0.9961330239752514,644
catboost,copper_deficiency,no_demographics,development_oof,1,1.0,0.8214285714285714,0.9019607843137255,28
catboost,inflammation_anemia,available,development_oof,0,0.9856687898089171,0.9983870967741936,0.9919871794871795,620
catboost,inflammation_anemia,available,development_oof,1,0.9772727272727273,0.8269230769230769,0.8958333333333334,52
catboost,inflammation_anemia,drop30,development_oof,0,0.9686520376175548,0.9967741935483871,0.9825119236883942,620
catboost,inflammation_anemia,drop30,development_oof,1,0.9411764705882353,0.6153846153846154,0.7441860465116279,52
catboost,inflammation_anemia,drop60,development_oof,0,0.9567233384853169,0.9983870967741936,0.9771112865035517,620
catboost,inflammation_anemia,drop60,development_oof,1,0.96,0.46153846153846156,0.6233766233766234,52
catboost,inflammation_anemia,cbc_only,development_oof,0,0.9226190476190477,1.0,0.9597523219814241,620
catboost,inflammation_anemia,cbc_only,development_oof,1,0.0,0.0,0.0,52
catboost,inflammation_anemia,hb_only,development_oof,0,0.9226190476190477,1.0,0.9597523219814241,620
catboost,inflammation_anemia,hb_only,development_oof,1,0.0,0.0,0.0,52
catboost,inflammation_anemia,no_iron,development_oof,0,0.9793977812995246,0.9967741935483871,0.988009592326139,620
catboost,inflammation_anemia,no_iron,development_oof,1,0.9512195121951219,0.75,0.8387096774193549,52
catboost,inflammation_anemia,no_B12,development_oof,0,0.9856687898089171,0.9983870967741936,0.9919871794871795,620
catboost,inflammation_anemia,no_B12,development_oof,1,0.9772727272727273,0.8269230769230769,0.8958333333333334,52
catboost,inflammation_anemia,no_folate,development_oof,0,0.9856687898089171,0.9983870967741936,0.9919871794871795,620
catboost,inflammation_anemia,no_folate,development_oof,1,0.9772727272727273,0.8269230769230769,0.8958333333333334,52
catboost,inflammation_anemia,no_B6,development_oof,0,0.9856687898089171,0.9983870967741936,0.9919871794871795,620
catboost,inflammation_anemia,no_B6,development_oof,1,0.9772727272727273,0.8269230769230769,0.8958333333333334,52
catboost,inflammation_anemia,no_copper,development_oof,0,0.9856687898089171,0.9983870967741936,0.9919871794871795,620
catboost,inflammation_anemia,no_copper,development_oof,1,0.9772727272727273,0.8269230769230769,0.8958333333333334,52
catboost,inflammation_anemia,no_hemoglobin,development_oof,0,0.9856459330143541,0.9967741935483871,0.9911788291900562,620
catboost,inflammation_anemia,no_hemoglobin,development_oof,1,0.9555555555555556,0.8269230769230769,0.8865979381443299,52
catboost,inflammation_anemia,no_demographics,development_oof,0,0.9903536977491961,0.9935483870967742,0.9919484702093397,620
catboost,inflammation_anemia,no_demographics,development_oof,1,0.92,0.8846153846153846,0.9019607843137255,52
catboost_dropout,anemia_class,available,development_oof,B12_deficiency_anemia,0.6666666666666666,0.7692307692307693,0.7142857142857143,52
catboost_dropout,anemia_class,available,development_oof,B12_deficiency_no_anemia,0.7857142857142857,0.825,0.8048780487804879,40
catboost_dropout,anemia_class,available,development_oof,B6_deficiency,0.8666666666666667,0.4642857142857143,0.6046511627906976,28
catboost_dropout,anemia_class,available,development_oof,anemia_other,0.7971014492753623,0.9166666666666666,0.8527131782945736,60
catboost_dropout,anemia_class,available,development_oof,copper_deficiency,1.0,0.6785714285714286,0.8085106382978723,28
catboost_dropout,anemia_class,available,development_oof,folate_deficiency_anemia,0.6444444444444445,0.725,0.6823529411764706,40
catboost_dropout,anemia_class,available,development_oof,folate_deficiency_no_anemia,0.7647058823529411,0.40625,0.5306122448979592,32
catboost_dropout,anemia_class,available,development_oof,inflammation_anemia,0.9245283018867925,0.9423076923076923,0.9333333333333333,52
catboost_dropout,anemia_class,available,development_oof,iron_deficiency_anemia,0.8351648351648352,0.8260869565217391,0.8306010928961749,92
catboost_dropout,anemia_class,available,development_oof,latent_deficiency,0.8181818181818182,0.9264705882352942,0.8689655172413793,68
catboost_dropout,anemia_class,available,development_oof,mixed_deficiency,0.7439024390243902,0.6630434782608695,0.7011494252873564,92
catboost_dropout,anemia_class,available,development_oof,no_anemia_no_deficiency,0.7941176470588235,0.9204545454545454,0.8526315789473684,88
catboost_dropout,anemia_class,drop30,development_oof,B12_deficiency_anemia,0.6470588235294118,0.6346153846153846,0.6407766990291263,52
catboost_dropout,anemia_class,drop30,development_oof,B12_deficiency_no_anemia,0.7333333333333333,0.55,0.6285714285714286,40
catboost_dropout,anemia_class,drop30,development_oof,B6_deficiency,0.7692307692307693,0.35714285714285715,0.4878048780487805,28
catboost_dropout,anemia_class,drop30,development_oof,anemia_other,0.5517241379310345,0.8,0.6530612244897959,60
catboost_dropout,anemia_class,drop30,development_oof,copper_deficiency,0.8823529411764706,0.5357142857142857,0.6666666666666666,28
catboost_dropout,anemia_class,drop30,development_oof,folate_deficiency_anemia,0.48484848484848486,0.4,0.4383561643835616,40
catboost_dropout,anemia_class,drop30,development_oof,folate_deficiency_no_anemia,0.6923076923076923,0.28125,0.4,32
catboost_dropout,anemia_class,drop30,development_oof,inflammation_anemia,0.7704918032786885,0.9038461538461539,0.831858407079646,52
catboost_dropout,anemia_class,drop30,development_oof,iron_deficiency_anemia,0.6857142857142857,0.782608695652174,0.7309644670050761,92
catboost_dropout,anemia_class,drop30,development_oof,latent_deficiency,0.8032786885245902,0.7205882352941176,0.7596899224806202,68
catboost_dropout,anemia_class,drop30,development_oof,mixed_deficiency,0.6292134831460674,0.6086956521739131,0.6187845303867403,92
catboost_dropout,anemia_class,drop30,development_oof,no_anemia_no_deficiency,0.6696428571428571,0.8522727272727273,0.75,88
catboost_dropout,anemia_class,drop60,development_oof,B12_deficiency_anemia,0.5625,0.34615384615384615,0.42857142857142855,52
catboost_dropout,anemia_class,drop60,development_oof,B12_deficiency_no_anemia,0.7058823529411765,0.3,0.42105263157894735,40
catboost_dropout,anemia_class,drop60,development_oof,B6_deficiency,0.7142857142857143,0.17857142857142858,0.2857142857142857,28
catboost_dropout,anemia_class,drop60,development_oof,anemia_other,0.3515625,0.75,0.4787234042553192,60
catboost_dropout,anemia_class,drop60,development_oof,copper_deficiency,0.7,0.25,0.3684210526315789,28
catboost_dropout,anemia_class,drop60,development_oof,folate_deficiency_anemia,0.5555555555555556,0.375,0.44776119402985076,40
catboost_dropout,anemia_class,drop60,development_oof,folate_deficiency_no_anemia,0.5555555555555556,0.15625,0.24390243902439024,32
catboost_dropout,anemia_class,drop60,development_oof,inflammation_anemia,0.76,0.7307692307692307,0.7450980392156863,52
catboost_dropout,anemia_class,drop60,development_oof,iron_deficiency_anemia,0.4451219512195122,0.7934782608695652,0.5703125,92
catboost_dropout,anemia_class,drop60,development_oof,latent_deficiency,0.7391304347826086,0.5,0.5964912280701754,68
catboost_dropout,anemia_class,drop60,development_oof,mixed_deficiency,0.527027027027027,0.42391304347826086,0.46987951807228917,92
catboost_dropout,anemia_class,drop60,development_oof,no_anemia_no_deficiency,0.5740740740740741,0.7045454545454546,0.6326530612244898,88
catboost_dropout,anemia_class,cbc_only,development_oof,B12_deficiency_anemia,0.5087719298245614,0.5576923076923077,0.5321100917431193,52
catboost_dropout,anemia_class,cbc_only,development_oof,B12_deficiency_no_anemia,0.4230769230769231,0.275,0.3333333333333333,40
catboost_dropout,anemia_class,cbc_only,development_oof,B6_deficiency,0.4,0.07142857142857142,0.12121212121212122,28
catboost_dropout,anemia_class,cbc_only,development_oof,anemia_other,0.5308641975308642,0.7166666666666667,0.6099290780141844,60
catboost_dropout,anemia_class,cbc_only,development_oof,copper_deficiency,0.0,0.0,0.0,28
catboost_dropout,anemia_class,cbc_only,development_oof,folate_deficiency_anemia,0.4222222222222222,0.475,0.4470588235294118,40
catboost_dropout,anemia_class,cbc_only,development_oof,folate_deficiency_no_anemia,0.32,0.25,0.2807017543859649,32
catboost_dropout,anemia_class,cbc_only,development_oof,inflammation_anemia,0.6086956521739131,0.5384615384615384,0.5714285714285714,52
catboost_dropout,anemia_class,cbc_only,development_oof,iron_deficiency_anemia,0.5701754385964912,0.7065217391304348,0.6310679611650486,92
catboost_dropout,anemia_class,cbc_only,development_oof,latent_deficiency,0.6052631578947368,0.6764705882352942,0.6388888888888888,68
catboost_dropout,anemia_class,cbc_only,development_oof,mixed_deficiency,0.5942028985507246,0.44565217391304346,0.5093167701863354,92
catboost_dropout,anemia_class,cbc_only,development_oof,no_anemia_no_deficiency,0.609375,0.8863636363636364,0.7222222222222222,88
catboost_dropout,anemia_class,hb_only,development_oof,B12_deficiency_anemia,0.0,0.0,0.0,52
catboost_dropout,anemia_class,hb_only,development_oof,B12_deficiency_no_anemia,0.0,0.0,0.0,40
catboost_dropout,anemia_class,hb_only,development_oof,B6_deficiency,0.0,0.0,0.0,28
catboost_dropout,anemia_class,hb_only,development_oof,anemia_other,0.3125,0.08333333333333333,0.13157894736842105,60
catboost_dropout,anemia_class,hb_only,development_oof,copper_deficiency,0.0,0.0,0.0,28
catboost_dropout,anemia_class,hb_only,development_oof,folate_deficiency_anemia,0.0,0.0,0.0,40
catboost_dropout,anemia_class,hb_only,development_oof,folate_deficiency_no_anemia,0.0,0.0,0.0,32
catboost_dropout,anemia_class,hb_only,development_oof,inflammation_anemia,0.0,0.0,0.0,52
catboost_dropout,anemia_class,hb_only,development_oof,iron_deficiency_anemia,0.22527472527472528,0.8913043478260869,0.35964912280701755,92
catboost_dropout,anemia_class,hb_only,development_oof,latent_deficiency,0.25301204819277107,0.3088235294117647,0.2781456953642384,68
catboost_dropout,anemia_class,hb_only,development_oof,mixed_deficiency,0.14705882352941177,0.05434782608695652,0.07936507936507936,92
catboost_dropout,anemia_class,hb_only,development_oof,no_anemia_no_deficiency,0.3699421965317919,0.7272727272727273,0.4904214559386973,88
catboost_dropout,anemia_class,no_iron,development_oof,B12_deficiency_anemia,0.6666666666666666,0.7692307692307693,0.7142857142857143,52
catboost_dropout,anemia_class,no_iron,development_oof,B12_deficiency_no_anemia,0.7391304347826086,0.85,0.7906976744186046,40
catboost_dropout,anemia_class,no_iron,development_oof,B6_deficiency,0.7058823529411765,0.42857142857142855,0.5333333333333333,28
catboost_dropout,anemia_class,no_iron,development_oof,anemia_other,0.78125,0.8333333333333334,0.8064516129032258,60
catboost_dropout,anemia_class,no_iron,development_oof,copper_deficiency,0.9473684210526315,0.6428571428571429,0.7659574468085106,28
catboost_dropout,anemia_class,no_iron,development_oof,folate_deficiency_anemia,0.7,0.7,0.7,40
catboost_dropout,anemia_class,no_iron,development_oof,folate_deficiency_no_anemia,0.75,0.375,0.5,32
catboost_dropout,anemia_class,no_iron,development_oof,inflammation_anemia,0.8679245283018868,0.8846153846153846,0.8761904761904762,52
catboost_dropout,anemia_class,no_iron,development_oof,iron_deficiency_anemia,0.7578947368421053,0.782608695652174,0.7700534759358288,92
catboost_dropout,anemia_class,no_iron,development_oof,latent_deficiency,0.7592592592592593,0.6029411764705882,0.6721311475409836,68
catboost_dropout,anemia_class,no_iron,development_oof,mixed_deficiency,0.6931818181818182,0.6630434782608695,0.6777777777777778,92
catboost_dropout,anemia_class,no_iron,development_oof,no_anemia_no_deficiency,0.6583333333333333,0.8977272727272727,0.7596153846153846,88
catboost_dropout,anemia_class,no_B12,development_oof,B12_deficiency_anemia,0.6666666666666666,0.7307692307692307,0.6972477064220184,52
catboost_dropout,anemia_class,no_B12,development_oof,B12_deficiency_no_anemia,0.5384615384615384,0.175,0.2641509433962264,40
catboost_dropout,anemia_class,no_B12,development_oof,B6_deficiency,0.8571428571428571,0.42857142857142855,0.5714285714285714,28
catboost_dropout,anemia_class,no_B12,development_oof,anemia_other,0.7605633802816901,0.9,0.8244274809160306,60
catboost_dropout,anemia_class,no_B12,development_oof,copper_deficiency,0.95,0.6785714285714286,0.7916666666666666,28
catboost_dropout,anemia_class,no_B12,development_oof,folate_deficiency_anemia,0.6136363636363636,0.675,0.6428571428571429,40
catboost_dropout,anemia_class,no_B12,development_oof,folate_deficiency_no_anemia,0.42857142857142855,0.375,0.4,32
catboost_dropout,anemia_class,no_B12,development_oof,inflammation_anemia,0.8888888888888888,0.9230769230769231,0.9056603773584906,52
catboost_dropout,anemia_class,no_B12,development_oof,iron_deficiency_anemia,0.7450980392156863,0.8260869565217391,0.7835051546391752,92
catboost_dropout,anemia_class,no_B12,development_oof,latent_deficiency,0.7901234567901234,0.9411764705882353,0.8590604026845637,68
catboost_dropout,anemia_class,no_B12,development_oof,mixed_deficiency,0.704225352112676,0.5434782608695652,0.6134969325153374,92
catboost_dropout,anemia_class,no_B12,development_oof,no_anemia_no_deficiency,0.6837606837606838,0.9090909090909091,0.7804878048780488,88
catboost_dropout,anemia_class,no_folate,development_oof,B12_deficiency_anemia,0.609375,0.75,0.6724137931034483,52
catboost_dropout,anemia_class,no_folate,development_oof,B12_deficiency_no_anemia,0.7714285714285715,0.675,0.72,40
catboost_dropout,anemia_class,no_folate,development_oof,B6_deficiency,0.8666666666666667,0.4642857142857143,0.6046511627906976,28
catboost_dropout,anemia_class,no_folate,development_oof,anemia_other,0.7638888888888888,0.9166666666666666,0.8333333333333334,60
catboost_dropout,anemia_class,no_folate,development_oof,copper_deficiency,0.95,0.6785714285714286,0.7916666666666666,28
catboost_dropout,anemia_class,no_folate,development_oof,folate_deficiency_anemia,0.6842105263157895,0.65,0.6666666666666666,40
catboost_dropout,anemia_class,no_folate,development_oof,folate_deficiency_no_anemia,0.5454545454545454,0.1875,0.27906976744186046,32
catboost_dropout,anemia_class,no_folate,development_oof,inflammation_anemia,0.9074074074074074,0.9423076923076923,0.9245283018867925,52
catboost_dropout,anemia_class,no_folate,development_oof,iron_deficiency_anemia,0.7916666666666666,0.8260869565217391,0.8085106382978723,92
catboost_dropout,anemia_class,no_folate,development_oof,latent_deficiency,0.8181818181818182,0.9264705882352942,0.8689655172413793,68
catboost_dropout,anemia_class,no_folate,development_oof,mixed_deficiency,0.7333333333333333,0.5978260869565217,0.6586826347305389,92
catboost_dropout,anemia_class,no_folate,development_oof,no_anemia_no_deficiency,0.7043478260869566,0.9204545454545454,0.7980295566502463,88
catboost_dropout,anemia_class,no_B6,development_oof,B12_deficiency_anemia,0.6666666666666666,0.8076923076923077,0.7304347826086957,52
catboost_dropout,anemia_class,no_B6,development_oof,B12_deficiency_no_anemia,0.7674418604651163,0.825,0.7951807228915663,40
catboost_dropout,anemia_class,no_B6,development_oof,B6_deficiency,0.6,0.10714285714285714,0.18181818181818182,28
catboost_dropout,anemia_class,no_B6,development_oof,anemia_other,0.7746478873239436,0.9166666666666666,0.8396946564885496,60
catboost_dropout,anemia_class,no_B6,development_oof,copper_deficiency,1.0,0.6785714285714286,0.8085106382978723,28
catboost_dropout,anemia_class,no_B6,development_oof,folate_deficiency_anemia,0.6818181818181818,0.75,0.7142857142857143,40
catboost_dropout,anemia_class,no_B6,development_oof,folate_deficiency_no_anemia,0.75,0.375,0.5,32
catboost_dropout,anemia_class,no_B6,development_oof,inflammation_anemia,0.9074074074074074,0.9423076923076923,0.9245283018867925,52
catboost_dropout,anemia_class,no_B6,development_oof,iron_deficiency_anemia,0.8260869565217391,0.8260869565217391,0.8260869565217391,92
catboost_dropout,anemia_class,no_B6,development_oof,latent_deficiency,0.7590361445783133,0.9264705882352942,0.8344370860927153,68
catboost_dropout,anemia_class,no_B6,development_oof,mixed_deficiency,0.7625,0.6630434782608695,0.7093023255813954,92
catboost_dropout,anemia_class,no_B6,development_oof,no_anemia_no_deficiency,0.7941176470588235,0.9204545454545454,0.8526315789473684,88
catboost_dropout,anemia_class,no_copper,development_oof,B12_deficiency_anemia,0.65,0.75,0.6964285714285714,52
catboost_dropout,anemia_class,no_copper,development_oof,B12_deficiency_no_anemia,0.7674418604651163,0.825,0.7951807228915663,40
catboost_dropout,anemia_class,no_copper,development_oof,B6_deficiency,0.8666666666666667,0.4642857142857143,0.6046511627906976,28
catboost_dropout,anemia_class,no_copper,development_oof,anemia_other,0.7142857142857143,0.9166666666666666,0.8029197080291971,60
catboost_dropout,anemia_class,no_copper,development_oof,copper_deficiency,0.0,0.0,0.0,28
catboost_dropout,anemia_class,no_copper,development_oof,folate_deficiency_anemia,0.5918367346938775,0.725,0.651685393258427,40
catboost_dropout,anemia_class,no_copper,development_oof,folate_deficiency_no_anemia,0.7,0.4375,0.5384615384615384,32
catboost_dropout,anemia_class,no_copper,development_oof,inflammation_anemia,0.9230769230769231,0.9230769230769231,0.9230769230769231,52
catboost_dropout,anemia_class,no_copper,development_oof,iron_deficiency_anemia,0.8351648351648352,0.8260869565217391,0.8306010928961749,92
catboost_dropout,anemia_class,no_copper,development_oof,latent_deficiency,0.8181818181818182,0.9264705882352942,0.8689655172413793,68
catboost_dropout,anemia_class,no_copper,development_oof,mixed_deficiency,0.7380952380952381,0.6739130434782609,0.7045454545454546,92
catboost_dropout,anemia_class,no_copper,development_oof,no_anemia_no_deficiency,0.7788461538461539,0.9204545454545454,0.84375,88
catboost_dropout,anemia_class,no_hemoglobin,development_oof,B12_deficiency_anemia,0.6190476190476191,0.75,0.6782608695652174,52
catboost_dropout,anemia_class,no_hemoglobin,development_oof,B12_deficiency_no_anemia,0.8666666666666667,0.65,0.7428571428571429,40
catboost_dropout,anemia_class,no_hemoglobin,development_oof,B6_deficiency,0.8095238095238095,0.6071428571428571,0.6938775510204082,28
catboost_dropout,anemia_class,no_hemoglobin,development_oof,anemia_other,0.7297297297297297,0.9,0.8059701492537313,60
catboost_dropout,anemia_class,no_hemoglobin,development_oof,copper_deficiency,1.0,0.6785714285714286,0.8085106382978723,28
catboost_dropout,anemia_class,no_hemoglobin,development_oof,folate_deficiency_anemia,0.5740740740740741,0.775,0.6595744680851063,40
catboost_dropout,anemia_class,no_hemoglobin,development_oof,folate_deficiency_no_anemia,0.7857142857142857,0.34375,0.4782608695652174,32
catboost_dropout,anemia_class,no_hemoglobin,development_oof,inflammation_anemia,0.8620689655172413,0.9615384615384616,0.9090909090909091,52
catboost_dropout,anemia_class,no_hemoglobin,development_oof,iron_deficiency_anemia,0.8297872340425532,0.8478260869565217,0.8387096774193549,92
catboost_dropout,anemia_class,no_hemoglobin,development_oof,latent_deficiency,0.8636363636363636,0.8382352941176471,0.8507462686567164,68
catboost_dropout,anemia_class,no_hemoglobin,development_oof,mixed_deficiency,0.7529411764705882,0.6956521739130435,0.7231638418079096,92
catboost_dropout,anemia_class,no_hemoglobin,development_oof,no_anemia_no_deficiency,0.8085106382978723,0.8636363636363636,0.8351648351648352,88
catboost_dropout,anemia_class,no_demographics,development_oof,B12_deficiency_anemia,0.6666666666666666,0.7307692307692307,0.6972477064220184,52
catboost_dropout,anemia_class,no_demographics,development_oof,B12_deficiency_no_anemia,0.8333333333333334,0.75,0.7894736842105263,40
catboost_dropout,anemia_class,no_demographics,development_oof,B6_deficiency,0.9230769230769231,0.42857142857142855,0.5853658536585366,28
catboost_dropout,anemia_class,no_demographics,development_oof,anemia_other,0.7761194029850746,0.8666666666666667,0.8188976377952756,60
catboost_dropout,anemia_class,no_demographics,development_oof,copper_deficiency,0.95,0.6785714285714286,0.7916666666666666,28
catboost_dropout,anemia_class,no_demographics,development_oof,folate_deficiency_anemia,0.6222222222222222,0.7,0.6588235294117647,40
catboost_dropout,anemia_class,no_demographics,development_oof,folate_deficiency_no_anemia,0.6666666666666666,0.375,0.48,32
catboost_dropout,anemia_class,no_demographics,development_oof,inflammation_anemia,0.8571428571428571,0.9230769230769231,0.8888888888888888,52
catboost_dropout,anemia_class,no_demographics,development_oof,iron_deficiency_anemia,0.8539325842696629,0.8260869565217391,0.8397790055248618,92
catboost_dropout,anemia_class,no_demographics,development_oof,latent_deficiency,0.8026315789473685,0.8970588235294118,0.8472222222222222,68
catboost_dropout,anemia_class,no_demographics,development_oof,mixed_deficiency,0.7411764705882353,0.6847826086956522,0.711864406779661,92
catboost_dropout,anemia_class,no_demographics,development_oof,no_anemia_no_deficiency,0.7454545454545455,0.9318181818181818,0.8282828282828283,88
catboost_dropout,iron_deficiency,available,development_oof,0,0.9908675799086758,0.9886104783599089,0.9897377423033067,439
catboost_dropout,iron_deficiency,available,development_oof,1,0.9786324786324786,0.9828326180257511,0.9807280513918629,233
catboost_dropout,iron_deficiency,drop30,development_oof,0,0.9707865168539326,0.9840546697038725,0.9773755656108597,439
catboost_dropout,iron_deficiency,drop30,development_oof,1,0.9691629955947136,0.944206008583691,0.9565217391304348,233
catboost_dropout,iron_deficiency,drop60,development_oof,0,0.9057815845824411,0.9635535307517085,0.9337748344370861,439
catboost_dropout,iron_deficiency,drop60,development_oof,1,0.9219512195121952,0.8111587982832618,0.863013698630137,233
catboost_dropout,iron_deficiency,cbc_only,development_oof,0,0.8458333333333333,0.9248291571753986,0.8835690968443961,439
catboost_dropout,iron_deficiency,cbc_only,development_oof,1,0.828125,0.6824034334763949,0.7482352941176471,233
catboost_dropout,iron_deficiency,hb_only,development_oof,0,0.6527570789865872,0.9977220956719818,0.7891891891891892,439
catboost_dropout,iron_deficiency,hb_only,development_oof,1,0.0,0.0,0.0,233
catboost_dropout,iron_deficiency,no_iron,development_oof,0,0.818359375,0.9544419134396356,0.8811777076761304,439
catboost_dropout,iron_deficiency,no_iron,development_oof,1,0.875,0.6008583690987125,0.712468193384224,233
catboost_dropout,iron_deficiency,no_B12,development_oof,0,0.9908675799086758,0.9886104783599089,0.9897377423033067,439
catboost_dropout,iron_deficiency,no_B12,development_oof,1,0.9786324786324786,0.9828326180257511,0.9807280513918629,233
catboost_dropout,iron_deficiency,no_folate,development_oof,0,0.9908675799086758,0.9886104783599089,0.9897377423033067,439
catboost_dropout,iron_deficiency,no_folate,development_oof,1,0.9786324786324786,0.9828326180257511,0.9807280513918629,233
catboost_dropout,iron_deficiency,no_B6,development_oof,0,0.9908675799086758,0.9886104783599089,0.9897377423033067,439
catboost_dropout,iron_deficiency,no_B6,development_oof,1,0.9786324786324786,0.9828326180257511,0.9807280513918629,233
catboost_dropout,iron_deficiency,no_copper,development_oof,0,0.9908675799086758,0.9886104783599089,0.9897377423033067,439
catboost_dropout,iron_deficiency,no_copper,development_oof,1,0.9786324786324786,0.9828326180257511,0.9807280513918629,233
catboost_dropout,iron_deficiency,no_hemoglobin,development_oof,0,0.9908675799086758,0.9886104783599089,0.9897377423033067,439
catboost_dropout,iron_deficiency,no_hemoglobin,development_oof,1,0.9786324786324786,0.9828326180257511,0.9807280513918629,233
catboost_dropout,iron_deficiency,no_demographics,development_oof,0,0.9908466819221968,0.9863325740318907,0.9885844748858448,439
catboost_dropout,iron_deficiency,no_demographics,development_oof,1,0.9744680851063829,0.9828326180257511,0.9786324786324786,233
catboost_dropout,B12_deficiency,available,development_oof,0,0.988394584139265,0.988394584139265,0.988394584139265,517
catboost_dropout,B12_deficiency,available,development_oof,1,0.9612903225806452,0.9612903225806452,0.9612903225806452,155
catboost_dropout,B12_deficiency,drop30,development_oof,0,0.9426987060998152,0.9864603481624759,0.9640831758034026,517
catboost_dropout,B12_deficiency,drop30,development_oof,1,0.9465648854961832,0.8,0.8671328671328671,155
catboost_dropout,B12_deficiency,drop60,development_oof,0,0.902135231316726,0.9806576402321083,0.9397590361445783,517
catboost_dropout,B12_deficiency,drop60,development_oof,1,0.9090909090909091,0.6451612903225806,0.7547169811320755,155
catboost_dropout,B12_deficiency,cbc_only,development_oof,0,0.8480565371024735,0.9284332688588007,0.8864265927977839,517
catboost_dropout,B12_deficiency,cbc_only,development_oof,1,0.6509433962264151,0.44516129032258067,0.5287356321839081,155
catboost_dropout,B12_deficiency,hb_only,development_oof,0,0.7693452380952381,1.0,0.8696383515559294,517
catboost_dropout,B12_deficiency,hb_only,development_oof,1,0.0,0.0,0.0,155
catboost_dropout,B12_deficiency,no_iron,development_oof,0,0.9941291585127201,0.9825918762088974,0.9883268482490273,517
catboost_dropout,B12_deficiency,no_iron,development_oof,1,0.9440993788819876,0.9806451612903225,0.9620253164556962,155
catboost_dropout,B12_deficiency,no_B12,development_oof,0,0.8686006825938567,0.9845261121856866,0.9229374433363554,517
catboost_dropout,B12_deficiency,no_B12,development_oof,1,0.9069767441860465,0.5032258064516129,0.6473029045643154,155
catboost_dropout,B12_deficiency,no_folate,development_oof,0,0.9770554493307839,0.988394584139265,0.9826923076923076,517
catboost_dropout,B12_deficiency,no_folate,development_oof,1,0.959731543624161,0.9225806451612903,0.9407894736842105,155
catboost_dropout,B12_deficiency,no_B6,development_oof,0,0.988394584139265,0.988394584139265,0.988394584139265,517
catboost_dropout,B12_deficiency,no_B6,development_oof,1,0.9612903225806452,0.9612903225806452,0.9612903225806452,155
catboost_dropout,B12_deficiency,no_copper,development_oof,0,0.9883720930232558,0.9864603481624759,0.9874152952565344,517
catboost_dropout,B12_deficiency,no_copper,development_oof,1,0.9551282051282052,0.9612903225806452,0.9581993569131833,155
catboost_dropout,B12_deficiency,no_hemoglobin,development_oof,0,0.9865125240847784,0.9903288201160542,0.9884169884169884,517
catboost_dropout,B12_deficiency,no_hemoglobin,development_oof,1,0.9673202614379085,0.9548387096774194,0.961038961038961,155
catboost_dropout,B12_deficiency,no_demographics,development_oof,0,0.9808429118773946,0.9903288201160542,0.9855630413859481,517
catboost_dropout,B12_deficiency,no_demographics,development_oof,1,0.9666666666666667,0.9354838709677419,0.9508196721311475,155
catboost_dropout,folate_deficiency,available,development_oof,0,0.934819897084048,0.9873188405797102,0.960352422907489,552
catboost_dropout,folate_deficiency,available,development_oof,1,0.9213483146067416,0.6833333333333333,0.784688995215311,120
catboost_dropout,folate_deficiency,drop30,development_oof,0,0.9078726968174204,0.9818840579710145,0.9434290687554395,552
catboost_dropout,folate_deficiency,drop30,development_oof,1,0.8666666666666667,0.5416666666666666,0.6666666666666666,120
catboost_dropout,folate_deficiency,drop60,development_oof,0,0.8782051282051282,0.9927536231884058,0.9319727891156463,552
catboost_dropout,folate_deficiency,drop60,development_oof,1,0.9166666666666666,0.36666666666666664,0.5238095238095238,120
catboost_dropout,folate_deficiency,cbc_only,development_oof,0,0.853225806451613,0.9583333333333334,0.9027303754266212,552
catboost_dropout,folate_deficiency,cbc_only,development_oof,1,0.5576923076923077,0.24166666666666667,0.3372093023255814,120
catboost_dropout,folate_deficiency,hb_only,development_oof,0,0.8214285714285714,1.0,0.9019607843137255,552
catboost_dropout,folate_deficiency,hb_only,development_oof,1,0.0,0.0,0.0,120
catboost_dropout,folate_deficiency,no_iron,development_oof,0,0.9394463667820069,0.9836956521739131,0.9610619469026549,552
catboost_dropout,folate_deficiency,no_iron,development_oof,1,0.9042553191489362,0.7083333333333334,0.794392523364486,120
catboost_dropout,folate_deficiency,no_B12,development_oof,0,0.9375,0.9782608695652174,0.9574468085106383,552
catboost_dropout,folate_deficiency,no_B12,development_oof,1,0.875,0.7,0.7777777777777778,120
catboost_dropout,folate_deficiency,no_folate,development_oof,0,0.837173579109063,0.9873188405797102,0.9060681629260183,552
catboost_dropout,folate_deficiency,no_folate,development_oof,1,0.6666666666666666,0.11666666666666667,0.19858156028368795,120
catboost_dropout,folate_deficiency,no_B6,development_oof,0,0.9380378657487092,0.9873188405797102,0.9620476610767873,552
catboost_dropout,folate_deficiency,no_B6,development_oof,1,0.9230769230769231,0.7,0.7962085308056872,120
catboost_dropout,folate_deficiency,no_copper,development_oof,0,0.9378238341968912,0.9836956521739131,0.9602122015915119,552
catboost_dropout,folate_deficiency,no_copper,development_oof,1,0.9032258064516129,0.7,0.7887323943661971,120
catboost_dropout,folate_deficiency,no_hemoglobin,development_oof,0,0.9362068965517242,0.9836956521739131,0.9593639575971732,552
catboost_dropout,folate_deficiency,no_hemoglobin,development_oof,1,0.9021739130434783,0.6916666666666667,0.7830188679245284,120
catboost_dropout,folate_deficiency,no_demographics,development_oof,0,0.9215358931552587,1.0,0.9591659426585578,552
catboost_dropout,folate_deficiency,no_demographics,development_oof,1,1.0,0.6083333333333333,0.7564766839378239,120
catboost_dropout,B6_deficiency,available,development_oof,0,0.9787234042553191,1.0,0.989247311827957,644
catboost_dropout,B6_deficiency,available,development_oof,1,1.0,0.5,0.6666666666666666,28
catboost_dropout,B6_deficiency,drop30,development_oof,0,0.9742813918305597,1.0,0.9869731800766284,644
catboost_dropout,B6_deficiency,drop30,development_oof,1,1.0,0.39285714285714285,0.5641025641025641,28
catboost_dropout,B6_deficiency,drop60,development_oof,0,0.9698795180722891,1.0,0.9847094801223242,644
catboost_dropout,B6_deficiency,drop60,development_oof,1,1.0,0.2857142857142857,0.4444444444444444,28
catboost_dropout,B6_deficiency,cbc_only,development_oof,0,0.9583333333333334,1.0,0.9787234042553191,644
catboost_dropout,B6_deficiency,cbc_only,development_oof,1,0.0,0.0,0.0,28
catboost_dropout,B6_deficiency,hb_only,development_oof,0,0.9583333333333334,1.0,0.9787234042553191,644
catboost_dropout,B6_deficiency,hb_only,development_oof,1,0.0,0.0,0.0,28
catboost_dropout,B6_deficiency,no_iron,development_oof,0,0.983206106870229,1.0,0.99153194765204,644
catboost_dropout,B6_deficiency,no_iron,development_oof,1,1.0,0.6071428571428571,0.7555555555555555,28
catboost_dropout,B6_deficiency,no_B12,development_oof,0,0.9802130898021308,1.0,0.9900076863950807,644
catboost_dropout,B6_deficiency,no_B12,development_oof,1,1.0,0.5357142857142857,0.6976744186046512,28
catboost_dropout,B6_deficiency,no_folate,development_oof,0,0.9787234042553191,1.0,0.989247311827957,644
catboost_dropout,B6_deficiency,no_folate,development_oof,1,1.0,0.5,0.6666666666666666,28
catboost_dropout,B6_deficiency,no_B6,development_oof,0,0.9583333333333334,1.0,0.9787234042553191,644
catboost_dropout,B6_deficiency,no_B6,development_oof,1,0.0,0.0,0.0,28
catboost_dropout,B6_deficiency,no_copper,development_oof,0,0.9787234042553191,1.0,0.989247311827957,644
catboost_dropout,B6_deficiency,no_copper,development_oof,1,1.0,0.5,0.6666666666666666,28
catboost_dropout,B6_deficiency,no_hemoglobin,development_oof,0,0.9817073170731707,1.0,0.9907692307692307,644
catboost_dropout,B6_deficiency,no_hemoglobin,development_oof,1,1.0,0.5714285714285714,0.7272727272727273,28
catboost_dropout,B6_deficiency,no_demographics,development_oof,0,0.972809667673716,1.0,0.9862174578866769,644
catboost_dropout,B6_deficiency,no_demographics,development_oof,1,1.0,0.35714285714285715,0.5263157894736842,28
catboost_dropout,copper_deficiency,available,development_oof,0,0.989247311827957,1.0,0.9945945945945946,644
catboost_dropout,copper_deficiency,available,development_oof,1,1.0,0.75,0.8571428571428571,28
catboost_dropout,copper_deficiency,drop30,development_oof,0,0.9847094801223242,1.0,0.9922958397534669,644
catboost_dropout,copper_deficiency,drop30,development_oof,1,1.0,0.6428571428571429,0.782608695652174,28
catboost_dropout,copper_deficiency,drop60,development_oof,0,0.971342383107089,1.0,0.9854628921193573,644
catboost_dropout,copper_deficiency,drop60,development_oof,1,1.0,0.32142857142857145,0.4864864864864865,28
catboost_dropout,copper_deficiency,cbc_only,development_oof,0,0.9583333333333334,1.0,0.9787234042553191,644
catboost_dropout,copper_deficiency,cbc_only,development_oof,1,0.0,0.0,0.0,28
catboost_dropout,copper_deficiency,hb_only,development_oof,0,0.9583333333333334,1.0,0.9787234042553191,644
catboost_dropout,copper_deficiency,hb_only,development_oof,1,0.0,0.0,0.0,28
catboost_dropout,copper_deficiency,no_iron,development_oof,0,0.9907692307692307,1.0,0.9953632148377125,644
catboost_dropout,copper_deficiency,no_iron,development_oof,1,1.0,0.7857142857142857,0.88,28
catboost_dropout,copper_deficiency,no_B12,development_oof,0,0.989247311827957,1.0,0.9945945945945946,644
catboost_dropout,copper_deficiency,no_B12,development_oof,1,1.0,0.75,0.8571428571428571,28
catboost_dropout,copper_deficiency,no_folate,development_oof,0,0.989247311827957,1.0,0.9945945945945946,644
catboost_dropout,copper_deficiency,no_folate,development_oof,1,1.0,0.75,0.8571428571428571,28
catboost_dropout,copper_deficiency,no_B6,development_oof,0,0.989247311827957,1.0,0.9945945945945946,644
catboost_dropout,copper_deficiency,no_B6,development_oof,1,1.0,0.75,0.8571428571428571,28
catboost_dropout,copper_deficiency,no_copper,development_oof,0,0.9583333333333334,1.0,0.9787234042553191,644
catboost_dropout,copper_deficiency,no_copper,development_oof,1,0.0,0.0,0.0,28
catboost_dropout,copper_deficiency,no_hemoglobin,development_oof,0,0.989247311827957,1.0,0.9945945945945946,644
catboost_dropout,copper_deficiency,no_hemoglobin,development_oof,1,1.0,0.75,0.8571428571428571,28
catboost_dropout,copper_deficiency,no_demographics,development_oof,0,0.9892307692307692,0.9984472049689441,0.9938176197836167,644
catboost_dropout,copper_deficiency,no_demographics,development_oof,1,0.9545454545454546,0.75,0.84,28
catboost_dropout,inflammation_anemia,available,development_oof,0,0.9951690821256038,0.9967741935483871,0.9959709911361805,620
catboost_dropout,inflammation_anemia,available,development_oof,1,0.9607843137254902,0.9423076923076923,0.9514563106796117,52
catboost_dropout,inflammation_anemia,drop30,development_oof,0,0.9872,0.9951612903225806,0.9911646586345382,620
catboost_dropout,inflammation_anemia,drop30,development_oof,1,0.9361702127659575,0.8461538461538461,0.8888888888888888,52
catboost_dropout,inflammation_anemia,drop60,development_oof,0,0.9717425431711146,0.9983870967741936,0.984884645982498,620
catboost_dropout,inflammation_anemia,drop60,development_oof,1,0.9714285714285714,0.6538461538461539,0.7816091954022989,52
catboost_dropout,inflammation_anemia,cbc_only,development_oof,0,0.9458204334365325,0.9854838709677419,0.9652448657187994,620
catboost_dropout,inflammation_anemia,cbc_only,development_oof,1,0.6538461538461539,0.3269230769230769,0.4358974358974359,52
catboost_dropout,inflammation_anemia,hb_only,development_oof,0,0.9226190476190477,1.0,0.9597523219814241,620
catboost_dropout,inflammation_anemia,hb_only,development_oof,1,0.0,0.0,0.0,52
catboost_dropout,inflammation_anemia,no_iron,development_oof,0,0.9919354838709677,0.9919354838709677,0.9919354838709677,620
catboost_dropout,inflammation_anemia,no_iron,development_oof,1,0.9038461538461539,0.9038461538461539,0.9038461538461539,52
catboost_dropout,inflammation_anemia,no_B12,development_oof,0,0.9951690821256038,0.9967741935483871,0.9959709911361805,620
catboost_dropout,inflammation_anemia,no_B12,development_oof,1,0.9607843137254902,0.9423076923076923,0.9514563106796117,52
catboost_dropout,inflammation_anemia,no_folate,development_oof,0,0.9951690821256038,0.9967741935483871,0.9959709911361805,620
catboost_dropout,inflammation_anemia,no_folate,development_oof,1,0.9607843137254902,0.9423076923076923,0.9514563106796117,52
catboost_dropout,inflammation_anemia,no_B6,development_oof,0,0.9951690821256038,0.9967741935483871,0.9959709911361805,620
catboost_dropout,inflammation_anemia,no_B6,development_oof,1,0.9607843137254902,0.9423076923076923,0.9514563106796117,52
catboost_dropout,inflammation_anemia,no_copper,development_oof,0,0.9951690821256038,0.9967741935483871,0.9959709911361805,620
catboost_dropout,inflammation_anemia,no_copper,development_oof,1,0.9607843137254902,0.9423076923076923,0.9514563106796117,52
catboost_dropout,inflammation_anemia,no_hemoglobin,development_oof,0,0.9967741935483871,0.9967741935483871,0.9967741935483871,620
catboost_dropout,inflammation_anemia,no_hemoglobin,development_oof,1,0.9615384615384616,0.9615384615384616,0.9615384615384616,52
catboost_dropout,inflammation_anemia,no_demographics,development_oof,0,0.9967741935483871,0.9967741935483871,0.9967741935483871,620
catboost_dropout,inflammation_anemia,no_demographics,development_oof,1,0.9615384615384616,0.9615384615384616,0.9615384615384616,52
logistic_cbc,anemia_class,available,development_oof,B12_deficiency_anemia,0.43859649122807015,0.4807692307692308,0.45871559633027525,52
logistic_cbc,anemia_class,available,development_oof,B12_deficiency_no_anemia,0.38095238095238093,0.4,0.3902439024390244,40
logistic_cbc,anemia_class,available,development_oof,B6_deficiency,0.25,0.14285714285714285,0.18181818181818182,28
logistic_cbc,anemia_class,available,development_oof,anemia_other,0.5081967213114754,0.5166666666666667,0.512396694214876,60
logistic_cbc,anemia_class,available,development_oof,copper_deficiency,0.3333333333333333,0.25,0.2857142857142857,28
logistic_cbc,anemia_class,available,development_oof,folate_deficiency_anemia,0.39473684210526316,0.375,0.38461538461538464,40
logistic_cbc,anemia_class,available,development_oof,folate_deficiency_no_anemia,0.2777777777777778,0.15625,0.2,32
logistic_cbc,anemia_class,available,development_oof,inflammation_anemia,0.5964912280701754,0.6538461538461539,0.6238532110091743,52
logistic_cbc,anemia_class,available,development_oof,iron_deficiency_anemia,0.5368421052631579,0.5543478260869565,0.5454545454545454,92
logistic_cbc,anemia_class,available,development_oof,latent_deficiency,0.6142857142857143,0.6323529411764706,0.6231884057971014,68
logistic_cbc,anemia_class,available,development_oof,mixed_deficiency,0.5393258426966292,0.5217391304347826,0.5303867403314917,92
logistic_cbc,anemia_class,available,development_oof,no_anemia_no_deficiency,0.6759259259259259,0.8295454545454546,0.7448979591836735,88
logistic_cbc,anemia_class,drop30,development_oof,B12_deficiency_anemia,0.5,0.21153846153846154,0.2972972972972973,52
logistic_cbc,anemia_class,drop30,development_oof,B12_deficiency_no_anemia,0.42857142857142855,0.225,0.29508196721311475,40
logistic_cbc,anemia_class,drop30,development_oof,B6_deficiency,0.15384615384615385,0.14285714285714285,0.14814814814814814,28
logistic_cbc,anemia_class,drop30,development_oof,anemia_other,0.28448275862068967,0.55,0.375,60
logistic_cbc,anemia_class,drop30,development_oof,copper_deficiency,0.28,0.25,0.2641509433962264,28
logistic_cbc,anemia_class,drop30,development_oof,folate_deficiency_anemia,0.19047619047619047,0.1,0.13114754098360656,40
logistic_cbc,anemia_class,drop30,development_oof,folate_deficiency_no_anemia,0.20408163265306123,0.3125,0.24691358024691357,32
logistic_cbc,anemia_class,drop30,development_oof,inflammation_anemia,0.4426229508196721,0.5192307692307693,0.4778761061946903,52
logistic_cbc,anemia_class,drop30,development_oof,iron_deficiency_anemia,0.5,0.3804347826086957,0.43209876543209874,92
logistic_cbc,anemia_class,drop30,development_oof,latent_deficiency,0.5142857142857142,0.5294117647058824,0.5217391304347826,68
logistic_cbc,anemia_class,drop30,development_oof,mixed_deficiency,0.3412698412698413,0.4673913043478261,0.3944954128440367,92
logistic_cbc,anemia_class,drop30,development_oof,no_anemia_no_deficiency,0.6615384615384615,0.48863636363636365,0.5620915032679739,88
logistic_cbc,anemia_class,drop60,development_oof,B12_deficiency_anemia,0.6666666666666666,0.07692307692307693,0.13793103448275862,52
logistic_cbc,anemia_class,drop60,development_oof,B12_deficiency_no_anemia,0.2222222222222222,0.05,0.08163265306122448,40
logistic_cbc,anemia_class,drop60,development_oof,B6_deficiency,0.07142857142857142,0.10714285714285714,0.08571428571428572,28
logistic_cbc,anemia_class,drop60,development_oof,anemia_other,0.19337016574585636,0.5833333333333334,0.29045643153526973,60
logistic_cbc,anemia_class,drop60,development_oof,copper_deficiency,0.1111111111111111,0.03571428571428571,0.05405405405405406,28
logistic_cbc,anemia_class,drop60,development_oof,folate_deficiency_anemia,0.5,0.05,0.09090909090909091,40
logistic_cbc,anemia_class,drop60,development_oof,folate_deficiency_no_anemia,0.15384615384615385,0.375,0.21818181818181817,32
logistic_cbc,anemia_class,drop60,development_oof,inflammation_anemia,0.26229508196721313,0.3076923076923077,0.2831858407079646,52
logistic_cbc,anemia_class,drop60,development_oof,iron_deficiency_anemia,0.4098360655737705,0.2717391304347826,0.32679738562091504,92
logistic_cbc,anemia_class,drop60,development_oof,latent_deficiency,0.4225352112676056,0.4411764705882353,0.4316546762589928,68
logistic_cbc,anemia_class,drop60,development_oof,mixed_deficiency,0.3203125,0.44565217391304346,0.37272727272727274,92
logistic_cbc,anemia_class,drop60,development_oof,no_anemia_no_deficiency,0.6363636363636364,0.1590909090909091,0.2545454545454545,88
logistic_cbc,anemia_class,cbc_only,development_oof,B12_deficiency_anemia,0.43859649122807015,0.4807692307692308,0.45871559633027525,52
logistic_cbc,anemia_class,cbc_only,development_oof,B12_deficiency_no_anemia,0.38095238095238093,0.4,0.3902439024390244,40
logistic_cbc,anemia_class,cbc_only,development_oof,B6_deficiency,0.25,0.14285714285714285,0.18181818181818182,28
logistic_cbc,anemia_class,cbc_only,development_oof,anemia_other,0.5081967213114754,0.5166666666666667,0.512396694214876,60
logistic_cbc,anemia_class,cbc_only,development_oof,copper_deficiency,0.3333333333333333,0.25,0.2857142857142857,28
logistic_cbc,anemia_class,cbc_only,development_oof,folate_deficiency_anemia,0.39473684210526316,0.375,0.38461538461538464,40
logistic_cbc,anemia_class,cbc_only,development_oof,folate_deficiency_no_anemia,0.2777777777777778,0.15625,0.2,32
logistic_cbc,anemia_class,cbc_only,development_oof,inflammation_anemia,0.5964912280701754,0.6538461538461539,0.6238532110091743,52
logistic_cbc,anemia_class,cbc_only,development_oof,iron_deficiency_anemia,0.5368421052631579,0.5543478260869565,0.5454545454545454,92
logistic_cbc,anemia_class,cbc_only,development_oof,latent_deficiency,0.6142857142857143,0.6323529411764706,0.6231884057971014,68
logistic_cbc,anemia_class,cbc_only,development_oof,mixed_deficiency,0.5393258426966292,0.5217391304347826,0.5303867403314917,92
logistic_cbc,anemia_class,cbc_only,development_oof,no_anemia_no_deficiency,0.6759259259259259,0.8295454545454546,0.7448979591836735,88
logistic_cbc,anemia_class,hb_only,development_oof,B12_deficiency_anemia,0.0,0.0,0.0,52
logistic_cbc,anemia_class,hb_only,development_oof,B12_deficiency_no_anemia,0.0,0.0,0.0,40
logistic_cbc,anemia_class,hb_only,development_oof,B6_deficiency,0.0,0.0,0.0,28
logistic_cbc,anemia_class,hb_only,development_oof,anemia_other,0.1476510067114094,0.36666666666666664,0.21052631578947367,60
logistic_cbc,anemia_class,hb_only,development_oof,copper_deficiency,0.0,0.0,0.0,28
logistic_cbc,anemia_class,hb_only,development_oof,folate_deficiency_anemia,0.0,0.0,0.0,40
logistic_cbc,anemia_class,hb_only,development_oof,folate_deficiency_no_anemia,0.06976744186046512,0.28125,0.11180124223602485,32
logistic_cbc,anemia_class,hb_only,development_oof,inflammation_anemia,0.0967741935483871,0.057692307692307696,0.07228915662650602,52
logistic_cbc,anemia_class,hb_only,development_oof,iron_deficiency_anemia,0.2318840579710145,0.17391304347826086,0.19875776397515527,92
logistic_cbc,anemia_class,hb_only,development_oof,latent_deficiency,0.3017241379310345,0.5147058823529411,0.3804347826086957,68
logistic_cbc,anemia_class,hb_only,development_oof,mixed_deficiency,0.26506024096385544,0.4782608695652174,0.34108527131782945,92
logistic_cbc,anemia_class,hb_only,development_oof,no_anemia_no_deficiency,0.8333333333333334,0.11363636363636363,0.2,88
logistic_cbc,anemia_class,no_iron,development_oof,B12_deficiency_anemia,0.43859649122807015,0.4807692307692308,0.45871559633027525,52
logistic_cbc,anemia_class,no_iron,development_oof,B12_deficiency_no_anemia,0.38095238095238093,0.4,0.3902439024390244,40
logistic_cbc,anemia_class,no_iron,development_oof,B6_deficiency,0.25,0.14285714285714285,0.18181818181818182,28
logistic_cbc,anemia_class,no_iron,development_oof,anemia_other,0.5081967213114754,0.5166666666666667,0.512396694214876,60
logistic_cbc,anemia_class,no_iron,development_oof,copper_deficiency,0.3333333333333333,0.25,0.2857142857142857,28
logistic_cbc,anemia_class,no_iron,development_oof,folate_deficiency_anemia,0.39473684210526316,0.375,0.38461538461538464,40
logistic_cbc,anemia_class,no_iron,development_oof,folate_deficiency_no_anemia,0.2777777777777778,0.15625,0.2,32
logistic_cbc,anemia_class,no_iron,development_oof,inflammation_anemia,0.5964912280701754,0.6538461538461539,0.6238532110091743,52
logistic_cbc,anemia_class,no_iron,development_oof,iron_deficiency_anemia,0.5368421052631579,0.5543478260869565,0.5454545454545454,92
logistic_cbc,anemia_class,no_iron,development_oof,latent_deficiency,0.6142857142857143,0.6323529411764706,0.6231884057971014,68
logistic_cbc,anemia_class,no_iron,development_oof,mixed_deficiency,0.5393258426966292,0.5217391304347826,0.5303867403314917,92
logistic_cbc,anemia_class,no_iron,development_oof,no_anemia_no_deficiency,0.6759259259259259,0.8295454545454546,0.7448979591836735,88
logistic_cbc,anemia_class,no_B12,development_oof,B12_deficiency_anemia,0.43859649122807015,0.4807692307692308,0.45871559633027525,52
logistic_cbc,anemia_class,no_B12,development_oof,B12_deficiency_no_anemia,0.38095238095238093,0.4,0.3902439024390244,40
logistic_cbc,anemia_class,no_B12,development_oof,B6_deficiency,0.25,0.14285714285714285,0.18181818181818182,28
logistic_cbc,anemia_class,no_B12,development_oof,anemia_other,0.5081967213114754,0.5166666666666667,0.512396694214876,60
logistic_cbc,anemia_class,no_B12,development_oof,copper_deficiency,0.3333333333333333,0.25,0.2857142857142857,28
logistic_cbc,anemia_class,no_B12,development_oof,folate_deficiency_anemia,0.39473684210526316,0.375,0.38461538461538464,40
logistic_cbc,anemia_class,no_B12,development_oof,folate_deficiency_no_anemia,0.2777777777777778,0.15625,0.2,32
logistic_cbc,anemia_class,no_B12,development_oof,inflammation_anemia,0.5964912280701754,0.6538461538461539,0.6238532110091743,52
logistic_cbc,anemia_class,no_B12,development_oof,iron_deficiency_anemia,0.5368421052631579,0.5543478260869565,0.5454545454545454,92
logistic_cbc,anemia_class,no_B12,development_oof,latent_deficiency,0.6142857142857143,0.6323529411764706,0.6231884057971014,68
logistic_cbc,anemia_class,no_B12,development_oof,mixed_deficiency,0.5393258426966292,0.5217391304347826,0.5303867403314917,92
logistic_cbc,anemia_class,no_B12,development_oof,no_anemia_no_deficiency,0.6759259259259259,0.8295454545454546,0.7448979591836735,88
logistic_cbc,anemia_class,no_folate,development_oof,B12_deficiency_anemia,0.43859649122807015,0.4807692307692308,0.45871559633027525,52
logistic_cbc,anemia_class,no_folate,development_oof,B12_deficiency_no_anemia,0.38095238095238093,0.4,0.3902439024390244,40
logistic_cbc,anemia_class,no_folate,development_oof,B6_deficiency,0.25,0.14285714285714285,0.18181818181818182,28
logistic_cbc,anemia_class,no_folate,development_oof,anemia_other,0.5081967213114754,0.5166666666666667,0.512396694214876,60
logistic_cbc,anemia_class,no_folate,development_oof,copper_deficiency,0.3333333333333333,0.25,0.2857142857142857,28
logistic_cbc,anemia_class,no_folate,development_oof,folate_deficiency_anemia,0.39473684210526316,0.375,0.38461538461538464,40
logistic_cbc,anemia_class,no_folate,development_oof,folate_deficiency_no_anemia,0.2777777777777778,0.15625,0.2,32
logistic_cbc,anemia_class,no_folate,development_oof,inflammation_anemia,0.5964912280701754,0.6538461538461539,0.6238532110091743,52
logistic_cbc,anemia_class,no_folate,development_oof,iron_deficiency_anemia,0.5368421052631579,0.5543478260869565,0.5454545454545454,92
logistic_cbc,anemia_class,no_folate,development_oof,latent_deficiency,0.6142857142857143,0.6323529411764706,0.6231884057971014,68
logistic_cbc,anemia_class,no_folate,development_oof,mixed_deficiency,0.5393258426966292,0.5217391304347826,0.5303867403314917,92
logistic_cbc,anemia_class,no_folate,development_oof,no_anemia_no_deficiency,0.6759259259259259,0.8295454545454546,0.7448979591836735,88
logistic_cbc,anemia_class,no_B6,development_oof,B12_deficiency_anemia,0.43859649122807015,0.4807692307692308,0.45871559633027525,52
logistic_cbc,anemia_class,no_B6,development_oof,B12_deficiency_no_anemia,0.38095238095238093,0.4,0.3902439024390244,40
logistic_cbc,anemia_class,no_B6,development_oof,B6_deficiency,0.25,0.14285714285714285,0.18181818181818182,28
logistic_cbc,anemia_class,no_B6,development_oof,anemia_other,0.5081967213114754,0.5166666666666667,0.512396694214876,60
logistic_cbc,anemia_class,no_B6,development_oof,copper_deficiency,0.3333333333333333,0.25,0.2857142857142857,28
logistic_cbc,anemia_class,no_B6,development_oof,folate_deficiency_anemia,0.39473684210526316,0.375,0.38461538461538464,40
logistic_cbc,anemia_class,no_B6,development_oof,folate_deficiency_no_anemia,0.2777777777777778,0.15625,0.2,32
logistic_cbc,anemia_class,no_B6,development_oof,inflammation_anemia,0.5964912280701754,0.6538461538461539,0.6238532110091743,52
logistic_cbc,anemia_class,no_B6,development_oof,iron_deficiency_anemia,0.5368421052631579,0.5543478260869565,0.5454545454545454,92
logistic_cbc,anemia_class,no_B6,development_oof,latent_deficiency,0.6142857142857143,0.6323529411764706,0.6231884057971014,68
logistic_cbc,anemia_class,no_B6,development_oof,mixed_deficiency,0.5393258426966292,0.5217391304347826,0.5303867403314917,92
logistic_cbc,anemia_class,no_B6,development_oof,no_anemia_no_deficiency,0.6759259259259259,0.8295454545454546,0.7448979591836735,88
logistic_cbc,anemia_class,no_copper,development_oof,B12_deficiency_anemia,0.43859649122807015,0.4807692307692308,0.45871559633027525,52
logistic_cbc,anemia_class,no_copper,development_oof,B12_deficiency_no_anemia,0.38095238095238093,0.4,0.3902439024390244,40
logistic_cbc,anemia_class,no_copper,development_oof,B6_deficiency,0.25,0.14285714285714285,0.18181818181818182,28
logistic_cbc,anemia_class,no_copper,development_oof,anemia_other,0.5081967213114754,0.5166666666666667,0.512396694214876,60
logistic_cbc,anemia_class,no_copper,development_oof,copper_deficiency,0.3333333333333333,0.25,0.2857142857142857,28
logistic_cbc,anemia_class,no_copper,development_oof,folate_deficiency_anemia,0.39473684210526316,0.375,0.38461538461538464,40
logistic_cbc,anemia_class,no_copper,development_oof,folate_deficiency_no_anemia,0.2777777777777778,0.15625,0.2,32
logistic_cbc,anemia_class,no_copper,development_oof,inflammation_anemia,0.5964912280701754,0.6538461538461539,0.6238532110091743,52
logistic_cbc,anemia_class,no_copper,development_oof,iron_deficiency_anemia,0.5368421052631579,0.5543478260869565,0.5454545454545454,92
logistic_cbc,anemia_class,no_copper,development_oof,latent_deficiency,0.6142857142857143,0.6323529411764706,0.6231884057971014,68
logistic_cbc,anemia_class,no_copper,development_oof,mixed_deficiency,0.5393258426966292,0.5217391304347826,0.5303867403314917,92
logistic_cbc,anemia_class,no_copper,development_oof,no_anemia_no_deficiency,0.6759259259259259,0.8295454545454546,0.7448979591836735,88
logistic_cbc,anemia_class,no_hemoglobin,development_oof,B12_deficiency_anemia,0.4262295081967213,0.5,0.46017699115044247,52
logistic_cbc,anemia_class,no_hemoglobin,development_oof,B12_deficiency_no_anemia,0.3333333333333333,0.25,0.2857142857142857,40
logistic_cbc,anemia_class,no_hemoglobin,development_oof,B6_deficiency,0.26666666666666666,0.42857142857142855,0.3287671232876712,28
logistic_cbc,anemia_class,no_hemoglobin,development_oof,anemia_other,0.4594594594594595,0.5666666666666667,0.5074626865671642,60
logistic_cbc,anemia_class,no_hemoglobin,development_oof,copper_deficiency,0.24242424242424243,0.2857142857142857,0.26229508196721313,28
logistic_cbc,anemia_class,no_hemoglobin,development_oof,folate_deficiency_anemia,0.3617021276595745,0.425,0.39080459770114945,40
logistic_cbc,anemia_class,no_hemoglobin,development_oof,folate_deficiency_no_anemia,0.25925925925925924,0.21875,0.23728813559322035,32
logistic_cbc,anemia_class,no_hemoglobin,development_oof,inflammation_anemia,0.4861111111111111,0.6730769230769231,0.5645161290322581,52
logistic_cbc,anemia_class,no_hemoglobin,development_oof,iron_deficiency_anemia,0.5204081632653061,0.5543478260869565,0.5368421052631579,92
logistic_cbc,anemia_class,no_hemoglobin,development_oof,latent_deficiency,0.7272727272727273,0.35294117647058826,0.4752475247524752,68
logistic_cbc,anemia_class,no_hemoglobin,development_oof,mixed_deficiency,0.524390243902439,0.4673913043478261,0.4942528735632184,92
logistic_cbc,anemia_class,no_hemoglobin,development_oof,no_anemia_no_deficiency,0.8,0.6363636363636364,0.7088607594936709,88
logistic_cbc,anemia_class,no_demographics,development_oof,B12_deficiency_anemia,0.46551724137931033,0.5192307692307693,0.4909090909090909,52
logistic_cbc,anemia_class,no_demographics,development_oof,B12_deficiency_no_anemia,0.3404255319148936,0.4,0.367816091954023,40
logistic_cbc,anemia_class,no_demographics,development_oof,B6_deficiency,0.2727272727272727,0.10714285714285714,0.15384615384615385,28
logistic_cbc,anemia_class,no_demographics,development_oof,anemia_other,0.5576923076923077,0.48333333333333334,0.5178571428571429,60
logistic_cbc,anemia_class,no_demographics,development_oof,copper_deficiency,0.25,0.21428571428571427,0.23076923076923078,28
logistic_cbc,anemia_class,no_demographics,development_oof,folate_deficiency_anemia,0.5,0.35,0.4117647058823529,40
logistic_cbc,anemia_class,no_demographics,development_oof,folate_deficiency_no_anemia,0.21428571428571427,0.09375,0.13043478260869565,32
logistic_cbc,anemia_class,no_demographics,development_oof,inflammation_anemia,0.6363636363636364,0.6730769230769231,0.6542056074766355,52
logistic_cbc,anemia_class,no_demographics,development_oof,iron_deficiency_anemia,0.48214285714285715,0.5869565217391305,0.5294117647058824,92
logistic_cbc,anemia_class,no_demographics,development_oof,latent_deficiency,0.5844155844155844,0.6617647058823529,0.6206896551724138,68
logistic_cbc,anemia_class,no_demographics,development_oof,mixed_deficiency,0.6153846153846154,0.5217391304347826,0.5647058823529412,92
logistic_cbc,anemia_class,no_demographics,development_oof,no_anemia_no_deficiency,0.6379310344827587,0.8409090909090909,0.7254901960784313,88
logistic_cbc,iron_deficiency,available,development_oof,0,0.8435517970401691,0.908883826879271,0.875,439
logistic_cbc,iron_deficiency,available,development_oof,1,0.7989949748743719,0.6824034334763949,0.7361111111111112,233
logistic_cbc,iron_deficiency,drop30,development_oof,0,0.7768595041322314,0.856492027334852,0.8147345612134345,439
logistic_cbc,iron_deficiency,drop30,development_oof,1,0.6648936170212766,0.5364806866952789,0.5938242280285035,233
logistic_cbc,iron_deficiency,drop60,development_oof,0,0.7269155206286837,0.8428246013667426,0.7805907172995781,439
logistic_cbc,iron_deficiency,drop60,development_oof,1,0.5766871165644172,0.4034334763948498,0.47474747474747475,233
logistic_cbc,iron_deficiency,cbc_only,development_oof,0,0.8435517970401691,0.908883826879271,0.875,439
logistic_cbc,iron_deficiency,cbc_only,development_oof,1,0.7989949748743719,0.6824034334763949,0.7361111111111112,233
logistic_cbc,iron_deficiency,hb_only,development_oof,0,0.6325301204819277,0.7175398633257403,0.6723585912486659,439
logistic_cbc,iron_deficiency,hb_only,development_oof,1,0.28735632183908044,0.2145922746781116,0.2457002457002457,233
logistic_cbc,iron_deficiency,no_iron,development_oof,0,0.8435517970401691,0.908883826879271,0.875,439
logistic_cbc,iron_deficiency,no_iron,development_oof,1,0.7989949748743719,0.6824034334763949,0.7361111111111112,233
logistic_cbc,iron_deficiency,no_B12,development_oof,0,0.8435517970401691,0.908883826879271,0.875,439
logistic_cbc,iron_deficiency,no_B12,development_oof,1,0.7989949748743719,0.6824034334763949,0.7361111111111112,233
logistic_cbc,iron_deficiency,no_folate,development_oof,0,0.8435517970401691,0.908883826879271,0.875,439
logistic_cbc,iron_deficiency,no_folate,development_oof,1,0.7989949748743719,0.6824034334763949,0.7361111111111112,233
logistic_cbc,iron_deficiency,no_B6,development_oof,0,0.8435517970401691,0.908883826879271,0.875,439
logistic_cbc,iron_deficiency,no_B6,development_oof,1,0.7989949748743719,0.6824034334763949,0.7361111111111112,233
logistic_cbc,iron_deficiency,no_copper,development_oof,0,0.8435517970401691,0.908883826879271,0.875,439
logistic_cbc,iron_deficiency,no_copper,development_oof,1,0.7989949748743719,0.6824034334763949,0.7361111111111112,233
logistic_cbc,iron_deficiency,no_hemoglobin,development_oof,0,0.8315789473684211,0.8997722095671982,0.8643326039387309,439
logistic_cbc,iron_deficiency,no_hemoglobin,development_oof,1,0.7766497461928934,0.6566523605150214,0.7116279069767442,233
logistic_cbc,iron_deficiency,no_demographics,development_oof,0,0.8509719222462203,0.89749430523918,0.8736141906873615,439
logistic_cbc,iron_deficiency,no_demographics,development_oof,1,0.784688995215311,0.703862660944206,0.7420814479638009,233
logistic_cbc,B12_deficiency,available,development_oof,0,0.8517857142857143,0.9226305609284333,0.8857938718662952,517
logistic_cbc,B12_deficiency,available,development_oof,1,0.6428571428571429,0.4645161290322581,0.5393258426966292,155
logistic_cbc,B12_deficiency,drop30,development_oof,0,0.8109452736318408,0.9458413926499033,0.8732142857142857,517
logistic_cbc,B12_deficiency,drop30,development_oof,1,0.5942028985507246,0.2645161290322581,0.36607142857142855,155
logistic_cbc,B12_deficiency,drop60,development_oof,0,0.7841614906832298,0.97678916827853,0.8699397071490095,517
logistic_cbc,B12_deficiency,drop60,development_oof,1,0.5714285714285714,0.1032258064516129,0.17486338797814208,155
logistic_cbc,B12_deficiency,cbc_only,development_oof,0,0.8517857142857143,0.9226305609284333,0.8857938718662952,517
logistic_cbc,B12_deficiency,cbc_only,development_oof,1,0.6428571428571429,0.4645161290322581,0.5393258426966292,155
logistic_cbc,B12_deficiency,hb_only,development_oof,0,0.7693452380952381,1.0,0.8696383515559294,517
logistic_cbc,B12_deficiency,hb_only,development_oof,1,0.0,0.0,0.0,155
logistic_cbc,B12_deficiency,no_iron,development_oof,0,0.8517857142857143,0.9226305609284333,0.8857938718662952,517
logistic_cbc,B12_deficiency,no_iron,development_oof,1,0.6428571428571429,0.4645161290322581,0.5393258426966292,155
logistic_cbc,B12_deficiency,no_B12,development_oof,0,0.8517857142857143,0.9226305609284333,0.8857938718662952,517
logistic_cbc,B12_deficiency,no_B12,development_oof,1,0.6428571428571429,0.4645161290322581,0.5393258426966292,155
logistic_cbc,B12_deficiency,no_folate,development_oof,0,0.8517857142857143,0.9226305609284333,0.8857938718662952,517
logistic_cbc,B12_deficiency,no_folate,development_oof,1,0.6428571428571429,0.4645161290322581,0.5393258426966292,155
logistic_cbc,B12_deficiency,no_B6,development_oof,0,0.8517857142857143,0.9226305609284333,0.8857938718662952,517
logistic_cbc,B12_deficiency,no_B6,development_oof,1,0.6428571428571429,0.4645161290322581,0.5393258426966292,155
logistic_cbc,B12_deficiency,no_copper,development_oof,0,0.8517857142857143,0.9226305609284333,0.8857938718662952,517
logistic_cbc,B12_deficiency,no_copper,development_oof,1,0.6428571428571429,0.4645161290322581,0.5393258426966292,155
logistic_cbc,B12_deficiency,no_hemoglobin,development_oof,0,0.8553345388788427,0.9148936170212766,0.8841121495327103,517
logistic_cbc,B12_deficiency,no_hemoglobin,development_oof,1,0.6302521008403361,0.4838709677419355,0.5474452554744526,155
logistic_cbc,B12_deficiency,no_demographics,development_oof,0,0.853309481216458,0.9226305609284333,0.8866171003717472,517
logistic_cbc,B12_deficiency,no_demographics,development_oof,1,0.6460176991150443,0.47096774193548385,0.5447761194029851,155
logistic_cbc,folate_deficiency,available,development_oof,0,0.8370607028753994,0.9492753623188406,0.8896434634974533,552
logistic_cbc,folate_deficiency,available,development_oof,1,0.391304347826087,0.15,0.21686746987951808,120
logistic_cbc,folate_deficiency,drop30,development_oof,0,0.8291925465838509,0.967391304347826,0.8929765886287625,552
logistic_cbc,folate_deficiency,drop30,development_oof,1,0.35714285714285715,0.08333333333333333,0.13513513513513514,120
logistic_cbc,folate_deficiency,drop60,development_oof,0,0.8249619482496194,0.9818840579710145,0.8966087675765095,552
logistic_cbc,folate_deficiency,drop60,development_oof,1,0.3333333333333333,0.041666666666666664,0.07407407407407407,120
logistic_cbc,folate_deficiency,cbc_only,development_oof,0,0.8370607028753994,0.9492753623188406,0.8896434634974533,552
logistic_cbc,folate_deficiency,cbc_only,development_oof,1,0.391304347826087,0.15,0.21686746987951808,120
logistic_cbc,folate_deficiency,hb_only,development_oof,0,0.8214285714285714,1.0,0.9019607843137255,552
logistic_cbc,folate_deficiency,hb_only,development_oof,1,0.0,0.0,0.0,120
logistic_cbc,folate_deficiency,no_iron,development_oof,0,0.8370607028753994,0.9492753623188406,0.8896434634974533,552
logistic_cbc,folate_deficiency,no_iron,development_oof,1,0.391304347826087,0.15,0.21686746987951808,120
logistic_cbc,folate_deficiency,no_B12,development_oof,0,0.8370607028753994,0.9492753623188406,0.8896434634974533,552
logistic_cbc,folate_deficiency,no_B12,development_oof,1,0.391304347826087,0.15,0.21686746987951808,120
logistic_cbc,folate_deficiency,no_folate,development_oof,0,0.8370607028753994,0.9492753623188406,0.8896434634974533,552
logistic_cbc,folate_deficiency,no_folate,development_oof,1,0.391304347826087,0.15,0.21686746987951808,120
logistic_cbc,folate_deficiency,no_B6,development_oof,0,0.8370607028753994,0.9492753623188406,0.8896434634974533,552
logistic_cbc,folate_deficiency,no_B6,development_oof,1,0.391304347826087,0.15,0.21686746987951808,120
logistic_cbc,folate_deficiency,no_copper,development_oof,0,0.8370607028753994,0.9492753623188406,0.8896434634974533,552
logistic_cbc,folate_deficiency,no_copper,development_oof,1,0.391304347826087,0.15,0.21686746987951808,120
logistic_cbc,folate_deficiency,no_hemoglobin,development_oof,0,0.8462783171521036,0.947463768115942,0.8940170940170941,552
logistic_cbc,folate_deficiency,no_hemoglobin,development_oof,1,0.46296296296296297,0.20833333333333334,0.28735632183908044,120
logistic_cbc,folate_deficiency,no_demographics,development_oof,0,0.8322784810126582,0.9528985507246377,0.8885135135135135,552
logistic_cbc,folate_deficiency,no_demographics,development_oof,1,0.35,0.11666666666666667,0.175,120
logistic_cbc,B6_deficiency,available,development_oof,0,0.9582712369597616,0.9984472049689441,0.9779467680608365,644
logistic_cbc,B6_deficiency,available,development_oof,1,0.0,0.0,0.0,28
logistic_cbc,B6_deficiency,drop30,development_oof,0,0.9582712369597616,0.9984472049689441,0.9779467680608365,644
logistic_cbc,B6_deficiency,drop30,development_oof,1,0.0,0.0,0.0,28
logistic_cbc,B6_deficiency,drop60,development_oof,0,0.9582089552238806,0.9968944099378882,0.9771689497716894,644
logistic_cbc,B6_deficiency,drop60,development_oof,1,0.0,0.0,0.0,28
logistic_cbc,B6_deficiency,cbc_only,development_oof,0,0.9582712369597616,0.9984472049689441,0.9779467680608365,644
logistic_cbc,B6_deficiency,cbc_only,development_oof,1,0.0,0.0,0.0,28
logistic_cbc,B6_deficiency,hb_only,development_oof,0,0.9583333333333334,1.0,0.9787234042553191,644
logistic_cbc,B6_deficiency,hb_only,development_oof,1,0.0,0.0,0.0,28
logistic_cbc,B6_deficiency,no_iron,development_oof,0,0.9582712369597616,0.9984472049689441,0.9779467680608365,644
logistic_cbc,B6_deficiency,no_iron,development_oof,1,0.0,0.0,0.0,28
logistic_cbc,B6_deficiency,no_B12,development_oof,0,0.9582712369597616,0.9984472049689441,0.9779467680608365,644
logistic_cbc,B6_deficiency,no_B12,development_oof,1,0.0,0.0,0.0,28
logistic_cbc,B6_deficiency,no_folate,development_oof,0,0.9582712369597616,0.9984472049689441,0.9779467680608365,644
logistic_cbc,B6_deficiency,no_folate,development_oof,1,0.0,0.0,0.0,28
logistic_cbc,B6_deficiency,no_B6,development_oof,0,0.9582712369597616,0.9984472049689441,0.9779467680608365,644
logistic_cbc,B6_deficiency,no_B6,development_oof,1,0.0,0.0,0.0,28
logistic_cbc,B6_deficiency,no_copper,development_oof,0,0.9582712369597616,0.9984472049689441,0.9779467680608365,644
logistic_cbc,B6_deficiency,no_copper,development_oof,1,0.0,0.0,0.0,28
logistic_cbc,B6_deficiency,no_hemoglobin,development_oof,0,0.9582712369597616,0.9984472049689441,0.9779467680608365,644
logistic_cbc,B6_deficiency,no_hemoglobin,development_oof,1,0.0,0.0,0.0,28
logistic_cbc,B6_deficiency,no_demographics,development_oof,0,0.9582712369597616,0.9984472049689441,0.9779467680608365,644
logistic_cbc,B6_deficiency,no_demographics,development_oof,1,0.0,0.0,0.0,28
logistic_cbc,copper_deficiency,available,development_oof,0,0.9596412556053812,0.9968944099378882,0.9779131759329779,644
logistic_cbc,copper_deficiency,available,development_oof,1,0.3333333333333333,0.03571428571428571,0.06451612903225806,28
logistic_cbc,copper_deficiency,drop30,development_oof,0,0.9583333333333334,1.0,0.9787234042553191,644
logistic_cbc,copper_deficiency,drop30,development_oof,1,0.0,0.0,0.0,28
logistic_cbc,copper_deficiency,drop60,development_oof,0,0.9583333333333334,1.0,0.9787234042553191,644
logistic_cbc,copper_deficiency,drop60,development_oof,1,0.0,0.0,0.0,28
logistic_cbc,copper_deficiency,cbc_only,development_oof,0,0.9596412556053812,0.9968944099378882,0.9779131759329779,644
logistic_cbc,copper_deficiency,cbc_only,development_oof,1,0.3333333333333333,0.03571428571428571,0.06451612903225806,28
logistic_cbc,copper_deficiency,hb_only,development_oof,0,0.9583333333333334,1.0,0.9787234042553191,644
logistic_cbc,copper_deficiency,hb_only,development_oof,1,0.0,0.0,0.0,28
logistic_cbc,copper_deficiency,no_iron,development_oof,0,0.9596412556053812,0.9968944099378882,0.9779131759329779,644
logistic_cbc,copper_deficiency,no_iron,development_oof,1,0.3333333333333333,0.03571428571428571,0.06451612903225806,28
logistic_cbc,copper_deficiency,no_B12,development_oof,0,0.9596412556053812,0.9968944099378882,0.9779131759329779,644
logistic_cbc,copper_deficiency,no_B12,development_oof,1,0.3333333333333333,0.03571428571428571,0.06451612903225806,28
logistic_cbc,copper_deficiency,no_folate,development_oof,0,0.9596412556053812,0.9968944099378882,0.9779131759329779,644
logistic_cbc,copper_deficiency,no_folate,development_oof,1,0.3333333333333333,0.03571428571428571,0.06451612903225806,28
logistic_cbc,copper_deficiency,no_B6,development_oof,0,0.9596412556053812,0.9968944099378882,0.9779131759329779,644
logistic_cbc,copper_deficiency,no_B6,development_oof,1,0.3333333333333333,0.03571428571428571,0.06451612903225806,28
logistic_cbc,copper_deficiency,no_copper,development_oof,0,0.9596412556053812,0.9968944099378882,0.9779131759329779,644
logistic_cbc,copper_deficiency,no_copper,development_oof,1,0.3333333333333333,0.03571428571428571,0.06451612903225806,28
logistic_cbc,copper_deficiency,no_hemoglobin,development_oof,0,0.9596412556053812,0.9968944099378882,0.9779131759329779,644
logistic_cbc,copper_deficiency,no_hemoglobin,development_oof,1,0.3333333333333333,0.03571428571428571,0.06451612903225806,28
logistic_cbc,copper_deficiency,no_demographics,development_oof,0,0.9596412556053812,0.9968944099378882,0.9779131759329779,644
logistic_cbc,copper_deficiency,no_demographics,development_oof,1,0.3333333333333333,0.03571428571428571,0.06451612903225806,28
logistic_cbc,inflammation_anemia,available,development_oof,0,0.9472868217054263,0.9854838709677419,0.9660079051383399,620
logistic_cbc,inflammation_anemia,available,development_oof,1,0.6666666666666666,0.34615384615384615,0.45569620253164556,52
logistic_cbc,inflammation_anemia,drop30,development_oof,0,0.9304084720121029,0.9919354838709677,0.9601873536299765,620
logistic_cbc,inflammation_anemia,drop30,development_oof,1,0.5454545454545454,0.11538461538461539,0.19047619047619047,52
logistic_cbc,inflammation_anemia,drop60,development_oof,0,0.9235382308845578,0.9935483870967742,0.9572649572649573,620
logistic_cbc,inflammation_anemia,drop60,development_oof,1,0.2,0.019230769230769232,0.03508771929824561,52
logistic_cbc,inflammation_anemia,cbc_only,development_oof,0,0.9472868217054263,0.9854838709677419,0.9660079051383399,620
logistic_cbc,inflammation_anemia,cbc_only,development_oof,1,0.6666666666666666,0.34615384615384615,0.45569620253164556,52
logistic_cbc,inflammation_anemia,hb_only,development_oof,0,0.9226190476190477,1.0,0.9597523219814241,620
logistic_cbc,inflammation_anemia,hb_only,development_oof,1,0.0,0.0,0.0,52
logistic_cbc,inflammation_anemia,no_iron,development_oof,0,0.9472868217054263,0.9854838709677419,0.9660079051383399,620
logistic_cbc,inflammation_anemia,no_iron,development_oof,1,0.6666666666666666,0.34615384615384615,0.45569620253164556,52
logistic_cbc,inflammation_anemia,no_B12,development_oof,0,0.9472868217054263,0.9854838709677419,0.9660079051383399,620
logistic_cbc,inflammation_anemia,no_B12,development_oof,1,0.6666666666666666,0.34615384615384615,0.45569620253164556,52
logistic_cbc,inflammation_anemia,no_folate,development_oof,0,0.9472868217054263,0.9854838709677419,0.9660079051383399,620
logistic_cbc,inflammation_anemia,no_folate,development_oof,1,0.6666666666666666,0.34615384615384615,0.45569620253164556,52
logistic_cbc,inflammation_anemia,no_B6,development_oof,0,0.9472868217054263,0.9854838709677419,0.9660079051383399,620
logistic_cbc,inflammation_anemia,no_B6,development_oof,1,0.6666666666666666,0.34615384615384615,0.45569620253164556,52
logistic_cbc,inflammation_anemia,no_copper,development_oof,0,0.9472868217054263,0.9854838709677419,0.9660079051383399,620
logistic_cbc,inflammation_anemia,no_copper,development_oof,1,0.6666666666666666,0.34615384615384615,0.45569620253164556,52
logistic_cbc,inflammation_anemia,no_hemoglobin,development_oof,0,0.9456521739130435,0.9822580645161291,0.9636075949367089,620
logistic_cbc,inflammation_anemia,no_hemoglobin,development_oof,1,0.6071428571428571,0.3269230769230769,0.425,52
logistic_cbc,inflammation_anemia,no_demographics,development_oof,0,0.9444444444444444,0.9870967741935484,0.9652996845425867,620
logistic_cbc,inflammation_anemia,no_demographics,development_oof,1,0.6666666666666666,0.3076923076923077,0.42105263157894735,52
extra_trees_cbc,anemia_class,available,development_oof,B12_deficiency_anemia,0.49230769230769234,0.6153846153846154,0.5470085470085471,52
extra_trees_cbc,anemia_class,available,development_oof,B12_deficiency_no_anemia,0.4583333333333333,0.55,0.5,40
extra_trees_cbc,anemia_class,available,development_oof,B6_deficiency,0.4444444444444444,0.14285714285714285,0.21621621621621623,28
extra_trees_cbc,anemia_class,available,development_oof,anemia_other,0.48717948717948717,0.6333333333333333,0.5507246376811594,60
extra_trees_cbc,anemia_class,available,development_oof,copper_deficiency,1.0,0.03571428571428571,0.06896551724137931,28
extra_trees_cbc,anemia_class,available,development_oof,folate_deficiency_anemia,0.4722222222222222,0.425,0.4473684210526316,40
extra_trees_cbc,anemia_class,available,development_oof,folate_deficiency_no_anemia,0.23076923076923078,0.09375,0.13333333333333333,32
extra_trees_cbc,anemia_class,available,development_oof,inflammation_anemia,0.5283018867924528,0.5384615384615384,0.5333333333333333,52
extra_trees_cbc,anemia_class,available,development_oof,iron_deficiency_anemia,0.6,0.5869565217391305,0.5934065934065934,92
extra_trees_cbc,anemia_class,available,development_oof,latent_deficiency,0.6857142857142857,0.7058823529411765,0.6956521739130435,68
extra_trees_cbc,anemia_class,available,development_oof,mixed_deficiency,0.5684210526315789,0.5869565217391305,0.5775401069518716,92
extra_trees_cbc,anemia_class,available,development_oof,no_anemia_no_deficiency,0.6754385964912281,0.875,0.7623762376237624,88
extra_trees_cbc,anemia_class,drop30,development_oof,B12_deficiency_anemia,0.4666666666666667,0.2692307692307692,0.34146341463414637,52
extra_trees_cbc,anemia_class,drop30,development_oof,B12_deficiency_no_anemia,0.3902439024390244,0.4,0.3950617283950617,40
extra_trees_cbc,anemia_class,drop30,development_oof,B6_deficiency,0.0,0.0,0.0,28
extra_trees_cbc,anemia_class,drop30,development_oof,anemia_other,0.23684210526315788,0.75,0.36,60
extra_trees_cbc,anemia_class,drop30,development_oof,copper_deficiency,0.3333333333333333,0.07142857142857142,0.11764705882352941,28
extra_trees_cbc,anemia_class,drop30,development_oof,folate_deficiency_anemia,0.48,0.3,0.36923076923076925,40
extra_trees_cbc,anemia_class,drop30,development_oof,folate_deficiency_no_anemia,0.23076923076923078,0.09375,0.13333333333333333,32
extra_trees_cbc,anemia_class,drop30,development_oof,inflammation_anemia,0.3582089552238806,0.46153846153846156,0.40336134453781514,52
extra_trees_cbc,anemia_class,drop30,development_oof,iron_deficiency_anemia,0.5797101449275363,0.43478260869565216,0.4968944099378882,92
extra_trees_cbc,anemia_class,drop30,development_oof,latent_deficiency,0.5573770491803278,0.5,0.5271317829457365,68
extra_trees_cbc,anemia_class,drop30,development_oof,mixed_deficiency,0.40860215053763443,0.41304347826086957,0.41081081081081083,92
extra_trees_cbc,anemia_class,drop30,development_oof,no_anemia_no_deficiency,0.6266666666666667,0.5340909090909091,0.5766871165644172,88
extra_trees_cbc,anemia_class,drop60,development_oof,B12_deficiency_anemia,0.625,0.09615384615384616,0.16666666666666666,52
extra_trees_cbc,anemia_class,drop60,development_oof,B12_deficiency_no_anemia,0.34782608695652173,0.2,0.25396825396825395,40
extra_trees_cbc,anemia_class,drop60,development_oof,B6_deficiency,0.0,0.0,0.0,28
extra_trees_cbc,anemia_class,drop60,development_oof,anemia_other,0.14285714285714285,0.8833333333333333,0.2459396751740139,60
extra_trees_cbc,anemia_class,drop60,development_oof,copper_deficiency,1.0,0.03571428571428571,0.06896551724137931,28
extra_trees_cbc,anemia_class,drop60,development_oof,folate_deficiency_anemia,0.4375,0.175,0.25,40
extra_trees_cbc,anemia_class,drop60,development_oof,folate_deficiency_no_anemia,0.14285714285714285,0.03125,0.05128205128205128,32
extra_trees_cbc,anemia_class,drop60,development_oof,inflammation_anemia,0.2641509433962264,0.2692307692307692,0.26666666666666666,52
extra_trees_cbc,anemia_class,drop60,development_oof,iron_deficiency_anemia,0.42105263157894735,0.2608695652173913,0.3221476510067114,92
extra_trees_cbc,anemia_class,drop60,development_oof,latent_deficiency,0.5714285714285714,0.35294117647058826,0.43636363636363634,68
extra_trees_cbc,anemia_class,drop60,development_oof,mixed_deficiency,0.3793103448275862,0.2391304347826087,0.29333333333333333,92
extra_trees_cbc,anemia_class,drop60,development_oof,no_anemia_no_deficiency,0.5,0.20454545454545456,0.2903225806451613,88
extra_trees_cbc,anemia_class,cbc_only,development_oof,B12_deficiency_anemia,0.49230769230769234,0.6153846153846154,0.5470085470085471,52
extra_trees_cbc,anemia_class,cbc_only,development_oof,B12_deficiency_no_anemia,0.4583333333333333,0.55,0.5,40
extra_trees_cbc,anemia_class,cbc_only,development_oof,B6_deficiency,0.4444444444444444,0.14285714285714285,0.21621621621621623,28
extra_trees_cbc,anemia_class,cbc_only,development_oof,anemia_other,0.48717948717948717,0.6333333333333333,0.5507246376811594,60
extra_trees_cbc,anemia_class,cbc_only,development_oof,copper_deficiency,1.0,0.03571428571428571,0.06896551724137931,28
extra_trees_cbc,anemia_class,cbc_only,development_oof,folate_deficiency_anemia,0.4722222222222222,0.425,0.4473684210526316,40
extra_trees_cbc,anemia_class,cbc_only,development_oof,folate_deficiency_no_anemia,0.23076923076923078,0.09375,0.13333333333333333,32
extra_trees_cbc,anemia_class,cbc_only,development_oof,inflammation_anemia,0.5283018867924528,0.5384615384615384,0.5333333333333333,52
extra_trees_cbc,anemia_class,cbc_only,development_oof,iron_deficiency_anemia,0.6,0.5869565217391305,0.5934065934065934,92
extra_trees_cbc,anemia_class,cbc_only,development_oof,latent_deficiency,0.6857142857142857,0.7058823529411765,0.6956521739130435,68
extra_trees_cbc,anemia_class,cbc_only,development_oof,mixed_deficiency,0.5684210526315789,0.5869565217391305,0.5775401069518716,92
extra_trees_cbc,anemia_class,cbc_only,development_oof,no_anemia_no_deficiency,0.6754385964912281,0.875,0.7623762376237624,88
extra_trees_cbc,anemia_class,hb_only,development_oof,B12_deficiency_anemia,0.0,0.0,0.0,52
extra_trees_cbc,anemia_class,hb_only,development_oof,B12_deficiency_no_anemia,0.13333333333333333,0.3,0.18461538461538463,40
extra_trees_cbc,anemia_class,hb_only,development_oof,B6_deficiency,0.0,0.0,0.0,28
extra_trees_cbc,anemia_class,hb_only,development_oof,anemia_other,0.12526096033402923,1.0,0.22263450834879406,60
extra_trees_cbc,anemia_class,hb_only,development_oof,copper_deficiency,0.0,0.0,0.0,28
extra_trees_cbc,anemia_class,hb_only,development_oof,folate_deficiency_anemia,0.0,0.0,0.0,40
extra_trees_cbc,anemia_class,hb_only,development_oof,folate_deficiency_no_anemia,0.2,0.03125,0.05405405405405406,32
extra_trees_cbc,anemia_class,hb_only,development_oof,inflammation_anemia,0.0,0.0,0.0,52
extra_trees_cbc,anemia_class,hb_only,development_oof,iron_deficiency_anemia,0.0,0.0,0.0,92
extra_trees_cbc,anemia_class,hb_only,development_oof,latent_deficiency,0.21052631578947367,0.058823529411764705,0.09195402298850575,68
extra_trees_cbc,anemia_class,hb_only,development_oof,mixed_deficiency,0.0,0.0,0.0,92
extra_trees_cbc,anemia_class,hb_only,development_oof,no_anemia_no_deficiency,0.4358974358974359,0.38636363636363635,0.40963855421686746,88
extra_trees_cbc,anemia_class,no_iron,development_oof,B12_deficiency_anemia,0.49230769230769234,0.6153846153846154,0.5470085470085471,52
extra_trees_cbc,anemia_class,no_iron,development_oof,B12_deficiency_no_anemia,0.4583333333333333,0.55,0.5,40
extra_trees_cbc,anemia_class,no_iron,development_oof,B6_deficiency,0.4444444444444444,0.14285714285714285,0.21621621621621623,28
extra_trees_cbc,anemia_class,no_iron,development_oof,anemia_other,0.48717948717948717,0.6333333333333333,0.5507246376811594,60
extra_trees_cbc,anemia_class,no_iron,development_oof,copper_deficiency,1.0,0.03571428571428571,0.06896551724137931,28
extra_trees_cbc,anemia_class,no_iron,development_oof,folate_deficiency_anemia,0.4722222222222222,0.425,0.4473684210526316,40
extra_trees_cbc,anemia_class,no_iron,development_oof,folate_deficiency_no_anemia,0.23076923076923078,0.09375,0.13333333333333333,32
extra_trees_cbc,anemia_class,no_iron,development_oof,inflammation_anemia,0.5283018867924528,0.5384615384615384,0.5333333333333333,52
extra_trees_cbc,anemia_class,no_iron,development_oof,iron_deficiency_anemia,0.6,0.5869565217391305,0.5934065934065934,92
extra_trees_cbc,anemia_class,no_iron,development_oof,latent_deficiency,0.6857142857142857,0.7058823529411765,0.6956521739130435,68
extra_trees_cbc,anemia_class,no_iron,development_oof,mixed_deficiency,0.5684210526315789,0.5869565217391305,0.5775401069518716,92
extra_trees_cbc,anemia_class,no_iron,development_oof,no_anemia_no_deficiency,0.6754385964912281,0.875,0.7623762376237624,88
extra_trees_cbc,anemia_class,no_B12,development_oof,B12_deficiency_anemia,0.49230769230769234,0.6153846153846154,0.5470085470085471,52
extra_trees_cbc,anemia_class,no_B12,development_oof,B12_deficiency_no_anemia,0.4583333333333333,0.55,0.5,40
extra_trees_cbc,anemia_class,no_B12,development_oof,B6_deficiency,0.4444444444444444,0.14285714285714285,0.21621621621621623,28
extra_trees_cbc,anemia_class,no_B12,development_oof,anemia_other,0.48717948717948717,0.6333333333333333,0.5507246376811594,60
extra_trees_cbc,anemia_class,no_B12,development_oof,copper_deficiency,1.0,0.03571428571428571,0.06896551724137931,28
extra_trees_cbc,anemia_class,no_B12,development_oof,folate_deficiency_anemia,0.4722222222222222,0.425,0.4473684210526316,40
extra_trees_cbc,anemia_class,no_B12,development_oof,folate_deficiency_no_anemia,0.23076923076923078,0.09375,0.13333333333333333,32
extra_trees_cbc,anemia_class,no_B12,development_oof,inflammation_anemia,0.5283018867924528,0.5384615384615384,0.5333333333333333,52
extra_trees_cbc,anemia_class,no_B12,development_oof,iron_deficiency_anemia,0.6,0.5869565217391305,0.5934065934065934,92
extra_trees_cbc,anemia_class,no_B12,development_oof,latent_deficiency,0.6857142857142857,0.7058823529411765,0.6956521739130435,68
extra_trees_cbc,anemia_class,no_B12,development_oof,mixed_deficiency,0.5684210526315789,0.5869565217391305,0.5775401069518716,92
extra_trees_cbc,anemia_class,no_B12,development_oof,no_anemia_no_deficiency,0.6754385964912281,0.875,0.7623762376237624,88
extra_trees_cbc,anemia_class,no_folate,development_oof,B12_deficiency_anemia,0.49230769230769234,0.6153846153846154,0.5470085470085471,52
extra_trees_cbc,anemia_class,no_folate,development_oof,B12_deficiency_no_anemia,0.4583333333333333,0.55,0.5,40
extra_trees_cbc,anemia_class,no_folate,development_oof,B6_deficiency,0.4444444444444444,0.14285714285714285,0.21621621621621623,28
extra_trees_cbc,anemia_class,no_folate,development_oof,anemia_other,0.48717948717948717,0.6333333333333333,0.5507246376811594,60
extra_trees_cbc,anemia_class,no_folate,development_oof,copper_deficiency,1.0,0.03571428571428571,0.06896551724137931,28
extra_trees_cbc,anemia_class,no_folate,development_oof,folate_deficiency_anemia,0.4722222222222222,0.425,0.4473684210526316,40
extra_trees_cbc,anemia_class,no_folate,development_oof,folate_deficiency_no_anemia,0.23076923076923078,0.09375,0.13333333333333333,32
extra_trees_cbc,anemia_class,no_folate,development_oof,inflammation_anemia,0.5283018867924528,0.5384615384615384,0.5333333333333333,52
extra_trees_cbc,anemia_class,no_folate,development_oof,iron_deficiency_anemia,0.6,0.5869565217391305,0.5934065934065934,92
extra_trees_cbc,anemia_class,no_folate,development_oof,latent_deficiency,0.6857142857142857,0.7058823529411765,0.6956521739130435,68
extra_trees_cbc,anemia_class,no_folate,development_oof,mixed_deficiency,0.5684210526315789,0.5869565217391305,0.5775401069518716,92
extra_trees_cbc,anemia_class,no_folate,development_oof,no_anemia_no_deficiency,0.6754385964912281,0.875,0.7623762376237624,88
extra_trees_cbc,anemia_class,no_B6,development_oof,B12_deficiency_anemia,0.49230769230769234,0.6153846153846154,0.5470085470085471,52
extra_trees_cbc,anemia_class,no_B6,development_oof,B12_deficiency_no_anemia,0.4583333333333333,0.55,0.5,40
extra_trees_cbc,anemia_class,no_B6,development_oof,B6_deficiency,0.4444444444444444,0.14285714285714285,0.21621621621621623,28
extra_trees_cbc,anemia_class,no_B6,development_oof,anemia_other,0.48717948717948717,0.6333333333333333,0.5507246376811594,60
extra_trees_cbc,anemia_class,no_B6,development_oof,copper_deficiency,1.0,0.03571428571428571,0.06896551724137931,28
extra_trees_cbc,anemia_class,no_B6,development_oof,folate_deficiency_anemia,0.4722222222222222,0.425,0.4473684210526316,40
extra_trees_cbc,anemia_class,no_B6,development_oof,folate_deficiency_no_anemia,0.23076923076923078,0.09375,0.13333333333333333,32
extra_trees_cbc,anemia_class,no_B6,development_oof,inflammation_anemia,0.5283018867924528,0.5384615384615384,0.5333333333333333,52
extra_trees_cbc,anemia_class,no_B6,development_oof,iron_deficiency_anemia,0.6,0.5869565217391305,0.5934065934065934,92
extra_trees_cbc,anemia_class,no_B6,development_oof,latent_deficiency,0.6857142857142857,0.7058823529411765,0.6956521739130435,68
extra_trees_cbc,anemia_class,no_B6,development_oof,mixed_deficiency,0.5684210526315789,0.5869565217391305,0.5775401069518716,92
extra_trees_cbc,anemia_class,no_B6,development_oof,no_anemia_no_deficiency,0.6754385964912281,0.875,0.7623762376237624,88
extra_trees_cbc,anemia_class,no_copper,development_oof,B12_deficiency_anemia,0.49230769230769234,0.6153846153846154,0.5470085470085471,52
extra_trees_cbc,anemia_class,no_copper,development_oof,B12_deficiency_no_anemia,0.4583333333333333,0.55,0.5,40
extra_trees_cbc,anemia_class,no_copper,development_oof,B6_deficiency,0.4444444444444444,0.14285714285714285,0.21621621621621623,28
extra_trees_cbc,anemia_class,no_copper,development_oof,anemia_other,0.48717948717948717,0.6333333333333333,0.5507246376811594,60
extra_trees_cbc,anemia_class,no_copper,development_oof,copper_deficiency,1.0,0.03571428571428571,0.06896551724137931,28
extra_trees_cbc,anemia_class,no_copper,development_oof,folate_deficiency_anemia,0.4722222222222222,0.425,0.4473684210526316,40
extra_trees_cbc,anemia_class,no_copper,development_oof,folate_deficiency_no_anemia,0.23076923076923078,0.09375,0.13333333333333333,32
extra_trees_cbc,anemia_class,no_copper,development_oof,inflammation_anemia,0.5283018867924528,0.5384615384615384,0.5333333333333333,52
extra_trees_cbc,anemia_class,no_copper,development_oof,iron_deficiency_anemia,0.6,0.5869565217391305,0.5934065934065934,92
extra_trees_cbc,anemia_class,no_copper,development_oof,latent_deficiency,0.6857142857142857,0.7058823529411765,0.6956521739130435,68
extra_trees_cbc,anemia_class,no_copper,development_oof,mixed_deficiency,0.5684210526315789,0.5869565217391305,0.5775401069518716,92
extra_trees_cbc,anemia_class,no_copper,development_oof,no_anemia_no_deficiency,0.6754385964912281,0.875,0.7623762376237624,88
extra_trees_cbc,anemia_class,no_hemoglobin,development_oof,B12_deficiency_anemia,0.41025641025641024,0.6153846153846154,0.49230769230769234,52
extra_trees_cbc,anemia_class,no_hemoglobin,development_oof,B12_deficiency_no_anemia,0.5416666666666666,0.325,0.40625,40
extra_trees_cbc,anemia_class,no_hemoglobin,development_oof,B6_deficiency,0.0,0.0,0.0,28
extra_trees_cbc,anemia_class,no_hemoglobin,development_oof,anemia_other,0.3115942028985507,0.7166666666666667,0.43434343434343436,60
extra_trees_cbc,anemia_class,no_hemoglobin,development_oof,copper_deficiency,0.6666666666666666,0.07142857142857142,0.12903225806451613,28
extra_trees_cbc,anemia_class,no_hemoglobin,development_oof,folate_deficiency_anemia,0.41025641025641024,0.4,0.4050632911392405,40
extra_trees_cbc,anemia_class,no_hemoglobin,development_oof,folate_deficiency_no_anemia,0.375,0.09375,0.15,32
extra_trees_cbc,anemia_class,no_hemoglobin,development_oof,inflammation_anemia,0.46875,0.5769230769230769,0.5172413793103449,52
extra_trees_cbc,anemia_class,no_hemoglobin,development_oof,iron_deficiency_anemia,0.5533980582524272,0.6195652173913043,0.5846153846153846,92
extra_trees_cbc,anemia_class,no_hemoglobin,development_oof,latent_deficiency,0.7068965517241379,0.6029411764705882,0.6507936507936508,68
extra_trees_cbc,anemia_class,no_hemoglobin,development_oof,mixed_deficiency,0.5444444444444444,0.532608695652174,0.5384615384615384,92
extra_trees_cbc,anemia_class,no_hemoglobin,development_oof,no_anemia_no_deficiency,0.7580645161290323,0.5340909090909091,0.6266666666666667,88
extra_trees_cbc,anemia_class,no_demographics,development_oof,B12_deficiency_anemia,0.5245901639344263,0.6153846153846154,0.5663716814159292,52
extra_trees_cbc,anemia_class,no_demographics,development_oof,B12_deficiency_no_anemia,0.4489795918367347,0.55,0.4943820224719101,40
extra_trees_cbc,anemia_class,no_demographics,development_oof,B6_deficiency,0.8,0.14285714285714285,0.24242424242424243,28
extra_trees_cbc,anemia_class,no_demographics,development_oof,anemia_other,0.5135135135135135,0.6333333333333333,0.5671641791044776,60
extra_trees_cbc,anemia_class,no_demographics,development_oof,copper_deficiency,0.3333333333333333,0.03571428571428571,0.06451612903225806,28
extra_trees_cbc,anemia_class,no_demographics,development_oof,folate_deficiency_anemia,0.4722222222222222,0.425,0.4473684210526316,40
extra_trees_cbc,anemia_class,no_demographics,development_oof,folate_deficiency_no_anemia,0.21428571428571427,0.09375,0.13043478260869565,32
extra_trees_cbc,anemia_class,no_demographics,development_oof,inflammation_anemia,0.5357142857142857,0.5769230769230769,0.5555555555555556,52
extra_trees_cbc,anemia_class,no_demographics,development_oof,iron_deficiency_anemia,0.5851063829787234,0.5978260869565217,0.5913978494623656,92
extra_trees_cbc,anemia_class,no_demographics,development_oof,latent_deficiency,0.6666666666666666,0.6764705882352942,0.6715328467153284,68
extra_trees_cbc,anemia_class,no_demographics,development_oof,mixed_deficiency,0.5955056179775281,0.5760869565217391,0.585635359116022,92
extra_trees_cbc,anemia_class,no_demographics,development_oof,no_anemia_no_deficiency,0.6475409836065574,0.8977272727272727,0.7523809523809524,88
extra_trees_cbc,iron_deficiency,available,development_oof,0,0.8669527896995708,0.9202733485193622,0.8928176795580111,439
extra_trees_cbc,iron_deficiency,available,development_oof,1,0.8300970873786407,0.7339055793991416,0.7790432801822323,233
extra_trees_cbc,iron_deficiency,drop30,development_oof,0,0.7777777777777778,0.908883826879271,0.8382352941176471,439
extra_trees_cbc,iron_deficiency,drop30,development_oof,1,0.7484276729559748,0.5107296137339056,0.6071428571428571,233
extra_trees_cbc,iron_deficiency,drop60,development_oof,0,0.7189655172413794,0.9498861047835991,0.8184494602551521,439
extra_trees_cbc,iron_deficiency,drop60,development_oof,1,0.7608695652173914,0.30042918454935624,0.4307692307692308,233
extra_trees_cbc,iron_deficiency,cbc_only,development_oof,0,0.8669527896995708,0.9202733485193622,0.8928176795580111,439
extra_trees_cbc,iron_deficiency,cbc_only,development_oof,1,0.8300970873786407,0.7339055793991416,0.7790432801822323,233
extra_trees_cbc,iron_deficiency,hb_only,development_oof,0,0.6532738095238095,1.0,0.7902790279027903,439
extra_trees_cbc,iron_deficiency,hb_only,development_oof,1,0.0,0.0,0.0,233
extra_trees_cbc,iron_deficiency,no_iron,development_oof,0,0.8669527896995708,0.9202733485193622,0.8928176795580111,439
extra_trees_cbc,iron_deficiency,no_iron,development_oof,1,0.8300970873786407,0.7339055793991416,0.7790432801822323,233
extra_trees_cbc,iron_deficiency,no_B12,development_oof,0,0.8669527896995708,0.9202733485193622,0.8928176795580111,439
extra_trees_cbc,iron_deficiency,no_B12,development_oof,1,0.8300970873786407,0.7339055793991416,0.7790432801822323,233
extra_trees_cbc,iron_deficiency,no_folate,development_oof,0,0.8669527896995708,0.9202733485193622,0.8928176795580111,439
extra_trees_cbc,iron_deficiency,no_folate,development_oof,1,0.8300970873786407,0.7339055793991416,0.7790432801822323,233
extra_trees_cbc,iron_deficiency,no_B6,development_oof,0,0.8669527896995708,0.9202733485193622,0.8928176795580111,439
extra_trees_cbc,iron_deficiency,no_B6,development_oof,1,0.8300970873786407,0.7339055793991416,0.7790432801822323,233
extra_trees_cbc,iron_deficiency,no_copper,development_oof,0,0.8669527896995708,0.9202733485193622,0.8928176795580111,439
extra_trees_cbc,iron_deficiency,no_copper,development_oof,1,0.8300970873786407,0.7339055793991416,0.7790432801822323,233
extra_trees_cbc,iron_deficiency,no_hemoglobin,development_oof,0,0.8613445378151261,0.9339407744874715,0.8961748633879781,439
extra_trees_cbc,iron_deficiency,no_hemoglobin,development_oof,1,0.8520408163265306,0.7167381974248928,0.7785547785547785,233
extra_trees_cbc,iron_deficiency,no_demographics,development_oof,0,0.8717391304347826,0.9134396355353075,0.8921023359288098,439
extra_trees_cbc,iron_deficiency,no_demographics,development_oof,1,0.8207547169811321,0.7467811158798283,0.7820224719101123,233
extra_trees_cbc,B12_deficiency,available,development_oof,0,0.8397212543554007,0.9323017408123792,0.8835930339138405,517
extra_trees_cbc,B12_deficiency,available,development_oof,1,0.6428571428571429,0.4064516129032258,0.4980237154150198,155
extra_trees_cbc,B12_deficiency,drop30,development_oof,0,0.8093699515347335,0.9690522243713733,0.8820422535211268,517
extra_trees_cbc,B12_deficiency,drop30,development_oof,1,0.6981132075471698,0.23870967741935484,0.3557692307692308,155
extra_trees_cbc,B12_deficiency,drop60,development_oof,0,0.7846153846153846,0.9864603481624759,0.8740359897172236,517
extra_trees_cbc,B12_deficiency,drop60,development_oof,1,0.6818181818181818,0.0967741935483871,0.1694915254237288,155
extra_trees_cbc,B12_deficiency,cbc_only,development_oof,0,0.8397212543554007,0.9323017408123792,0.8835930339138405,517
extra_trees_cbc,B12_deficiency,cbc_only,development_oof,1,0.6428571428571429,0.4064516129032258,0.4980237154150198,155
extra_trees_cbc,B12_deficiency,hb_only,development_oof,0,0.7693452380952381,1.0,0.8696383515559294,517
extra_trees_cbc,B12_deficiency,hb_only,development_oof,1,0.0,0.0,0.0,155
extra_trees_cbc,B12_deficiency,no_iron,development_oof,0,0.8397212543554007,0.9323017408123792,0.8835930339138405,517
extra_trees_cbc,B12_deficiency,no_iron,development_oof,1,0.6428571428571429,0.4064516129032258,0.4980237154150198,155
extra_trees_cbc,B12_deficiency,no_B12,development_oof,0,0.8397212543554007,0.9323017408123792,0.8835930339138405,517
extra_trees_cbc,B12_deficiency,no_B12,development_oof,1,0.6428571428571429,0.4064516129032258,0.4980237154150198,155
extra_trees_cbc,B12_deficiency,no_folate,development_oof,0,0.8397212543554007,0.9323017408123792,0.8835930339138405,517
extra_trees_cbc,B12_deficiency,no_folate,development_oof,1,0.6428571428571429,0.4064516129032258,0.4980237154150198,155
extra_trees_cbc,B12_deficiency,no_B6,development_oof,0,0.8397212543554007,0.9323017408123792,0.8835930339138405,517
extra_trees_cbc,B12_deficiency,no_B6,development_oof,1,0.6428571428571429,0.4064516129032258,0.4980237154150198,155
extra_trees_cbc,B12_deficiency,no_copper,development_oof,0,0.8397212543554007,0.9323017408123792,0.8835930339138405,517
extra_trees_cbc,B12_deficiency,no_copper,development_oof,1,0.6428571428571429,0.4064516129032258,0.4980237154150198,155
extra_trees_cbc,B12_deficiency,no_hemoglobin,development_oof,0,0.8417391304347827,0.9361702127659575,0.8864468864468864,517
extra_trees_cbc,B12_deficiency,no_hemoglobin,development_oof,1,0.6597938144329897,0.4129032258064516,0.5079365079365079,155
extra_trees_cbc,B12_deficiency,no_demographics,development_oof,0,0.8408304498269896,0.9400386847195358,0.8876712328767123,517
extra_trees_cbc,B12_deficiency,no_demographics,development_oof,1,0.6702127659574468,0.4064516129032258,0.5060240963855421,155
extra_trees_cbc,folate_deficiency,available,development_oof,0,0.8482428115015974,0.9619565217391305,0.9015280135823429,552
extra_trees_cbc,folate_deficiency,available,development_oof,1,0.5434782608695652,0.20833333333333334,0.30120481927710846,120
extra_trees_cbc,folate_deficiency,drop30,development_oof,0,0.8318042813455657,0.9855072463768116,0.9021558872305141,552
extra_trees_cbc,folate_deficiency,drop30,development_oof,1,0.5555555555555556,0.08333333333333333,0.14492753623188406,120
extra_trees_cbc,folate_deficiency,drop60,development_oof,0,0.8233532934131736,0.9963768115942029,0.9016393442622951,552
extra_trees_cbc,folate_deficiency,drop60,development_oof,1,0.5,0.016666666666666666,0.03225806451612903,120
extra_trees_cbc,folate_deficiency,cbc_only,development_oof,0,0.8482428115015974,0.9619565217391305,0.9015280135823429,552
extra_trees_cbc,folate_deficiency,cbc_only,development_oof,1,0.5434782608695652,0.20833333333333334,0.30120481927710846,120
extra_trees_cbc,folate_deficiency,hb_only,development_oof,0,0.8214285714285714,1.0,0.9019607843137255,552
extra_trees_cbc,folate_deficiency,hb_only,development_oof,1,0.0,0.0,0.0,120
extra_trees_cbc,folate_deficiency,no_iron,development_oof,0,0.8482428115015974,0.9619565217391305,0.9015280135823429,552
extra_trees_cbc,folate_deficiency,no_iron,development_oof,1,0.5434782608695652,0.20833333333333334,0.30120481927710846,120
extra_trees_cbc,folate_deficiency,no_B12,development_oof,0,0.8482428115015974,0.9619565217391305,0.9015280135823429,552
extra_trees_cbc,folate_deficiency,no_B12,development_oof,1,0.5434782608695652,0.20833333333333334,0.30120481927710846,120
extra_trees_cbc,folate_deficiency,no_folate,development_oof,0,0.8482428115015974,0.9619565217391305,0.9015280135823429,552
extra_trees_cbc,folate_deficiency,no_folate,development_oof,1,0.5434782608695652,0.20833333333333334,0.30120481927710846,120
extra_trees_cbc,folate_deficiency,no_B6,development_oof,0,0.8482428115015974,0.9619565217391305,0.9015280135823429,552
extra_trees_cbc,folate_deficiency,no_B6,development_oof,1,0.5434782608695652,0.20833333333333334,0.30120481927710846,120
extra_trees_cbc,folate_deficiency,no_copper,development_oof,0,0.8482428115015974,0.9619565217391305,0.9015280135823429,552
extra_trees_cbc,folate_deficiency,no_copper,development_oof,1,0.5434782608695652,0.20833333333333334,0.30120481927710846,120
extra_trees_cbc,folate_deficiency,no_hemoglobin,development_oof,0,0.8471337579617835,0.9637681159420289,0.9016949152542373,552
extra_trees_cbc,folate_deficiency,no_hemoglobin,development_oof,1,0.5454545454545454,0.2,0.2926829268292683,120
extra_trees_cbc,folate_deficiency,no_demographics,development_oof,0,0.8462757527733756,0.967391304347826,0.9027895181741336,552
extra_trees_cbc,folate_deficiency,no_demographics,development_oof,1,0.5609756097560976,0.19166666666666668,0.2857142857142857,120
extra_trees_cbc,B6_deficiency,available,development_oof,0,0.9611940298507463,1.0,0.9802130898021308,644
extra_trees_cbc,B6_deficiency,available,development_oof,1,1.0,0.07142857142857142,0.13333333333333333,28
extra_trees_cbc,B6_deficiency,drop30,development_oof,0,0.9583333333333334,1.0,0.9787234042553191,644
extra_trees_cbc,B6_deficiency,drop30,development_oof,1,0.0,0.0,0.0,28
extra_trees_cbc,B6_deficiency,drop60,development_oof,0,0.9583333333333334,1.0,0.9787234042553191,644
extra_trees_cbc,B6_deficiency,drop60,development_oof,1,0.0,0.0,0.0,28
extra_trees_cbc,B6_deficiency,cbc_only,development_oof,0,0.9611940298507463,1.0,0.9802130898021308,644
extra_trees_cbc,B6_deficiency,cbc_only,development_oof,1,1.0,0.07142857142857142,0.13333333333333333,28
extra_trees_cbc,B6_deficiency,hb_only,development_oof,0,0.9583333333333334,1.0,0.9787234042553191,644
extra_trees_cbc,B6_deficiency,hb_only,development_oof,1,0.0,0.0,0.0,28
extra_trees_cbc,B6_deficiency,no_iron,development_oof,0,0.9611940298507463,1.0,0.9802130898021308,644
extra_trees_cbc,B6_deficiency,no_iron,development_oof,1,1.0,0.07142857142857142,0.13333333333333333,28
extra_trees_cbc,B6_deficiency,no_B12,development_oof,0,0.9611940298507463,1.0,0.9802130898021308,644
extra_trees_cbc,B6_deficiency,no_B12,development_oof,1,1.0,0.07142857142857142,0.13333333333333333,28
extra_trees_cbc,B6_deficiency,no_folate,development_oof,0,0.9611940298507463,1.0,0.9802130898021308,644
extra_trees_cbc,B6_deficiency,no_folate,development_oof,1,1.0,0.07142857142857142,0.13333333333333333,28
extra_trees_cbc,B6_deficiency,no_B6,development_oof,0,0.9611940298507463,1.0,0.9802130898021308,644
extra_trees_cbc,B6_deficiency,no_B6,development_oof,1,1.0,0.07142857142857142,0.13333333333333333,28
extra_trees_cbc,B6_deficiency,no_copper,development_oof,0,0.9611940298507463,1.0,0.9802130898021308,644
extra_trees_cbc,B6_deficiency,no_copper,development_oof,1,1.0,0.07142857142857142,0.13333333333333333,28
extra_trees_cbc,B6_deficiency,no_hemoglobin,development_oof,0,0.9583333333333334,1.0,0.9787234042553191,644
extra_trees_cbc,B6_deficiency,no_hemoglobin,development_oof,1,0.0,0.0,0.0,28
extra_trees_cbc,B6_deficiency,no_demographics,development_oof,0,0.9611940298507463,1.0,0.9802130898021308,644
extra_trees_cbc,B6_deficiency,no_demographics,development_oof,1,1.0,0.07142857142857142,0.13333333333333333,28
extra_trees_cbc,copper_deficiency,available,development_oof,0,0.9583333333333334,1.0,0.9787234042553191,644
extra_trees_cbc,copper_deficiency,available,development_oof,1,0.0,0.0,0.0,28
extra_trees_cbc,copper_deficiency,drop30,development_oof,0,0.9583333333333334,1.0,0.9787234042553191,644
extra_trees_cbc,copper_deficiency,drop30,development_oof,1,0.0,0.0,0.0,28
extra_trees_cbc,copper_deficiency,drop60,development_oof,0,0.9583333333333334,1.0,0.9787234042553191,644
extra_trees_cbc,copper_deficiency,drop60,development_oof,1,0.0,0.0,0.0,28
extra_trees_cbc,copper_deficiency,cbc_only,development_oof,0,0.9583333333333334,1.0,0.9787234042553191,644
extra_trees_cbc,copper_deficiency,cbc_only,development_oof,1,0.0,0.0,0.0,28
extra_trees_cbc,copper_deficiency,hb_only,development_oof,0,0.9583333333333334,1.0,0.9787234042553191,644
extra_trees_cbc,copper_deficiency,hb_only,development_oof,1,0.0,0.0,0.0,28
extra_trees_cbc,copper_deficiency,no_iron,development_oof,0,0.9583333333333334,1.0,0.9787234042553191,644
extra_trees_cbc,copper_deficiency,no_iron,development_oof,1,0.0,0.0,0.0,28
extra_trees_cbc,copper_deficiency,no_B12,development_oof,0,0.9583333333333334,1.0,0.9787234042553191,644
extra_trees_cbc,copper_deficiency,no_B12,development_oof,1,0.0,0.0,0.0,28
extra_trees_cbc,copper_deficiency,no_folate,development_oof,0,0.9583333333333334,1.0,0.9787234042553191,644
extra_trees_cbc,copper_deficiency,no_folate,development_oof,1,0.0,0.0,0.0,28
extra_trees_cbc,copper_deficiency,no_B6,development_oof,0,0.9583333333333334,1.0,0.9787234042553191,644
extra_trees_cbc,copper_deficiency,no_B6,development_oof,1,0.0,0.0,0.0,28
extra_trees_cbc,copper_deficiency,no_copper,development_oof,0,0.9583333333333334,1.0,0.9787234042553191,644
extra_trees_cbc,copper_deficiency,no_copper,development_oof,1,0.0,0.0,0.0,28
extra_trees_cbc,copper_deficiency,no_hemoglobin,development_oof,0,0.9583333333333334,1.0,0.9787234042553191,644
extra_trees_cbc,copper_deficiency,no_hemoglobin,development_oof,1,0.0,0.0,0.0,28
extra_trees_cbc,copper_deficiency,no_demographics,development_oof,0,0.9583333333333334,1.0,0.9787234042553191,644
extra_trees_cbc,copper_deficiency,no_demographics,development_oof,1,0.0,0.0,0.0,28
extra_trees_cbc,inflammation_anemia,available,development_oof,0,0.9403669724770642,0.9919354838709677,0.9654631083202512,620
extra_trees_cbc,inflammation_anemia,available,development_oof,1,0.7222222222222222,0.25,0.37142857142857144,52
extra_trees_cbc,inflammation_anemia,drop30,development_oof,0,0.9332321699544764,0.9919354838709677,0.9616888193901486,620
extra_trees_cbc,inflammation_anemia,drop30,development_oof,1,0.6153846153846154,0.15384615384615385,0.24615384615384617,52
extra_trees_cbc,inflammation_anemia,drop60,development_oof,0,0.9276018099547512,0.9919354838709677,0.9586905689789555,620
extra_trees_cbc,inflammation_anemia,drop60,development_oof,1,0.4444444444444444,0.07692307692307693,0.13114754098360656,52
extra_trees_cbc,inflammation_anemia,cbc_only,development_oof,0,0.9403669724770642,0.9919354838709677,0.9654631083202512,620
extra_trees_cbc,inflammation_anemia,cbc_only,development_oof,1,0.7222222222222222,0.25,0.37142857142857144,52
extra_trees_cbc,inflammation_anemia,hb_only,development_oof,0,0.9226190476190477,1.0,0.9597523219814241,620
extra_trees_cbc,inflammation_anemia,hb_only,development_oof,1,0.0,0.0,0.0,52
extra_trees_cbc,inflammation_anemia,no_iron,development_oof,0,0.9403669724770642,0.9919354838709677,0.9654631083202512,620
extra_trees_cbc,inflammation_anemia,no_iron,development_oof,1,0.7222222222222222,0.25,0.37142857142857144,52
extra_trees_cbc,inflammation_anemia,no_B12,development_oof,0,0.9403669724770642,0.9919354838709677,0.9654631083202512,620
extra_trees_cbc,inflammation_anemia,no_B12,development_oof,1,0.7222222222222222,0.25,0.37142857142857144,52
extra_trees_cbc,inflammation_anemia,no_folate,development_oof,0,0.9403669724770642,0.9919354838709677,0.9654631083202512,620
extra_trees_cbc,inflammation_anemia,no_folate,development_oof,1,0.7222222222222222,0.25,0.37142857142857144,52
extra_trees_cbc,inflammation_anemia,no_B6,development_oof,0,0.9403669724770642,0.9919354838709677,0.9654631083202512,620
extra_trees_cbc,inflammation_anemia,no_B6,development_oof,1,0.7222222222222222,0.25,0.37142857142857144,52
extra_trees_cbc,inflammation_anemia,no_copper,development_oof,0,0.9403669724770642,0.9919354838709677,0.9654631083202512,620
extra_trees_cbc,inflammation_anemia,no_copper,development_oof,1,0.7222222222222222,0.25,0.37142857142857144,52
extra_trees_cbc,inflammation_anemia,no_hemoglobin,development_oof,0,0.9432515337423313,0.9919354838709677,0.9669811320754716,620
extra_trees_cbc,inflammation_anemia,no_hemoglobin,development_oof,1,0.75,0.28846153846153844,0.4166666666666667,52
extra_trees_cbc,inflammation_anemia,no_demographics,development_oof,0,0.9389312977099237,0.9919354838709677,0.9647058823529412,620
extra_trees_cbc,inflammation_anemia,no_demographics,development_oof,1,0.7058823529411765,0.23076923076923078,0.34782608695652173,52
catboost_cbc,anemia_class,available,development_oof,B12_deficiency_anemia,0.48333333333333334,0.5576923076923077,0.5178571428571429,52
catboost_cbc,anemia_class,available,development_oof,B12_deficiency_no_anemia,0.4,0.4,0.4,40
catboost_cbc,anemia_class,available,development_oof,B6_deficiency,0.42857142857142855,0.10714285714285714,0.17142857142857143,28
catboost_cbc,anemia_class,available,development_oof,anemia_other,0.5135135135135135,0.6333333333333333,0.5671641791044776,60
catboost_cbc,anemia_class,available,development_oof,copper_deficiency,0.42857142857142855,0.10714285714285714,0.17142857142857143,28
catboost_cbc,anemia_class,available,development_oof,folate_deficiency_anemia,0.425,0.425,0.425,40
catboost_cbc,anemia_class,available,development_oof,folate_deficiency_no_anemia,0.35294117647058826,0.1875,0.24489795918367346,32
catboost_cbc,anemia_class,available,development_oof,inflammation_anemia,0.5576923076923077,0.5576923076923077,0.5576923076923077,52
catboost_cbc,anemia_class,available,development_oof,iron_deficiency_anemia,0.5980392156862745,0.6630434782608695,0.6288659793814433,92
catboost_cbc,anemia_class,available,development_oof,latent_deficiency,0.625,0.7352941176470589,0.6756756756756757,68
catboost_cbc,anemia_class,available,development_oof,mixed_deficiency,0.6296296296296297,0.5543478260869565,0.5895953757225434,92
catboost_cbc,anemia_class,available,development_oof,no_anemia_no_deficiency,0.6607142857142857,0.8409090909090909,0.74,88
catboost_cbc,anemia_class,drop30,development_oof,B12_deficiency_anemia,0.35714285714285715,0.19230769230769232,0.25,52
catboost_cbc,anemia_class,drop30,development_oof,B12_deficiency_no_anemia,0.42105263157894735,0.2,0.2711864406779661,40
catboost_cbc,anemia_class,drop30,development_oof,B6_deficiency,0.2,0.21428571428571427,0.20689655172413793,28
catboost_cbc,anemia_class,drop30,development_oof,anemia_other,0.20666666666666667,0.5166666666666667,0.29523809523809524,60
catboost_cbc,anemia_class,drop30,development_oof,copper_deficiency,0.08955223880597014,0.21428571428571427,0.12631578947368421,28
catboost_cbc,anemia_class,drop30,development_oof,folate_deficiency_anemia,0.5384615384615384,0.175,0.2641509433962264,40
catboost_cbc,anemia_class,drop30,development_oof,folate_deficiency_no_anemia,0.5,0.125,0.2,32
catboost_cbc,anemia_class,drop30,development_oof,inflammation_anemia,0.43478260869565216,0.38461538461538464,0.40816326530612246,52
catboost_cbc,anemia_class,drop30,development_oof,iron_deficiency_anemia,0.38461538461538464,0.5978260869565217,0.46808510638297873,92
catboost_cbc,anemia_class,drop30,development_oof,latent_deficiency,0.4888888888888889,0.3235294117647059,0.3893805309734513,68
catboost_cbc,anemia_class,drop30,development_oof,mixed_deficiency,0.43283582089552236,0.31521739130434784,0.36477987421383645,92
catboost_cbc,anemia_class,drop30,development_oof,no_anemia_no_deficiency,0.5892857142857143,0.375,0.4583333333333333,88
catboost_cbc,anemia_class,drop60,development_oof,B12_deficiency_anemia,0.625,0.09615384615384616,0.16666666666666666,52
catboost_cbc,anemia_class,drop60,development_oof,B12_deficiency_no_anemia,1.0,0.075,0.13953488372093023,40
catboost_cbc,anemia_class,drop60,development_oof,B6_deficiency,0.0625,0.07142857142857142,0.06666666666666667,28
catboost_cbc,anemia_class,drop60,development_oof,anemia_other,0.13793103448275862,0.4666666666666667,0.21292775665399238,60
catboost_cbc,anemia_class,drop60,development_oof,copper_deficiency,0.08403361344537816,0.35714285714285715,0.1360544217687075,28
catboost_cbc,anemia_class,drop60,development_oof,folate_deficiency_anemia,0.0,0.0,0.0,40
catboost_cbc,anemia_class,drop60,development_oof,folate_deficiency_no_anemia,0.0,0.0,0.0,32
catboost_cbc,anemia_class,drop60,development_oof,inflammation_anemia,0.19047619047619047,0.07692307692307693,0.1095890410958904,52
catboost_cbc,anemia_class,drop60,development_oof,iron_deficiency_anemia,0.2422907488986784,0.5978260869565217,0.3448275862068966,92
catboost_cbc,anemia_class,drop60,development_oof,latent_deficiency,0.8,0.11764705882352941,0.20512820512820512,68
catboost_cbc,anemia_class,drop60,development_oof,mixed_deficiency,0.3103448275862069,0.09782608695652174,0.1487603305785124,92
catboost_cbc,anemia_class,drop60,development_oof,no_anemia_no_deficiency,0.6875,0.125,0.21153846153846154,88
catboost_cbc,anemia_class,cbc_only,development_oof,B12_deficiency_anemia,0.48333333333333334,0.5576923076923077,0.5178571428571429,52
catboost_cbc,anemia_class,cbc_only,development_oof,B12_deficiency_no_anemia,0.4,0.4,0.4,40
catboost_cbc,anemia_class,cbc_only,development_oof,B6_deficiency,0.42857142857142855,0.10714285714285714,0.17142857142857143,28
catboost_cbc,anemia_class,cbc_only,development_oof,anemia_other,0.5135135135135135,0.6333333333333333,0.5671641791044776,60
catboost_cbc,anemia_class,cbc_only,development_oof,copper_deficiency,0.42857142857142855,0.10714285714285714,0.17142857142857143,28
catboost_cbc,anemia_class,cbc_only,development_oof,folate_deficiency_anemia,0.425,0.425,0.425,40
catboost_cbc,anemia_class,cbc_only,development_oof,folate_deficiency_no_anemia,0.35294117647058826,0.1875,0.24489795918367346,32
catboost_cbc,anemia_class,cbc_only,development_oof,inflammation_anemia,0.5576923076923077,0.5576923076923077,0.5576923076923077,52
catboost_cbc,anemia_class,cbc_only,development_oof,iron_deficiency_anemia,0.5980392156862745,0.6630434782608695,0.6288659793814433,92
catboost_cbc,anemia_class,cbc_only,development_oof,latent_deficiency,0.625,0.7352941176470589,0.6756756756756757,68
catboost_cbc,anemia_class,cbc_only,development_oof,mixed_deficiency,0.6296296296296297,0.5543478260869565,0.5895953757225434,92
catboost_cbc,anemia_class,cbc_only,development_oof,no_anemia_no_deficiency,0.6607142857142857,0.8409090909090909,0.74,88
catboost_cbc,anemia_class,hb_only,development_oof,B12_deficiency_anemia,0.0,0.0,0.0,52
catboost_cbc,anemia_class,hb_only,development_oof,B12_deficiency_no_anemia,0.0,0.0,0.0,40
catboost_cbc,anemia_class,hb_only,development_oof,B6_deficiency,0.0,0.0,0.0,28
catboost_cbc,anemia_class,hb_only,development_oof,anemia_other,0.10227272727272728,0.15,0.12162162162162163,60
catboost_cbc,anemia_class,hb_only,development_oof,copper_deficiency,0.04,0.32142857142857145,0.07114624505928854,28
catboost_cbc,anemia_class,hb_only,development_oof,folate_deficiency_anemia,0.0,0.0,0.0,40
catboost_cbc,anemia_class,hb_only,development_oof,folate_deficiency_no_anemia,0.0,0.0,0.0,32
catboost_cbc,anemia_class,hb_only,development_oof,inflammation_anemia,0.0,0.0,0.0,52
catboost_cbc,anemia_class,hb_only,development_oof,iron_deficiency_anemia,0.1873198847262248,0.7065217391304348,0.296127562642369,92
catboost_cbc,anemia_class,hb_only,development_oof,latent_deficiency,0.0,0.0,0.0,68
catboost_cbc,anemia_class,hb_only,development_oof,mixed_deficiency,0.0,0.0,0.0,92
catboost_cbc,anemia_class,hb_only,development_oof,no_anemia_no_deficiency,0.0,0.0,0.0,88
catboost_cbc,anemia_class,no_iron,development_oof,B12_deficiency_anemia,0.48333333333333334,0.5576923076923077,0.5178571428571429,52
catboost_cbc,anemia_class,no_iron,development_oof,B12_deficiency_no_anemia,0.4,0.4,0.4,40
catboost_cbc,anemia_class,no_iron,development_oof,B6_deficiency,0.42857142857142855,0.10714285714285714,0.17142857142857143,28
catboost_cbc,anemia_class,no_iron,development_oof,anemia_other,0.5135135135135135,0.6333333333333333,0.5671641791044776,60
catboost_cbc,anemia_class,no_iron,development_oof,copper_deficiency,0.42857142857142855,0.10714285714285714,0.17142857142857143,28
catboost_cbc,anemia_class,no_iron,development_oof,folate_deficiency_anemia,0.425,0.425,0.425,40
catboost_cbc,anemia_class,no_iron,development_oof,folate_deficiency_no_anemia,0.35294117647058826,0.1875,0.24489795918367346,32
catboost_cbc,anemia_class,no_iron,development_oof,inflammation_anemia,0.5576923076923077,0.5576923076923077,0.5576923076923077,52
catboost_cbc,anemia_class,no_iron,development_oof,iron_deficiency_anemia,0.5980392156862745,0.6630434782608695,0.6288659793814433,92
catboost_cbc,anemia_class,no_iron,development_oof,latent_deficiency,0.625,0.7352941176470589,0.6756756756756757,68
catboost_cbc,anemia_class,no_iron,development_oof,mixed_deficiency,0.6296296296296297,0.5543478260869565,0.5895953757225434,92
catboost_cbc,anemia_class,no_iron,development_oof,no_anemia_no_deficiency,0.6607142857142857,0.8409090909090909,0.74,88
catboost_cbc,anemia_class,no_B12,development_oof,B12_deficiency_anemia,0.48333333333333334,0.5576923076923077,0.5178571428571429,52
catboost_cbc,anemia_class,no_B12,development_oof,B12_deficiency_no_anemia,0.4,0.4,0.4,40
catboost_cbc,anemia_class,no_B12,development_oof,B6_deficiency,0.42857142857142855,0.10714285714285714,0.17142857142857143,28
catboost_cbc,anemia_class,no_B12,development_oof,anemia_other,0.5135135135135135,0.6333333333333333,0.5671641791044776,60
catboost_cbc,anemia_class,no_B12,development_oof,copper_deficiency,0.42857142857142855,0.10714285714285714,0.17142857142857143,28
catboost_cbc,anemia_class,no_B12,development_oof,folate_deficiency_anemia,0.425,0.425,0.425,40
catboost_cbc,anemia_class,no_B12,development_oof,folate_deficiency_no_anemia,0.35294117647058826,0.1875,0.24489795918367346,32
catboost_cbc,anemia_class,no_B12,development_oof,inflammation_anemia,0.5576923076923077,0.5576923076923077,0.5576923076923077,52
catboost_cbc,anemia_class,no_B12,development_oof,iron_deficiency_anemia,0.5980392156862745,0.6630434782608695,0.6288659793814433,92
catboost_cbc,anemia_class,no_B12,development_oof,latent_deficiency,0.625,0.7352941176470589,0.6756756756756757,68
catboost_cbc,anemia_class,no_B12,development_oof,mixed_deficiency,0.6296296296296297,0.5543478260869565,0.5895953757225434,92
catboost_cbc,anemia_class,no_B12,development_oof,no_anemia_no_deficiency,0.6607142857142857,0.8409090909090909,0.74,88
catboost_cbc,anemia_class,no_folate,development_oof,B12_deficiency_anemia,0.48333333333333334,0.5576923076923077,0.5178571428571429,52
catboost_cbc,anemia_class,no_folate,development_oof,B12_deficiency_no_anemia,0.4,0.4,0.4,40
catboost_cbc,anemia_class,no_folate,development_oof,B6_deficiency,0.42857142857142855,0.10714285714285714,0.17142857142857143,28
catboost_cbc,anemia_class,no_folate,development_oof,anemia_other,0.5135135135135135,0.6333333333333333,0.5671641791044776,60
catboost_cbc,anemia_class,no_folate,development_oof,copper_deficiency,0.42857142857142855,0.10714285714285714,0.17142857142857143,28
catboost_cbc,anemia_class,no_folate,development_oof,folate_deficiency_anemia,0.425,0.425,0.425,40
catboost_cbc,anemia_class,no_folate,development_oof,folate_deficiency_no_anemia,0.35294117647058826,0.1875,0.24489795918367346,32
catboost_cbc,anemia_class,no_folate,development_oof,inflammation_anemia,0.5576923076923077,0.5576923076923077,0.5576923076923077,52
catboost_cbc,anemia_class,no_folate,development_oof,iron_deficiency_anemia,0.5980392156862745,0.6630434782608695,0.6288659793814433,92
catboost_cbc,anemia_class,no_folate,development_oof,latent_deficiency,0.625,0.7352941176470589,0.6756756756756757,68
catboost_cbc,anemia_class,no_folate,development_oof,mixed_deficiency,0.6296296296296297,0.5543478260869565,0.5895953757225434,92
catboost_cbc,anemia_class,no_folate,development_oof,no_anemia_no_deficiency,0.6607142857142857,0.8409090909090909,0.74,88
catboost_cbc,anemia_class,no_B6,development_oof,B12_deficiency_anemia,0.48333333333333334,0.5576923076923077,0.5178571428571429,52
catboost_cbc,anemia_class,no_B6,development_oof,B12_deficiency_no_anemia,0.4,0.4,0.4,40
catboost_cbc,anemia_class,no_B6,development_oof,B6_deficiency,0.42857142857142855,0.10714285714285714,0.17142857142857143,28
catboost_cbc,anemia_class,no_B6,development_oof,anemia_other,0.5135135135135135,0.6333333333333333,0.5671641791044776,60
catboost_cbc,anemia_class,no_B6,development_oof,copper_deficiency,0.42857142857142855,0.10714285714285714,0.17142857142857143,28
catboost_cbc,anemia_class,no_B6,development_oof,folate_deficiency_anemia,0.425,0.425,0.425,40
catboost_cbc,anemia_class,no_B6,development_oof,folate_deficiency_no_anemia,0.35294117647058826,0.1875,0.24489795918367346,32
catboost_cbc,anemia_class,no_B6,development_oof,inflammation_anemia,0.5576923076923077,0.5576923076923077,0.5576923076923077,52
catboost_cbc,anemia_class,no_B6,development_oof,iron_deficiency_anemia,0.5980392156862745,0.6630434782608695,0.6288659793814433,92
catboost_cbc,anemia_class,no_B6,development_oof,latent_deficiency,0.625,0.7352941176470589,0.6756756756756757,68
catboost_cbc,anemia_class,no_B6,development_oof,mixed_deficiency,0.6296296296296297,0.5543478260869565,0.5895953757225434,92
catboost_cbc,anemia_class,no_B6,development_oof,no_anemia_no_deficiency,0.6607142857142857,0.8409090909090909,0.74,88
catboost_cbc,anemia_class,no_copper,development_oof,B12_deficiency_anemia,0.48333333333333334,0.5576923076923077,0.5178571428571429,52
catboost_cbc,anemia_class,no_copper,development_oof,B12_deficiency_no_anemia,0.4,0.4,0.4,40
catboost_cbc,anemia_class,no_copper,development_oof,B6_deficiency,0.42857142857142855,0.10714285714285714,0.17142857142857143,28
catboost_cbc,anemia_class,no_copper,development_oof,anemia_other,0.5135135135135135,0.6333333333333333,0.5671641791044776,60
catboost_cbc,anemia_class,no_copper,development_oof,copper_deficiency,0.42857142857142855,0.10714285714285714,0.17142857142857143,28
catboost_cbc,anemia_class,no_copper,development_oof,folate_deficiency_anemia,0.425,0.425,0.425,40
catboost_cbc,anemia_class,no_copper,development_oof,folate_deficiency_no_anemia,0.35294117647058826,0.1875,0.24489795918367346,32
catboost_cbc,anemia_class,no_copper,development_oof,inflammation_anemia,0.5576923076923077,0.5576923076923077,0.5576923076923077,52
catboost_cbc,anemia_class,no_copper,development_oof,iron_deficiency_anemia,0.5980392156862745,0.6630434782608695,0.6288659793814433,92
catboost_cbc,anemia_class,no_copper,development_oof,latent_deficiency,0.625,0.7352941176470589,0.6756756756756757,68
catboost_cbc,anemia_class,no_copper,development_oof,mixed_deficiency,0.6296296296296297,0.5543478260869565,0.5895953757225434,92
catboost_cbc,anemia_class,no_copper,development_oof,no_anemia_no_deficiency,0.6607142857142857,0.8409090909090909,0.74,88
catboost_cbc,anemia_class,no_hemoglobin,development_oof,B12_deficiency_anemia,0.45454545454545453,0.5769230769230769,0.5084745762711864,52
catboost_cbc,anemia_class,no_hemoglobin,development_oof,B12_deficiency_no_anemia,0.5,0.025,0.047619047619047616,40
catboost_cbc,anemia_class,no_hemoglobin,development_oof,B6_deficiency,0.09375,0.10714285714285714,0.1,28
catboost_cbc,anemia_class,no_hemoglobin,development_oof,anemia_other,0.24539877300613497,0.6666666666666666,0.35874439461883406,60
catboost_cbc,anemia_class,no_hemoglobin,development_oof,copper_deficiency,0.23809523809523808,0.17857142857142858,0.20408163265306123,28
catboost_cbc,anemia_class,no_hemoglobin,development_oof,folate_deficiency_anemia,0.3617021276595745,0.425,0.39080459770114945,40
catboost_cbc,anemia_class,no_hemoglobin,development_oof,folate_deficiency_no_anemia,0.3,0.09375,0.14285714285714285,32
catboost_cbc,anemia_class,no_hemoglobin,development_oof,inflammation_anemia,0.4264705882352941,0.5576923076923077,0.48333333333333334,52
catboost_cbc,anemia_class,no_hemoglobin,development_oof,iron_deficiency_anemia,0.488,0.6630434782608695,0.5622119815668203,92
catboost_cbc,anemia_class,no_hemoglobin,development_oof,latent_deficiency,0.5,0.029411764705882353,0.05555555555555555,68
catboost_cbc,anemia_class,no_hemoglobin,development_oof,mixed_deficiency,0.5463917525773195,0.5760869565217391,0.5608465608465608,92
catboost_cbc,anemia_class,no_hemoglobin,development_oof,no_anemia_no_deficiency,0.8648648648648649,0.36363636363636365,0.512,88
catboost_cbc,anemia_class,no_demographics,development_oof,B12_deficiency_anemia,0.47368421052631576,0.5192307692307693,0.4954128440366973,52
catboost_cbc,anemia_class,no_demographics,development_oof,B12_deficiency_no_anemia,0.4,0.3,0.34285714285714286,40
catboost_cbc,anemia_class,no_demographics,development_oof,B6_deficiency,0.3333333333333333,0.03571428571428571,0.06451612903225806,28
catboost_cbc,anemia_class,no_demographics,development_oof,anemia_other,0.5230769230769231,0.5666666666666667,0.544,60
catboost_cbc,anemia_class,no_demographics,development_oof,copper_deficiency,0.4,0.14285714285714285,0.21052631578947367,28
catboost_cbc,anemia_class,no_demographics,development_oof,folate_deficiency_anemia,0.41025641025641024,0.4,0.4050632911392405,40
catboost_cbc,anemia_class,no_demographics,development_oof,folate_deficiency_no_anemia,0.3125,0.15625,0.20833333333333334,32
catboost_cbc,anemia_class,no_demographics,development_oof,inflammation_anemia,0.5272727272727272,0.5576923076923077,0.5420560747663551,52
catboost_cbc,anemia_class,no_demographics,development_oof,iron_deficiency_anemia,0.5666666666666667,0.7391304347826086,0.6415094339622641,92
catboost_cbc,anemia_class,no_demographics,development_oof,latent_deficiency,0.620253164556962,0.7205882352941176,0.6666666666666666,68
catboost_cbc,anemia_class,no_demographics,development_oof,mixed_deficiency,0.6081081081081081,0.4891304347826087,0.5421686746987951,92
catboost_cbc,anemia_class,no_demographics,development_oof,no_anemia_no_deficiency,0.6290322580645161,0.8863636363636364,0.7358490566037735,88
catboost_cbc,iron_deficiency,available,development_oof,0,0.8636363636363636,0.908883826879271,0.8856825749167592,439
catboost_cbc,iron_deficiency,available,development_oof,1,0.8095238095238095,0.7296137339055794,0.7674943566591422,233
catboost_cbc,iron_deficiency,drop30,development_oof,0,0.7805429864253394,0.785876993166287,0.7832009080590239,439
catboost_cbc,iron_deficiency,drop30,development_oof,1,0.591304347826087,0.5836909871244635,0.5874730021598272,233
catboost_cbc,iron_deficiency,drop60,development_oof,0,0.7479224376731302,0.6150341685649203,0.675,439
catboost_cbc,iron_deficiency,drop60,development_oof,1,0.4565916398713826,0.6094420600858369,0.5220588235294118,233
catboost_cbc,iron_deficiency,cbc_only,development_oof,0,0.8636363636363636,0.908883826879271,0.8856825749167592,439
catboost_cbc,iron_deficiency,cbc_only,development_oof,1,0.8095238095238095,0.7296137339055794,0.7674943566591422,233
catboost_cbc,iron_deficiency,hb_only,development_oof,0,0.6897506925207756,0.5671981776765376,0.6225,439
catboost_cbc,iron_deficiency,hb_only,development_oof,1,0.3890675241157556,0.51931330472103,0.44485294117647056,233
catboost_cbc,iron_deficiency,no_iron,development_oof,0,0.8636363636363636,0.908883826879271,0.8856825749167592,439
catboost_cbc,iron_deficiency,no_iron,development_oof,1,0.8095238095238095,0.7296137339055794,0.7674943566591422,233
catboost_cbc,iron_deficiency,no_B12,development_oof,0,0.8636363636363636,0.908883826879271,0.8856825749167592,439
catboost_cbc,iron_deficiency,no_B12,development_oof,1,0.8095238095238095,0.7296137339055794,0.7674943566591422,233
catboost_cbc,iron_deficiency,no_folate,development_oof,0,0.8636363636363636,0.908883826879271,0.8856825749167592,439
catboost_cbc,iron_deficiency,no_folate,development_oof,1,0.8095238095238095,0.7296137339055794,0.7674943566591422,233
catboost_cbc,iron_deficiency,no_B6,development_oof,0,0.8636363636363636,0.908883826879271,0.8856825749167592,439
catboost_cbc,iron_deficiency,no_B6,development_oof,1,0.8095238095238095,0.7296137339055794,0.7674943566591422,233
catboost_cbc,iron_deficiency,no_copper,development_oof,0,0.8636363636363636,0.908883826879271,0.8856825749167592,439
catboost_cbc,iron_deficiency,no_copper,development_oof,1,0.8095238095238095,0.7296137339055794,0.7674943566591422,233
catboost_cbc,iron_deficiency,no_hemoglobin,development_oof,0,0.8811659192825112,0.8952164009111617,0.888135593220339,439
catboost_cbc,iron_deficiency,no_hemoglobin,development_oof,1,0.7964601769911505,0.7725321888412017,0.7843137254901961,233
catboost_cbc,iron_deficiency,no_demographics,development_oof,0,0.8816705336426914,0.8656036446469249,0.8735632183908046,439
catboost_cbc,iron_deficiency,no_demographics,development_oof,1,0.7551867219917012,0.7811158798283262,0.7679324894514767,233
catboost_cbc,B12_deficiency,available,development_oof,0,0.8458781362007168,0.9129593810444874,0.878139534883721,517
catboost_cbc,B12_deficiency,available,development_oof,1,0.6052631578947368,0.44516129032258067,0.5130111524163569,155
catboost_cbc,B12_deficiency,drop30,development_oof,0,0.8075040783034257,0.9574468085106383,0.8761061946902655,517
catboost_cbc,B12_deficiency,drop30,development_oof,1,0.6271186440677966,0.23870967741935484,0.34579439252336447,155
catboost_cbc,B12_deficiency,drop60,development_oof,0,0.7903726708074534,0.9845261121856866,0.8768303186907838,517
catboost_cbc,B12_deficiency,drop60,development_oof,1,0.7142857142857143,0.12903225806451613,0.2185792349726776,155
catboost_cbc,B12_deficiency,cbc_only,development_oof,0,0.8458781362007168,0.9129593810444874,0.878139534883721,517
catboost_cbc,B12_deficiency,cbc_only,development_oof,1,0.6052631578947368,0.44516129032258067,0.5130111524163569,155
catboost_cbc,B12_deficiency,hb_only,development_oof,0,0.7693452380952381,1.0,0.8696383515559294,517
catboost_cbc,B12_deficiency,hb_only,development_oof,1,0.0,0.0,0.0,155
catboost_cbc,B12_deficiency,no_iron,development_oof,0,0.8458781362007168,0.9129593810444874,0.878139534883721,517
catboost_cbc,B12_deficiency,no_iron,development_oof,1,0.6052631578947368,0.44516129032258067,0.5130111524163569,155
catboost_cbc,B12_deficiency,no_B12,development_oof,0,0.8458781362007168,0.9129593810444874,0.878139534883721,517
catboost_cbc,B12_deficiency,no_B12,development_oof,1,0.6052631578947368,0.44516129032258067,0.5130111524163569,155
catboost_cbc,B12_deficiency,no_folate,development_oof,0,0.8458781362007168,0.9129593810444874,0.878139534883721,517
catboost_cbc,B12_deficiency,no_folate,development_oof,1,0.6052631578947368,0.44516129032258067,0.5130111524163569,155
catboost_cbc,B12_deficiency,no_B6,development_oof,0,0.8458781362007168,0.9129593810444874,0.878139534883721,517
catboost_cbc,B12_deficiency,no_B6,development_oof,1,0.6052631578947368,0.44516129032258067,0.5130111524163569,155
catboost_cbc,B12_deficiency,no_copper,development_oof,0,0.8458781362007168,0.9129593810444874,0.878139534883721,517
catboost_cbc,B12_deficiency,no_copper,development_oof,1,0.6052631578947368,0.44516129032258067,0.5130111524163569,155
catboost_cbc,B12_deficiency,no_hemoglobin,development_oof,0,0.8389380530973451,0.9168278529980658,0.8761552680221811,517
catboost_cbc,B12_deficiency,no_hemoglobin,development_oof,1,0.5981308411214953,0.4129032258064516,0.48854961832061067,155
catboost_cbc,B12_deficiency,no_demographics,development_oof,0,0.8250428816466552,0.9303675048355899,0.8745454545454545,517
catboost_cbc,B12_deficiency,no_demographics,development_oof,1,0.5955056179775281,0.3419354838709677,0.4344262295081967,155
catboost_cbc,folate_deficiency,available,development_oof,0,0.8585365853658536,0.9565217391304348,0.9048843187660668,552
catboost_cbc,folate_deficiency,available,development_oof,1,0.5789473684210527,0.275,0.3728813559322034,120
catboost_cbc,folate_deficiency,drop30,development_oof,0,0.8367346938775511,0.9655797101449275,0.896551724137931,552
catboost_cbc,folate_deficiency,drop30,development_oof,1,0.45714285714285713,0.13333333333333333,0.2064516129032258,120
catboost_cbc,folate_deficiency,drop60,development_oof,0,0.825563909774436,0.9945652173913043,0.9022185702547247,552
catboost_cbc,folate_deficiency,drop60,development_oof,1,0.5714285714285714,0.03333333333333333,0.06299212598425197,120
catboost_cbc,folate_deficiency,cbc_only,development_oof,0,0.8585365853658536,0.9565217391304348,0.9048843187660668,552
catboost_cbc,folate_deficiency,cbc_only,development_oof,1,0.5789473684210527,0.275,0.3728813559322034,120
catboost_cbc,folate_deficiency,hb_only,development_oof,0,0.8214285714285714,1.0,0.9019607843137255,552
catboost_cbc,folate_deficiency,hb_only,development_oof,1,0.0,0.0,0.0,120
catboost_cbc,folate_deficiency,no_iron,development_oof,0,0.8585365853658536,0.9565217391304348,0.9048843187660668,552
catboost_cbc,folate_deficiency,no_iron,development_oof,1,0.5789473684210527,0.275,0.3728813559322034,120
catboost_cbc,folate_deficiency,no_B12,development_oof,0,0.8585365853658536,0.9565217391304348,0.9048843187660668,552
catboost_cbc,folate_deficiency,no_B12,development_oof,1,0.5789473684210527,0.275,0.3728813559322034,120
catboost_cbc,folate_deficiency,no_folate,development_oof,0,0.8585365853658536,0.9565217391304348,0.9048843187660668,552
catboost_cbc,folate_deficiency,no_folate,development_oof,1,0.5789473684210527,0.275,0.3728813559322034,120
catboost_cbc,folate_deficiency,no_B6,development_oof,0,0.8585365853658536,0.9565217391304348,0.9048843187660668,552
catboost_cbc,folate_deficiency,no_B6,development_oof,1,0.5789473684210527,0.275,0.3728813559322034,120
catboost_cbc,folate_deficiency,no_copper,development_oof,0,0.8585365853658536,0.9565217391304348,0.9048843187660668,552
catboost_cbc,folate_deficiency,no_copper,development_oof,1,0.5789473684210527,0.275,0.3728813559322034,120
catboost_cbc,folate_deficiency,no_hemoglobin,development_oof,0,0.85667215815486,0.9420289855072463,0.8973252804141502,552
catboost_cbc,folate_deficiency,no_hemoglobin,development_oof,1,0.5076923076923077,0.275,0.3567567567567568,120
catboost_cbc,folate_deficiency,no_demographics,development_oof,0,0.8413685847589425,0.980072463768116,0.9054393305439331,552
catboost_cbc,folate_deficiency,no_demographics,development_oof,1,0.6206896551724138,0.15,0.24161073825503357,120
catboost_cbc,B6_deficiency,available,development_oof,0,0.963855421686747,0.9937888198757764,0.9785932721712538,644
catboost_cbc,B6_deficiency,available,development_oof,1,0.5,0.14285714285714285,0.2222222222222222,28
catboost_cbc,B6_deficiency,drop30,development_oof,0,0.9607250755287009,0.9875776397515528,0.9739663093415007,644
catboost_cbc,B6_deficiency,drop30,development_oof,1,0.2,0.07142857142857142,0.10526315789473684,28
catboost_cbc,B6_deficiency,drop60,development_oof,0,0.9606060606060606,0.984472049689441,0.9723926380368099,644
catboost_cbc,B6_deficiency,drop60,development_oof,1,0.16666666666666666,0.07142857142857142,0.1,28
catboost_cbc,B6_deficiency,cbc_only,development_oof,0,0.963855421686747,0.9937888198757764,0.9785932721712538,644
catboost_cbc,B6_deficiency,cbc_only,development_oof,1,0.5,0.14285714285714285,0.2222222222222222,28
catboost_cbc,B6_deficiency,hb_only,development_oof,0,0.9582089552238806,0.9968944099378882,0.9771689497716894,644
catboost_cbc,B6_deficiency,hb_only,development_oof,1,0.0,0.0,0.0,28
catboost_cbc,B6_deficiency,no_iron,development_oof,0,0.963855421686747,0.9937888198757764,0.9785932721712538,644
catboost_cbc,B6_deficiency,no_iron,development_oof,1,0.5,0.14285714285714285,0.2222222222222222,28
catboost_cbc,B6_deficiency,no_B12,development_oof,0,0.963855421686747,0.9937888198757764,0.9785932721712538,644
catboost_cbc,B6_deficiency,no_B12,development_oof,1,0.5,0.14285714285714285,0.2222222222222222,28
catboost_cbc,B6_deficiency,no_folate,development_oof,0,0.963855421686747,0.9937888198757764,0.9785932721712538,644
catboost_cbc,B6_deficiency,no_folate,development_oof,1,0.5,0.14285714285714285,0.2222222222222222,28
catboost_cbc,B6_deficiency,no_B6,development_oof,0,0.963855421686747,0.9937888198757764,0.9785932721712538,644
catboost_cbc,B6_deficiency,no_B6,development_oof,1,0.5,0.14285714285714285,0.2222222222222222,28
catboost_cbc,B6_deficiency,no_copper,development_oof,0,0.963855421686747,0.9937888198757764,0.9785932721712538,644
catboost_cbc,B6_deficiency,no_copper,development_oof,1,0.5,0.14285714285714285,0.2222222222222222,28
catboost_cbc,B6_deficiency,no_hemoglobin,development_oof,0,0.9597014925373134,0.9984472049689441,0.9786910197869102,644
catboost_cbc,B6_deficiency,no_hemoglobin,development_oof,1,0.5,0.03571428571428571,0.06666666666666667,28
catboost_cbc,B6_deficiency,no_demographics,development_oof,0,0.9625187406296851,0.9968944099378882,0.9794050343249427,644
catboost_cbc,B6_deficiency,no_demographics,development_oof,1,0.6,0.10714285714285714,0.18181818181818182,28
catboost_cbc,copper_deficiency,available,development_oof,0,0.9597014925373134,0.9984472049689441,0.9786910197869102,644
catboost_cbc,copper_deficiency,available,development_oof,1,0.5,0.03571428571428571,0.06666666666666667,28
catboost_cbc,copper_deficiency,drop30,development_oof,0,0.9595070422535211,0.8462732919254659,0.8993399339933993,644
catboost_cbc,copper_deficiency,drop30,development_oof,1,0.04807692307692308,0.17857142857142858,0.07575757575757576,28
catboost_cbc,copper_deficiency,drop60,development_oof,0,0.9694117647058823,0.639751552795031,0.7708138447146866,644
catboost_cbc,copper_deficiency,drop60,development_oof,1,0.06072874493927125,0.5357142857142857,0.10909090909090909,28
catboost_cbc,copper_deficiency,cbc_only,development_oof,0,0.9597014925373134,0.9984472049689441,0.9786910197869102,644
catboost_cbc,copper_deficiency,cbc_only,development_oof,1,0.5,0.03571428571428571,0.06666666666666667,28
catboost_cbc,copper_deficiency,hb_only,development_oof,0,0.9530201342281879,0.4409937888198758,0.6029723991507431,644
catboost_cbc,copper_deficiency,hb_only,development_oof,1,0.0374331550802139,0.5,0.06965174129353234,28
catboost_cbc,copper_deficiency,no_iron,development_oof,0,0.9597014925373134,0.9984472049689441,0.9786910197869102,644
catboost_cbc,copper_deficiency,no_iron,development_oof,1,0.5,0.03571428571428571,0.06666666666666667,28
catboost_cbc,copper_deficiency,no_B12,development_oof,0,0.9597014925373134,0.9984472049689441,0.9786910197869102,644
catboost_cbc,copper_deficiency,no_B12,development_oof,1,0.5,0.03571428571428571,0.06666666666666667,28
catboost_cbc,copper_deficiency,no_folate,development_oof,0,0.9597014925373134,0.9984472049689441,0.9786910197869102,644
catboost_cbc,copper_deficiency,no_folate,development_oof,1,0.5,0.03571428571428571,0.06666666666666667,28
catboost_cbc,copper_deficiency,no_B6,development_oof,0,0.9597014925373134,0.9984472049689441,0.9786910197869102,644
catboost_cbc,copper_deficiency,no_B6,development_oof,1,0.5,0.03571428571428571,0.06666666666666667,28
catboost_cbc,copper_deficiency,no_copper,development_oof,0,0.9597014925373134,0.9984472049689441,0.9786910197869102,644
catboost_cbc,copper_deficiency,no_copper,development_oof,1,0.5,0.03571428571428571,0.06666666666666667,28
catboost_cbc,copper_deficiency,no_hemoglobin,development_oof,0,0.9597014925373134,0.9984472049689441,0.9786910197869102,644
catboost_cbc,copper_deficiency,no_hemoglobin,development_oof,1,0.5,0.03571428571428571,0.06666666666666667,28
catboost_cbc,copper_deficiency,no_demographics,development_oof,0,0.9624624624624625,0.9953416149068323,0.9786259541984733,644
catboost_cbc,copper_deficiency,no_demographics,development_oof,1,0.5,0.10714285714285714,0.17647058823529413,28
catboost_cbc,inflammation_anemia,available,development_oof,0,0.9472049689440993,0.9838709677419355,0.9651898734177216,620
catboost_cbc,inflammation_anemia,available,development_oof,1,0.6428571428571429,0.34615384615384615,0.45,52
catboost_cbc,inflammation_anemia,drop30,development_oof,0,0.9301972685887708,0.9887096774193549,0.9585613760750586,620
catboost_cbc,inflammation_anemia,drop30,development_oof,1,0.46153846153846156,0.11538461538461539,0.18461538461538463,52
catboost_cbc,inflammation_anemia,drop60,development_oof,0,0.9239940387481371,1.0,0.9604957397366383,620
catboost_cbc,inflammation_anemia,drop60,development_oof,1,1.0,0.019230769230769232,0.03773584905660377,52
catboost_cbc,inflammation_anemia,cbc_only,development_oof,0,0.9472049689440993,0.9838709677419355,0.9651898734177216,620
catboost_cbc,inflammation_anemia,cbc_only,development_oof,1,0.6428571428571429,0.34615384615384615,0.45,52
catboost_cbc,inflammation_anemia,hb_only,development_oof,0,0.9226190476190477,1.0,0.9597523219814241,620
catboost_cbc,inflammation_anemia,hb_only,development_oof,1,0.0,0.0,0.0,52
catboost_cbc,inflammation_anemia,no_iron,development_oof,0,0.9472049689440993,0.9838709677419355,0.9651898734177216,620
catboost_cbc,inflammation_anemia,no_iron,development_oof,1,0.6428571428571429,0.34615384615384615,0.45,52
catboost_cbc,inflammation_anemia,no_B12,development_oof,0,0.9472049689440993,0.9838709677419355,0.9651898734177216,620
catboost_cbc,inflammation_anemia,no_B12,development_oof,1,0.6428571428571429,0.34615384615384615,0.45,52
catboost_cbc,inflammation_anemia,no_folate,development_oof,0,0.9472049689440993,0.9838709677419355,0.9651898734177216,620
catboost_cbc,inflammation_anemia,no_folate,development_oof,1,0.6428571428571429,0.34615384615384615,0.45,52
catboost_cbc,inflammation_anemia,no_B6,development_oof,0,0.9472049689440993,0.9838709677419355,0.9651898734177216,620
catboost_cbc,inflammation_anemia,no_B6,development_oof,1,0.6428571428571429,0.34615384615384615,0.45,52
catboost_cbc,inflammation_anemia,no_copper,development_oof,0,0.9472049689440993,0.9838709677419355,0.9651898734177216,620
catboost_cbc,inflammation_anemia,no_copper,development_oof,1,0.6428571428571429,0.34615384615384615,0.45,52
catboost_cbc,inflammation_anemia,no_hemoglobin,development_oof,0,0.941717791411043,0.9903225806451613,0.9654088050314465,620
catboost_cbc,inflammation_anemia,no_hemoglobin,development_oof,1,0.7,0.2692307692307692,0.3888888888888889,52
catboost_cbc,inflammation_anemia,no_demographics,development_oof,0,0.9467084639498433,0.9741935483870968,0.9602543720190779,620
catboost_cbc,inflammation_anemia,no_demographics,development_oof,1,0.5294117647058824,0.34615384615384615,0.4186046511627907,52
augmented_catboost,anemia_class,available,development_oof,B12_deficiency_anemia,0.7166666666666667,0.8269230769230769,0.7678571428571429,52
augmented_catboost,anemia_class,available,development_oof,B12_deficiency_no_anemia,0.7906976744186046,0.85,0.8192771084337349,40
augmented_catboost,anemia_class,available,development_oof,B6_deficiency,0.8235294117647058,0.5,0.6222222222222222,28
augmented_catboost,anemia_class,available,development_oof,anemia_other,0.8115942028985508,0.9333333333333333,0.8682170542635659,60
augmented_catboost,anemia_class,available,development_oof,copper_deficiency,0.8947368421052632,0.6071428571428571,0.723404255319149,28
augmented_catboost,anemia_class,available,development_oof,folate_deficiency_anemia,0.6976744186046512,0.75,0.7228915662650602,40
augmented_catboost,anemia_class,available,development_oof,folate_deficiency_no_anemia,0.9,0.5625,0.6923076923076923,32
augmented_catboost,anemia_class,available,development_oof,inflammation_anemia,0.9107142857142857,0.9807692307692307,0.9444444444444444,52
augmented_catboost,anemia_class,available,development_oof,iron_deficiency_anemia,0.8526315789473684,0.8804347826086957,0.8663101604278075,92
augmented_catboost,anemia_class,available,development_oof,latent_deficiency,0.8985507246376812,0.9117647058823529,0.9051094890510949,68
augmented_catboost,anemia_class,available,development_oof,mixed_deficiency,0.7901234567901234,0.6956521739130435,0.7398843930635838,92
augmented_catboost,anemia_class,available,development_oof,no_anemia_no_deficiency,0.83,0.9431818181818182,0.8829787234042553,88
augmented_catboost,anemia_class,drop30,development_oof,B12_deficiency_anemia,0.6739130434782609,0.5961538461538461,0.6326530612244898,52
augmented_catboost,anemia_class,drop30,development_oof,B12_deficiency_no_anemia,0.7931034482758621,0.575,0.6666666666666666,40
augmented_catboost,anemia_class,drop30,development_oof,B6_deficiency,0.875,0.5,0.6363636363636364,28
augmented_catboost,anemia_class,drop30,development_oof,anemia_other,0.6125,0.8166666666666667,0.7,60
augmented_catboost,anemia_class,drop30,development_oof,copper_deficiency,0.85,0.6071428571428571,0.7083333333333334,28
augmented_catboost,anemia_class,drop30,development_oof,folate_deficiency_anemia,0.5555555555555556,0.5,0.5263157894736842,40
augmented_catboost,anemia_class,drop30,development_oof,folate_deficiency_no_anemia,0.5833333333333334,0.21875,0.3181818181818182,32
augmented_catboost,anemia_class,drop30,development_oof,inflammation_anemia,0.7419354838709677,0.8846153846153846,0.8070175438596491,52
augmented_catboost,anemia_class,drop30,development_oof,iron_deficiency_anemia,0.7129629629629629,0.8369565217391305,0.77,92
augmented_catboost,anemia_class,drop30,development_oof,latent_deficiency,0.8305084745762712,0.7205882352941176,0.7716535433070866,68
augmented_catboost,anemia_class,drop30,development_oof,mixed_deficiency,0.6451612903225806,0.6521739130434783,0.6486486486486487,92
augmented_catboost,anemia_class,drop30,development_oof,no_anemia_no_deficiency,0.6756756756756757,0.8522727272727273,0.7537688442211056,88
augmented_catboost,anemia_class,drop60,development_oof,B12_deficiency_anemia,0.6296296296296297,0.3269230769230769,0.43037974683544306,52
augmented_catboost,anemia_class,drop60,development_oof,B12_deficiency_no_anemia,0.6842105263157895,0.325,0.4406779661016949,40
augmented_catboost,anemia_class,drop60,development_oof,B6_deficiency,0.8,0.2857142857142857,0.42105263157894735,28
augmented_catboost,anemia_class,drop60,development_oof,anemia_other,0.34234234234234234,0.6333333333333333,0.4444444444444444,60
augmented_catboost,anemia_class,drop60,development_oof,copper_deficiency,0.7,0.25,0.3684210526315789,28
augmented_catboost,anemia_class,drop60,development_oof,folate_deficiency_anemia,0.5,0.375,0.42857142857142855,40
augmented_catboost,anemia_class,drop60,development_oof,folate_deficiency_no_anemia,0.45454545454545453,0.15625,0.23255813953488372,32
augmented_catboost,anemia_class,drop60,development_oof,inflammation_anemia,0.7142857142857143,0.6730769230769231,0.693069306930693,52
augmented_catboost,anemia_class,drop60,development_oof,iron_deficiency_anemia,0.4484848484848485,0.8043478260869565,0.5758754863813229,92
augmented_catboost,anemia_class,drop60,development_oof,latent_deficiency,0.813953488372093,0.5147058823529411,0.6306306306306306,68
augmented_catboost,anemia_class,drop60,development_oof,mixed_deficiency,0.47191011235955055,0.45652173913043476,0.46408839779005523,92
augmented_catboost,anemia_class,drop60,development_oof,no_anemia_no_deficiency,0.5555555555555556,0.6818181818181818,0.6122448979591837,88
augmented_catboost,anemia_class,cbc_only,development_oof,B12_deficiency_anemia,0.48214285714285715,0.5192307692307693,0.5,52
augmented_catboost,anemia_class,cbc_only,development_oof,B12_deficiency_no_anemia,0.41025641025641024,0.4,0.4050632911392405,40
augmented_catboost,anemia_class,cbc_only,development_oof,B6_deficiency,0.4,0.07142857142857142,0.12121212121212122,28
augmented_catboost,anemia_class,cbc_only,development_oof,anemia_other,0.5125,0.6833333333333333,0.5857142857142857,60
augmented_catboost,anemia_class,cbc_only,development_oof,copper_deficiency,0.0,0.0,0.0,28
augmented_catboost,anemia_class,cbc_only,development_oof,folate_deficiency_anemia,0.41304347826086957,0.475,0.4418604651162791,40
augmented_catboost,anemia_class,cbc_only,development_oof,folate_deficiency_no_anemia,0.23529411764705882,0.125,0.16326530612244897,32
augmented_catboost,anemia_class,cbc_only,development_oof,inflammation_anemia,0.6086956521739131,0.5384615384615384,0.5714285714285714,52
augmented_catboost,anemia_class,cbc_only,development_oof,iron_deficiency_anemia,0.5726495726495726,0.7282608695652174,0.6411483253588517,92
augmented_catboost,anemia_class,cbc_only,development_oof,latent_deficiency,0.6153846153846154,0.7058823529411765,0.6575342465753424,68
augmented_catboost,anemia_class,cbc_only,development_oof,mixed_deficiency,0.6086956521739131,0.45652173913043476,0.5217391304347826,92
augmented_catboost,anemia_class,cbc_only,development_oof,no_anemia_no_deficiency,0.6470588235294118,0.875,0.7439613526570048,88
augmented_catboost,anemia_class,hb_only,development_oof,B12_deficiency_anemia,0.0,0.0,0.0,52
augmented_catboost,anemia_class,hb_only,development_oof,B12_deficiency_no_anemia,0.0,0.0,0.0,40
augmented_catboost,anemia_class,hb_only,development_oof,B6_deficiency,0.0,0.0,0.0,28
augmented_catboost,anemia_class,hb_only,development_oof,anemia_other,0.2,0.1,0.13333333333333333,60
augmented_catboost,anemia_class,hb_only,development_oof,copper_deficiency,0.0,0.0,0.0,28
augmented_catboost,anemia_class,hb_only,development_oof,folate_deficiency_anemia,0.0,0.0,0.0,40
augmented_catboost,anemia_class,hb_only,development_oof,folate_deficiency_no_anemia,0.0,0.0,0.0,32
augmented_catboost,anemia_class,hb_only,development_oof,inflammation_anemia,0.0,0.0,0.0,52
augmented_catboost,anemia_class,hb_only,development_oof,iron_deficiency_anemia,0.22950819672131148,0.9130434782608695,0.36681222707423583,92
augmented_catboost,anemia_class,hb_only,development_oof,latent_deficiency,0.05555555555555555,0.014705882352941176,0.023255813953488372,68
augmented_catboost,anemia_class,hb_only,development_oof,mixed_deficiency,0.15789473684210525,0.03260869565217391,0.05405405405405406,92
augmented_catboost,anemia_class,hb_only,development_oof,no_anemia_no_deficiency,0.35964912280701755,0.9318181818181818,0.5189873417721519,88
augmented_catboost,anemia_class,no_iron,development_oof,B12_deficiency_anemia,0.7142857142857143,0.7692307692307693,0.7407407407407407,52
augmented_catboost,anemia_class,no_iron,development_oof,B12_deficiency_no_anemia,0.7142857142857143,0.875,0.7865168539325843,40
augmented_catboost,anemia_class,no_iron,development_oof,B6_deficiency,0.6956521739130435,0.5714285714285714,0.6274509803921569,28
augmented_catboost,anemia_class,no_iron,development_oof,anemia_other,0.8032786885245902,0.8166666666666667,0.8099173553719008,60
augmented_catboost,anemia_class,no_iron,development_oof,copper_deficiency,0.9545454545454546,0.75,0.84,28
augmented_catboost,anemia_class,no_iron,development_oof,folate_deficiency_anemia,0.7297297297297297,0.675,0.7012987012987013,40
augmented_catboost,anemia_class,no_iron,development_oof,folate_deficiency_no_anemia,0.8125,0.40625,0.5416666666666666,32
augmented_catboost,anemia_class,no_iron,development_oof,inflammation_anemia,0.8103448275862069,0.9038461538461539,0.8545454545454545,52
augmented_catboost,anemia_class,no_iron,development_oof,iron_deficiency_anemia,0.7802197802197802,0.7717391304347826,0.7759562841530054,92
augmented_catboost,anemia_class,no_iron,development_oof,latent_deficiency,0.8148148148148148,0.6470588235294118,0.7213114754098361,68
augmented_catboost,anemia_class,no_iron,development_oof,mixed_deficiency,0.6881720430107527,0.6956521739130435,0.6918918918918919,92
augmented_catboost,anemia_class,no_iron,development_oof,no_anemia_no_deficiency,0.7142857142857143,0.9090909090909091,0.8,88
augmented_catboost,anemia_class,no_B12,development_oof,B12_deficiency_anemia,0.6842105263157895,0.75,0.7155963302752294,52
augmented_catboost,anemia_class,no_B12,development_oof,B12_deficiency_no_anemia,0.5555555555555556,0.25,0.3448275862068966,40
augmented_catboost,anemia_class,no_B12,development_oof,B6_deficiency,0.9333333333333333,0.5,0.6511627906976745,28
augmented_catboost,anemia_class,no_B12,development_oof,anemia_other,0.7638888888888888,0.9166666666666666,0.8333333333333334,60
augmented_catboost,anemia_class,no_B12,development_oof,copper_deficiency,0.8947368421052632,0.6071428571428571,0.723404255319149,28
augmented_catboost,anemia_class,no_B12,development_oof,folate_deficiency_anemia,0.675,0.675,0.675,40
augmented_catboost,anemia_class,no_B12,development_oof,folate_deficiency_no_anemia,0.5142857142857142,0.5625,0.5373134328358209,32
augmented_catboost,anemia_class,no_B12,development_oof,inflammation_anemia,0.9107142857142857,0.9807692307692307,0.9444444444444444,52
augmented_catboost,anemia_class,no_B12,development_oof,iron_deficiency_anemia,0.7619047619047619,0.8695652173913043,0.8121827411167513,92
augmented_catboost,anemia_class,no_B12,development_oof,latent_deficiency,0.8378378378378378,0.9117647058823529,0.8732394366197183,68
augmented_catboost,anemia_class,no_B12,development_oof,mixed_deficiency,0.7323943661971831,0.5652173913043478,0.6380368098159509,92
augmented_catboost,anemia_class,no_B12,development_oof,no_anemia_no_deficiency,0.7363636363636363,0.9204545454545454,0.8181818181818182,88
augmented_catboost,anemia_class,no_folate,development_oof,B12_deficiency_anemia,0.6060606060606061,0.7692307692307693,0.6779661016949152,52
augmented_catboost,anemia_class,no_folate,development_oof,B12_deficiency_no_anemia,0.7142857142857143,0.75,0.7317073170731707,40
augmented_catboost,anemia_class,no_folate,development_oof,B6_deficiency,0.875,0.5,0.6363636363636364,28
augmented_catboost,anemia_class,no_folate,development_oof,anemia_other,0.7777777777777778,0.9333333333333333,0.8484848484848485,60
augmented_catboost,anemia_class,no_folate,development_oof,copper_deficiency,0.8947368421052632,0.6071428571428571,0.723404255319149,28
augmented_catboost,anemia_class,no_folate,development_oof,folate_deficiency_anemia,0.7352941176470589,0.625,0.6756756756756757,40
augmented_catboost,anemia_class,no_folate,development_oof,folate_deficiency_no_anemia,0.7272727272727273,0.25,0.37209302325581395,32
augmented_catboost,anemia_class,no_folate,development_oof,inflammation_anemia,0.8947368421052632,0.9807692307692307,0.9357798165137615,52
augmented_catboost,anemia_class,no_folate,development_oof,iron_deficiency_anemia,0.7714285714285715,0.8804347826086957,0.8223350253807107,92
augmented_catboost,anemia_class,no_folate,development_oof,latent_deficiency,0.8857142857142857,0.9117647058823529,0.8985507246376812,68
augmented_catboost,anemia_class,no_folate,development_oof,mixed_deficiency,0.7464788732394366,0.5760869565217391,0.6503067484662577,92
augmented_catboost,anemia_class,no_folate,development_oof,no_anemia_no_deficiency,0.7614678899082569,0.9431818181818182,0.8426395939086294,88
augmented_catboost,anemia_class,no_B6,development_oof,B12_deficiency_anemia,0.6984126984126984,0.8461538461538461,0.7652173913043478,52
augmented_catboost,anemia_class,no_B6,development_oof,B12_deficiency_no_anemia,0.7906976744186046,0.85,0.8192771084337349,40
augmented_catboost,anemia_class,no_B6,development_oof,B6_deficiency,0.5,0.10714285714285714,0.17647058823529413,28
augmented_catboost,anemia_class,no_B6,development_oof,anemia_other,0.8115942028985508,0.9333333333333333,0.8682170542635659,60
augmented_catboost,anemia_class,no_B6,development_oof,copper_deficiency,0.8947368421052632,0.6071428571428571,0.723404255319149,28
augmented_catboost,anemia_class,no_B6,development_oof,folate_deficiency_anemia,0.7142857142857143,0.75,0.7317073170731707,40
augmented_catboost,anemia_class,no_B6,development_oof,folate_deficiency_no_anemia,0.9,0.5625,0.6923076923076923,32
augmented_catboost,anemia_class,no_B6,development_oof,inflammation_anemia,0.8947368421052632,0.9807692307692307,0.9357798165137615,52
augmented_catboost,anemia_class,no_B6,development_oof,iron_deficiency_anemia,0.8350515463917526,0.8804347826086957,0.8571428571428571,92
augmented_catboost,anemia_class,no_B6,development_oof,latent_deficiency,0.8266666666666667,0.9117647058823529,0.8671328671328671,68
augmented_catboost,anemia_class,no_B6,development_oof,mixed_deficiency,0.810126582278481,0.6956521739130435,0.7485380116959064,92
augmented_catboost,anemia_class,no_B6,development_oof,no_anemia_no_deficiency,0.8137254901960784,0.9431818181818182,0.8736842105263158,88
augmented_catboost,anemia_class,no_copper,development_oof,B12_deficiency_anemia,0.7166666666666667,0.8269230769230769,0.7678571428571429,52
augmented_catboost,anemia_class,no_copper,development_oof,B12_deficiency_no_anemia,0.7391304347826086,0.85,0.7906976744186046,40
augmented_catboost,anemia_class,no_copper,development_oof,B6_deficiency,0.8125,0.4642857142857143,0.5909090909090909,28
augmented_catboost,anemia_class,no_copper,development_oof,anemia_other,0.7272727272727273,0.9333333333333333,0.8175182481751825,60
augmented_catboost,anemia_class,no_copper,development_oof,copper_deficiency,0.0,0.0,0.0,28
augmented_catboost,anemia_class,no_copper,development_oof,folate_deficiency_anemia,0.6458333333333334,0.775,0.7045454545454546,40
augmented_catboost,anemia_class,no_copper,development_oof,folate_deficiency_no_anemia,0.75,0.5625,0.6428571428571429,32
augmented_catboost,anemia_class,no_copper,development_oof,inflammation_anemia,0.9107142857142857,0.9807692307692307,0.9444444444444444,52
augmented_catboost,anemia_class,no_copper,development_oof,iron_deficiency_anemia,0.8526315789473684,0.8804347826086957,0.8663101604278075,92
augmented_catboost,anemia_class,no_copper,development_oof,latent_deficiency,0.8985507246376812,0.9117647058823529,0.9051094890510949,68
augmented_catboost,anemia_class,no_copper,development_oof,mixed_deficiency,0.7901234567901234,0.6956521739130435,0.7398843930635838,92
augmented_catboost,anemia_class,no_copper,development_oof,no_anemia_no_deficiency,0.81,0.9204545454545454,0.8617021276595744,88
augmented_catboost,anemia_class,no_hemoglobin,development_oof,B12_deficiency_anemia,0.6461538461538462,0.8076923076923077,0.717948717948718,52
augmented_catboost,anemia_class,no_hemoglobin,development_oof,B12_deficiency_no_anemia,0.9583333333333334,0.575,0.71875,40
augmented_catboost,anemia_class,no_hemoglobin,development_oof,B6_deficiency,0.85,0.6071428571428571,0.7083333333333334,28
augmented_catboost,anemia_class,no_hemoglobin,development_oof,anemia_other,0.8088235294117647,0.9166666666666666,0.859375,60
augmented_catboost,anemia_class,no_hemoglobin,development_oof,copper_deficiency,0.95,0.6785714285714286,0.7916666666666666,28
augmented_catboost,anemia_class,no_hemoglobin,development_oof,folate_deficiency_anemia,0.5636363636363636,0.775,0.6526315789473685,40
augmented_catboost,anemia_class,no_hemoglobin,development_oof,folate_deficiency_no_anemia,0.8461538461538461,0.34375,0.4888888888888889,32
augmented_catboost,anemia_class,no_hemoglobin,development_oof,inflammation_anemia,0.9433962264150944,0.9615384615384616,0.9523809523809523,52
augmented_catboost,anemia_class,no_hemoglobin,development_oof,iron_deficiency_anemia,0.7830188679245284,0.9021739130434783,0.8383838383838383,92
augmented_catboost,anemia_class,no_hemoglobin,development_oof,latent_deficiency,0.9137931034482759,0.7794117647058824,0.8412698412698413,68
augmented_catboost,anemia_class,no_hemoglobin,development_oof,mixed_deficiency,0.7529411764705882,0.6956521739130435,0.7231638418079096,92
augmented_catboost,anemia_class,no_hemoglobin,development_oof,no_anemia_no_deficiency,0.780952380952381,0.9318181818181818,0.8497409326424871,88
augmented_catboost,anemia_class,no_demographics,development_oof,B12_deficiency_anemia,0.6451612903225806,0.7692307692307693,0.7017543859649122,52
augmented_catboost,anemia_class,no_demographics,development_oof,B12_deficiency_no_anemia,0.9629629629629629,0.65,0.7761194029850746,40
augmented_catboost,anemia_class,no_demographics,development_oof,B6_deficiency,0.8333333333333334,0.5357142857142857,0.6521739130434783,28
augmented_catboost,anemia_class,no_demographics,development_oof,anemia_other,0.7567567567567568,0.9333333333333333,0.835820895522388,60
augmented_catboost,anemia_class,no_demographics,development_oof,copper_deficiency,0.8181818181818182,0.6428571428571429,0.72,28
augmented_catboost,anemia_class,no_demographics,development_oof,folate_deficiency_anemia,0.625,0.75,0.6818181818181818,40
augmented_catboost,anemia_class,no_demographics,development_oof,folate_deficiency_no_anemia,0.7777777777777778,0.4375,0.56,32
augmented_catboost,anemia_class,no_demographics,development_oof,inflammation_anemia,0.9074074074074074,0.9423076923076923,0.9245283018867925,52
augmented_catboost,anemia_class,no_demographics,development_oof,iron_deficiency_anemia,0.8282828282828283,0.8913043478260869,0.8586387434554974,92
augmented_catboost,anemia_class,no_demographics,development_oof,latent_deficiency,0.8923076923076924,0.8529411764705882,0.8721804511278195,68
augmented_catboost,anemia_class,no_demographics,development_oof,mixed_deficiency,0.7411764705882353,0.6847826086956522,0.711864406779661,92
augmented_catboost,anemia_class,no_demographics,development_oof,no_anemia_no_deficiency,0.79,0.8977272727272727,0.8404255319148937,88
augmented_catboost,iron_deficiency,available,development_oof,0,0.9886363636363636,0.9908883826879271,0.9897610921501706,439
augmented_catboost,iron_deficiency,available,development_oof,1,0.9827586206896551,0.9785407725321889,0.9806451612903225,233
augmented_catboost,iron_deficiency,drop30,development_oof,0,0.9732142857142857,0.9931662870159453,0.9830890642615558,439
augmented_catboost,iron_deficiency,drop30,development_oof,1,0.9866071428571429,0.9484978540772532,0.9671772428884027,233
augmented_catboost,iron_deficiency,drop60,development_oof,0,0.9008438818565401,0.9726651480637813,0.9353778751369113,439
augmented_catboost,iron_deficiency,drop60,development_oof,1,0.9393939393939394,0.7982832618025751,0.8631090487238979,233
augmented_catboost,iron_deficiency,cbc_only,development_oof,0,0.8592750533049041,0.9179954441913439,0.8876651982378855,439
augmented_catboost,iron_deficiency,cbc_only,development_oof,1,0.8226600985221675,0.7167381974248928,0.7660550458715596,233
augmented_catboost,iron_deficiency,hb_only,development_oof,0,0.6527570789865872,0.9977220956719818,0.7891891891891892,439
augmented_catboost,iron_deficiency,hb_only,development_oof,1,0.0,0.0,0.0,233
augmented_catboost,iron_deficiency,no_iron,development_oof,0,0.8228346456692913,0.9521640091116174,0.8827877507919747,439
augmented_catboost,iron_deficiency,no_iron,development_oof,1,0.8719512195121951,0.6137339055793991,0.7204030226700252,233
augmented_catboost,iron_deficiency,no_B12,development_oof,0,0.9885844748858448,0.9863325740318907,0.9874572405929305,439
augmented_catboost,iron_deficiency,no_B12,development_oof,1,0.9743589743589743,0.9785407725321889,0.9764453961456103,233
augmented_catboost,iron_deficiency,no_folate,development_oof,0,0.9886104783599089,0.9886104783599089,0.9886104783599089,439
augmented_catboost,iron_deficiency,no_folate,development_oof,1,0.9785407725321889,0.9785407725321889,0.9785407725321889,233
augmented_catboost,iron_deficiency,no_B6,development_oof,0,0.9886104783599089,0.9886104783599089,0.9886104783599089,439
augmented_catboost,iron_deficiency,no_B6,development_oof,1,0.9785407725321889,0.9785407725321889,0.9785407725321889,233
augmented_catboost,iron_deficiency,no_copper,development_oof,0,0.9886363636363636,0.9908883826879271,0.9897610921501706,439
augmented_catboost,iron_deficiency,no_copper,development_oof,1,0.9827586206896551,0.9785407725321889,0.9806451612903225,233
augmented_catboost,iron_deficiency,no_hemoglobin,development_oof,0,0.9931662870159453,0.9931662870159453,0.9931662870159453,439
augmented_catboost,iron_deficiency,no_hemoglobin,development_oof,1,0.9871244635193133,0.9871244635193133,0.9871244635193133,233
augmented_catboost,iron_deficiency,no_demographics,development_oof,0,0.9841269841269841,0.9886104783599089,0.9863636363636363,439
augmented_catboost,iron_deficiency,no_demographics,development_oof,1,0.9783549783549783,0.9699570815450643,0.9741379310344828,233
augmented_catboost,B12_deficiency,available,development_oof,0,0.9826923076923076,0.988394584139265,0.9855351976856316,517
augmented_catboost,B12_deficiency,available,development_oof,1,0.9605263157894737,0.9419354838709677,0.9511400651465798,155
augmented_catboost,B12_deficiency,drop30,development_oof,0,0.9444444444444444,0.9864603481624759,0.9649952696310312,517
augmented_catboost,B12_deficiency,drop30,development_oof,1,0.946969696969697,0.8064516129032258,0.8710801393728222,155
augmented_catboost,B12_deficiency,drop60,development_oof,0,0.8921739130434783,0.9922630560928434,0.9395604395604396,517
augmented_catboost,B12_deficiency,drop60,development_oof,1,0.9587628865979382,0.6,0.7380952380952381,155
augmented_catboost,B12_deficiency,cbc_only,development_oof,0,0.8523725834797891,0.9381044487427466,0.8931860036832413,517
augmented_catboost,B12_deficiency,cbc_only,development_oof,1,0.6893203883495146,0.45806451612903226,0.5503875968992248,155
augmented_catboost,B12_deficiency,hb_only,development_oof,0,0.7693452380952381,1.0,0.8696383515559294,517
augmented_catboost,B12_deficiency,hb_only,development_oof,1,0.0,0.0,0.0,155
augmented_catboost,B12_deficiency,no_iron,development_oof,0,0.9863813229571985,0.9806576402321083,0.9835111542192047,517
augmented_catboost,B12_deficiency,no_iron,development_oof,1,0.9367088607594937,0.9548387096774194,0.9456869009584664,155
augmented_catboost,B12_deficiency,no_B12,development_oof,0,0.8668941979522184,0.9825918762088974,0.9211242067089755,517
augmented_catboost,B12_deficiency,no_B12,development_oof,1,0.8953488372093024,0.4967741935483871,0.6390041493775933,155
augmented_catboost,B12_deficiency,no_folate,development_oof,0,0.9751908396946565,0.988394584139265,0.9817483189241114,517
augmented_catboost,B12_deficiency,no_folate,development_oof,1,0.9594594594594594,0.9161290322580645,0.9372937293729373,155
augmented_catboost,B12_deficiency,no_B6,development_oof,0,0.9826923076923076,0.988394584139265,0.9855351976856316,517
augmented_catboost,B12_deficiency,no_B6,development_oof,1,0.9605263157894737,0.9419354838709677,0.9511400651465798,155
augmented_catboost,B12_deficiency,no_copper,development_oof,0,0.9826923076923076,0.988394584139265,0.9855351976856316,517
augmented_catboost,B12_deficiency,no_copper,development_oof,1,0.9605263157894737,0.9419354838709677,0.9511400651465798,155
augmented_catboost,B12_deficiency,no_hemoglobin,development_oof,0,0.9846743295019157,0.9941972920696325,0.9894128970163619,517
augmented_catboost,B12_deficiency,no_hemoglobin,development_oof,1,0.98,0.9483870967741935,0.9639344262295082,155
augmented_catboost,B12_deficiency,no_demographics,development_oof,0,0.982725527831094,0.9903288201160542,0.9865125240847784,517
augmented_catboost,B12_deficiency,no_demographics,development_oof,1,0.9668874172185431,0.9419354838709677,0.954248366013072,155
augmented_catboost,folate_deficiency,available,development_oof,0,0.9315068493150684,0.9855072463768116,0.9577464788732394,552
augmented_catboost,folate_deficiency,available,development_oof,1,0.9090909090909091,0.6666666666666666,0.7692307692307693,120
augmented_catboost,folate_deficiency,drop30,development_oof,0,0.9066666666666666,0.9855072463768116,0.9444444444444444,552
augmented_catboost,folate_deficiency,drop30,development_oof,1,0.8888888888888888,0.5333333333333333,0.6666666666666666,120
augmented_catboost,folate_deficiency,drop60,development_oof,0,0.8788368336025848,0.9855072463768116,0.9291204099060631,552
augmented_catboost,folate_deficiency,drop60,development_oof,1,0.8490566037735849,0.375,0.5202312138728323,120
augmented_catboost,folate_deficiency,cbc_only,development_oof,0,0.8534201954397395,0.9492753623188406,0.8987993138936535,552
augmented_catboost,folate_deficiency,cbc_only,development_oof,1,0.5172413793103449,0.25,0.33707865168539325,120
augmented_catboost,folate_deficiency,hb_only,development_oof,0,0.8214285714285714,1.0,0.9019607843137255,552
augmented_catboost,folate_deficiency,hb_only,development_oof,1,0.0,0.0,0.0,120
augmented_catboost,folate_deficiency,no_iron,development_oof,0,0.9347079037800687,0.9855072463768116,0.9594356261022927,552
augmented_catboost,folate_deficiency,no_iron,development_oof,1,0.9111111111111111,0.6833333333333333,0.780952380952381,120
augmented_catboost,folate_deficiency,no_B12,development_oof,0,0.9328743545611016,0.9818840579710145,0.9567519858781994,552
augmented_catboost,folate_deficiency,no_B12,development_oof,1,0.8901098901098901,0.675,0.7677725118483413,120
augmented_catboost,folate_deficiency,no_folate,development_oof,0,0.8356589147286821,0.9764492753623188,0.9005847953216374,552
augmented_catboost,folate_deficiency,no_folate,development_oof,1,0.5185185185185185,0.11666666666666667,0.19047619047619047,120
augmented_catboost,folate_deficiency,no_B6,development_oof,0,0.9332191780821918,0.9873188405797102,0.9595070422535211,552
augmented_catboost,folate_deficiency,no_B6,development_oof,1,0.9204545454545454,0.675,0.7788461538461539,120
augmented_catboost,folate_deficiency,no_copper,development_oof,0,0.9344827586206896,0.9818840579710145,0.9575971731448764,552
augmented_catboost,folate_deficiency,no_copper,development_oof,1,0.8913043478260869,0.6833333333333333,0.7735849056603774,120
augmented_catboost,folate_deficiency,no_hemoglobin,development_oof,0,0.931740614334471,0.9891304347826086,0.9595782073813708,552
augmented_catboost,folate_deficiency,no_hemoglobin,development_oof,1,0.9302325581395349,0.6666666666666666,0.7766990291262136,120
augmented_catboost,folate_deficiency,no_demographics,development_oof,0,0.9147157190635451,0.9909420289855072,0.951304347826087,552
augmented_catboost,folate_deficiency,no_demographics,development_oof,1,0.9324324324324325,0.575,0.711340206185567,120
augmented_catboost,B6_deficiency,available,development_oof,0,0.9787234042553191,1.0,0.989247311827957,644
augmented_catboost,B6_deficiency,available,development_oof,1,1.0,0.5,0.6666666666666666,28
augmented_catboost,B6_deficiency,drop30,development_oof,0,0.9787234042553191,1.0,0.989247311827957,644
augmented_catboost,B6_deficiency,drop30,development_oof,1,1.0,0.5,0.6666666666666666,28
augmented_catboost,B6_deficiency,drop60,development_oof,0,0.9698795180722891,1.0,0.9847094801223242,644
augmented_catboost,B6_deficiency,drop60,development_oof,1,1.0,0.2857142857142857,0.4444444444444444,28
augmented_catboost,B6_deficiency,cbc_only,development_oof,0,0.9597615499254843,1.0,0.979467680608365,644
augmented_catboost,B6_deficiency,cbc_only,development_oof,1,1.0,0.03571428571428571,0.06896551724137931,28
augmented_catboost,B6_deficiency,hb_only,development_oof,0,0.9583333333333334,1.0,0.9787234042553191,644
augmented_catboost,B6_deficiency,hb_only,development_oof,1,0.0,0.0,0.0,28
augmented_catboost,B6_deficiency,no_iron,development_oof,0,0.983206106870229,1.0,0.99153194765204,644
augmented_catboost,B6_deficiency,no_iron,development_oof,1,1.0,0.6071428571428571,0.7555555555555555,28
augmented_catboost,B6_deficiency,no_B12,development_oof,0,0.9802130898021308,1.0,0.9900076863950807,644
augmented_catboost,B6_deficiency,no_B12,development_oof,1,1.0,0.5357142857142857,0.6976744186046512,28
augmented_catboost,B6_deficiency,no_folate,development_oof,0,0.9787234042553191,1.0,0.989247311827957,644
augmented_catboost,B6_deficiency,no_folate,development_oof,1,1.0,0.5,0.6666666666666666,28
augmented_catboost,B6_deficiency,no_B6,development_oof,0,0.9583333333333334,1.0,0.9787234042553191,644
augmented_catboost,B6_deficiency,no_B6,development_oof,1,0.0,0.0,0.0,28
augmented_catboost,B6_deficiency,no_copper,development_oof,0,0.9787234042553191,1.0,0.989247311827957,644
augmented_catboost,B6_deficiency,no_copper,development_oof,1,1.0,0.5,0.6666666666666666,28
augmented_catboost,B6_deficiency,no_hemoglobin,development_oof,0,0.9802130898021308,1.0,0.9900076863950807,644
augmented_catboost,B6_deficiency,no_hemoglobin,development_oof,1,1.0,0.5357142857142857,0.6976744186046512,28
augmented_catboost,B6_deficiency,no_demographics,development_oof,0,0.9787234042553191,1.0,0.989247311827957,644
augmented_catboost,B6_deficiency,no_demographics,development_oof,1,1.0,0.5,0.6666666666666666,28
augmented_catboost,copper_deficiency,available,development_oof,0,0.9877300613496932,1.0,0.9938271604938271,644
augmented_catboost,copper_deficiency,available,development_oof,1,1.0,0.7142857142857143,0.8333333333333334,28
augmented_catboost,copper_deficiency,drop30,development_oof,0,0.9862174578866769,1.0,0.9930609097918273,644
augmented_catboost,copper_deficiency,drop30,development_oof,1,1.0,0.6785714285714286,0.8085106382978723,28
augmented_catboost,copper_deficiency,drop60,development_oof,0,0.9698795180722891,1.0,0.9847094801223242,644
augmented_catboost,copper_deficiency,drop60,development_oof,1,1.0,0.2857142857142857,0.4444444444444444,28
augmented_catboost,copper_deficiency,cbc_only,development_oof,0,0.9583333333333334,1.0,0.9787234042553191,644
augmented_catboost,copper_deficiency,cbc_only,development_oof,1,0.0,0.0,0.0,28
augmented_catboost,copper_deficiency,hb_only,development_oof,0,0.9583333333333334,1.0,0.9787234042553191,644
augmented_catboost,copper_deficiency,hb_only,development_oof,1,0.0,0.0,0.0,28
augmented_catboost,copper_deficiency,no_iron,development_oof,0,0.989247311827957,1.0,0.9945945945945946,644
augmented_catboost,copper_deficiency,no_iron,development_oof,1,1.0,0.75,0.8571428571428571,28
augmented_catboost,copper_deficiency,no_B12,development_oof,0,0.9877300613496932,1.0,0.9938271604938271,644
augmented_catboost,copper_deficiency,no_B12,development_oof,1,1.0,0.7142857142857143,0.8333333333333334,28
augmented_catboost,copper_deficiency,no_folate,development_oof,0,0.989247311827957,1.0,0.9945945945945946,644
augmented_catboost,copper_deficiency,no_folate,development_oof,1,1.0,0.75,0.8571428571428571,28
augmented_catboost,copper_deficiency,no_B6,development_oof,0,0.9877300613496932,1.0,0.9938271604938271,644
augmented_catboost,copper_deficiency,no_B6,development_oof,1,1.0,0.7142857142857143,0.8333333333333334,28
augmented_catboost,copper_deficiency,no_copper,development_oof,0,0.9583333333333334,1.0,0.9787234042553191,644
augmented_catboost,copper_deficiency,no_copper,development_oof,1,0.0,0.0,0.0,28
augmented_catboost,copper_deficiency,no_hemoglobin,development_oof,0,0.989247311827957,1.0,0.9945945945945946,644
augmented_catboost,copper_deficiency,no_hemoglobin,development_oof,1,1.0,0.75,0.8571428571428571,28
augmented_catboost,copper_deficiency,no_demographics,development_oof,0,0.9907692307692307,1.0,0.9953632148377125,644
augmented_catboost,copper_deficiency,no_demographics,development_oof,1,1.0,0.7857142857142857,0.88,28
augmented_catboost,inflammation_anemia,available,development_oof,0,0.9951768488745981,0.9983870967741936,0.9967793880837359,620
augmented_catboost,inflammation_anemia,available,development_oof,1,0.98,0.9423076923076923,0.9607843137254902,52
augmented_catboost,inflammation_anemia,drop30,development_oof,0,0.9840510366826156,0.9951612903225806,0.9895749799518845,620
augmented_catboost,inflammation_anemia,drop30,development_oof,1,0.9333333333333333,0.8076923076923077,0.865979381443299,52
augmented_catboost,inflammation_anemia,drop60,development_oof,0,0.9671875,0.9983870967741936,0.9825396825396825,620
augmented_catboost,inflammation_anemia,drop60,development_oof,1,0.96875,0.5961538461538461,0.7380952380952381,52
augmented_catboost,inflammation_anemia,cbc_only,development_oof,0,0.953125,0.9838709677419355,0.9682539682539683,620
augmented_catboost,inflammation_anemia,cbc_only,development_oof,1,0.6875,0.4230769230769231,0.5238095238095238,52
augmented_catboost,inflammation_anemia,hb_only,development_oof,0,0.9226190476190477,1.0,0.9597523219814241,620
augmented_catboost,inflammation_anemia,hb_only,development_oof,1,0.0,0.0,0.0,52
augmented_catboost,inflammation_anemia,no_iron,development_oof,0,0.9903536977491961,0.9935483870967742,0.9919484702093397,620
augmented_catboost,inflammation_anemia,no_iron,development_oof,1,0.92,0.8846153846153846,0.9019607843137255,52
augmented_catboost,inflammation_anemia,no_B12,development_oof,0,0.9967741935483871,0.9967741935483871,0.9967741935483871,620
augmented_catboost,inflammation_anemia,no_B12,development_oof,1,0.9615384615384616,0.9615384615384616,0.9615384615384616,52
augmented_catboost,inflammation_anemia,no_folate,development_oof,0,0.9967741935483871,0.9967741935483871,0.9967741935483871,620
augmented_catboost,inflammation_anemia,no_folate,development_oof,1,0.9615384615384616,0.9615384615384616,0.9615384615384616,52
augmented_catboost,inflammation_anemia,no_B6,development_oof,0,0.9951768488745981,0.9983870967741936,0.9967793880837359,620
augmented_catboost,inflammation_anemia,no_B6,development_oof,1,0.98,0.9423076923076923,0.9607843137254902,52
augmented_catboost,inflammation_anemia,no_copper,development_oof,0,0.9951768488745981,0.9983870967741936,0.9967793880837359,620
augmented_catboost,inflammation_anemia,no_copper,development_oof,1,0.98,0.9423076923076923,0.9607843137254902,52
augmented_catboost,inflammation_anemia,no_hemoglobin,development_oof,0,0.992,1.0,0.9959839357429718,620
augmented_catboost,inflammation_anemia,no_hemoglobin,development_oof,1,1.0,0.9038461538461539,0.9494949494949495,52
augmented_catboost,inflammation_anemia,no_demographics,development_oof,0,0.9919614147909968,0.9951612903225806,0.9935587761674718,620
augmented_catboost,inflammation_anemia,no_demographics,development_oof,1,0.94,0.9038461538461539,0.9215686274509803,52
balanced_catboost,anemia_class,available,development_oof,B12_deficiency_anemia,0.7096774193548387,0.8461538461538461,0.7719298245614035,52
balanced_catboost,anemia_class,available,development_oof,B12_deficiency_no_anemia,0.825,0.825,0.825,40
balanced_catboost,anemia_class,available,development_oof,B6_deficiency,0.8181818181818182,0.6428571428571429,0.72,28
balanced_catboost,anemia_class,available,development_oof,anemia_other,0.9137931034482759,0.8833333333333333,0.8983050847457628,60
balanced_catboost,anemia_class,available,development_oof,copper_deficiency,0.8846153846153846,0.8214285714285714,0.8518518518518519,28
balanced_catboost,anemia_class,available,development_oof,folate_deficiency_anemia,0.7333333333333333,0.825,0.7764705882352941,40
balanced_catboost,anemia_class,available,development_oof,folate_deficiency_no_anemia,0.7777777777777778,0.65625,0.711864406779661,32
balanced_catboost,anemia_class,available,development_oof,inflammation_anemia,0.8793103448275862,0.9807692307692307,0.9272727272727272,52
balanced_catboost,anemia_class,available,development_oof,iron_deficiency_anemia,0.8602150537634409,0.8695652173913043,0.8648648648648649,92
balanced_catboost,anemia_class,available,development_oof,latent_deficiency,0.8840579710144928,0.8970588235294118,0.8905109489051095,68
balanced_catboost,anemia_class,available,development_oof,mixed_deficiency,0.8181818181818182,0.6847826086956522,0.7455621301775148,92
balanced_catboost,anemia_class,available,development_oof,no_anemia_no_deficiency,0.8526315789473684,0.9204545454545454,0.8852459016393442,88
balanced_catboost,anemia_class,drop30,development_oof,B12_deficiency_anemia,0.6923076923076923,0.6923076923076923,0.6923076923076923,52
balanced_catboost,anemia_class,drop30,development_oof,B12_deficiency_no_anemia,0.8148148148148148,0.55,0.6567164179104478,40
balanced_catboost,anemia_class,drop30,development_oof,B6_deficiency,0.8823529411764706,0.5357142857142857,0.6666666666666666,28
balanced_catboost,anemia_class,drop30,development_oof,anemia_other,0.6049382716049383,0.8166666666666667,0.6950354609929078,60
balanced_catboost,anemia_class,drop30,development_oof,copper_deficiency,0.7037037037037037,0.6785714285714286,0.6909090909090909,28
balanced_catboost,anemia_class,drop30,development_oof,folate_deficiency_anemia,0.5681818181818182,0.625,0.5952380952380952,40
balanced_catboost,anemia_class,drop30,development_oof,folate_deficiency_no_anemia,0.6190476190476191,0.40625,0.49056603773584906,32
balanced_catboost,anemia_class,drop30,development_oof,inflammation_anemia,0.7419354838709677,0.8846153846153846,0.8070175438596491,52
balanced_catboost,anemia_class,drop30,development_oof,iron_deficiency_anemia,0.7142857142857143,0.8152173913043478,0.7614213197969543,92
balanced_catboost,anemia_class,drop30,development_oof,latent_deficiency,0.875,0.7205882352941176,0.7903225806451613,68
balanced_catboost,anemia_class,drop30,development_oof,mixed_deficiency,0.7088607594936709,0.6086956521739131,0.6549707602339181,92
balanced_catboost,anemia_class,drop30,development_oof,no_anemia_no_deficiency,0.693069306930693,0.7954545454545454,0.7407407407407407,88
balanced_catboost,anemia_class,drop60,development_oof,B12_deficiency_anemia,0.6363636363636364,0.40384615384615385,0.49411764705882355,52
balanced_catboost,anemia_class,drop60,development_oof,B12_deficiency_no_anemia,0.5909090909090909,0.325,0.41935483870967744,40
balanced_catboost,anemia_class,drop60,development_oof,B6_deficiency,0.5294117647058824,0.32142857142857145,0.4,28
balanced_catboost,anemia_class,drop60,development_oof,anemia_other,0.34710743801652894,0.7,0.46408839779005523,60
balanced_catboost,anemia_class,drop60,development_oof,copper_deficiency,0.43478260869565216,0.35714285714285715,0.39215686274509803,28
balanced_catboost,anemia_class,drop60,development_oof,folate_deficiency_anemia,0.4878048780487805,0.5,0.49382716049382713,40
balanced_catboost,anemia_class,drop60,development_oof,folate_deficiency_no_anemia,0.4444444444444444,0.25,0.32,32
balanced_catboost,anemia_class,drop60,development_oof,inflammation_anemia,0.6379310344827587,0.7115384615384616,0.6727272727272727,52
balanced_catboost,anemia_class,drop60,development_oof,iron_deficiency_anemia,0.49640287769784175,0.75,0.5974025974025974,92
balanced_catboost,anemia_class,drop60,development_oof,latent_deficiency,0.8,0.5294117647058824,0.6371681415929203,68
balanced_catboost,anemia_class,drop60,development_oof,mixed_deficiency,0.6129032258064516,0.41304347826086957,0.4935064935064935,92
balanced_catboost,anemia_class,drop60,development_oof,no_anemia_no_deficiency,0.6021505376344086,0.6363636363636364,0.6187845303867403,88
balanced_catboost,anemia_class,cbc_only,development_oof,B12_deficiency_anemia,0.5272727272727272,0.5576923076923077,0.5420560747663551,52
balanced_catboost,anemia_class,cbc_only,development_oof,B12_deficiency_no_anemia,0.40540540540540543,0.375,0.38961038961038963,40
balanced_catboost,anemia_class,cbc_only,development_oof,B6_deficiency,0.2857142857142857,0.07142857142857142,0.11428571428571428,28
balanced_catboost,anemia_class,cbc_only,development_oof,anemia_other,0.5189873417721519,0.6833333333333333,0.5899280575539568,60
balanced_catboost,anemia_class,cbc_only,development_oof,copper_deficiency,1.0,0.14285714285714285,0.25,28
balanced_catboost,anemia_class,cbc_only,development_oof,folate_deficiency_anemia,0.39622641509433965,0.525,0.45161290322580644,40
balanced_catboost,anemia_class,cbc_only,development_oof,folate_deficiency_no_anemia,0.2413793103448276,0.21875,0.22950819672131148,32
balanced_catboost,anemia_class,cbc_only,development_oof,inflammation_anemia,0.5555555555555556,0.5769230769230769,0.5660377358490566,52
balanced_catboost,anemia_class,cbc_only,development_oof,iron_deficiency_anemia,0.6055045871559633,0.717391304347826,0.6567164179104478,92
balanced_catboost,anemia_class,cbc_only,development_oof,latent_deficiency,0.6125,0.7205882352941176,0.6621621621621622,68
balanced_catboost,anemia_class,cbc_only,development_oof,mixed_deficiency,0.7166666666666667,0.4673913043478261,0.5657894736842105,92
balanced_catboost,anemia_class,cbc_only,development_oof,no_anemia_no_deficiency,0.6952380952380952,0.8295454545454546,0.7564766839378239,88
balanced_catboost,anemia_class,hb_only,development_oof,B12_deficiency_anemia,0.0,0.0,0.0,52
balanced_catboost,anemia_class,hb_only,development_oof,B12_deficiency_no_anemia,0.3333333333333333,0.075,0.12244897959183673,40
balanced_catboost,anemia_class,hb_only,development_oof,B6_deficiency,0.0,0.0,0.0,28
balanced_catboost,anemia_class,hb_only,development_oof,anemia_other,0.15053763440860216,0.23333333333333334,0.1830065359477124,60
balanced_catboost,anemia_class,hb_only,development_oof,copper_deficiency,0.06666666666666667,0.07142857142857142,0.06896551724137931,28
balanced_catboost,anemia_class,hb_only,development_oof,folate_deficiency_anemia,0.0,0.0,0.0,40
balanced_catboost,anemia_class,hb_only,development_oof,folate_deficiency_no_anemia,0.09090909090909091,0.03125,0.046511627906976744,32
balanced_catboost,anemia_class,hb_only,development_oof,inflammation_anemia,0.0,0.0,0.0,52
balanced_catboost,anemia_class,hb_only,development_oof,iron_deficiency_anemia,0.23344947735191637,0.7282608695652174,0.35356200527704484,92
balanced_catboost,anemia_class,hb_only,development_oof,latent_deficiency,0.16666666666666666,0.029411764705882353,0.05,68
balanced_catboost,anemia_class,hb_only,development_oof,mixed_deficiency,0.2,0.043478260869565216,0.07142857142857142,92
balanced_catboost,anemia_class,hb_only,development_oof,no_anemia_no_deficiency,0.4,0.9318181818181818,0.5597269624573379,88
balanced_catboost,anemia_class,no_iron,development_oof,B12_deficiency_anemia,0.703125,0.8653846153846154,0.7758620689655172,52
balanced_catboost,anemia_class,no_iron,development_oof,B12_deficiency_no_anemia,0.717391304347826,0.825,0.7674418604651163,40
balanced_catboost,anemia_class,no_iron,development_oof,B6_deficiency,0.5666666666666667,0.6071428571428571,0.5862068965517241,28
balanced_catboost,anemia_class,no_iron,development_oof,anemia_other,0.8333333333333334,0.8333333333333334,0.8333333333333334,60
balanced_catboost,anemia_class,no_iron,development_oof,copper_deficiency,0.88,0.7857142857142857,0.8301886792452831,28
balanced_catboost,anemia_class,no_iron,development_oof,folate_deficiency_anemia,0.7317073170731707,0.75,0.7407407407407407,40
balanced_catboost,anemia_class,no_iron,development_oof,folate_deficiency_no_anemia,0.7391304347826086,0.53125,0.6181818181818182,32
balanced_catboost,anemia_class,no_iron,development_oof,inflammation_anemia,0.7833333333333333,0.9038461538461539,0.8392857142857143,52
balanced_catboost,anemia_class,no_iron,development_oof,iron_deficiency_anemia,0.788235294117647,0.7282608695652174,0.7570621468926554,92
balanced_catboost,anemia_class,no_iron,development_oof,latent_deficiency,0.78,0.5735294117647058,0.6610169491525424,68
balanced_catboost,anemia_class,no_iron,development_oof,mixed_deficiency,0.7625,0.6630434782608695,0.7093023255813954,92
balanced_catboost,anemia_class,no_iron,development_oof,no_anemia_no_deficiency,0.7222222222222222,0.8863636363636364,0.7959183673469388,88
balanced_catboost,anemia_class,no_B12,development_oof,B12_deficiency_anemia,0.6721311475409836,0.7884615384615384,0.7256637168141593,52
balanced_catboost,anemia_class,no_B12,development_oof,B12_deficiency_no_anemia,0.6153846153846154,0.2,0.3018867924528302,40
balanced_catboost,anemia_class,no_B12,development_oof,B6_deficiency,0.85,0.6071428571428571,0.7083333333333334,28
balanced_catboost,anemia_class,no_B12,development_oof,anemia_other,0.8548387096774194,0.8833333333333333,0.8688524590163934,60
balanced_catboost,anemia_class,no_B12,development_oof,copper_deficiency,0.8214285714285714,0.8214285714285714,0.8214285714285714,28
balanced_catboost,anemia_class,no_B12,development_oof,folate_deficiency_anemia,0.6976744186046512,0.75,0.7228915662650602,40
balanced_catboost,anemia_class,no_B12,development_oof,folate_deficiency_no_anemia,0.5,0.65625,0.5675675675675675,32
balanced_catboost,anemia_class,no_B12,development_oof,inflammation_anemia,0.8793103448275862,0.9807692307692307,0.9272727272727272,52
balanced_catboost,anemia_class,no_B12,development_oof,iron_deficiency_anemia,0.7669902912621359,0.8586956521739131,0.8102564102564103,92
balanced_catboost,anemia_class,no_B12,development_oof,latent_deficiency,0.8493150684931506,0.9117647058823529,0.8794326241134752,68
balanced_catboost,anemia_class,no_B12,development_oof,mixed_deficiency,0.7846153846153846,0.5543478260869565,0.6496815286624203,92
balanced_catboost,anemia_class,no_B12,development_oof,no_anemia_no_deficiency,0.7692307692307693,0.9090909090909091,0.8333333333333334,88
balanced_catboost,anemia_class,no_folate,development_oof,B12_deficiency_anemia,0.6142857142857143,0.8269230769230769,0.7049180327868853,52
balanced_catboost,anemia_class,no_folate,development_oof,B12_deficiency_no_anemia,0.7692307692307693,0.75,0.759493670886076,40
balanced_catboost,anemia_class,no_folate,development_oof,B6_deficiency,0.8181818181818182,0.6428571428571429,0.72,28
balanced_catboost,anemia_class,no_folate,development_oof,anemia_other,0.84375,0.9,0.8709677419354839,60
balanced_catboost,anemia_class,no_folate,development_oof,copper_deficiency,0.8846153846153846,0.8214285714285714,0.8518518518518519,28
balanced_catboost,anemia_class,no_folate,development_oof,folate_deficiency_anemia,0.7647058823529411,0.65,0.7027027027027027,40
balanced_catboost,anemia_class,no_folate,development_oof,folate_deficiency_no_anemia,0.5555555555555556,0.3125,0.4,32
balanced_catboost,anemia_class,no_folate,development_oof,inflammation_anemia,0.8947368421052632,0.9807692307692307,0.9357798165137615,52
balanced_catboost,anemia_class,no_folate,development_oof,iron_deficiency_anemia,0.7843137254901961,0.8695652173913043,0.8247422680412371,92
balanced_catboost,anemia_class,no_folate,development_oof,latent_deficiency,0.8714285714285714,0.8970588235294118,0.8840579710144928,68
balanced_catboost,anemia_class,no_folate,development_oof,mixed_deficiency,0.803030303030303,0.5760869565217391,0.6708860759493671,92
balanced_catboost,anemia_class,no_folate,development_oof,no_anemia_no_deficiency,0.7788461538461539,0.9204545454545454,0.84375,88
balanced_catboost,anemia_class,no_B6,development_oof,B12_deficiency_anemia,0.6984126984126984,0.8461538461538461,0.7652173913043478,52
balanced_catboost,anemia_class,no_B6,development_oof,B12_deficiency_no_anemia,0.825,0.825,0.825,40
balanced_catboost,anemia_class,no_B6,development_oof,B6_deficiency,0.6363636363636364,0.25,0.358974358974359,28
balanced_catboost,anemia_class,no_B6,development_oof,anemia_other,0.8548387096774194,0.8833333333333333,0.8688524590163934,60
balanced_catboost,anemia_class,no_B6,development_oof,copper_deficiency,0.8846153846153846,0.8214285714285714,0.8518518518518519,28
balanced_catboost,anemia_class,no_B6,development_oof,folate_deficiency_anemia,0.75,0.825,0.7857142857142857,40
balanced_catboost,anemia_class,no_B6,development_oof,folate_deficiency_no_anemia,0.7777777777777778,0.65625,0.711864406779661,32
balanced_catboost,anemia_class,no_B6,development_oof,inflammation_anemia,0.85,0.9807692307692307,0.9107142857142857,52
balanced_catboost,anemia_class,no_B6,development_oof,iron_deficiency_anemia,0.8602150537634409,0.8695652173913043,0.8648648648648649,92
balanced_catboost,anemia_class,no_B6,development_oof,latent_deficiency,0.8472222222222222,0.8970588235294118,0.8714285714285714,68
balanced_catboost,anemia_class,no_B6,development_oof,mixed_deficiency,0.8181818181818182,0.6847826086956522,0.7455621301775148,92
balanced_catboost,anemia_class,no_B6,development_oof,no_anemia_no_deficiency,0.8350515463917526,0.9204545454545454,0.8756756756756757,88
balanced_catboost,anemia_class,no_copper,development_oof,B12_deficiency_anemia,0.6885245901639344,0.8076923076923077,0.7433628318584071,52
balanced_catboost,anemia_class,no_copper,development_oof,B12_deficiency_no_anemia,0.7674418604651163,0.825,0.7951807228915663,40
balanced_catboost,anemia_class,no_copper,development_oof,B6_deficiency,0.75,0.6428571428571429,0.6923076923076923,28
balanced_catboost,anemia_class,no_copper,development_oof,anemia_other,0.803030303030303,0.8833333333333333,0.8412698412698413,60
balanced_catboost,anemia_class,no_copper,development_oof,copper_deficiency,1.0,0.07142857142857142,0.13333333333333333,28
balanced_catboost,anemia_class,no_copper,development_oof,folate_deficiency_anemia,0.6538461538461539,0.85,0.7391304347826086,40
balanced_catboost,anemia_class,no_copper,development_oof,folate_deficiency_no_anemia,0.7,0.65625,0.6774193548387096,32
balanced_catboost,anemia_class,no_copper,development_oof,inflammation_anemia,0.8793103448275862,0.9807692307692307,0.9272727272727272,52
balanced_catboost,anemia_class,no_copper,development_oof,iron_deficiency_anemia,0.8602150537634409,0.8695652173913043,0.8648648648648649,92
balanced_catboost,anemia_class,no_copper,development_oof,latent_deficiency,0.8840579710144928,0.8970588235294118,0.8905109489051095,68
balanced_catboost,anemia_class,no_copper,development_oof,mixed_deficiency,0.8,0.6956521739130435,0.7441860465116279,92
balanced_catboost,anemia_class,no_copper,development_oof,no_anemia_no_deficiency,0.851063829787234,0.9090909090909091,0.8791208791208791,88
balanced_catboost,anemia_class,no_hemoglobin,development_oof,B12_deficiency_anemia,0.671875,0.8269230769230769,0.7413793103448276,52
balanced_catboost,anemia_class,no_hemoglobin,development_oof,B12_deficiency_no_anemia,1.0,0.625,0.7692307692307693,40
balanced_catboost,anemia_class,no_hemoglobin,development_oof,B6_deficiency,0.6896551724137931,0.7142857142857143,0.7017543859649122,28
balanced_catboost,anemia_class,no_hemoglobin,development_oof,anemia_other,0.8813559322033898,0.8666666666666667,0.8739495798319328,60
balanced_catboost,anemia_class,no_hemoglobin,development_oof,copper_deficiency,0.8571428571428571,0.8571428571428571,0.8571428571428571,28
balanced_catboost,anemia_class,no_hemoglobin,development_oof,folate_deficiency_anemia,0.5614035087719298,0.8,0.6597938144329897,40
balanced_catboost,anemia_class,no_hemoglobin,development_oof,folate_deficiency_no_anemia,0.7391304347826086,0.53125,0.6181818181818182,32
balanced_catboost,anemia_class,no_hemoglobin,development_oof,inflammation_anemia,0.8771929824561403,0.9615384615384616,0.9174311926605505,52
balanced_catboost,anemia_class,no_hemoglobin,development_oof,iron_deficiency_anemia,0.8282828282828283,0.8913043478260869,0.8586387434554974,92
balanced_catboost,anemia_class,no_hemoglobin,development_oof,latent_deficiency,0.9032258064516129,0.8235294117647058,0.8615384615384616,68
balanced_catboost,anemia_class,no_hemoglobin,development_oof,mixed_deficiency,0.7738095238095238,0.7065217391304348,0.7386363636363636,92
balanced_catboost,anemia_class,no_hemoglobin,development_oof,no_anemia_no_deficiency,0.8352941176470589,0.8068181818181818,0.8208092485549133,88
balanced_catboost,anemia_class,no_demographics,development_oof,B12_deficiency_anemia,0.6615384615384615,0.8269230769230769,0.7350427350427351,52
balanced_catboost,anemia_class,no_demographics,development_oof,B12_deficiency_no_anemia,0.96,0.6,0.7384615384615385,40
balanced_catboost,anemia_class,no_demographics,development_oof,B6_deficiency,0.8571428571428571,0.6428571428571429,0.7346938775510204,28
balanced_catboost,anemia_class,no_demographics,development_oof,anemia_other,0.803030303030303,0.8833333333333333,0.8412698412698413,60
balanced_catboost,anemia_class,no_demographics,development_oof,copper_deficiency,0.7931034482758621,0.8214285714285714,0.8070175438596491,28
balanced_catboost,anemia_class,no_demographics,development_oof,folate_deficiency_anemia,0.5961538461538461,0.775,0.6739130434782609,40
balanced_catboost,anemia_class,no_demographics,development_oof,folate_deficiency_no_anemia,0.7619047619047619,0.5,0.6037735849056604,32
balanced_catboost,anemia_class,no_demographics,development_oof,inflammation_anemia,0.8771929824561403,0.9615384615384616,0.9174311926605505,52
balanced_catboost,anemia_class,no_demographics,development_oof,iron_deficiency_anemia,0.8541666666666666,0.8913043478260869,0.8723404255319149,92
balanced_catboost,anemia_class,no_demographics,development_oof,latent_deficiency,0.8676470588235294,0.8676470588235294,0.8676470588235294,68
balanced_catboost,anemia_class,no_demographics,development_oof,mixed_deficiency,0.7901234567901234,0.6956521739130435,0.7398843930635838,92
balanced_catboost,anemia_class,no_demographics,development_oof,no_anemia_no_deficiency,0.8241758241758241,0.8522727272727273,0.8379888268156425,88
balanced_catboost,iron_deficiency,available,development_oof,0,0.9931192660550459,0.9863325740318907,0.9897142857142858,439
balanced_catboost,iron_deficiency,available,development_oof,1,0.9745762711864406,0.9871244635193133,0.9808102345415778,233
balanced_catboost,iron_deficiency,drop30,development_oof,0,0.9752252252252253,0.9863325740318907,0.9807474518686297,439
balanced_catboost,iron_deficiency,drop30,development_oof,1,0.9736842105263158,0.9527896995708155,0.9631236442516269,233
balanced_catboost,iron_deficiency,drop60,development_oof,0,0.9155844155844156,0.9635535307517085,0.9389567147613762,439
balanced_catboost,iron_deficiency,drop60,development_oof,1,0.9238095238095239,0.8326180257510729,0.8758465011286681,233
balanced_catboost,iron_deficiency,cbc_only,development_oof,0,0.8738938053097345,0.8997722095671982,0.8866442199775533,439
balanced_catboost,iron_deficiency,cbc_only,development_oof,1,0.8,0.7553648068669528,0.7770419426048565,233
balanced_catboost,iron_deficiency,hb_only,development_oof,0,0.6545454545454545,0.9840546697038725,0.7861692447679709,439
balanced_catboost,iron_deficiency,hb_only,development_oof,1,0.4166666666666667,0.02145922746781116,0.04081632653061224,233
balanced_catboost,iron_deficiency,no_iron,development_oof,0,0.8431771894093686,0.9430523917995444,0.8903225806451613,439
balanced_catboost,iron_deficiency,no_iron,development_oof,1,0.861878453038674,0.6695278969957081,0.7536231884057971,233
balanced_catboost,iron_deficiency,no_B12,development_oof,0,0.9931192660550459,0.9863325740318907,0.9897142857142858,439
balanced_catboost,iron_deficiency,no_B12,development_oof,1,0.9745762711864406,0.9871244635193133,0.9808102345415778,233
balanced_catboost,iron_deficiency,no_folate,development_oof,0,0.9908466819221968,0.9863325740318907,0.9885844748858448,439
balanced_catboost,iron_deficiency,no_folate,development_oof,1,0.9744680851063829,0.9828326180257511,0.9786324786324786,233
balanced_catboost,iron_deficiency,no_B6,development_oof,0,0.993103448275862,0.9840546697038725,0.988558352402746,439
balanced_catboost,iron_deficiency,no_B6,development_oof,1,0.9704641350210971,0.9871244635193133,0.9787234042553191,233
balanced_catboost,iron_deficiency,no_copper,development_oof,0,0.9931192660550459,0.9863325740318907,0.9897142857142858,439
balanced_catboost,iron_deficiency,no_copper,development_oof,1,0.9745762711864406,0.9871244635193133,0.9808102345415778,233
balanced_catboost,iron_deficiency,no_hemoglobin,development_oof,0,0.9931662870159453,0.9931662870159453,0.9931662870159453,439
balanced_catboost,iron_deficiency,no_hemoglobin,development_oof,1,0.9871244635193133,0.9871244635193133,0.9871244635193133,233
balanced_catboost,iron_deficiency,no_demographics,development_oof,0,0.9863945578231292,0.9908883826879271,0.9886363636363636,439
balanced_catboost,iron_deficiency,no_demographics,development_oof,1,0.9826839826839827,0.9742489270386266,0.978448275862069,233
balanced_catboost,B12_deficiency,available,development_oof,0,0.9864341085271318,0.9845261121856866,0.9854791868344628,517
balanced_catboost,B12_deficiency,available,development_oof,1,0.9487179487179487,0.9548387096774194,0.9517684887459807,155
balanced_catboost,B12_deficiency,drop30,development_oof,0,0.947069943289225,0.9690522243713733,0.9579349904397706,517
balanced_catboost,B12_deficiency,drop30,development_oof,1,0.8881118881118881,0.8193548387096774,0.8523489932885906,155
balanced_catboost,B12_deficiency,drop60,development_oof,0,0.9023508137432188,0.965183752417795,0.9327102803738317,517
balanced_catboost,B12_deficiency,drop60,development_oof,1,0.8487394957983193,0.6516129032258065,0.7372262773722628,155
balanced_catboost,B12_deficiency,cbc_only,development_oof,0,0.8660377358490566,0.8878143133462283,0.8767908309455588,517
balanced_catboost,B12_deficiency,cbc_only,development_oof,1,0.5915492957746479,0.5419354838709678,0.5656565656565656,155
balanced_catboost,B12_deficiency,hb_only,development_oof,0,0.7690014903129657,0.9980657640232108,0.8686868686868687,517
balanced_catboost,B12_deficiency,hb_only,development_oof,1,0.0,0.0,0.0,155
balanced_catboost,B12_deficiency,no_iron,development_oof,0,0.9882352941176471,0.9748549323017408,0.9814995131450828,517
balanced_catboost,B12_deficiency,no_iron,development_oof,1,0.9197530864197531,0.9612903225806452,0.9400630914826499,155
balanced_catboost,B12_deficiency,no_B12,development_oof,0,0.8807017543859649,0.9709864603481625,0.9236430542778289,517
balanced_catboost,B12_deficiency,no_B12,development_oof,1,0.8529411764705882,0.5612903225806452,0.6770428015564203,155
balanced_catboost,B12_deficiency,no_folate,development_oof,0,0.9806949806949807,0.9825918762088974,0.9816425120772947,517
balanced_catboost,B12_deficiency,no_folate,development_oof,1,0.9415584415584416,0.9354838709677419,0.9385113268608414,155
balanced_catboost,B12_deficiency,no_B6,development_oof,0,0.9883495145631068,0.9845261121856866,0.9864341085271318,517
balanced_catboost,B12_deficiency,no_B6,development_oof,1,0.9490445859872612,0.9612903225806452,0.9551282051282052,155
balanced_catboost,B12_deficiency,no_copper,development_oof,0,0.9864341085271318,0.9845261121856866,0.9854791868344628,517
balanced_catboost,B12_deficiency,no_copper,development_oof,1,0.9487179487179487,0.9548387096774194,0.9517684887459807,155
balanced_catboost,B12_deficiency,no_hemoglobin,development_oof,0,0.9884169884169884,0.9903288201160542,0.9893719806763285,517
balanced_catboost,B12_deficiency,no_hemoglobin,development_oof,1,0.9675324675324676,0.9612903225806452,0.9644012944983819,155
balanced_catboost,B12_deficiency,no_demographics,development_oof,0,0.9826923076923076,0.988394584139265,0.9855351976856316,517
balanced_catboost,B12_deficiency,no_demographics,development_oof,1,0.9605263157894737,0.9419354838709677,0.9511400651465798,155
balanced_catboost,folate_deficiency,available,development_oof,0,0.9403508771929825,0.9710144927536232,0.9554367201426025,552
balanced_catboost,folate_deficiency,available,development_oof,1,0.8431372549019608,0.7166666666666667,0.7747747747747747,120
balanced_catboost,folate_deficiency,drop30,development_oof,0,0.9202772963604853,0.9619565217391305,0.9406554472984943,552
balanced_catboost,folate_deficiency,drop30,development_oof,1,0.7789473684210526,0.6166666666666667,0.6883720930232559,120
balanced_catboost,folate_deficiency,drop60,development_oof,0,0.8898305084745762,0.9510869565217391,0.9194395796847635,552
balanced_catboost,folate_deficiency,drop60,development_oof,1,0.6707317073170732,0.4583333333333333,0.5445544554455446,120
balanced_catboost,folate_deficiency,cbc_only,development_oof,0,0.8780918727915195,0.9003623188405797,0.889087656529517,552
balanced_catboost,folate_deficiency,cbc_only,development_oof,1,0.4811320754716981,0.425,0.45132743362831856,120
balanced_catboost,folate_deficiency,hb_only,development_oof,0,0.8221225710014948,0.9963768115942029,0.9009009009009009,552
balanced_catboost,folate_deficiency,hb_only,development_oof,1,0.3333333333333333,0.008333333333333333,0.016260162601626018,120
balanced_catboost,folate_deficiency,no_iron,development_oof,0,0.9502664298401421,0.9692028985507246,0.9596412556053812,552
balanced_catboost,folate_deficiency,no_iron,development_oof,1,0.8440366972477065,0.7666666666666667,0.8034934497816594,120
balanced_catboost,folate_deficiency,no_B12,development_oof,0,0.9373881932021467,0.9492753623188406,0.9432943294329433,552
balanced_catboost,folate_deficiency,no_B12,development_oof,1,0.7522123893805309,0.7083333333333334,0.7296137339055794,120
balanced_catboost,folate_deficiency,no_folate,development_oof,0,0.8541666666666666,0.9655797101449275,0.9064625850340136,552
balanced_catboost,folate_deficiency,no_folate,development_oof,1,0.6041666666666666,0.24166666666666667,0.34523809523809523,120
balanced_catboost,folate_deficiency,no_B6,development_oof,0,0.9436619718309859,0.9710144927536232,0.9571428571428572,552
balanced_catboost,folate_deficiency,no_B6,development_oof,1,0.8461538461538461,0.7333333333333333,0.7857142857142857,120
balanced_catboost,folate_deficiency,no_copper,development_oof,0,0.9435626102292769,0.9692028985507246,0.9562109025915997,552
balanced_catboost,folate_deficiency,no_copper,development_oof,1,0.8380952380952381,0.7333333333333333,0.7822222222222223,120
balanced_catboost,folate_deficiency,no_hemoglobin,development_oof,0,0.9424083769633508,0.9782608695652174,0.96,552
balanced_catboost,folate_deficiency,no_hemoglobin,development_oof,1,0.8787878787878788,0.725,0.7945205479452054,120
balanced_catboost,folate_deficiency,no_demographics,development_oof,0,0.9148580968280468,0.9927536231884058,0.952215464813206,552
balanced_catboost,folate_deficiency,no_demographics,development_oof,1,0.9452054794520548,0.575,0.7150259067357513,120
balanced_catboost,B6_deficiency,available,development_oof,0,0.9787234042553191,1.0,0.989247311827957,644
balanced_catboost,B6_deficiency,available,development_oof,1,1.0,0.5,0.6666666666666666,28
balanced_catboost,B6_deficiency,drop30,development_oof,0,0.9742424242424242,0.9984472049689441,0.9861963190184049,644
balanced_catboost,B6_deficiency,drop30,development_oof,1,0.9166666666666666,0.39285714285714285,0.55,28
balanced_catboost,B6_deficiency,drop60,development_oof,0,0.9683257918552036,0.9968944099378882,0.9824024483550114,644
balanced_catboost,B6_deficiency,drop60,development_oof,1,0.7777777777777778,0.25,0.3783783783783784,28
balanced_catboost,B6_deficiency,cbc_only,development_oof,0,0.9636363636363636,0.9875776397515528,0.9754601226993865,644
balanced_catboost,B6_deficiency,cbc_only,development_oof,1,0.3333333333333333,0.14285714285714285,0.2,28
balanced_catboost,B6_deficiency,hb_only,development_oof,0,0.9583333333333334,1.0,0.9787234042553191,644
balanced_catboost,B6_deficiency,hb_only,development_oof,1,0.0,0.0,0.0,28
balanced_catboost,B6_deficiency,no_iron,development_oof,0,0.9846860643185299,0.9984472049689441,0.9915188897455667,644
balanced_catboost,B6_deficiency,no_iron,development_oof,1,0.9473684210526315,0.6428571428571429,0.7659574468085106,28
balanced_catboost,B6_deficiency,no_B12,development_oof,0,0.9802130898021308,1.0,0.9900076863950807,644
balanced_catboost,B6_deficiency,no_B12,development_oof,1,1.0,0.5357142857142857,0.6976744186046512,28
balanced_catboost,B6_deficiency,no_folate,development_oof,0,0.9787234042553191,1.0,0.989247311827957,644
balanced_catboost,B6_deficiency,no_folate,development_oof,1,1.0,0.5,0.6666666666666666,28
balanced_catboost,B6_deficiency,no_B6,development_oof,0,0.9611940298507463,1.0,0.9802130898021308,644
balanced_catboost,B6_deficiency,no_B6,development_oof,1,1.0,0.07142857142857142,0.13333333333333333,28
balanced_catboost,B6_deficiency,no_copper,development_oof,0,0.9787234042553191,1.0,0.989247311827957,644
balanced_catboost,B6_deficiency,no_copper,development_oof,1,1.0,0.5,0.6666666666666666,28
balanced_catboost,B6_deficiency,no_hemoglobin,development_oof,0,0.9772382397572079,1.0,0.9884881043745203,644
balanced_catboost,B6_deficiency,no_hemoglobin,development_oof,1,1.0,0.4642857142857143,0.6341463414634146,28
balanced_catboost,B6_deficiency,no_demographics,development_oof,0,0.971342383107089,1.0,0.9854628921193573,644
balanced_catboost,B6_deficiency,no_demographics,development_oof,1,1.0,0.32142857142857145,0.4864864864864865,28
balanced_catboost,copper_deficiency,available,development_oof,0,0.9861963190184049,0.9984472049689441,0.9922839506172839,644
balanced_catboost,copper_deficiency,available,development_oof,1,0.95,0.6785714285714286,0.7916666666666666,28
balanced_catboost,copper_deficiency,drop30,development_oof,0,0.9847094801223242,1.0,0.9922958397534669,644
balanced_catboost,copper_deficiency,drop30,development_oof,1,1.0,0.6428571428571429,0.782608695652174,28
balanced_catboost,copper_deficiency,drop60,development_oof,0,0.9698340874811463,0.9984472049689441,0.9839326702371843,644
balanced_catboost,copper_deficiency,drop60,development_oof,1,0.8888888888888888,0.2857142857142857,0.43243243243243246,28
balanced_catboost,copper_deficiency,cbc_only,development_oof,0,0.9638009049773756,0.9922360248447205,0.9778117827084928,644
balanced_catboost,copper_deficiency,cbc_only,development_oof,1,0.4444444444444444,0.14285714285714285,0.21621621621621623,28
balanced_catboost,copper_deficiency,hb_only,development_oof,0,0.9581464872944694,0.9953416149068323,0.9763899466869764,644
balanced_catboost,copper_deficiency,hb_only,development_oof,1,0.0,0.0,0.0,28
balanced_catboost,copper_deficiency,no_iron,development_oof,0,0.9877112135176651,0.9984472049689441,0.993050193050193,644
balanced_catboost,copper_deficiency,no_iron,development_oof,1,0.9523809523809523,0.7142857142857143,0.8163265306122449,28
balanced_catboost,copper_deficiency,no_B12,development_oof,0,0.9876923076923076,0.9968944099378882,0.9922720247295209,644
balanced_catboost,copper_deficiency,no_B12,development_oof,1,0.9090909090909091,0.7142857142857143,0.8,28
balanced_catboost,copper_deficiency,no_folate,development_oof,0,0.9861963190184049,0.9984472049689441,0.9922839506172839,644
balanced_catboost,copper_deficiency,no_folate,development_oof,1,0.95,0.6785714285714286,0.7916666666666666,28
balanced_catboost,copper_deficiency,no_B6,development_oof,0,0.9861963190184049,0.9984472049689441,0.9922839506172839,644
balanced_catboost,copper_deficiency,no_B6,development_oof,1,0.95,0.6785714285714286,0.7916666666666666,28
balanced_catboost,copper_deficiency,no_copper,development_oof,0,0.9597615499254843,1.0,0.979467680608365,644
balanced_catboost,copper_deficiency,no_copper,development_oof,1,1.0,0.03571428571428571,0.06896551724137931,28
balanced_catboost,copper_deficiency,no_hemoglobin,development_oof,0,0.9847094801223242,1.0,0.9922958397534669,644
balanced_catboost,copper_deficiency,no_hemoglobin,development_oof,1,1.0,0.6428571428571429,0.782608695652174,28
balanced_catboost,copper_deficiency,no_demographics,development_oof,0,0.987673343605547,0.9953416149068323,0.991492652745553,644
balanced_catboost,copper_deficiency,no_demographics,development_oof,1,0.8695652173913043,0.7142857142857143,0.7843137254901961,28
balanced_catboost,inflammation_anemia,available,development_oof,0,0.9967741935483871,0.9967741935483871,0.9967741935483871,620
balanced_catboost,inflammation_anemia,available,development_oof,1,0.9615384615384616,0.9615384615384616,0.9615384615384616,52
balanced_catboost,inflammation_anemia,drop30,development_oof,0,0.9888,0.9967741935483871,0.9927710843373494,620
balanced_catboost,inflammation_anemia,drop30,development_oof,1,0.9574468085106383,0.8653846153846154,0.9090909090909091,52
balanced_catboost,inflammation_anemia,drop60,development_oof,0,0.9701726844583988,0.9967741935483871,0.9832935560859188,620
balanced_catboost,inflammation_anemia,drop60,development_oof,1,0.9428571428571428,0.6346153846153846,0.7586206896551724,52
balanced_catboost,inflammation_anemia,cbc_only,development_oof,0,0.9617834394904459,0.9741935483870968,0.967948717948718,620
balanced_catboost,inflammation_anemia,cbc_only,development_oof,1,0.6363636363636364,0.5384615384615384,0.5833333333333334,52
balanced_catboost,inflammation_anemia,hb_only,development_oof,0,0.9226190476190477,1.0,0.9597523219814241,620
balanced_catboost,inflammation_anemia,hb_only,development_oof,1,0.0,0.0,0.0,52
balanced_catboost,inflammation_anemia,no_iron,development_oof,0,0.9919224555735057,0.9903225806451613,0.9911218724778047,620
balanced_catboost,inflammation_anemia,no_iron,development_oof,1,0.8867924528301887,0.9038461538461539,0.8952380952380953,52
balanced_catboost,inflammation_anemia,no_B12,development_oof,0,0.9967741935483871,0.9967741935483871,0.9967741935483871,620
balanced_catboost,inflammation_anemia,no_B12,development_oof,1,0.9615384615384616,0.9615384615384616,0.9615384615384616,52
balanced_catboost,inflammation_anemia,no_folate,development_oof,0,0.9967741935483871,0.9967741935483871,0.9967741935483871,620
balanced_catboost,inflammation_anemia,no_folate,development_oof,1,0.9615384615384616,0.9615384615384616,0.9615384615384616,52
balanced_catboost,inflammation_anemia,no_B6,development_oof,0,0.9967689822294022,0.9951612903225806,0.9959644874899112,620
balanced_catboost,inflammation_anemia,no_B6,development_oof,1,0.9433962264150944,0.9615384615384616,0.9523809523809523,52
balanced_catboost,inflammation_anemia,no_copper,development_oof,0,0.9967741935483871,0.9967741935483871,0.9967741935483871,620
balanced_catboost,inflammation_anemia,no_copper,development_oof,1,0.9615384615384616,0.9615384615384616,0.9615384615384616,52
balanced_catboost,inflammation_anemia,no_hemoglobin,development_oof,0,0.9967845659163987,1.0,0.998389694041868,620
balanced_catboost,inflammation_anemia,no_hemoglobin,development_oof,1,1.0,0.9615384615384616,0.9803921568627451,52
balanced_catboost,inflammation_anemia,no_demographics,development_oof,0,0.9967741935483871,0.9967741935483871,0.9967741935483871,620
balanced_catboost,inflammation_anemia,no_demographics,development_oof,1,0.9615384615384616,0.9615384615384616,0.9615384615384616,52
augmented_trees,anemia_class,available,development_oof,B12_deficiency_anemia,0.8653846153846154,0.8653846153846154,0.8653846153846154,52
augmented_trees,anemia_class,available,development_oof,B12_deficiency_no_anemia,0.9024390243902439,0.925,0.9135802469135802,40
augmented_trees,anemia_class,available,development_oof,B6_deficiency,0.9565217391304348,0.7857142857142857,0.8627450980392157,28
augmented_trees,anemia_class,available,development_oof,anemia_other,0.8769230769230769,0.95,0.912,60
augmented_trees,anemia_class,available,development_oof,copper_deficiency,0.9047619047619048,0.6785714285714286,0.7755102040816326,28
augmented_trees,anemia_class,available,development_oof,folate_deficiency_anemia,0.7948717948717948,0.775,0.7848101265822784,40
augmented_trees,anemia_class,available,development_oof,folate_deficiency_no_anemia,0.8333333333333334,0.625,0.7142857142857143,32
augmented_trees,anemia_class,available,development_oof,inflammation_anemia,0.9454545454545454,1.0,0.9719626168224299,52
augmented_trees,anemia_class,available,development_oof,iron_deficiency_anemia,0.851063829787234,0.8695652173913043,0.8602150537634409,92
augmented_trees,anemia_class,available,development_oof,latent_deficiency,0.8904109589041096,0.9558823529411765,0.9219858156028369,68
augmented_trees,anemia_class,available,development_oof,mixed_deficiency,0.8461538461538461,0.8369565217391305,0.8415300546448088,92
augmented_trees,anemia_class,available,development_oof,no_anemia_no_deficiency,0.8617021276595744,0.9204545454545454,0.8901098901098901,88
augmented_trees,anemia_class,drop30,development_oof,B12_deficiency_anemia,0.7547169811320755,0.7692307692307693,0.7619047619047619,52
augmented_trees,anemia_class,drop30,development_oof,B12_deficiency_no_anemia,0.8333333333333334,0.625,0.7142857142857143,40
augmented_trees,anemia_class,drop30,development_oof,B6_deficiency,0.9375,0.5357142857142857,0.6818181818181818,28
augmented_trees,anemia_class,drop30,development_oof,anemia_other,0.6867469879518072,0.95,0.7972027972027972,60
augmented_trees,anemia_class,drop30,development_oof,copper_deficiency,0.8947368421052632,0.6071428571428571,0.723404255319149,28
augmented_trees,anemia_class,drop30,development_oof,folate_deficiency_anemia,0.5897435897435898,0.575,0.5822784810126582,40
augmented_trees,anemia_class,drop30,development_oof,folate_deficiency_no_anemia,0.9285714285714286,0.40625,0.5652173913043478,32
augmented_trees,anemia_class,drop30,development_oof,inflammation_anemia,0.9215686274509803,0.9038461538461539,0.912621359223301,52
augmented_trees,anemia_class,drop30,development_oof,iron_deficiency_anemia,0.7352941176470589,0.8152173913043478,0.7731958762886598,92
augmented_trees,anemia_class,drop30,development_oof,latent_deficiency,0.8636363636363636,0.8382352941176471,0.8507462686567164,68
augmented_trees,anemia_class,drop30,development_oof,mixed_deficiency,0.7159090909090909,0.6847826086956522,0.7,92
augmented_trees,anemia_class,drop30,development_oof,no_anemia_no_deficiency,0.7207207207207207,0.9090909090909091,0.8040201005025126,88
augmented_trees,anemia_class,drop60,development_oof,B12_deficiency_anemia,0.6216216216216216,0.4423076923076923,0.5168539325842697,52
augmented_trees,anemia_class,drop60,development_oof,B12_deficiency_no_anemia,0.7777777777777778,0.35,0.4827586206896552,40
augmented_trees,anemia_class,drop60,development_oof,B6_deficiency,0.7272727272727273,0.2857142857142857,0.41025641025641024,28
augmented_trees,anemia_class,drop60,development_oof,anemia_other,0.368,0.7666666666666667,0.4972972972972973,60
augmented_trees,anemia_class,drop60,development_oof,copper_deficiency,0.8888888888888888,0.2857142857142857,0.43243243243243246,28
augmented_trees,anemia_class,drop60,development_oof,folate_deficiency_anemia,0.5161290322580645,0.4,0.4507042253521127,40
augmented_trees,anemia_class,drop60,development_oof,folate_deficiency_no_anemia,0.46153846153846156,0.1875,0.26666666666666666,32
augmented_trees,anemia_class,drop60,development_oof,inflammation_anemia,0.8809523809523809,0.7115384615384616,0.7872340425531915,52
augmented_trees,anemia_class,drop60,development_oof,iron_deficiency_anemia,0.5963302752293578,0.7065217391304348,0.6467661691542289,92
augmented_trees,anemia_class,drop60,development_oof,latent_deficiency,0.8571428571428571,0.6176470588235294,0.717948717948718,68
augmented_trees,anemia_class,drop60,development_oof,mixed_deficiency,0.5609756097560976,0.5,0.5287356321839081,92
augmented_trees,anemia_class,drop60,development_oof,no_anemia_no_deficiency,0.5068493150684932,0.8409090909090909,0.6324786324786325,88
augmented_trees,anemia_class,cbc_only,development_oof,B12_deficiency_anemia,0.47540983606557374,0.5576923076923077,0.5132743362831859,52
augmented_trees,anemia_class,cbc_only,development_oof,B12_deficiency_no_anemia,0.4444444444444444,0.3,0.3582089552238806,40
augmented_trees,anemia_class,cbc_only,development_oof,B6_deficiency,0.625,0.17857142857142858,0.2777777777777778,28
augmented_trees,anemia_class,cbc_only,development_oof,anemia_other,0.45098039215686275,0.7666666666666667,0.5679012345679012,60
augmented_trees,anemia_class,cbc_only,development_oof,copper_deficiency,0.0,0.0,0.0,28
augmented_trees,anemia_class,cbc_only,development_oof,folate_deficiency_anemia,0.40476190476190477,0.425,0.4146341463414634,40
augmented_trees,anemia_class,cbc_only,development_oof,folate_deficiency_no_anemia,0.22727272727272727,0.15625,0.18518518518518517,32
augmented_trees,anemia_class,cbc_only,development_oof,inflammation_anemia,0.56,0.2692307692307692,0.36363636363636365,52
augmented_trees,anemia_class,cbc_only,development_oof,iron_deficiency_anemia,0.5566037735849056,0.6413043478260869,0.5959595959595959,92
augmented_trees,anemia_class,cbc_only,development_oof,latent_deficiency,0.7068965517241379,0.6029411764705882,0.6507936507936508,68
augmented_trees,anemia_class,cbc_only,development_oof,mixed_deficiency,0.5903614457831325,0.532608695652174,0.56,92
augmented_trees,anemia_class,cbc_only,development_oof,no_anemia_no_deficiency,0.572463768115942,0.8977272727272727,0.6991150442477876,88
augmented_trees,anemia_class,hb_only,development_oof,B12_deficiency_anemia,0.0,0.0,0.0,52
augmented_trees,anemia_class,hb_only,development_oof,B12_deficiency_no_anemia,0.0,0.0,0.0,40
augmented_trees,anemia_class,hb_only,development_oof,B6_deficiency,0.0,0.0,0.0,28
augmented_trees,anemia_class,hb_only,development_oof,anemia_other,0.14285714285714285,1.0,0.25,60
augmented_trees,anemia_class,hb_only,development_oof,copper_deficiency,0.0,0.0,0.0,28
augmented_trees,anemia_class,hb_only,development_oof,folate_deficiency_anemia,0.0,0.0,0.0,40
augmented_trees,anemia_class,hb_only,development_oof,folate_deficiency_no_anemia,0.16666666666666666,0.03125,0.05263157894736842,32
augmented_trees,anemia_class,hb_only,development_oof,inflammation_anemia,0.0,0.0,0.0,52
augmented_trees,anemia_class,hb_only,development_oof,iron_deficiency_anemia,0.0,0.0,0.0,92
augmented_trees,anemia_class,hb_only,development_oof,latent_deficiency,0.0,0.0,0.0,68
augmented_trees,anemia_class,hb_only,development_oof,mixed_deficiency,0.0,0.0,0.0,92
augmented_trees,anemia_class,hb_only,development_oof,no_anemia_no_deficiency,0.35772357723577236,1.0,0.5269461077844312,88
augmented_trees,anemia_class,no_iron,development_oof,B12_deficiency_anemia,0.8823529411764706,0.8653846153846154,0.8737864077669902,52
augmented_trees,anemia_class,no_iron,development_oof,B12_deficiency_no_anemia,0.8260869565217391,0.95,0.8837209302325582,40
augmented_trees,anemia_class,no_iron,development_oof,B6_deficiency,0.7241379310344828,0.75,0.7368421052631579,28
augmented_trees,anemia_class,no_iron,development_oof,anemia_other,0.7361111111111112,0.8833333333333333,0.803030303030303,60
augmented_trees,anemia_class,no_iron,development_oof,copper_deficiency,0.9090909090909091,0.7142857142857143,0.8,28
augmented_trees,anemia_class,no_iron,development_oof,folate_deficiency_anemia,0.7692307692307693,0.75,0.759493670886076,40
augmented_trees,anemia_class,no_iron,development_oof,folate_deficiency_no_anemia,0.8181818181818182,0.5625,0.6666666666666666,32
augmented_trees,anemia_class,no_iron,development_oof,inflammation_anemia,0.8888888888888888,0.9230769230769231,0.9056603773584906,52
augmented_trees,anemia_class,no_iron,development_oof,iron_deficiency_anemia,0.8048780487804879,0.717391304347826,0.7586206896551724,92
augmented_trees,anemia_class,no_iron,development_oof,latent_deficiency,0.8809523809523809,0.5441176470588235,0.6727272727272727,68
augmented_trees,anemia_class,no_iron,development_oof,mixed_deficiency,0.7894736842105263,0.8152173913043478,0.8021390374331551,92
augmented_trees,anemia_class,no_iron,development_oof,no_anemia_no_deficiency,0.6949152542372882,0.9318181818181818,0.7961165048543689,88
augmented_trees,anemia_class,no_B12,development_oof,B12_deficiency_anemia,0.8461538461538461,0.8461538461538461,0.8461538461538461,52
augmented_trees,anemia_class,no_B12,development_oof,B12_deficiency_no_anemia,0.6666666666666666,0.15,0.24489795918367346,40
augmented_trees,anemia_class,no_B12,development_oof,B6_deficiency,0.9565217391304348,0.7857142857142857,0.8627450980392157,28
augmented_trees,anemia_class,no_B12,development_oof,anemia_other,0.8636363636363636,0.95,0.9047619047619048,60
augmented_trees,anemia_class,no_B12,development_oof,copper_deficiency,0.9047619047619048,0.6785714285714286,0.7755102040816326,28
augmented_trees,anemia_class,no_B12,development_oof,folate_deficiency_anemia,0.6595744680851063,0.775,0.7126436781609196,40
augmented_trees,anemia_class,no_B12,development_oof,folate_deficiency_no_anemia,0.5,0.5625,0.5294117647058824,32
augmented_trees,anemia_class,no_B12,development_oof,inflammation_anemia,0.9454545454545454,1.0,0.9719626168224299,52
augmented_trees,anemia_class,no_B12,development_oof,iron_deficiency_anemia,0.7878787878787878,0.8478260869565217,0.8167539267015707,92
augmented_trees,anemia_class,no_B12,development_oof,latent_deficiency,0.8666666666666667,0.9558823529411765,0.9090909090909091,68
augmented_trees,anemia_class,no_B12,development_oof,mixed_deficiency,0.7922077922077922,0.6630434782608695,0.7218934911242604,92
augmented_trees,anemia_class,no_B12,development_oof,no_anemia_no_deficiency,0.7142857142857143,0.9090909090909091,0.8,88
augmented_trees,anemia_class,no_folate,development_oof,B12_deficiency_anemia,0.5802469135802469,0.9038461538461539,0.706766917293233,52
augmented_trees,anemia_class,no_folate,development_oof,B12_deficiency_no_anemia,0.7346938775510204,0.9,0.8089887640449438,40
augmented_trees,anemia_class,no_folate,development_oof,B6_deficiency,0.9565217391304348,0.7857142857142857,0.8627450980392157,28
augmented_trees,anemia_class,no_folate,development_oof,anemia_other,0.8260869565217391,0.95,0.8837209302325582,60
augmented_trees,anemia_class,no_folate,development_oof,copper_deficiency,0.9047619047619048,0.6785714285714286,0.7755102040816326,28
augmented_trees,anemia_class,no_folate,development_oof,folate_deficiency_anemia,0.8260869565217391,0.475,0.6031746031746031,40
augmented_trees,anemia_class,no_folate,development_oof,folate_deficiency_no_anemia,0.5,0.09375,0.15789473684210525,32
augmented_trees,anemia_class,no_folate,development_oof,inflammation_anemia,0.9444444444444444,0.9807692307692307,0.9622641509433962,52
augmented_trees,anemia_class,no_folate,development_oof,iron_deficiency_anemia,0.7669902912621359,0.8586956521739131,0.8102564102564103,92
augmented_trees,anemia_class,no_folate,development_oof,latent_deficiency,0.8904109589041096,0.9558823529411765,0.9219858156028369,68
augmented_trees,anemia_class,no_folate,development_oof,mixed_deficiency,0.7878787878787878,0.5652173913043478,0.6582278481012658,92
augmented_trees,anemia_class,no_folate,development_oof,no_anemia_no_deficiency,0.7884615384615384,0.9318181818181818,0.8541666666666666,88
augmented_trees,anemia_class,no_B6,development_oof,B12_deficiency_anemia,0.8653846153846154,0.8653846153846154,0.8653846153846154,52
augmented_trees,anemia_class,no_B6,development_oof,B12_deficiency_no_anemia,0.9024390243902439,0.925,0.9135802469135802,40
augmented_trees,anemia_class,no_B6,development_oof,B6_deficiency,0.8333333333333334,0.17857142857142858,0.29411764705882354,28
augmented_trees,anemia_class,no_B6,development_oof,anemia_other,0.7808219178082192,0.95,0.8571428571428571,60
augmented_trees,anemia_class,no_B6,development_oof,copper_deficiency,0.9047619047619048,0.6785714285714286,0.7755102040816326,28
augmented_trees,anemia_class,no_B6,development_oof,folate_deficiency_anemia,0.7948717948717948,0.775,0.7848101265822784,40
augmented_trees,anemia_class,no_B6,development_oof,folate_deficiency_no_anemia,0.8333333333333334,0.625,0.7142857142857143,32
augmented_trees,anemia_class,no_B6,development_oof,inflammation_anemia,0.9285714285714286,1.0,0.9629629629629629,52
augmented_trees,anemia_class,no_B6,development_oof,iron_deficiency_anemia,0.8333333333333334,0.8695652173913043,0.851063829787234,92
augmented_trees,anemia_class,no_B6,development_oof,latent_deficiency,0.8333333333333334,0.9558823529411765,0.8904109589041096,68
augmented_trees,anemia_class,no_B6,development_oof,mixed_deficiency,0.8461538461538461,0.8369565217391305,0.8415300546448088,92
augmented_trees,anemia_class,no_B6,development_oof,no_anemia_no_deficiency,0.8526315789473684,0.9204545454545454,0.8852459016393442,88
augmented_trees,anemia_class,no_copper,development_oof,B12_deficiency_anemia,0.8461538461538461,0.8461538461538461,0.8461538461538461,52
augmented_trees,anemia_class,no_copper,development_oof,B12_deficiency_no_anemia,0.8222222222222222,0.925,0.8705882352941177,40
augmented_trees,anemia_class,no_copper,development_oof,B6_deficiency,0.9565217391304348,0.7857142857142857,0.8627450980392157,28
augmented_trees,anemia_class,no_copper,development_oof,anemia_other,0.7808219178082192,0.95,0.8571428571428571,60
augmented_trees,anemia_class,no_copper,development_oof,copper_deficiency,0.0,0.0,0.0,28
augmented_trees,anemia_class,no_copper,development_oof,folate_deficiency_anemia,0.7441860465116279,0.8,0.7710843373493976,40
augmented_trees,anemia_class,no_copper,development_oof,folate_deficiency_no_anemia,0.7407407407407407,0.625,0.6779661016949152,32
augmented_trees,anemia_class,no_copper,development_oof,inflammation_anemia,0.9285714285714286,1.0,0.9629629629629629,52
augmented_trees,anemia_class,no_copper,development_oof,iron_deficiency_anemia,0.851063829787234,0.8695652173913043,0.8602150537634409,92
augmented_trees,anemia_class,no_copper,development_oof,latent_deficiency,0.8783783783783784,0.9558823529411765,0.9154929577464789,68
augmented_trees,anemia_class,no_copper,development_oof,mixed_deficiency,0.8369565217391305,0.8369565217391305,0.8369565217391305,92
augmented_trees,anemia_class,no_copper,development_oof,no_anemia_no_deficiency,0.8709677419354839,0.9204545454545454,0.8950276243093923,88
augmented_trees,anemia_class,no_hemoglobin,development_oof,B12_deficiency_anemia,0.7419354838709677,0.8846153846153846,0.8070175438596491,52
augmented_trees,anemia_class,no_hemoglobin,development_oof,B12_deficiency_no_anemia,0.9259259259259259,0.625,0.746268656716418,40
augmented_trees,anemia_class,no_hemoglobin,development_oof,B6_deficiency,1.0,0.8214285714285714,0.9019607843137255,28
augmented_trees,anemia_class,no_hemoglobin,development_oof,anemia_other,0.8461538461538461,0.9166666666666666,0.88,60
augmented_trees,anemia_class,no_hemoglobin,development_oof,copper_deficiency,0.9130434782608695,0.75,0.8235294117647058,28
augmented_trees,anemia_class,no_hemoglobin,development_oof,folate_deficiency_anemia,0.6666666666666666,0.7,0.6829268292682927,40
augmented_trees,anemia_class,no_hemoglobin,development_oof,folate_deficiency_no_anemia,1.0,0.40625,0.5777777777777777,32
augmented_trees,anemia_class,no_hemoglobin,development_oof,inflammation_anemia,0.9629629629629629,1.0,0.9811320754716981,52
augmented_trees,anemia_class,no_hemoglobin,development_oof,iron_deficiency_anemia,0.8315789473684211,0.8586956521739131,0.8449197860962567,92
augmented_trees,anemia_class,no_hemoglobin,development_oof,latent_deficiency,0.9242424242424242,0.8970588235294118,0.9104477611940298,68
augmented_trees,anemia_class,no_hemoglobin,development_oof,mixed_deficiency,0.8163265306122449,0.8695652173913043,0.8421052631578947,92
augmented_trees,anemia_class,no_hemoglobin,development_oof,no_anemia_no_deficiency,0.8076923076923077,0.9545454545454546,0.875,88
augmented_trees,anemia_class,no_demographics,development_oof,B12_deficiency_anemia,0.7931034482758621,0.8846153846153846,0.8363636363636363,52
augmented_trees,anemia_class,no_demographics,development_oof,B12_deficiency_no_anemia,0.8648648648648649,0.8,0.8311688311688312,40
augmented_trees,anemia_class,no_demographics,development_oof,B6_deficiency,0.9583333333333334,0.8214285714285714,0.8846153846153846,28
augmented_trees,anemia_class,no_demographics,development_oof,anemia_other,0.8055555555555556,0.9666666666666667,0.8787878787878788,60
augmented_trees,anemia_class,no_demographics,development_oof,copper_deficiency,0.9047619047619048,0.6785714285714286,0.7755102040816326,28
augmented_trees,anemia_class,no_demographics,development_oof,folate_deficiency_anemia,0.6888888888888889,0.775,0.7294117647058823,40
augmented_trees,anemia_class,no_demographics,development_oof,folate_deficiency_no_anemia,0.9230769230769231,0.375,0.5333333333333333,32
augmented_trees,anemia_class,no_demographics,development_oof,inflammation_anemia,0.9629629629629629,1.0,0.9811320754716981,52
augmented_trees,anemia_class,no_demographics,development_oof,iron_deficiency_anemia,0.8229166666666666,0.8586956521739131,0.8404255319148937,92
augmented_trees,anemia_class,no_demographics,development_oof,latent_deficiency,0.8732394366197183,0.9117647058823529,0.8920863309352518,68
augmented_trees,anemia_class,no_demographics,development_oof,mixed_deficiency,0.8666666666666667,0.8478260869565217,0.8571428571428571,92
augmented_trees,anemia_class,no_demographics,development_oof,no_anemia_no_deficiency,0.8571428571428571,0.8863636363636364,0.8715083798882681,88
augmented_trees,iron_deficiency,available,development_oof,0,0.9909502262443439,0.9977220956719818,0.9943246311010215,439
augmented_trees,iron_deficiency,available,development_oof,1,0.9956521739130435,0.9828326180257511,0.9892008639308856,233
augmented_trees,iron_deficiency,drop30,development_oof,0,0.9688888888888889,0.9931662870159453,0.9808773903262092,439
augmented_trees,iron_deficiency,drop30,development_oof,1,0.9864864864864865,0.9399141630901288,0.9626373626373627,233
augmented_trees,iron_deficiency,drop60,development_oof,0,0.9083333333333333,0.9931662870159453,0.9488574537540805,439
augmented_trees,iron_deficiency,drop60,development_oof,1,0.984375,0.8111587982832618,0.8894117647058823,233
augmented_trees,iron_deficiency,cbc_only,development_oof,0,0.8343313373253493,0.9521640091116174,0.8893617021276595,439
augmented_trees,iron_deficiency,cbc_only,development_oof,1,0.8771929824561403,0.6437768240343348,0.7425742574257426,233
augmented_trees,iron_deficiency,hb_only,development_oof,0,0.6532738095238095,1.0,0.7902790279027903,439
augmented_trees,iron_deficiency,hb_only,development_oof,1,0.0,0.0,0.0,233
augmented_trees,iron_deficiency,no_iron,development_oof,0,0.8090737240075614,0.9749430523917996,0.8842975206611571,439
augmented_trees,iron_deficiency,no_iron,development_oof,1,0.9230769230769231,0.5665236051502146,0.7021276595744681,233
augmented_trees,iron_deficiency,no_B12,development_oof,0,0.9909502262443439,0.9977220956719818,0.9943246311010215,439
augmented_trees,iron_deficiency,no_B12,development_oof,1,0.9956521739130435,0.9828326180257511,0.9892008639308856,233
augmented_trees,iron_deficiency,no_folate,development_oof,0,0.9909502262443439,0.9977220956719818,0.9943246311010215,439
augmented_trees,iron_deficiency,no_folate,development_oof,1,0.9956521739130435,0.9828326180257511,0.9892008639308856,233
augmented_trees,iron_deficiency,no_B6,development_oof,0,0.9908883826879271,0.9908883826879271,0.9908883826879271,439
augmented_trees,iron_deficiency,no_B6,development_oof,1,0.9828326180257511,0.9828326180257511,0.9828326180257511,233
augmented_trees,iron_deficiency,no_copper,development_oof,0,0.9909502262443439,0.9977220956719818,0.9943246311010215,439
augmented_trees,iron_deficiency,no_copper,development_oof,1,0.9956521739130435,0.9828326180257511,0.9892008639308856,233
augmented_trees,iron_deficiency,no_hemoglobin,development_oof,0,0.9909502262443439,0.9977220956719818,0.9943246311010215,439
augmented_trees,iron_deficiency,no_hemoglobin,development_oof,1,0.9956521739130435,0.9828326180257511,0.9892008639308856,233
augmented_trees,iron_deficiency,no_demographics,development_oof,0,0.9909502262443439,0.9977220956719818,0.9943246311010215,439
augmented_trees,iron_deficiency,no_demographics,development_oof,1,0.9956521739130435,0.9828326180257511,0.9892008639308856,233
augmented_trees,B12_deficiency,available,development_oof,0,0.9941634241245136,0.988394584139265,0.991270611057226,517
augmented_trees,B12_deficiency,available,development_oof,1,0.9620253164556962,0.9806451612903225,0.9712460063897763,155
augmented_trees,B12_deficiency,drop30,development_oof,0,0.956766917293233,0.9845261121856866,0.9704480457578646,517
augmented_trees,B12_deficiency,drop30,development_oof,1,0.9428571428571428,0.8516129032258064,0.8949152542372881,155
augmented_trees,B12_deficiency,drop60,development_oof,0,0.904424778761062,0.988394584139265,0.944547134935305,517
augmented_trees,B12_deficiency,drop60,development_oof,1,0.9439252336448598,0.6516129032258065,0.7709923664122137,155
augmented_trees,B12_deficiency,cbc_only,development_oof,0,0.8163934426229508,0.9632495164410058,0.8837622005323869,517
augmented_trees,B12_deficiency,cbc_only,development_oof,1,0.6935483870967742,0.27741935483870966,0.39631336405529954,155
augmented_trees,B12_deficiency,hb_only,development_oof,0,0.7693452380952381,1.0,0.8696383515559294,517
augmented_trees,B12_deficiency,hb_only,development_oof,1,0.0,0.0,0.0,155
augmented_trees,B12_deficiency,no_iron,development_oof,0,0.9941291585127201,0.9825918762088974,0.9883268482490273,517
augmented_trees,B12_deficiency,no_iron,development_oof,1,0.9440993788819876,0.9806451612903225,0.9620253164556962,155
augmented_trees,B12_deficiency,no_B12,development_oof,0,0.8653198653198653,0.9941972920696325,0.9252925292529253,517
augmented_trees,B12_deficiency,no_B12,development_oof,1,0.9615384615384616,0.4838709677419355,0.6437768240343348,155
augmented_trees,B12_deficiency,no_folate,development_oof,0,0.994140625,0.9845261121856866,0.989310009718173,517
augmented_trees,B12_deficiency,no_folate,development_oof,1,0.95,0.9806451612903225,0.9650793650793651,155
augmented_trees,B12_deficiency,no_B6,development_oof,0,0.9941634241245136,0.988394584139265,0.991270611057226,517
augmented_trees,B12_deficiency,no_B6,development_oof,1,0.9620253164556962,0.9806451612903225,0.9712460063897763,155
augmented_trees,B12_deficiency,no_copper,development_oof,0,0.9941634241245136,0.988394584139265,0.991270611057226,517
augmented_trees,B12_deficiency,no_copper,development_oof,1,0.9620253164556962,0.9806451612903225,0.9712460063897763,155
augmented_trees,B12_deficiency,no_hemoglobin,development_oof,0,0.9941520467836257,0.9864603481624759,0.9902912621359223,517
augmented_trees,B12_deficiency,no_hemoglobin,development_oof,1,0.9559748427672956,0.9806451612903225,0.9681528662420382,155
augmented_trees,B12_deficiency,no_demographics,development_oof,0,0.9941634241245136,0.988394584139265,0.991270611057226,517
augmented_trees,B12_deficiency,no_demographics,development_oof,1,0.9620253164556962,0.9806451612903225,0.9712460063897763,155
augmented_trees,folate_deficiency,available,development_oof,0,0.9398625429553265,0.9909420289855072,0.9647266313932981,552
augmented_trees,folate_deficiency,available,development_oof,1,0.9444444444444444,0.7083333333333334,0.8095238095238095,120
augmented_trees,folate_deficiency,drop30,development_oof,0,0.9016393442622951,0.9963768115942029,0.9466437177280551,552
augmented_trees,folate_deficiency,drop30,development_oof,1,0.967741935483871,0.5,0.6593406593406593,120
augmented_trees,folate_deficiency,drop60,development_oof,0,0.8716323296354992,0.9963768115942029,0.9298393913778529,552
augmented_trees,folate_deficiency,drop60,development_oof,1,0.9512195121951219,0.325,0.484472049689441,120
augmented_trees,folate_deficiency,cbc_only,development_oof,0,0.8430141287284144,0.9728260869565217,0.9032800672834315,552
augmented_trees,folate_deficiency,cbc_only,development_oof,1,0.5714285714285714,0.16666666666666666,0.25806451612903225,120
augmented_trees,folate_deficiency,hb_only,development_oof,0,0.8214285714285714,1.0,0.9019607843137255,552
augmented_trees,folate_deficiency,hb_only,development_oof,1,0.0,0.0,0.0,120
augmented_trees,folate_deficiency,no_iron,development_oof,0,0.940068493150685,0.9945652173913043,0.9665492957746479,552
augmented_trees,folate_deficiency,no_iron,development_oof,1,0.9659090909090909,0.7083333333333334,0.8173076923076923,120
augmented_trees,folate_deficiency,no_B12,development_oof,0,0.9392361111111112,0.980072463768116,0.9592198581560284,552
augmented_trees,folate_deficiency,no_B12,development_oof,1,0.8854166666666666,0.7083333333333334,0.7870370370370371,120
augmented_trees,folate_deficiency,no_folate,development_oof,0,0.8340943683409436,0.9927536231884058,0.9065343258891646,552
augmented_trees,folate_deficiency,no_folate,development_oof,1,0.7333333333333333,0.09166666666666666,0.16296296296296298,120
augmented_trees,folate_deficiency,no_B6,development_oof,0,0.9398625429553265,0.9909420289855072,0.9647266313932981,552
augmented_trees,folate_deficiency,no_B6,development_oof,1,0.9444444444444444,0.7083333333333334,0.8095238095238095,120
augmented_trees,folate_deficiency,no_copper,development_oof,0,0.9398625429553265,0.9909420289855072,0.9647266313932981,552
augmented_trees,folate_deficiency,no_copper,development_oof,1,0.9444444444444444,0.7083333333333334,0.8095238095238095,120
augmented_trees,folate_deficiency,no_hemoglobin,development_oof,0,0.9398625429553265,0.9909420289855072,0.9647266313932981,552
augmented_trees,folate_deficiency,no_hemoglobin,development_oof,1,0.9444444444444444,0.7083333333333334,0.8095238095238095,120
augmented_trees,folate_deficiency,no_demographics,development_oof,0,0.9399656946826758,0.9927536231884058,0.9656387665198238,552
augmented_trees,folate_deficiency,no_demographics,development_oof,1,0.9550561797752809,0.7083333333333334,0.8133971291866029,120
augmented_trees,B6_deficiency,available,development_oof,0,0.9922720247295209,0.9968944099378882,0.994577846630519,644
augmented_trees,B6_deficiency,available,development_oof,1,0.92,0.8214285714285714,0.8679245283018868,28
augmented_trees,B6_deficiency,drop30,development_oof,0,0.9801829268292683,0.9984472049689441,0.9892307692307692,644
augmented_trees,B6_deficiency,drop30,development_oof,1,0.9375,0.5357142857142857,0.6818181818181818,28
augmented_trees,B6_deficiency,drop60,development_oof,0,0.9697885196374623,0.9968944099378882,0.9831546707503829,644
augmented_trees,B6_deficiency,drop60,development_oof,1,0.8,0.2857142857142857,0.42105263157894735,28
augmented_trees,B6_deficiency,cbc_only,development_oof,0,0.9611940298507463,1.0,0.9802130898021308,644
augmented_trees,B6_deficiency,cbc_only,development_oof,1,1.0,0.07142857142857142,0.13333333333333333,28
augmented_trees,B6_deficiency,hb_only,development_oof,0,0.9583333333333334,1.0,0.9787234042553191,644
augmented_trees,B6_deficiency,hb_only,development_oof,1,0.0,0.0,0.0,28
augmented_trees,B6_deficiency,no_iron,development_oof,0,0.9922480620155039,0.9937888198757764,0.9930178432893716,644
augmented_trees,B6_deficiency,no_iron,development_oof,1,0.8518518518518519,0.8214285714285714,0.8363636363636363,28
augmented_trees,B6_deficiency,no_B12,development_oof,0,0.9922720247295209,0.9968944099378882,0.994577846630519,644
augmented_trees,B6_deficiency,no_B12,development_oof,1,0.92,0.8214285714285714,0.8679245283018868,28
augmented_trees,B6_deficiency,no_folate,development_oof,0,0.9922839506172839,0.9984472049689441,0.9953560371517027,644
augmented_trees,B6_deficiency,no_folate,development_oof,1,0.9583333333333334,0.8214285714285714,0.8846153846153846,28
augmented_trees,B6_deficiency,no_B6,development_oof,0,0.9611940298507463,1.0,0.9802130898021308,644
augmented_trees,B6_deficiency,no_B6,development_oof,1,1.0,0.07142857142857142,0.13333333333333333,28
augmented_trees,B6_deficiency,no_copper,development_oof,0,0.9922720247295209,0.9968944099378882,0.994577846630519,644
augmented_trees,B6_deficiency,no_copper,development_oof,1,0.92,0.8214285714285714,0.8679245283018868,28
augmented_trees,B6_deficiency,no_hemoglobin,development_oof,0,0.9907550077041603,0.9984472049689441,0.9945862335653519,644
augmented_trees,B6_deficiency,no_hemoglobin,development_oof,1,0.9565217391304348,0.7857142857142857,0.8627450980392157,28
augmented_trees,B6_deficiency,no_demographics,development_oof,0,0.9907550077041603,0.9984472049689441,0.9945862335653519,644
augmented_trees,B6_deficiency,no_demographics,development_oof,1,0.9565217391304348,0.7857142857142857,0.8627450980392157,28
augmented_trees,copper_deficiency,available,development_oof,0,0.9953560371517027,0.9984472049689441,0.9968992248062015,644
augmented_trees,copper_deficiency,available,development_oof,1,0.9615384615384616,0.8928571428571429,0.9259259259259259,28
augmented_trees,copper_deficiency,drop30,development_oof,0,0.989247311827957,1.0,0.9945945945945946,644
augmented_trees,copper_deficiency,drop30,development_oof,1,1.0,0.75,0.8571428571428571,28
augmented_trees,copper_deficiency,drop60,development_oof,0,0.9772382397572079,1.0,0.9884881043745203,644
augmented_trees,copper_deficiency,drop60,development_oof,1,1.0,0.4642857142857143,0.6341463414634146,28
augmented_trees,copper_deficiency,cbc_only,development_oof,0,0.9583333333333334,1.0,0.9787234042553191,644
augmented_trees,copper_deficiency,cbc_only,development_oof,1,0.0,0.0,0.0,28
augmented_trees,copper_deficiency,hb_only,development_oof,0,0.9583333333333334,1.0,0.9787234042553191,644
augmented_trees,copper_deficiency,hb_only,development_oof,1,0.0,0.0,0.0,28
augmented_trees,copper_deficiency,no_iron,development_oof,0,0.9953560371517027,0.9984472049689441,0.9968992248062015,644
augmented_trees,copper_deficiency,no_iron,development_oof,1,0.9615384615384616,0.8928571428571429,0.9259259259259259,28
augmented_trees,copper_deficiency,no_B12,development_oof,0,0.9953560371517027,0.9984472049689441,0.9968992248062015,644
augmented_trees,copper_deficiency,no_B12,development_oof,1,0.9615384615384616,0.8928571428571429,0.9259259259259259,28
augmented_trees,copper_deficiency,no_folate,development_oof,0,0.9968992248062015,0.9984472049689441,0.9976726144297905,644
augmented_trees,copper_deficiency,no_folate,development_oof,1,0.9629629629629629,0.9285714285714286,0.9454545454545454,28
augmented_trees,copper_deficiency,no_B6,development_oof,0,0.9953560371517027,0.9984472049689441,0.9968992248062015,644
augmented_trees,copper_deficiency,no_B6,development_oof,1,0.9615384615384616,0.8928571428571429,0.9259259259259259,28
augmented_trees,copper_deficiency,no_copper,development_oof,0,0.9583333333333334,1.0,0.9787234042553191,644
augmented_trees,copper_deficiency,no_copper,development_oof,1,0.0,0.0,0.0,28
augmented_trees,copper_deficiency,no_hemoglobin,development_oof,0,0.9953560371517027,0.9984472049689441,0.9968992248062015,644
augmented_trees,copper_deficiency,no_hemoglobin,development_oof,1,0.9615384615384616,0.8928571428571429,0.9259259259259259,28
augmented_trees,copper_deficiency,no_demographics,development_oof,0,0.9953560371517027,0.9984472049689441,0.9968992248062015,644
augmented_trees,copper_deficiency,no_demographics,development_oof,1,0.9615384615384616,0.8928571428571429,0.9259259259259259,28
augmented_trees,inflammation_anemia,available,development_oof,0,0.9935897435897436,1.0,0.9967845659163987,620
augmented_trees,inflammation_anemia,available,development_oof,1,1.0,0.9230769230769231,0.96,52
augmented_trees,inflammation_anemia,drop30,development_oof,0,0.9888178913738019,0.9983870967741936,0.9935794542536116,620
augmented_trees,inflammation_anemia,drop30,development_oof,1,0.9782608695652174,0.8653846153846154,0.9183673469387755,52
augmented_trees,inflammation_anemia,drop60,development_oof,0,0.9671361502347418,0.9967741935483871,0.9817315329626688,620
augmented_trees,inflammation_anemia,drop60,development_oof,1,0.9393939393939394,0.5961538461538461,0.7294117647058823,52
augmented_trees,inflammation_anemia,cbc_only,development_oof,0,0.9264264264264265,0.9951612903225806,0.9595645412130638,620
augmented_trees,inflammation_anemia,cbc_only,development_oof,1,0.5,0.057692307692307696,0.10344827586206896,52
augmented_trees,inflammation_anemia,hb_only,development_oof,0,0.9226190476190477,1.0,0.9597523219814241,620
augmented_trees,inflammation_anemia,hb_only,development_oof,1,0.0,0.0,0.0,52
augmented_trees,inflammation_anemia,no_iron,development_oof,0,0.9904153354632588,1.0,0.9951845906902087,620
augmented_trees,inflammation_anemia,no_iron,development_oof,1,1.0,0.8846153846153846,0.9387755102040817,52
augmented_trees,inflammation_anemia,no_B12,development_oof,0,0.9935897435897436,1.0,0.9967845659163987,620
augmented_trees,inflammation_anemia,no_B12,development_oof,1,1.0,0.9230769230769231,0.96,52
augmented_trees,inflammation_anemia,no_folate,development_oof,0,0.9935897435897436,1.0,0.9967845659163987,620
augmented_trees,inflammation_anemia,no_folate,development_oof,1,1.0,0.9230769230769231,0.96,52
augmented_trees,inflammation_anemia,no_B6,development_oof,0,0.9935897435897436,1.0,0.9967845659163987,620
augmented_trees,inflammation_anemia,no_B6,development_oof,1,1.0,0.9230769230769231,0.96,52
augmented_trees,inflammation_anemia,no_copper,development_oof,0,0.9935897435897436,1.0,0.9967845659163987,620
augmented_trees,inflammation_anemia,no_copper,development_oof,1,1.0,0.9230769230769231,0.96,52
augmented_trees,inflammation_anemia,no_hemoglobin,development_oof,0,0.9935897435897436,1.0,0.9967845659163987,620
augmented_trees,inflammation_anemia,no_hemoglobin,development_oof,1,1.0,0.9230769230769231,0.96,52
augmented_trees,inflammation_anemia,no_demographics,development_oof,0,0.9935897435897436,1.0,0.9967845659163987,620
augmented_trees,inflammation_anemia,no_demographics,development_oof,1,1.0,0.9230769230769231,0.96,52
panel_expert,anemia_class,available,development_oof,B12_deficiency_anemia,0.7166666666666667,0.8269230769230769,0.7678571428571429,52
panel_expert,anemia_class,available,development_oof,B12_deficiency_no_anemia,0.7906976744186046,0.85,0.8192771084337349,40
panel_expert,anemia_class,available,development_oof,B6_deficiency,0.8235294117647058,0.5,0.6222222222222222,28
panel_expert,anemia_class,available,development_oof,anemia_other,0.8115942028985508,0.9333333333333333,0.8682170542635659,60
panel_expert,anemia_class,available,development_oof,copper_deficiency,0.8947368421052632,0.6071428571428571,0.723404255319149,28
panel_expert,anemia_class,available,development_oof,folate_deficiency_anemia,0.6976744186046512,0.75,0.7228915662650602,40
panel_expert,anemia_class,available,development_oof,folate_deficiency_no_anemia,0.9,0.5625,0.6923076923076923,32
panel_expert,anemia_class,available,development_oof,inflammation_anemia,0.9107142857142857,0.9807692307692307,0.9444444444444444,52
panel_expert,anemia_class,available,development_oof,iron_deficiency_anemia,0.8526315789473684,0.8804347826086957,0.8663101604278075,92
panel_expert,anemia_class,available,development_oof,latent_deficiency,0.8985507246376812,0.9117647058823529,0.9051094890510949,68
panel_expert,anemia_class,available,development_oof,mixed_deficiency,0.7901234567901234,0.6956521739130435,0.7398843930635838,92
panel_expert,anemia_class,available,development_oof,no_anemia_no_deficiency,0.83,0.9431818181818182,0.8829787234042553,88
panel_expert,anemia_class,drop30,development_oof,B12_deficiency_anemia,0.6739130434782609,0.5961538461538461,0.6326530612244898,52
panel_expert,anemia_class,drop30,development_oof,B12_deficiency_no_anemia,0.7931034482758621,0.575,0.6666666666666666,40
panel_expert,anemia_class,drop30,development_oof,B6_deficiency,0.875,0.5,0.6363636363636364,28
panel_expert,anemia_class,drop30,development_oof,anemia_other,0.6125,0.8166666666666667,0.7,60
panel_expert,anemia_class,drop30,development_oof,copper_deficiency,0.85,0.6071428571428571,0.7083333333333334,28
panel_expert,anemia_class,drop30,development_oof,folate_deficiency_anemia,0.5555555555555556,0.5,0.5263157894736842,40
panel_expert,anemia_class,drop30,development_oof,folate_deficiency_no_anemia,0.5833333333333334,0.21875,0.3181818181818182,32
panel_expert,anemia_class,drop30,development_oof,inflammation_anemia,0.7419354838709677,0.8846153846153846,0.8070175438596491,52
panel_expert,anemia_class,drop30,development_oof,iron_deficiency_anemia,0.7129629629629629,0.8369565217391305,0.77,92
panel_expert,anemia_class,drop30,development_oof,latent_deficiency,0.8305084745762712,0.7205882352941176,0.7716535433070866,68
panel_expert,anemia_class,drop30,development_oof,mixed_deficiency,0.6451612903225806,0.6521739130434783,0.6486486486486487,92
panel_expert,anemia_class,drop30,development_oof,no_anemia_no_deficiency,0.6756756756756757,0.8522727272727273,0.7537688442211056,88
panel_expert,anemia_class,drop60,development_oof,B12_deficiency_anemia,0.6296296296296297,0.3269230769230769,0.43037974683544306,52
panel_expert,anemia_class,drop60,development_oof,B12_deficiency_no_anemia,0.6842105263157895,0.325,0.4406779661016949,40
panel_expert,anemia_class,drop60,development_oof,B6_deficiency,0.8,0.2857142857142857,0.42105263157894735,28
panel_expert,anemia_class,drop60,development_oof,anemia_other,0.34234234234234234,0.6333333333333333,0.4444444444444444,60
panel_expert,anemia_class,drop60,development_oof,copper_deficiency,0.7,0.25,0.3684210526315789,28
panel_expert,anemia_class,drop60,development_oof,folate_deficiency_anemia,0.5,0.375,0.42857142857142855,40
panel_expert,anemia_class,drop60,development_oof,folate_deficiency_no_anemia,0.45454545454545453,0.15625,0.23255813953488372,32
panel_expert,anemia_class,drop60,development_oof,inflammation_anemia,0.7142857142857143,0.6730769230769231,0.693069306930693,52
panel_expert,anemia_class,drop60,development_oof,iron_deficiency_anemia,0.4484848484848485,0.8043478260869565,0.5758754863813229,92
panel_expert,anemia_class,drop60,development_oof,latent_deficiency,0.813953488372093,0.5147058823529411,0.6306306306306306,68
panel_expert,anemia_class,drop60,development_oof,mixed_deficiency,0.47191011235955055,0.45652173913043476,0.46408839779005523,92
panel_expert,anemia_class,drop60,development_oof,no_anemia_no_deficiency,0.5555555555555556,0.6818181818181818,0.6122448979591837,88
panel_expert,anemia_class,cbc_only,development_oof,B12_deficiency_anemia,0.48214285714285715,0.5192307692307693,0.5,52
panel_expert,anemia_class,cbc_only,development_oof,B12_deficiency_no_anemia,0.41025641025641024,0.4,0.4050632911392405,40
panel_expert,anemia_class,cbc_only,development_oof,B6_deficiency,0.4,0.07142857142857142,0.12121212121212122,28
panel_expert,anemia_class,cbc_only,development_oof,anemia_other,0.5125,0.6833333333333333,0.5857142857142857,60
panel_expert,anemia_class,cbc_only,development_oof,copper_deficiency,0.0,0.0,0.0,28
panel_expert,anemia_class,cbc_only,development_oof,folate_deficiency_anemia,0.41304347826086957,0.475,0.4418604651162791,40
panel_expert,anemia_class,cbc_only,development_oof,folate_deficiency_no_anemia,0.23529411764705882,0.125,0.16326530612244897,32
panel_expert,anemia_class,cbc_only,development_oof,inflammation_anemia,0.6086956521739131,0.5384615384615384,0.5714285714285714,52
panel_expert,anemia_class,cbc_only,development_oof,iron_deficiency_anemia,0.5726495726495726,0.7282608695652174,0.6411483253588517,92
panel_expert,anemia_class,cbc_only,development_oof,latent_deficiency,0.6153846153846154,0.7058823529411765,0.6575342465753424,68
panel_expert,anemia_class,cbc_only,development_oof,mixed_deficiency,0.6086956521739131,0.45652173913043476,0.5217391304347826,92
panel_expert,anemia_class,cbc_only,development_oof,no_anemia_no_deficiency,0.6470588235294118,0.875,0.7439613526570048,88
panel_expert,anemia_class,hb_only,development_oof,B12_deficiency_anemia,0.0,0.0,0.0,52
panel_expert,anemia_class,hb_only,development_oof,B12_deficiency_no_anemia,0.0,0.0,0.0,40
panel_expert,anemia_class,hb_only,development_oof,B6_deficiency,0.0,0.0,0.0,28
panel_expert,anemia_class,hb_only,development_oof,anemia_other,0.2,0.1,0.13333333333333333,60
panel_expert,anemia_class,hb_only,development_oof,copper_deficiency,0.0,0.0,0.0,28
panel_expert,anemia_class,hb_only,development_oof,folate_deficiency_anemia,0.0,0.0,0.0,40
panel_expert,anemia_class,hb_only,development_oof,folate_deficiency_no_anemia,0.0,0.0,0.0,32
panel_expert,anemia_class,hb_only,development_oof,inflammation_anemia,0.0,0.0,0.0,52
panel_expert,anemia_class,hb_only,development_oof,iron_deficiency_anemia,0.22950819672131148,0.9130434782608695,0.36681222707423583,92
panel_expert,anemia_class,hb_only,development_oof,latent_deficiency,0.05555555555555555,0.014705882352941176,0.023255813953488372,68
panel_expert,anemia_class,hb_only,development_oof,mixed_deficiency,0.15789473684210525,0.03260869565217391,0.05405405405405406,92
panel_expert,anemia_class,hb_only,development_oof,no_anemia_no_deficiency,0.35964912280701755,0.9318181818181818,0.5189873417721519,88
panel_expert,anemia_class,no_iron,development_oof,B12_deficiency_anemia,0.7142857142857143,0.7692307692307693,0.7407407407407407,52
panel_expert,anemia_class,no_iron,development_oof,B12_deficiency_no_anemia,0.7142857142857143,0.875,0.7865168539325843,40
panel_expert,anemia_class,no_iron,development_oof,B6_deficiency,0.6956521739130435,0.5714285714285714,0.6274509803921569,28
panel_expert,anemia_class,no_iron,development_oof,anemia_other,0.8032786885245902,0.8166666666666667,0.8099173553719008,60
panel_expert,anemia_class,no_iron,development_oof,copper_deficiency,0.9545454545454546,0.75,0.84,28
panel_expert,anemia_class,no_iron,development_oof,folate_deficiency_anemia,0.7297297297297297,0.675,0.7012987012987013,40
panel_expert,anemia_class,no_iron,development_oof,folate_deficiency_no_anemia,0.8125,0.40625,0.5416666666666666,32
panel_expert,anemia_class,no_iron,development_oof,inflammation_anemia,0.8103448275862069,0.9038461538461539,0.8545454545454545,52
panel_expert,anemia_class,no_iron,development_oof,iron_deficiency_anemia,0.7802197802197802,0.7717391304347826,0.7759562841530054,92
panel_expert,anemia_class,no_iron,development_oof,latent_deficiency,0.8148148148148148,0.6470588235294118,0.7213114754098361,68
panel_expert,anemia_class,no_iron,development_oof,mixed_deficiency,0.6881720430107527,0.6956521739130435,0.6918918918918919,92
panel_expert,anemia_class,no_iron,development_oof,no_anemia_no_deficiency,0.7142857142857143,0.9090909090909091,0.8,88
panel_expert,anemia_class,no_B12,development_oof,B12_deficiency_anemia,0.6842105263157895,0.75,0.7155963302752294,52
panel_expert,anemia_class,no_B12,development_oof,B12_deficiency_no_anemia,0.5555555555555556,0.25,0.3448275862068966,40
panel_expert,anemia_class,no_B12,development_oof,B6_deficiency,0.9333333333333333,0.5,0.6511627906976745,28
panel_expert,anemia_class,no_B12,development_oof,anemia_other,0.7638888888888888,0.9166666666666666,0.8333333333333334,60
panel_expert,anemia_class,no_B12,development_oof,copper_deficiency,0.8947368421052632,0.6071428571428571,0.723404255319149,28
panel_expert,anemia_class,no_B12,development_oof,folate_deficiency_anemia,0.675,0.675,0.675,40
panel_expert,anemia_class,no_B12,development_oof,folate_deficiency_no_anemia,0.5142857142857142,0.5625,0.5373134328358209,32
panel_expert,anemia_class,no_B12,development_oof,inflammation_anemia,0.9107142857142857,0.9807692307692307,0.9444444444444444,52
panel_expert,anemia_class,no_B12,development_oof,iron_deficiency_anemia,0.7619047619047619,0.8695652173913043,0.8121827411167513,92
panel_expert,anemia_class,no_B12,development_oof,latent_deficiency,0.8378378378378378,0.9117647058823529,0.8732394366197183,68
panel_expert,anemia_class,no_B12,development_oof,mixed_deficiency,0.7323943661971831,0.5652173913043478,0.6380368098159509,92
panel_expert,anemia_class,no_B12,development_oof,no_anemia_no_deficiency,0.7363636363636363,0.9204545454545454,0.8181818181818182,88
panel_expert,anemia_class,no_folate,development_oof,B12_deficiency_anemia,0.6060606060606061,0.7692307692307693,0.6779661016949152,52
panel_expert,anemia_class,no_folate,development_oof,B12_deficiency_no_anemia,0.7142857142857143,0.75,0.7317073170731707,40
panel_expert,anemia_class,no_folate,development_oof,B6_deficiency,0.875,0.5,0.6363636363636364,28
panel_expert,anemia_class,no_folate,development_oof,anemia_other,0.7777777777777778,0.9333333333333333,0.8484848484848485,60
panel_expert,anemia_class,no_folate,development_oof,copper_deficiency,0.8947368421052632,0.6071428571428571,0.723404255319149,28
panel_expert,anemia_class,no_folate,development_oof,folate_deficiency_anemia,0.7352941176470589,0.625,0.6756756756756757,40
panel_expert,anemia_class,no_folate,development_oof,folate_deficiency_no_anemia,0.7272727272727273,0.25,0.37209302325581395,32
panel_expert,anemia_class,no_folate,development_oof,inflammation_anemia,0.8947368421052632,0.9807692307692307,0.9357798165137615,52
panel_expert,anemia_class,no_folate,development_oof,iron_deficiency_anemia,0.7714285714285715,0.8804347826086957,0.8223350253807107,92
panel_expert,anemia_class,no_folate,development_oof,latent_deficiency,0.8857142857142857,0.9117647058823529,0.8985507246376812,68
panel_expert,anemia_class,no_folate,development_oof,mixed_deficiency,0.7464788732394366,0.5760869565217391,0.6503067484662577,92
panel_expert,anemia_class,no_folate,development_oof,no_anemia_no_deficiency,0.7614678899082569,0.9431818181818182,0.8426395939086294,88
panel_expert,anemia_class,no_B6,development_oof,B12_deficiency_anemia,0.6984126984126984,0.8461538461538461,0.7652173913043478,52
panel_expert,anemia_class,no_B6,development_oof,B12_deficiency_no_anemia,0.7906976744186046,0.85,0.8192771084337349,40
panel_expert,anemia_class,no_B6,development_oof,B6_deficiency,0.5,0.10714285714285714,0.17647058823529413,28
panel_expert,anemia_class,no_B6,development_oof,anemia_other,0.8115942028985508,0.9333333333333333,0.8682170542635659,60
panel_expert,anemia_class,no_B6,development_oof,copper_deficiency,0.8947368421052632,0.6071428571428571,0.723404255319149,28
panel_expert,anemia_class,no_B6,development_oof,folate_deficiency_anemia,0.7142857142857143,0.75,0.7317073170731707,40
panel_expert,anemia_class,no_B6,development_oof,folate_deficiency_no_anemia,0.9,0.5625,0.6923076923076923,32
panel_expert,anemia_class,no_B6,development_oof,inflammation_anemia,0.8947368421052632,0.9807692307692307,0.9357798165137615,52
panel_expert,anemia_class,no_B6,development_oof,iron_deficiency_anemia,0.8350515463917526,0.8804347826086957,0.8571428571428571,92
panel_expert,anemia_class,no_B6,development_oof,latent_deficiency,0.8266666666666667,0.9117647058823529,0.8671328671328671,68
panel_expert,anemia_class,no_B6,development_oof,mixed_deficiency,0.810126582278481,0.6956521739130435,0.7485380116959064,92
panel_expert,anemia_class,no_B6,development_oof,no_anemia_no_deficiency,0.8137254901960784,0.9431818181818182,0.8736842105263158,88
panel_expert,anemia_class,no_copper,development_oof,B12_deficiency_anemia,0.7166666666666667,0.8269230769230769,0.7678571428571429,52
panel_expert,anemia_class,no_copper,development_oof,B12_deficiency_no_anemia,0.7391304347826086,0.85,0.7906976744186046,40
panel_expert,anemia_class,no_copper,development_oof,B6_deficiency,0.8125,0.4642857142857143,0.5909090909090909,28
panel_expert,anemia_class,no_copper,development_oof,anemia_other,0.7272727272727273,0.9333333333333333,0.8175182481751825,60
panel_expert,anemia_class,no_copper,development_oof,copper_deficiency,0.0,0.0,0.0,28
panel_expert,anemia_class,no_copper,development_oof,folate_deficiency_anemia,0.6458333333333334,0.775,0.7045454545454546,40
panel_expert,anemia_class,no_copper,development_oof,folate_deficiency_no_anemia,0.75,0.5625,0.6428571428571429,32
panel_expert,anemia_class,no_copper,development_oof,inflammation_anemia,0.9107142857142857,0.9807692307692307,0.9444444444444444,52
panel_expert,anemia_class,no_copper,development_oof,iron_deficiency_anemia,0.8526315789473684,0.8804347826086957,0.8663101604278075,92
panel_expert,anemia_class,no_copper,development_oof,latent_deficiency,0.8985507246376812,0.9117647058823529,0.9051094890510949,68
panel_expert,anemia_class,no_copper,development_oof,mixed_deficiency,0.7901234567901234,0.6956521739130435,0.7398843930635838,92
panel_expert,anemia_class,no_copper,development_oof,no_anemia_no_deficiency,0.81,0.9204545454545454,0.8617021276595744,88
panel_expert,anemia_class,no_hemoglobin,development_oof,B12_deficiency_anemia,0.6461538461538462,0.8076923076923077,0.717948717948718,52
panel_expert,anemia_class,no_hemoglobin,development_oof,B12_deficiency_no_anemia,0.9583333333333334,0.575,0.71875,40
panel_expert,anemia_class,no_hemoglobin,development_oof,B6_deficiency,0.85,0.6071428571428571,0.7083333333333334,28
panel_expert,anemia_class,no_hemoglobin,development_oof,anemia_other,0.8088235294117647,0.9166666666666666,0.859375,60
panel_expert,anemia_class,no_hemoglobin,development_oof,copper_deficiency,0.95,0.6785714285714286,0.7916666666666666,28
panel_expert,anemia_class,no_hemoglobin,development_oof,folate_deficiency_anemia,0.5636363636363636,0.775,0.6526315789473685,40
panel_expert,anemia_class,no_hemoglobin,development_oof,folate_deficiency_no_anemia,0.8461538461538461,0.34375,0.4888888888888889,32
panel_expert,anemia_class,no_hemoglobin,development_oof,inflammation_anemia,0.9433962264150944,0.9615384615384616,0.9523809523809523,52
panel_expert,anemia_class,no_hemoglobin,development_oof,iron_deficiency_anemia,0.7830188679245284,0.9021739130434783,0.8383838383838383,92
panel_expert,anemia_class,no_hemoglobin,development_oof,latent_deficiency,0.9137931034482759,0.7794117647058824,0.8412698412698413,68
panel_expert,anemia_class,no_hemoglobin,development_oof,mixed_deficiency,0.7529411764705882,0.6956521739130435,0.7231638418079096,92
panel_expert,anemia_class,no_hemoglobin,development_oof,no_anemia_no_deficiency,0.780952380952381,0.9318181818181818,0.8497409326424871,88
panel_expert,anemia_class,no_demographics,development_oof,B12_deficiency_anemia,0.6451612903225806,0.7692307692307693,0.7017543859649122,52
panel_expert,anemia_class,no_demographics,development_oof,B12_deficiency_no_anemia,0.9629629629629629,0.65,0.7761194029850746,40
panel_expert,anemia_class,no_demographics,development_oof,B6_deficiency,0.8333333333333334,0.5357142857142857,0.6521739130434783,28
panel_expert,anemia_class,no_demographics,development_oof,anemia_other,0.7567567567567568,0.9333333333333333,0.835820895522388,60
panel_expert,anemia_class,no_demographics,development_oof,copper_deficiency,0.8181818181818182,0.6428571428571429,0.72,28
panel_expert,anemia_class,no_demographics,development_oof,folate_deficiency_anemia,0.625,0.75,0.6818181818181818,40
panel_expert,anemia_class,no_demographics,development_oof,folate_deficiency_no_anemia,0.7777777777777778,0.4375,0.56,32
panel_expert,anemia_class,no_demographics,development_oof,inflammation_anemia,0.9074074074074074,0.9423076923076923,0.9245283018867925,52
panel_expert,anemia_class,no_demographics,development_oof,iron_deficiency_anemia,0.8282828282828283,0.8913043478260869,0.8586387434554974,92
panel_expert,anemia_class,no_demographics,development_oof,latent_deficiency,0.8923076923076924,0.8529411764705882,0.8721804511278195,68
panel_expert,anemia_class,no_demographics,development_oof,mixed_deficiency,0.7411764705882353,0.6847826086956522,0.711864406779661,92
panel_expert,anemia_class,no_demographics,development_oof,no_anemia_no_deficiency,0.79,0.8977272727272727,0.8404255319148937,88
panel_expert,iron_deficiency,available,development_oof,0,0.9908256880733946,0.9840546697038725,0.9874285714285714,439
panel_expert,iron_deficiency,available,development_oof,1,0.9703389830508474,0.9828326180257511,0.976545842217484,233
panel_expert,iron_deficiency,drop30,development_oof,0,0.972972972972973,0.9840546697038725,0.9784824462061155,439
panel_expert,iron_deficiency,drop30,development_oof,1,0.9692982456140351,0.9484978540772532,0.9587852494577006,233
panel_expert,iron_deficiency,drop60,development_oof,0,0.9029535864978903,0.9749430523917996,0.9375684556407448,439
panel_expert,iron_deficiency,drop60,development_oof,1,0.9444444444444444,0.8025751072961373,0.8677494199535963,233
panel_expert,iron_deficiency,cbc_only,development_oof,0,0.8571428571428571,0.9157175398633257,0.8854625550660793,439
panel_expert,iron_deficiency,cbc_only,development_oof,1,0.8177339901477833,0.7124463519313304,0.7614678899082569,233
panel_expert,iron_deficiency,hb_only,development_oof,0,0.6527570789865872,0.9977220956719818,0.7891891891891892,439
panel_expert,iron_deficiency,hb_only,development_oof,1,0.0,0.0,0.0,233
panel_expert,iron_deficiency,no_iron,development_oof,0,0.8496868475991649,0.9271070615034168,0.8867102396514162,439
panel_expert,iron_deficiency,no_iron,development_oof,1,0.8341968911917098,0.6909871244635193,0.755868544600939,233
panel_expert,iron_deficiency,no_B12,development_oof,0,0.9908256880733946,0.9840546697038725,0.9874285714285714,439
panel_expert,iron_deficiency,no_B12,development_oof,1,0.9703389830508474,0.9828326180257511,0.976545842217484,233
panel_expert,iron_deficiency,no_folate,development_oof,0,0.9908256880733946,0.9840546697038725,0.9874285714285714,439
panel_expert,iron_deficiency,no_folate,development_oof,1,0.9703389830508474,0.9828326180257511,0.976545842217484,233
panel_expert,iron_deficiency,no_B6,development_oof,0,0.9908256880733946,0.9840546697038725,0.9874285714285714,439
panel_expert,iron_deficiency,no_B6,development_oof,1,0.9703389830508474,0.9828326180257511,0.976545842217484,233
panel_expert,iron_deficiency,no_copper,development_oof,0,0.9908256880733946,0.9840546697038725,0.9874285714285714,439
panel_expert,iron_deficiency,no_copper,development_oof,1,0.9703389830508474,0.9828326180257511,0.976545842217484,233
panel_expert,iron_deficiency,no_hemoglobin,development_oof,0,0.9931350114416476,0.9886104783599089,0.9908675799086758,439
panel_expert,iron_deficiency,no_hemoglobin,development_oof,1,0.9787234042553191,0.9871244635193133,0.9829059829059829,233
panel_expert,iron_deficiency,no_demographics,development_oof,0,0.9908466819221968,0.9863325740318907,0.9885844748858448,439
panel_expert,iron_deficiency,no_demographics,development_oof,1,0.9744680851063829,0.9828326180257511,0.9786324786324786,233
panel_expert,B12_deficiency,available,development_oof,0,0.9730250481695568,0.97678916827853,0.974903474903475,517
panel_expert,B12_deficiency,available,development_oof,1,0.9215686274509803,0.9096774193548387,0.9155844155844156,155
panel_expert,B12_deficiency,drop30,development_oof,0,0.9317343173431735,0.97678916827853,0.9537299338999056,517
panel_expert,B12_deficiency,drop30,development_oof,1,0.9076923076923077,0.7612903225806451,0.8280701754385965,155
panel_expert,B12_deficiency,drop60,development_oof,0,0.8857644991212654,0.9748549323017408,0.9281767955801105,517
panel_expert,B12_deficiency,drop60,development_oof,1,0.8737864077669902,0.5806451612903226,0.6976744186046512,155
panel_expert,B12_deficiency,cbc_only,development_oof,0,0.8479020979020979,0.9381044487427466,0.8907254361799817,517
panel_expert,B12_deficiency,cbc_only,development_oof,1,0.68,0.43870967741935485,0.5333333333333333,155
panel_expert,B12_deficiency,hb_only,development_oof,0,0.7693452380952381,1.0,0.8696383515559294,517
panel_expert,B12_deficiency,hb_only,development_oof,1,0.0,0.0,0.0,155
panel_expert,B12_deficiency,no_iron,development_oof,0,0.9730250481695568,0.97678916827853,0.974903474903475,517
panel_expert,B12_deficiency,no_iron,development_oof,1,0.9215686274509803,0.9096774193548387,0.9155844155844156,155
panel_expert,B12_deficiency,no_B12,development_oof,0,0.8411053540587219,0.941972920696325,0.8886861313868614,517
panel_expert,B12_deficiency,no_B12,development_oof,1,0.6774193548387096,0.4064516129032258,0.5080645161290323,155
panel_expert,B12_deficiency,no_folate,development_oof,0,0.9674329501915708,0.97678916827853,0.9720885466794995,517
panel_expert,B12_deficiency,no_folate,development_oof,1,0.92,0.8903225806451613,0.9049180327868852,155
panel_expert,B12_deficiency,no_B6,development_oof,0,0.9730250481695568,0.97678916827853,0.974903474903475,517
panel_expert,B12_deficiency,no_B6,development_oof,1,0.9215686274509803,0.9096774193548387,0.9155844155844156,155
panel_expert,B12_deficiency,no_copper,development_oof,0,0.9730250481695568,0.97678916827853,0.974903474903475,517
panel_expert,B12_deficiency,no_copper,development_oof,1,0.9215686274509803,0.9096774193548387,0.9155844155844156,155
panel_expert,B12_deficiency,no_hemoglobin,development_oof,0,0.9731800766283525,0.9825918762088974,0.9778633301251203,517
panel_expert,B12_deficiency,no_hemoglobin,development_oof,1,0.94,0.9096774193548387,0.9245901639344263,155
panel_expert,B12_deficiency,no_demographics,development_oof,0,0.9656488549618321,0.9787234042553191,0.9721421709894332,517
panel_expert,B12_deficiency,no_demographics,development_oof,1,0.9256756756756757,0.8838709677419355,0.9042904290429042,155
panel_expert,folate_deficiency,available,development_oof,0,0.9407665505226481,0.9782608695652174,0.9591474245115453,552
panel_expert,folate_deficiency,available,development_oof,1,0.8775510204081632,0.7166666666666667,0.7889908256880734,120
panel_expert,folate_deficiency,drop30,development_oof,0,0.9095477386934674,0.9836956521739131,0.9451697127937336,552
panel_expert,folate_deficiency,drop30,development_oof,1,0.88,0.55,0.676923076923077,120
panel_expert,folate_deficiency,drop60,development_oof,0,0.8782467532467533,0.980072463768116,0.9263698630136986,552
panel_expert,folate_deficiency,drop60,development_oof,1,0.8035714285714286,0.375,0.5113636363636364,120
panel_expert,folate_deficiency,cbc_only,development_oof,0,0.8504823151125402,0.9583333333333334,0.9011925042589438,552
panel_expert,folate_deficiency,cbc_only,development_oof,1,0.54,0.225,0.3176470588235294,120
panel_expert,folate_deficiency,hb_only,development_oof,0,0.8214285714285714,1.0,0.9019607843137255,552
panel_expert,folate_deficiency,hb_only,development_oof,1,0.0,0.0,0.0,120
panel_expert,folate_deficiency,no_iron,development_oof,0,0.9407665505226481,0.9782608695652174,0.9591474245115453,552
panel_expert,folate_deficiency,no_iron,development_oof,1,0.8775510204081632,0.7166666666666667,0.7889908256880734,120
panel_expert,folate_deficiency,no_B12,development_oof,0,0.9406631762652705,0.9764492753623188,0.9582222222222222,552
panel_expert,folate_deficiency,no_B12,development_oof,1,0.8686868686868687,0.7166666666666667,0.7853881278538812,120
panel_expert,folate_deficiency,no_folate,development_oof,0,0.8535031847133758,0.9710144927536232,0.9084745762711864,552
panel_expert,folate_deficiency,no_folate,development_oof,1,0.6363636363636364,0.23333333333333334,0.34146341463414637,120
panel_expert,folate_deficiency,no_B6,development_oof,0,0.9407665505226481,0.9782608695652174,0.9591474245115453,552
panel_expert,folate_deficiency,no_B6,development_oof,1,0.8775510204081632,0.7166666666666667,0.7889908256880734,120
panel_expert,folate_deficiency,no_copper,development_oof,0,0.9407665505226481,0.9782608695652174,0.9591474245115453,552
panel_expert,folate_deficiency,no_copper,development_oof,1,0.8775510204081632,0.7166666666666667,0.7889908256880734,120
panel_expert,folate_deficiency,no_hemoglobin,development_oof,0,0.9405594405594405,0.9746376811594203,0.9572953736654805,552
panel_expert,folate_deficiency,no_hemoglobin,development_oof,1,0.86,0.7166666666666667,0.7818181818181819,120
panel_expert,folate_deficiency,no_demographics,development_oof,0,0.924114671163575,0.9927536231884058,0.9572052401746725,552
panel_expert,folate_deficiency,no_demographics,development_oof,1,0.9493670886075949,0.625,0.7537688442211056,120
panel_expert,B6_deficiency,available,development_oof,0,0.983206106870229,1.0,0.99153194765204,644
panel_expert,B6_deficiency,available,development_oof,1,1.0,0.6071428571428571,0.7555555555555555,28
panel_expert,B6_deficiency,drop30,development_oof,0,0.9802130898021308,1.0,0.9900076863950807,644
panel_expert,B6_deficiency,drop30,development_oof,1,1.0,0.5357142857142857,0.6976744186046512,28
panel_expert,B6_deficiency,drop60,development_oof,0,0.9698795180722891,1.0,0.9847094801223242,644
panel_expert,B6_deficiency,drop60,development_oof,1,1.0,0.2857142857142857,0.4444444444444444,28
panel_expert,B6_deficiency,cbc_only,development_oof,0,0.9597014925373134,0.9984472049689441,0.9786910197869102,644
panel_expert,B6_deficiency,cbc_only,development_oof,1,0.5,0.03571428571428571,0.06666666666666667,28
panel_expert,B6_deficiency,hb_only,development_oof,0,0.9583333333333334,1.0,0.9787234042553191,644
panel_expert,B6_deficiency,hb_only,development_oof,1,0.0,0.0,0.0,28
panel_expert,B6_deficiency,no_iron,development_oof,0,0.983206106870229,1.0,0.99153194765204,644
panel_expert,B6_deficiency,no_iron,development_oof,1,1.0,0.6071428571428571,0.7555555555555555,28
panel_expert,B6_deficiency,no_B12,development_oof,0,0.983206106870229,1.0,0.99153194765204,644
panel_expert,B6_deficiency,no_B12,development_oof,1,1.0,0.6071428571428571,0.7555555555555555,28
panel_expert,B6_deficiency,no_folate,development_oof,0,0.983206106870229,1.0,0.99153194765204,644
panel_expert,B6_deficiency,no_folate,development_oof,1,1.0,0.6071428571428571,0.7555555555555555,28
panel_expert,B6_deficiency,no_B6,development_oof,0,0.9597014925373134,0.9984472049689441,0.9786910197869102,644
panel_expert,B6_deficiency,no_B6,development_oof,1,0.5,0.03571428571428571,0.06666666666666667,28
panel_expert,B6_deficiency,no_copper,development_oof,0,0.983206106870229,1.0,0.99153194765204,644
panel_expert,B6_deficiency,no_copper,development_oof,1,1.0,0.6071428571428571,0.7555555555555555,28
panel_expert,B6_deficiency,no_hemoglobin,development_oof,0,0.983206106870229,1.0,0.99153194765204,644
panel_expert,B6_deficiency,no_hemoglobin,development_oof,1,1.0,0.6071428571428571,0.7555555555555555,28
panel_expert,B6_deficiency,no_demographics,development_oof,0,0.9817073170731707,1.0,0.9907692307692307,644
panel_expert,B6_deficiency,no_demographics,development_oof,1,1.0,0.5714285714285714,0.7272727272727273,28
panel_expert,copper_deficiency,available,development_oof,0,0.989247311827957,1.0,0.9945945945945946,644
panel_expert,copper_deficiency,available,development_oof,1,1.0,0.75,0.8571428571428571,28
panel_expert,copper_deficiency,drop30,development_oof,0,0.9862174578866769,1.0,0.9930609097918273,644
panel_expert,copper_deficiency,drop30,development_oof,1,1.0,0.6785714285714286,0.8085106382978723,28
panel_expert,copper_deficiency,drop60,development_oof,0,0.9669669669669669,1.0,0.983206106870229,644
panel_expert,copper_deficiency,drop60,development_oof,1,1.0,0.21428571428571427,0.35294117647058826,28
panel_expert,copper_deficiency,cbc_only,development_oof,0,0.9583333333333334,1.0,0.9787234042553191,644
panel_expert,copper_deficiency,cbc_only,development_oof,1,0.0,0.0,0.0,28
panel_expert,copper_deficiency,hb_only,development_oof,0,0.9583333333333334,1.0,0.9787234042553191,644
panel_expert,copper_deficiency,hb_only,development_oof,1,0.0,0.0,0.0,28
panel_expert,copper_deficiency,no_iron,development_oof,0,0.989247311827957,1.0,0.9945945945945946,644
panel_expert,copper_deficiency,no_iron,development_oof,1,1.0,0.75,0.8571428571428571,28
panel_expert,copper_deficiency,no_B12,development_oof,0,0.989247311827957,1.0,0.9945945945945946,644
panel_expert,copper_deficiency,no_B12,development_oof,1,1.0,0.75,0.8571428571428571,28
panel_expert,copper_deficiency,no_folate,development_oof,0,0.989247311827957,1.0,0.9945945945945946,644
panel_expert,copper_deficiency,no_folate,development_oof,1,1.0,0.75,0.8571428571428571,28
panel_expert,copper_deficiency,no_B6,development_oof,0,0.989247311827957,1.0,0.9945945945945946,644
panel_expert,copper_deficiency,no_B6,development_oof,1,1.0,0.75,0.8571428571428571,28
panel_expert,copper_deficiency,no_copper,development_oof,0,0.9583333333333334,1.0,0.9787234042553191,644
panel_expert,copper_deficiency,no_copper,development_oof,1,0.0,0.0,0.0,28
panel_expert,copper_deficiency,no_hemoglobin,development_oof,0,0.9847094801223242,1.0,0.9922958397534669,644
panel_expert,copper_deficiency,no_hemoglobin,development_oof,1,1.0,0.6428571428571429,0.782608695652174,28
panel_expert,copper_deficiency,no_demographics,development_oof,0,0.9907407407407407,0.9968944099378882,0.9938080495356038,644
panel_expert,copper_deficiency,no_demographics,development_oof,1,0.9166666666666666,0.7857142857142857,0.8461538461538461,28
panel_expert,inflammation_anemia,available,development_oof,0,0.9919224555735057,0.9903225806451613,0.9911218724778047,620
panel_expert,inflammation_anemia,available,development_oof,1,0.8867924528301887,0.9038461538461539,0.8952380952380953,52
panel_expert,inflammation_anemia,drop30,development_oof,0,0.9761526232114467,0.9903225806451613,0.9831865492393915,620
panel_expert,inflammation_anemia,drop30,development_oof,1,0.8604651162790697,0.7115384615384616,0.7789473684210526,52
panel_expert,inflammation_anemia,drop60,development_oof,0,0.9655712050078247,0.9951612903225806,0.9801429706115965,620
panel_expert,inflammation_anemia,drop60,development_oof,1,0.9090909090909091,0.5769230769230769,0.7058823529411765,52
panel_expert,inflammation_anemia,cbc_only,development_oof,0,0.9442724458204335,0.9838709677419355,0.9636650868878357,620
panel_expert,inflammation_anemia,cbc_only,development_oof,1,0.6153846153846154,0.3076923076923077,0.41025641025641024,52
panel_expert,inflammation_anemia,hb_only,development_oof,0,0.9226190476190477,1.0,0.9597523219814241,620
panel_expert,inflammation_anemia,hb_only,development_oof,1,0.0,0.0,0.0,52
panel_expert,inflammation_anemia,no_iron,development_oof,0,0.9919224555735057,0.9903225806451613,0.9911218724778047,620
panel_expert,inflammation_anemia,no_iron,development_oof,1,0.8867924528301887,0.9038461538461539,0.8952380952380953,52
panel_expert,inflammation_anemia,no_B12,development_oof,0,0.9919224555735057,0.9903225806451613,0.9911218724778047,620
panel_expert,inflammation_anemia,no_B12,development_oof,1,0.8867924528301887,0.9038461538461539,0.8952380952380953,52
panel_expert,inflammation_anemia,no_folate,development_oof,0,0.9919224555735057,0.9903225806451613,0.9911218724778047,620
panel_expert,inflammation_anemia,no_folate,development_oof,1,0.8867924528301887,0.9038461538461539,0.8952380952380953,52
panel_expert,inflammation_anemia,no_B6,development_oof,0,0.9919224555735057,0.9903225806451613,0.9911218724778047,620
panel_expert,inflammation_anemia,no_B6,development_oof,1,0.8867924528301887,0.9038461538461539,0.8952380952380953,52
panel_expert,inflammation_anemia,no_copper,development_oof,0,0.9919224555735057,0.9903225806451613,0.9911218724778047,620
panel_expert,inflammation_anemia,no_copper,development_oof,1,0.8867924528301887,0.9038461538461539,0.8952380952380953,52
panel_expert,inflammation_anemia,no_hemoglobin,development_oof,0,0.9903846153846154,0.9967741935483871,0.9935691318327974,620
panel_expert,inflammation_anemia,no_hemoglobin,development_oof,1,0.9583333333333334,0.8846153846153846,0.92,52
panel_expert,inflammation_anemia,no_demographics,development_oof,0,0.9935483870967742,0.9935483870967742,0.9935483870967742,620
panel_expert,inflammation_anemia,no_demographics,development_oof,1,0.9230769230769231,0.9230769230769231,0.9230769230769231,52
balanced_catboost_cbc,anemia_class,available,development_oof,B12_deficiency_anemia,0.4838709677419355,0.5769230769230769,0.5263157894736842,52
balanced_catboost_cbc,anemia_class,available,development_oof,B12_deficiency_no_anemia,0.37209302325581395,0.4,0.3855421686746988,40
balanced_catboost_cbc,anemia_class,available,development_oof,B6_deficiency,0.25,0.14285714285714285,0.18181818181818182,28
balanced_catboost_cbc,anemia_class,available,development_oof,anemia_other,0.5211267605633803,0.6166666666666667,0.5648854961832062,60
balanced_catboost_cbc,anemia_class,available,development_oof,copper_deficiency,0.5555555555555556,0.17857142857142858,0.2702702702702703,28
balanced_catboost_cbc,anemia_class,available,development_oof,folate_deficiency_anemia,0.4090909090909091,0.45,0.42857142857142855,40
balanced_catboost_cbc,anemia_class,available,development_oof,folate_deficiency_no_anemia,0.16666666666666666,0.125,0.14285714285714285,32
balanced_catboost_cbc,anemia_class,available,development_oof,inflammation_anemia,0.5396825396825397,0.6538461538461539,0.591304347826087,52
balanced_catboost_cbc,anemia_class,available,development_oof,iron_deficiency_anemia,0.6588235294117647,0.6086956521739131,0.632768361581921,92
balanced_catboost_cbc,anemia_class,available,development_oof,latent_deficiency,0.5789473684210527,0.6470588235294118,0.6111111111111112,68
balanced_catboost_cbc,anemia_class,available,development_oof,mixed_deficiency,0.6282051282051282,0.532608695652174,0.5764705882352941,92
balanced_catboost_cbc,anemia_class,available,development_oof,no_anemia_no_deficiency,0.693069306930693,0.7954545454545454,0.7407407407407407,88
balanced_catboost_cbc,anemia_class,drop30,development_oof,B12_deficiency_anemia,0.48936170212765956,0.4423076923076923,0.46464646464646464,52
balanced_catboost_cbc,anemia_class,drop30,development_oof,B12_deficiency_no_anemia,0.45161290322580644,0.35,0.39436619718309857,40
balanced_catboost_cbc,anemia_class,drop30,development_oof,B6_deficiency,0.2631578947368421,0.17857142857142858,0.2127659574468085,28
balanced_catboost_cbc,anemia_class,drop30,development_oof,anemia_other,0.2828282828282828,0.4666666666666667,0.3522012578616352,60
balanced_catboost_cbc,anemia_class,drop30,development_oof,copper_deficiency,0.3333333333333333,0.2857142857142857,0.3076923076923077,28
balanced_catboost_cbc,anemia_class,drop30,development_oof,folate_deficiency_anemia,0.34146341463414637,0.35,0.345679012345679,40
balanced_catboost_cbc,anemia_class,drop30,development_oof,folate_deficiency_no_anemia,0.3125,0.15625,0.20833333333333334,32
balanced_catboost_cbc,anemia_class,drop30,development_oof,inflammation_anemia,0.39436619718309857,0.5384615384615384,0.45528455284552843,52
balanced_catboost_cbc,anemia_class,drop30,development_oof,iron_deficiency_anemia,0.5903614457831325,0.532608695652174,0.56,92
balanced_catboost_cbc,anemia_class,drop30,development_oof,latent_deficiency,0.5135135135135135,0.5588235294117647,0.5352112676056338,68
balanced_catboost_cbc,anemia_class,drop30,development_oof,mixed_deficiency,0.47297297297297297,0.3804347826086957,0.42168674698795183,92
balanced_catboost_cbc,anemia_class,drop30,development_oof,no_anemia_no_deficiency,0.6451612903225806,0.6818181818181818,0.6629834254143646,88
balanced_catboost_cbc,anemia_class,drop60,development_oof,B12_deficiency_anemia,0.4666666666666667,0.40384615384615385,0.4329896907216495,52
balanced_catboost_cbc,anemia_class,drop60,development_oof,B12_deficiency_no_anemia,0.42105263157894735,0.2,0.2711864406779661,40
balanced_catboost_cbc,anemia_class,drop60,development_oof,B6_deficiency,0.0,0.0,0.0,28
balanced_catboost_cbc,anemia_class,drop60,development_oof,anemia_other,0.15517241379310345,0.3,0.20454545454545456,60
balanced_catboost_cbc,anemia_class,drop60,development_oof,copper_deficiency,0.041666666666666664,0.03571428571428571,0.038461538461538464,28
balanced_catboost_cbc,anemia_class,drop60,development_oof,folate_deficiency_anemia,0.4090909090909091,0.225,0.2903225806451613,40
balanced_catboost_cbc,anemia_class,drop60,development_oof,folate_deficiency_no_anemia,0.3333333333333333,0.15625,0.2127659574468085,32
balanced_catboost_cbc,anemia_class,drop60,development_oof,inflammation_anemia,0.2619047619047619,0.21153846153846154,0.23404255319148937,52
balanced_catboost_cbc,anemia_class,drop60,development_oof,iron_deficiency_anemia,0.3412698412698413,0.4673913043478261,0.3944954128440367,92
balanced_catboost_cbc,anemia_class,drop60,development_oof,latent_deficiency,0.54,0.39705882352941174,0.4576271186440678,68
balanced_catboost_cbc,anemia_class,drop60,development_oof,mixed_deficiency,0.2358490566037736,0.2717391304347826,0.25252525252525254,92
balanced_catboost_cbc,anemia_class,drop60,development_oof,no_anemia_no_deficiency,0.5106382978723404,0.5454545454545454,0.5274725274725275,88
balanced_catboost_cbc,anemia_class,cbc_only,development_oof,B12_deficiency_anemia,0.4838709677419355,0.5769230769230769,0.5263157894736842,52
balanced_catboost_cbc,anemia_class,cbc_only,development_oof,B12_deficiency_no_anemia,0.37209302325581395,0.4,0.3855421686746988,40
balanced_catboost_cbc,anemia_class,cbc_only,development_oof,B6_deficiency,0.25,0.14285714285714285,0.18181818181818182,28
balanced_catboost_cbc,anemia_class,cbc_only,development_oof,anemia_other,0.5211267605633803,0.6166666666666667,0.5648854961832062,60
balanced_catboost_cbc,anemia_class,cbc_only,development_oof,copper_deficiency,0.5555555555555556,0.17857142857142858,0.2702702702702703,28
balanced_catboost_cbc,anemia_class,cbc_only,development_oof,folate_deficiency_anemia,0.4090909090909091,0.45,0.42857142857142855,40
balanced_catboost_cbc,anemia_class,cbc_only,development_oof,folate_deficiency_no_anemia,0.16666666666666666,0.125,0.14285714285714285,32
balanced_catboost_cbc,anemia_class,cbc_only,development_oof,inflammation_anemia,0.5396825396825397,0.6538461538461539,0.591304347826087,52
balanced_catboost_cbc,anemia_class,cbc_only,development_oof,iron_deficiency_anemia,0.6588235294117647,0.6086956521739131,0.632768361581921,92
balanced_catboost_cbc,anemia_class,cbc_only,development_oof,latent_deficiency,0.5789473684210527,0.6470588235294118,0.6111111111111112,68
balanced_catboost_cbc,anemia_class,cbc_only,development_oof,mixed_deficiency,0.6282051282051282,0.532608695652174,0.5764705882352941,92
balanced_catboost_cbc,anemia_class,cbc_only,development_oof,no_anemia_no_deficiency,0.693069306930693,0.7954545454545454,0.7407407407407407,88
balanced_catboost_cbc,anemia_class,hb_only,development_oof,B12_deficiency_anemia,0.0,0.0,0.0,52
balanced_catboost_cbc,anemia_class,hb_only,development_oof,B12_deficiency_no_anemia,0.21212121212121213,0.175,0.1917808219178082,40
balanced_catboost_cbc,anemia_class,hb_only,development_oof,B6_deficiency,0.0,0.0,0.0,28
balanced_catboost_cbc,anemia_class,hb_only,development_oof,anemia_other,0.0,0.0,0.0,60
balanced_catboost_cbc,anemia_class,hb_only,development_oof,copper_deficiency,0.05714285714285714,0.07142857142857142,0.06349206349206349,28
balanced_catboost_cbc,anemia_class,hb_only,development_oof,folate_deficiency_anemia,0.0,0.0,0.0,40
balanced_catboost_cbc,anemia_class,hb_only,development_oof,folate_deficiency_no_anemia,0.09090909090909091,0.03125,0.046511627906976744,32
balanced_catboost_cbc,anemia_class,hb_only,development_oof,inflammation_anemia,0.0,0.0,0.0,52
balanced_catboost_cbc,anemia_class,hb_only,development_oof,iron_deficiency_anemia,0.2336448598130841,0.5434782608695652,0.32679738562091504,92
balanced_catboost_cbc,anemia_class,hb_only,development_oof,latent_deficiency,0.25,0.3088235294117647,0.27631578947368424,68
balanced_catboost_cbc,anemia_class,hb_only,development_oof,mixed_deficiency,0.21052631578947367,0.43478260869565216,0.28368794326241137,92
balanced_catboost_cbc,anemia_class,hb_only,development_oof,no_anemia_no_deficiency,0.49473684210526314,0.5340909090909091,0.5136612021857924,88
balanced_catboost_cbc,anemia_class,no_iron,development_oof,B12_deficiency_anemia,0.4838709677419355,0.5769230769230769,0.5263157894736842,52
balanced_catboost_cbc,anemia_class,no_iron,development_oof,B12_deficiency_no_anemia,0.37209302325581395,0.4,0.3855421686746988,40
balanced_catboost_cbc,anemia_class,no_iron,development_oof,B6_deficiency,0.25,0.14285714285714285,0.18181818181818182,28
balanced_catboost_cbc,anemia_class,no_iron,development_oof,anemia_other,0.5211267605633803,0.6166666666666667,0.5648854961832062,60
balanced_catboost_cbc,anemia_class,no_iron,development_oof,copper_deficiency,0.5555555555555556,0.17857142857142858,0.2702702702702703,28
balanced_catboost_cbc,anemia_class,no_iron,development_oof,folate_deficiency_anemia,0.4090909090909091,0.45,0.42857142857142855,40
balanced_catboost_cbc,anemia_class,no_iron,development_oof,folate_deficiency_no_anemia,0.16666666666666666,0.125,0.14285714285714285,32
balanced_catboost_cbc,anemia_class,no_iron,development_oof,inflammation_anemia,0.5396825396825397,0.6538461538461539,0.591304347826087,52
balanced_catboost_cbc,anemia_class,no_iron,development_oof,iron_deficiency_anemia,0.6588235294117647,0.6086956521739131,0.632768361581921,92
balanced_catboost_cbc,anemia_class,no_iron,development_oof,latent_deficiency,0.5789473684210527,0.6470588235294118,0.6111111111111112,68
balanced_catboost_cbc,anemia_class,no_iron,development_oof,mixed_deficiency,0.6282051282051282,0.532608695652174,0.5764705882352941,92
balanced_catboost_cbc,anemia_class,no_iron,development_oof,no_anemia_no_deficiency,0.693069306930693,0.7954545454545454,0.7407407407407407,88
balanced_catboost_cbc,anemia_class,no_B12,development_oof,B12_deficiency_anemia,0.4838709677419355,0.5769230769230769,0.5263157894736842,52
balanced_catboost_cbc,anemia_class,no_B12,development_oof,B12_deficiency_no_anemia,0.37209302325581395,0.4,0.3855421686746988,40
balanced_catboost_cbc,anemia_class,no_B12,development_oof,B6_deficiency,0.25,0.14285714285714285,0.18181818181818182,28
balanced_catboost_cbc,anemia_class,no_B12,development_oof,anemia_other,0.5211267605633803,0.6166666666666667,0.5648854961832062,60
balanced_catboost_cbc,anemia_class,no_B12,development_oof,copper_deficiency,0.5555555555555556,0.17857142857142858,0.2702702702702703,28
balanced_catboost_cbc,anemia_class,no_B12,development_oof,folate_deficiency_anemia,0.4090909090909091,0.45,0.42857142857142855,40
balanced_catboost_cbc,anemia_class,no_B12,development_oof,folate_deficiency_no_anemia,0.16666666666666666,0.125,0.14285714285714285,32
balanced_catboost_cbc,anemia_class,no_B12,development_oof,inflammation_anemia,0.5396825396825397,0.6538461538461539,0.591304347826087,52
balanced_catboost_cbc,anemia_class,no_B12,development_oof,iron_deficiency_anemia,0.6588235294117647,0.6086956521739131,0.632768361581921,92
balanced_catboost_cbc,anemia_class,no_B12,development_oof,latent_deficiency,0.5789473684210527,0.6470588235294118,0.6111111111111112,68
balanced_catboost_cbc,anemia_class,no_B12,development_oof,mixed_deficiency,0.6282051282051282,0.532608695652174,0.5764705882352941,92
balanced_catboost_cbc,anemia_class,no_B12,development_oof,no_anemia_no_deficiency,0.693069306930693,0.7954545454545454,0.7407407407407407,88
balanced_catboost_cbc,anemia_class,no_folate,development_oof,B12_deficiency_anemia,0.4838709677419355,0.5769230769230769,0.5263157894736842,52
balanced_catboost_cbc,anemia_class,no_folate,development_oof,B12_deficiency_no_anemia,0.37209302325581395,0.4,0.3855421686746988,40
balanced_catboost_cbc,anemia_class,no_folate,development_oof,B6_deficiency,0.25,0.14285714285714285,0.18181818181818182,28
balanced_catboost_cbc,anemia_class,no_folate,development_oof,anemia_other,0.5211267605633803,0.6166666666666667,0.5648854961832062,60
balanced_catboost_cbc,anemia_class,no_folate,development_oof,copper_deficiency,0.5555555555555556,0.17857142857142858,0.2702702702702703,28
balanced_catboost_cbc,anemia_class,no_folate,development_oof,folate_deficiency_anemia,0.4090909090909091,0.45,0.42857142857142855,40
balanced_catboost_cbc,anemia_class,no_folate,development_oof,folate_deficiency_no_anemia,0.16666666666666666,0.125,0.14285714285714285,32
balanced_catboost_cbc,anemia_class,no_folate,development_oof,inflammation_anemia,0.5396825396825397,0.6538461538461539,0.591304347826087,52
balanced_catboost_cbc,anemia_class,no_folate,development_oof,iron_deficiency_anemia,0.6588235294117647,0.6086956521739131,0.632768361581921,92
balanced_catboost_cbc,anemia_class,no_folate,development_oof,latent_deficiency,0.5789473684210527,0.6470588235294118,0.6111111111111112,68
balanced_catboost_cbc,anemia_class,no_folate,development_oof,mixed_deficiency,0.6282051282051282,0.532608695652174,0.5764705882352941,92
balanced_catboost_cbc,anemia_class,no_folate,development_oof,no_anemia_no_deficiency,0.693069306930693,0.7954545454545454,0.7407407407407407,88
balanced_catboost_cbc,anemia_class,no_B6,development_oof,B12_deficiency_anemia,0.4838709677419355,0.5769230769230769,0.5263157894736842,52
balanced_catboost_cbc,anemia_class,no_B6,development_oof,B12_deficiency_no_anemia,0.37209302325581395,0.4,0.3855421686746988,40
balanced_catboost_cbc,anemia_class,no_B6,development_oof,B6_deficiency,0.25,0.14285714285714285,0.18181818181818182,28
balanced_catboost_cbc,anemia_class,no_B6,development_oof,anemia_other,0.5211267605633803,0.6166666666666667,0.5648854961832062,60
balanced_catboost_cbc,anemia_class,no_B6,development_oof,copper_deficiency,0.5555555555555556,0.17857142857142858,0.2702702702702703,28
balanced_catboost_cbc,anemia_class,no_B6,development_oof,folate_deficiency_anemia,0.4090909090909091,0.45,0.42857142857142855,40
balanced_catboost_cbc,anemia_class,no_B6,development_oof,folate_deficiency_no_anemia,0.16666666666666666,0.125,0.14285714285714285,32
balanced_catboost_cbc,anemia_class,no_B6,development_oof,inflammation_anemia,0.5396825396825397,0.6538461538461539,0.591304347826087,52
balanced_catboost_cbc,anemia_class,no_B6,development_oof,iron_deficiency_anemia,0.6588235294117647,0.6086956521739131,0.632768361581921,92
balanced_catboost_cbc,anemia_class,no_B6,development_oof,latent_deficiency,0.5789473684210527,0.6470588235294118,0.6111111111111112,68
balanced_catboost_cbc,anemia_class,no_B6,development_oof,mixed_deficiency,0.6282051282051282,0.532608695652174,0.5764705882352941,92
balanced_catboost_cbc,anemia_class,no_B6,development_oof,no_anemia_no_deficiency,0.693069306930693,0.7954545454545454,0.7407407407407407,88
balanced_catboost_cbc,anemia_class,no_copper,development_oof,B12_deficiency_anemia,0.4838709677419355,0.5769230769230769,0.5263157894736842,52
balanced_catboost_cbc,anemia_class,no_copper,development_oof,B12_deficiency_no_anemia,0.37209302325581395,0.4,0.3855421686746988,40
balanced_catboost_cbc,anemia_class,no_copper,development_oof,B6_deficiency,0.25,0.14285714285714285,0.18181818181818182,28
balanced_catboost_cbc,anemia_class,no_copper,development_oof,anemia_other,0.5211267605633803,0.6166666666666667,0.5648854961832062,60
balanced_catboost_cbc,anemia_class,no_copper,development_oof,copper_deficiency,0.5555555555555556,0.17857142857142858,0.2702702702702703,28
balanced_catboost_cbc,anemia_class,no_copper,development_oof,folate_deficiency_anemia,0.4090909090909091,0.45,0.42857142857142855,40
balanced_catboost_cbc,anemia_class,no_copper,development_oof,folate_deficiency_no_anemia,0.16666666666666666,0.125,0.14285714285714285,32
balanced_catboost_cbc,anemia_class,no_copper,development_oof,inflammation_anemia,0.5396825396825397,0.6538461538461539,0.591304347826087,52
balanced_catboost_cbc,anemia_class,no_copper,development_oof,iron_deficiency_anemia,0.6588235294117647,0.6086956521739131,0.632768361581921,92
balanced_catboost_cbc,anemia_class,no_copper,development_oof,latent_deficiency,0.5789473684210527,0.6470588235294118,0.6111111111111112,68
balanced_catboost_cbc,anemia_class,no_copper,development_oof,mixed_deficiency,0.6282051282051282,0.532608695652174,0.5764705882352941,92
balanced_catboost_cbc,anemia_class,no_copper,development_oof,no_anemia_no_deficiency,0.693069306930693,0.7954545454545454,0.7407407407407407,88
balanced_catboost_cbc,anemia_class,no_hemoglobin,development_oof,B12_deficiency_anemia,0.4375,0.5384615384615384,0.4827586206896552,52
balanced_catboost_cbc,anemia_class,no_hemoglobin,development_oof,B12_deficiency_no_anemia,0.5333333333333333,0.2,0.2909090909090909,40
balanced_catboost_cbc,anemia_class,no_hemoglobin,development_oof,B6_deficiency,0.15151515151515152,0.17857142857142858,0.16393442622950818,28
balanced_catboost_cbc,anemia_class,no_hemoglobin,development_oof,anemia_other,0.4567901234567901,0.6166666666666667,0.524822695035461,60
balanced_catboost_cbc,anemia_class,no_hemoglobin,development_oof,copper_deficiency,0.5,0.10714285714285714,0.17647058823529413,28
balanced_catboost_cbc,anemia_class,no_hemoglobin,development_oof,folate_deficiency_anemia,0.32653061224489793,0.4,0.3595505617977528,40
balanced_catboost_cbc,anemia_class,no_hemoglobin,development_oof,folate_deficiency_no_anemia,0.32142857142857145,0.28125,0.3,32
balanced_catboost_cbc,anemia_class,no_hemoglobin,development_oof,inflammation_anemia,0.543859649122807,0.5961538461538461,0.5688073394495413,52
balanced_catboost_cbc,anemia_class,no_hemoglobin,development_oof,iron_deficiency_anemia,0.58,0.6304347826086957,0.6041666666666666,92
balanced_catboost_cbc,anemia_class,no_hemoglobin,development_oof,latent_deficiency,0.515625,0.4852941176470588,0.5,68
balanced_catboost_cbc,anemia_class,no_hemoglobin,development_oof,mixed_deficiency,0.5662650602409639,0.5108695652173914,0.5371428571428571,92
balanced_catboost_cbc,anemia_class,no_hemoglobin,development_oof,no_anemia_no_deficiency,0.6847826086956522,0.7159090909090909,0.7,88
balanced_catboost_cbc,anemia_class,no_demographics,development_oof,B12_deficiency_anemia,0.45454545454545453,0.5769230769230769,0.5084745762711864,52
balanced_catboost_cbc,anemia_class,no_demographics,development_oof,B12_deficiency_no_anemia,0.5,0.15,0.23076923076923078,40
balanced_catboost_cbc,anemia_class,no_demographics,development_oof,B6_deficiency,0.2777777777777778,0.17857142857142858,0.21739130434782608,28
balanced_catboost_cbc,anemia_class,no_demographics,development_oof,anemia_other,0.45121951219512196,0.6166666666666667,0.5211267605633803,60
balanced_catboost_cbc,anemia_class,no_demographics,development_oof,copper_deficiency,0.36363636363636365,0.2857142857142857,0.32,28
balanced_catboost_cbc,anemia_class,no_demographics,development_oof,folate_deficiency_anemia,0.38461538461538464,0.375,0.379746835443038,40
balanced_catboost_cbc,anemia_class,no_demographics,development_oof,folate_deficiency_no_anemia,0.36363636363636365,0.25,0.2962962962962963,32
balanced_catboost_cbc,anemia_class,no_demographics,development_oof,inflammation_anemia,0.5689655172413793,0.6346153846153846,0.6,52
balanced_catboost_cbc,anemia_class,no_demographics,development_oof,iron_deficiency_anemia,0.5925925925925926,0.6956521739130435,0.64,92
balanced_catboost_cbc,anemia_class,no_demographics,development_oof,latent_deficiency,0.547945205479452,0.5882352941176471,0.5673758865248227,68
balanced_catboost_cbc,anemia_class,no_demographics,development_oof,mixed_deficiency,0.5945945945945946,0.4782608695652174,0.5301204819277109,92
balanced_catboost_cbc,anemia_class,no_demographics,development_oof,no_anemia_no_deficiency,0.6938775510204082,0.7727272727272727,0.7311827956989247,88
balanced_catboost_cbc,iron_deficiency,available,development_oof,0,0.869281045751634,0.908883826879271,0.888641425389755,439
balanced_catboost_cbc,iron_deficiency,available,development_oof,1,0.812206572769953,0.7424892703862661,0.7757847533632287,233
balanced_catboost_cbc,iron_deficiency,drop30,development_oof,0,0.8201284796573876,0.8724373576309795,0.8454746136865342,439
balanced_catboost_cbc,iron_deficiency,drop30,development_oof,1,0.7268292682926829,0.6394849785407726,0.680365296803653,233
balanced_catboost_cbc,iron_deficiency,drop60,development_oof,0,0.7620137299771167,0.7585421412300684,0.7602739726027398,439
balanced_catboost_cbc,iron_deficiency,drop60,development_oof,1,0.548936170212766,0.5536480686695279,0.5512820512820513,233
balanced_catboost_cbc,iron_deficiency,cbc_only,development_oof,0,0.869281045751634,0.908883826879271,0.888641425389755,439
balanced_catboost_cbc,iron_deficiency,cbc_only,development_oof,1,0.812206572769953,0.7424892703862661,0.7757847533632287,233
balanced_catboost_cbc,iron_deficiency,hb_only,development_oof,0,0.6509186351706037,0.5649202733485194,0.6048780487804878,439
balanced_catboost_cbc,iron_deficiency,hb_only,development_oof,1,0.3436426116838488,0.4291845493562232,0.3816793893129771,233
balanced_catboost_cbc,iron_deficiency,no_iron,development_oof,0,0.869281045751634,0.908883826879271,0.888641425389755,439
balanced_catboost_cbc,iron_deficiency,no_iron,development_oof,1,0.812206572769953,0.7424892703862661,0.7757847533632287,233
balanced_catboost_cbc,iron_deficiency,no_B12,development_oof,0,0.869281045751634,0.908883826879271,0.888641425389755,439
balanced_catboost_cbc,iron_deficiency,no_B12,development_oof,1,0.812206572769953,0.7424892703862661,0.7757847533632287,233
balanced_catboost_cbc,iron_deficiency,no_folate,development_oof,0,0.869281045751634,0.908883826879271,0.888641425389755,439
balanced_catboost_cbc,iron_deficiency,no_folate,development_oof,1,0.812206572769953,0.7424892703862661,0.7757847533632287,233
balanced_catboost_cbc,iron_deficiency,no_B6,development_oof,0,0.869281045751634,0.908883826879271,0.888641425389755,439
balanced_catboost_cbc,iron_deficiency,no_B6,development_oof,1,0.812206572769953,0.7424892703862661,0.7757847533632287,233
balanced_catboost_cbc,iron_deficiency,no_copper,development_oof,0,0.869281045751634,0.908883826879271,0.888641425389755,439
balanced_catboost_cbc,iron_deficiency,no_copper,development_oof,1,0.812206572769953,0.7424892703862661,0.7757847533632287,233
balanced_catboost_cbc,iron_deficiency,no_hemoglobin,development_oof,0,0.8583690987124464,0.9111617312072893,0.8839779005524862,439
balanced_catboost_cbc,iron_deficiency,no_hemoglobin,development_oof,1,0.8106796116504854,0.7167381974248928,0.7608200455580866,233
balanced_catboost_cbc,iron_deficiency,no_demographics,development_oof,0,0.8881118881118881,0.8678815489749431,0.8778801843317973,439
balanced_catboost_cbc,iron_deficiency,no_demographics,development_oof,1,0.7613168724279835,0.7939914163090128,0.7773109243697479,233
balanced_catboost_cbc,B12_deficiency,available,development_oof,0,0.8595505617977528,0.8878143133462283,0.873453853472883,517
balanced_catboost_cbc,B12_deficiency,available,development_oof,1,0.5797101449275363,0.5161290322580645,0.5460750853242321,155
balanced_catboost_cbc,B12_deficiency,drop30,development_oof,0,0.8388888888888889,0.8762088974854932,0.8571428571428571,517
balanced_catboost_cbc,B12_deficiency,drop30,development_oof,1,0.5151515151515151,0.43870967741935485,0.4738675958188153,155
balanced_catboost_cbc,B12_deficiency,drop60,development_oof,0,0.8154121863799283,0.8800773694390716,0.8465116279069768,517
balanced_catboost_cbc,B12_deficiency,drop60,development_oof,1,0.45614035087719296,0.33548387096774196,0.38661710037174724,155
balanced_catboost_cbc,B12_deficiency,cbc_only,development_oof,0,0.8595505617977528,0.8878143133462283,0.873453853472883,517
balanced_catboost_cbc,B12_deficiency,cbc_only,development_oof,1,0.5797101449275363,0.5161290322580645,0.5460750853242321,155
balanced_catboost_cbc,B12_deficiency,hb_only,development_oof,0,0.7704654895666132,0.9284332688588007,0.8421052631578947,517
balanced_catboost_cbc,B12_deficiency,hb_only,development_oof,1,0.24489795918367346,0.07741935483870968,0.11764705882352941,155
balanced_catboost_cbc,B12_deficiency,no_iron,development_oof,0,0.8595505617977528,0.8878143133462283,0.873453853472883,517
balanced_catboost_cbc,B12_deficiency,no_iron,development_oof,1,0.5797101449275363,0.5161290322580645,0.5460750853242321,155
balanced_catboost_cbc,B12_deficiency,no_B12,development_oof,0,0.8595505617977528,0.8878143133462283,0.873453853472883,517
balanced_catboost_cbc,B12_deficiency,no_B12,development_oof,1,0.5797101449275363,0.5161290322580645,0.5460750853242321,155
balanced_catboost_cbc,B12_deficiency,no_folate,development_oof,0,0.8595505617977528,0.8878143133462283,0.873453853472883,517
balanced_catboost_cbc,B12_deficiency,no_folate,development_oof,1,0.5797101449275363,0.5161290322580645,0.5460750853242321,155
balanced_catboost_cbc,B12_deficiency,no_B6,development_oof,0,0.8595505617977528,0.8878143133462283,0.873453853472883,517
balanced_catboost_cbc,B12_deficiency,no_B6,development_oof,1,0.5797101449275363,0.5161290322580645,0.5460750853242321,155
balanced_catboost_cbc,B12_deficiency,no_copper,development_oof,0,0.8595505617977528,0.8878143133462283,0.873453853472883,517
balanced_catboost_cbc,B12_deficiency,no_copper,development_oof,1,0.5797101449275363,0.5161290322580645,0.5460750853242321,155
balanced_catboost_cbc,B12_deficiency,no_hemoglobin,development_oof,0,0.8587360594795539,0.8936170212765957,0.875829383886256,517
balanced_catboost_cbc,B12_deficiency,no_hemoglobin,development_oof,1,0.5895522388059702,0.5096774193548387,0.5467128027681661,155
balanced_catboost_cbc,B12_deficiency,no_demographics,development_oof,0,0.8649155722326454,0.8916827852998066,0.878095238095238,517
balanced_catboost_cbc,B12_deficiency,no_demographics,development_oof,1,0.5971223021582733,0.535483870967742,0.564625850340136,155
balanced_catboost_cbc,folate_deficiency,available,development_oof,0,0.8721934369602763,0.9148550724637681,0.8930150309460654,552
balanced_catboost_cbc,folate_deficiency,available,development_oof,1,0.4946236559139785,0.38333333333333336,0.431924882629108,120
balanced_catboost_cbc,folate_deficiency,drop30,development_oof,0,0.8644939965694682,0.9130434782608695,0.8881057268722466,552
balanced_catboost_cbc,folate_deficiency,drop30,development_oof,1,0.4606741573033708,0.3416666666666667,0.3923444976076555,120
balanced_catboost_cbc,folate_deficiency,drop60,development_oof,0,0.8552188552188552,0.9202898550724637,0.8865619546247818,552
balanced_catboost_cbc,folate_deficiency,drop60,development_oof,1,0.4358974358974359,0.2833333333333333,0.3434343434343434,120
balanced_catboost_cbc,folate_deficiency,cbc_only,development_oof,0,0.8721934369602763,0.9148550724637681,0.8930150309460654,552
balanced_catboost_cbc,folate_deficiency,cbc_only,development_oof,1,0.4946236559139785,0.38333333333333336,0.431924882629108,120
balanced_catboost_cbc,folate_deficiency,hb_only,development_oof,0,0.8232558139534883,0.9619565217391305,0.8872180451127819,552
balanced_catboost_cbc,folate_deficiency,hb_only,development_oof,1,0.2222222222222222,0.05,0.08163265306122448,120
balanced_catboost_cbc,folate_deficiency,no_iron,development_oof,0,0.8721934369602763,0.9148550724637681,0.8930150309460654,552
balanced_catboost_cbc,folate_deficiency,no_iron,development_oof,1,0.4946236559139785,0.38333333333333336,0.431924882629108,120
balanced_catboost_cbc,folate_deficiency,no_B12,development_oof,0,0.8721934369602763,0.9148550724637681,0.8930150309460654,552
balanced_catboost_cbc,folate_deficiency,no_B12,development_oof,1,0.4946236559139785,0.38333333333333336,0.431924882629108,120
balanced_catboost_cbc,folate_deficiency,no_folate,development_oof,0,0.8721934369602763,0.9148550724637681,0.8930150309460654,552
balanced_catboost_cbc,folate_deficiency,no_folate,development_oof,1,0.4946236559139785,0.38333333333333336,0.431924882629108,120
balanced_catboost_cbc,folate_deficiency,no_B6,development_oof,0,0.8721934369602763,0.9148550724637681,0.8930150309460654,552
balanced_catboost_cbc,folate_deficiency,no_B6,development_oof,1,0.4946236559139785,0.38333333333333336,0.431924882629108,120
balanced_catboost_cbc,folate_deficiency,no_copper,development_oof,0,0.8721934369602763,0.9148550724637681,0.8930150309460654,552
balanced_catboost_cbc,folate_deficiency,no_copper,development_oof,1,0.4946236559139785,0.38333333333333336,0.431924882629108,120
balanced_catboost_cbc,folate_deficiency,no_hemoglobin,development_oof,0,0.8687392055267703,0.9112318840579711,0.8894783377541998,552
balanced_catboost_cbc,folate_deficiency,no_hemoglobin,development_oof,1,0.4731182795698925,0.36666666666666664,0.4131455399061033,120
balanced_catboost_cbc,folate_deficiency,no_demographics,development_oof,0,0.8377125193199382,0.9818840579710145,0.9040867389491243,552
balanced_catboost_cbc,folate_deficiency,no_demographics,development_oof,1,0.6,0.125,0.20689655172413793,120
balanced_catboost_cbc,B6_deficiency,available,development_oof,0,0.95952023988006,0.9937888198757764,0.9763539282990084,644
balanced_catboost_cbc,B6_deficiency,available,development_oof,1,0.2,0.03571428571428571,0.06060606060606061,28
balanced_catboost_cbc,B6_deficiency,drop30,development_oof,0,0.9581464872944694,0.9953416149068323,0.9763899466869764,644
balanced_catboost_cbc,B6_deficiency,drop30,development_oof,1,0.0,0.0,0.0,28
balanced_catboost_cbc,B6_deficiency,drop60,development_oof,0,0.9581464872944694,0.9953416149068323,0.9763899466869764,644
balanced_catboost_cbc,B6_deficiency,drop60,development_oof,1,0.0,0.0,0.0,28
balanced_catboost_cbc,B6_deficiency,cbc_only,development_oof,0,0.95952023988006,0.9937888198757764,0.9763539282990084,644
balanced_catboost_cbc,B6_deficiency,cbc_only,development_oof,1,0.2,0.03571428571428571,0.06060606060606061,28
balanced_catboost_cbc,B6_deficiency,hb_only,development_oof,0,0.9578947368421052,0.9891304347826086,0.9732620320855615,644
balanced_catboost_cbc,B6_deficiency,hb_only,development_oof,1,0.0,0.0,0.0,28
balanced_catboost_cbc,B6_deficiency,no_iron,development_oof,0,0.95952023988006,0.9937888198757764,0.9763539282990084,644
balanced_catboost_cbc,B6_deficiency,no_iron,development_oof,1,0.2,0.03571428571428571,0.06060606060606061,28
balanced_catboost_cbc,B6_deficiency,no_B12,development_oof,0,0.95952023988006,0.9937888198757764,0.9763539282990084,644
balanced_catboost_cbc,B6_deficiency,no_B12,development_oof,1,0.2,0.03571428571428571,0.06060606060606061,28
balanced_catboost_cbc,B6_deficiency,no_folate,development_oof,0,0.95952023988006,0.9937888198757764,0.9763539282990084,644
balanced_catboost_cbc,B6_deficiency,no_folate,development_oof,1,0.2,0.03571428571428571,0.06060606060606061,28
balanced_catboost_cbc,B6_deficiency,no_B6,development_oof,0,0.95952023988006,0.9937888198757764,0.9763539282990084,644
balanced_catboost_cbc,B6_deficiency,no_B6,development_oof,1,0.2,0.03571428571428571,0.06060606060606061,28
balanced_catboost_cbc,B6_deficiency,no_copper,development_oof,0,0.95952023988006,0.9937888198757764,0.9763539282990084,644
balanced_catboost_cbc,B6_deficiency,no_copper,development_oof,1,0.2,0.03571428571428571,0.06060606060606061,28
balanced_catboost_cbc,B6_deficiency,no_hemoglobin,development_oof,0,0.9580838323353293,0.9937888198757764,0.975609756097561,644
balanced_catboost_cbc,B6_deficiency,no_hemoglobin,development_oof,1,0.0,0.0,0.0,28
balanced_catboost_cbc,B6_deficiency,no_demographics,development_oof,0,0.9582712369597616,0.9984472049689441,0.9779467680608365,644
balanced_catboost_cbc,B6_deficiency,no_demographics,development_oof,1,0.0,0.0,0.0,28
balanced_catboost_cbc,copper_deficiency,available,development_oof,0,0.9596412556053812,0.9968944099378882,0.9779131759329779,644
balanced_catboost_cbc,copper_deficiency,available,development_oof,1,0.3333333333333333,0.03571428571428571,0.06451612903225806,28
balanced_catboost_cbc,copper_deficiency,drop30,development_oof,0,0.9623493975903614,0.9922360248447205,0.9770642201834863,644
balanced_catboost_cbc,copper_deficiency,drop30,development_oof,1,0.375,0.10714285714285714,0.16666666666666666,28
balanced_catboost_cbc,copper_deficiency,drop60,development_oof,0,0.9577039274924471,0.984472049689441,0.9709035222052067,644
balanced_catboost_cbc,copper_deficiency,drop60,development_oof,1,0.0,0.0,0.0,28
balanced_catboost_cbc,copper_deficiency,cbc_only,development_oof,0,0.9596412556053812,0.9968944099378882,0.9779131759329779,644
balanced_catboost_cbc,copper_deficiency,cbc_only,development_oof,1,0.3333333333333333,0.03571428571428571,0.06451612903225806,28
balanced_catboost_cbc,copper_deficiency,hb_only,development_oof,0,0.9578313253012049,0.9875776397515528,0.9724770642201835,644
balanced_catboost_cbc,copper_deficiency,hb_only,development_oof,1,0.0,0.0,0.0,28
balanced_catboost_cbc,copper_deficiency,no_iron,development_oof,0,0.9596412556053812,0.9968944099378882,0.9779131759329779,644
balanced_catboost_cbc,copper_deficiency,no_iron,development_oof,1,0.3333333333333333,0.03571428571428571,0.06451612903225806,28
balanced_catboost_cbc,copper_deficiency,no_B12,development_oof,0,0.9596412556053812,0.9968944099378882,0.9779131759329779,644
balanced_catboost_cbc,copper_deficiency,no_B12,development_oof,1,0.3333333333333333,0.03571428571428571,0.06451612903225806,28
balanced_catboost_cbc,copper_deficiency,no_folate,development_oof,0,0.9596412556053812,0.9968944099378882,0.9779131759329779,644
balanced_catboost_cbc,copper_deficiency,no_folate,development_oof,1,0.3333333333333333,0.03571428571428571,0.06451612903225806,28
balanced_catboost_cbc,copper_deficiency,no_B6,development_oof,0,0.9596412556053812,0.9968944099378882,0.9779131759329779,644
balanced_catboost_cbc,copper_deficiency,no_B6,development_oof,1,0.3333333333333333,0.03571428571428571,0.06451612903225806,28
balanced_catboost_cbc,copper_deficiency,no_copper,development_oof,0,0.9596412556053812,0.9968944099378882,0.9779131759329779,644
balanced_catboost_cbc,copper_deficiency,no_copper,development_oof,1,0.3333333333333333,0.03571428571428571,0.06451612903225806,28
balanced_catboost_cbc,copper_deficiency,no_hemoglobin,development_oof,0,0.9597014925373134,0.9984472049689441,0.9786910197869102,644
balanced_catboost_cbc,copper_deficiency,no_hemoglobin,development_oof,1,0.5,0.03571428571428571,0.06666666666666667,28
balanced_catboost_cbc,copper_deficiency,no_demographics,development_oof,0,0.963855421686747,0.9937888198757764,0.9785932721712538,644
balanced_catboost_cbc,copper_deficiency,no_demographics,development_oof,1,0.5,0.14285714285714285,0.2222222222222222,28
balanced_catboost_cbc,inflammation_anemia,available,development_oof,0,0.9633173843700159,0.9741935483870968,0.9687249398556536,620
balanced_catboost_cbc,inflammation_anemia,available,development_oof,1,0.6444444444444445,0.5576923076923077,0.5979381443298969,52
balanced_catboost_cbc,inflammation_anemia,drop30,development_oof,0,0.9509493670886076,0.9693548387096774,0.9600638977635783,620
balanced_catboost_cbc,inflammation_anemia,drop30,development_oof,1,0.525,0.40384615384615385,0.45652173913043476,52
balanced_catboost_cbc,inflammation_anemia,drop60,development_oof,0,0.9318885448916409,0.9709677419354839,0.9510268562401264,620
balanced_catboost_cbc,inflammation_anemia,drop60,development_oof,1,0.3076923076923077,0.15384615384615385,0.20512820512820512,52
balanced_catboost_cbc,inflammation_anemia,cbc_only,development_oof,0,0.9633173843700159,0.9741935483870968,0.9687249398556536,620
balanced_catboost_cbc,inflammation_anemia,cbc_only,development_oof,1,0.6444444444444445,0.5576923076923077,0.5979381443298969,52
balanced_catboost_cbc,inflammation_anemia,hb_only,development_oof,0,0.9228441754916793,0.9838709677419355,0.9523809523809523,620
balanced_catboost_cbc,inflammation_anemia,hb_only,development_oof,1,0.09090909090909091,0.019230769230769232,0.031746031746031744,52
balanced_catboost_cbc,inflammation_anemia,no_iron,development_oof,0,0.9633173843700159,0.9741935483870968,0.9687249398556536,620
balanced_catboost_cbc,inflammation_anemia,no_iron,development_oof,1,0.6444444444444445,0.5576923076923077,0.5979381443298969,52
balanced_catboost_cbc,inflammation_anemia,no_B12,development_oof,0,0.9633173843700159,0.9741935483870968,0.9687249398556536,620
balanced_catboost_cbc,inflammation_anemia,no_B12,development_oof,1,0.6444444444444445,0.5576923076923077,0.5979381443298969,52
balanced_catboost_cbc,inflammation_anemia,no_folate,development_oof,0,0.9633173843700159,0.9741935483870968,0.9687249398556536,620
balanced_catboost_cbc,inflammation_anemia,no_folate,development_oof,1,0.6444444444444445,0.5576923076923077,0.5979381443298969,52
balanced_catboost_cbc,inflammation_anemia,no_B6,development_oof,0,0.9633173843700159,0.9741935483870968,0.9687249398556536,620
balanced_catboost_cbc,inflammation_anemia,no_B6,development_oof,1,0.6444444444444445,0.5576923076923077,0.5979381443298969,52
balanced_catboost_cbc,inflammation_anemia,no_copper,development_oof,0,0.9633173843700159,0.9741935483870968,0.9687249398556536,620
balanced_catboost_cbc,inflammation_anemia,no_copper,development_oof,1,0.6444444444444445,0.5576923076923077,0.5979381443298969,52
balanced_catboost_cbc,inflammation_anemia,no_hemoglobin,development_oof,0,0.9622047244094488,0.9854838709677419,0.9737051792828685,620
balanced_catboost_cbc,inflammation_anemia,no_hemoglobin,development_oof,1,0.7567567567567568,0.5384615384615384,0.6292134831460674,52
balanced_catboost_cbc,inflammation_anemia,no_demographics,development_oof,0,0.9514866979655712,0.9806451612903225,0.965845909451946,620
balanced_catboost_cbc,inflammation_anemia,no_demographics,development_oof,1,0.6363636363636364,0.40384615384615385,0.49411764705882355,52
balanced_trees_cbc,anemia_class,available,development_oof,B12_deficiency_anemia,0.4925373134328358,0.6346153846153846,0.5546218487394958,52
balanced_trees_cbc,anemia_class,available,development_oof,B12_deficiency_no_anemia,0.4,0.4,0.4,40
balanced_trees_cbc,anemia_class,available,development_oof,B6_deficiency,0.4166666666666667,0.17857142857142858,0.25,28
balanced_trees_cbc,anemia_class,available,development_oof,anemia_other,0.4444444444444444,0.5333333333333333,0.48484848484848486,60
balanced_trees_cbc,anemia_class,available,development_oof,copper_deficiency,0.25,0.03571428571428571,0.0625,28
balanced_trees_cbc,anemia_class,available,development_oof,folate_deficiency_anemia,0.45,0.45,0.45,40
balanced_trees_cbc,anemia_class,available,development_oof,folate_deficiency_no_anemia,0.25,0.21875,0.23333333333333334,32
balanced_trees_cbc,anemia_class,available,development_oof,inflammation_anemia,0.5161290322580645,0.6153846153846154,0.5614035087719298,52
balanced_trees_cbc,anemia_class,available,development_oof,iron_deficiency_anemia,0.6190476190476191,0.5652173913043478,0.5909090909090909,92
balanced_trees_cbc,anemia_class,available,development_oof,latent_deficiency,0.6615384615384615,0.6323529411764706,0.6466165413533834,68
balanced_trees_cbc,anemia_class,available,development_oof,mixed_deficiency,0.5730337078651685,0.5543478260869565,0.56353591160221,92
balanced_trees_cbc,anemia_class,available,development_oof,no_anemia_no_deficiency,0.6880733944954128,0.8522727272727273,0.7614213197969543,88
balanced_trees_cbc,anemia_class,drop30,development_oof,B12_deficiency_anemia,0.42857142857142855,0.5192307692307693,0.46956521739130436,52
balanced_trees_cbc,anemia_class,drop30,development_oof,B12_deficiency_no_anemia,0.3793103448275862,0.275,0.3188405797101449,40
balanced_trees_cbc,anemia_class,drop30,development_oof,B6_deficiency,0.2222222222222222,0.07142857142857142,0.10810810810810811,28
balanced_trees_cbc,anemia_class,drop30,development_oof,anemia_other,0.375,0.6,0.46153846153846156,60
balanced_trees_cbc,anemia_class,drop30,development_oof,copper_deficiency,0.3333333333333333,0.03571428571428571,0.06451612903225806,28
balanced_trees_cbc,anemia_class,drop30,development_oof,folate_deficiency_anemia,0.38235294117647056,0.325,0.35135135135135137,40
balanced_trees_cbc,anemia_class,drop30,development_oof,folate_deficiency_no_anemia,0.15384615384615385,0.125,0.13793103448275862,32
balanced_trees_cbc,anemia_class,drop30,development_oof,inflammation_anemia,0.42857142857142855,0.5192307692307693,0.46956521739130436,52
balanced_trees_cbc,anemia_class,drop30,development_oof,iron_deficiency_anemia,0.5903614457831325,0.532608695652174,0.56,92
balanced_trees_cbc,anemia_class,drop30,development_oof,latent_deficiency,0.578125,0.5441176470588235,0.5606060606060606,68
balanced_trees_cbc,anemia_class,drop30,development_oof,mixed_deficiency,0.5,0.5,0.5,92
balanced_trees_cbc,anemia_class,drop30,development_oof,no_anemia_no_deficiency,0.6090909090909091,0.7613636363636364,0.6767676767676768,88
balanced_trees_cbc,anemia_class,drop60,development_oof,B12_deficiency_anemia,0.4418604651162791,0.36538461538461536,0.4,52
balanced_trees_cbc,anemia_class,drop60,development_oof,B12_deficiency_no_anemia,0.4444444444444444,0.2,0.27586206896551724,40
balanced_trees_cbc,anemia_class,drop60,development_oof,B6_deficiency,0.16666666666666666,0.03571428571428571,0.058823529411764705,28
balanced_trees_cbc,anemia_class,drop60,development_oof,anemia_other,0.2112676056338028,0.5,0.297029702970297,60
balanced_trees_cbc,anemia_class,drop60,development_oof,copper_deficiency,0.25,0.03571428571428571,0.0625,28
balanced_trees_cbc,anemia_class,drop60,development_oof,folate_deficiency_anemia,0.3103448275862069,0.225,0.2608695652173913,40
balanced_trees_cbc,anemia_class,drop60,development_oof,folate_deficiency_no_anemia,0.2903225806451613,0.28125,0.2857142857142857,32
balanced_trees_cbc,anemia_class,drop60,development_oof,inflammation_anemia,0.3018867924528302,0.3076923076923077,0.3047619047619048,52
balanced_trees_cbc,anemia_class,drop60,development_oof,iron_deficiency_anemia,0.45054945054945056,0.44565217391304346,0.44808743169398907,92
balanced_trees_cbc,anemia_class,drop60,development_oof,latent_deficiency,0.4861111111111111,0.5147058823529411,0.5,68
balanced_trees_cbc,anemia_class,drop60,development_oof,mixed_deficiency,0.3,0.29347826086956524,0.2967032967032967,92
balanced_trees_cbc,anemia_class,drop60,development_oof,no_anemia_no_deficiency,0.5376344086021505,0.5681818181818182,0.5524861878453039,88
balanced_trees_cbc,anemia_class,cbc_only,development_oof,B12_deficiency_anemia,0.4925373134328358,0.6346153846153846,0.5546218487394958,52
balanced_trees_cbc,anemia_class,cbc_only,development_oof,B12_deficiency_no_anemia,0.4,0.4,0.4,40
balanced_trees_cbc,anemia_class,cbc_only,development_oof,B6_deficiency,0.4166666666666667,0.17857142857142858,0.25,28
balanced_trees_cbc,anemia_class,cbc_only,development_oof,anemia_other,0.4444444444444444,0.5333333333333333,0.48484848484848486,60
balanced_trees_cbc,anemia_class,cbc_only,development_oof,copper_deficiency,0.25,0.03571428571428571,0.0625,28
balanced_trees_cbc,anemia_class,cbc_only,development_oof,folate_deficiency_anemia,0.45,0.45,0.45,40
balanced_trees_cbc,anemia_class,cbc_only,development_oof,folate_deficiency_no_anemia,0.25,0.21875,0.23333333333333334,32
balanced_trees_cbc,anemia_class,cbc_only,development_oof,inflammation_anemia,0.5161290322580645,0.6153846153846154,0.5614035087719298,52
balanced_trees_cbc,anemia_class,cbc_only,development_oof,iron_deficiency_anemia,0.6190476190476191,0.5652173913043478,0.5909090909090909,92
balanced_trees_cbc,anemia_class,cbc_only,development_oof,latent_deficiency,0.6615384615384615,0.6323529411764706,0.6466165413533834,68
balanced_trees_cbc,anemia_class,cbc_only,development_oof,mixed_deficiency,0.5730337078651685,0.5543478260869565,0.56353591160221,92
balanced_trees_cbc,anemia_class,cbc_only,development_oof,no_anemia_no_deficiency,0.6880733944954128,0.8522727272727273,0.7614213197969543,88
balanced_trees_cbc,anemia_class,hb_only,development_oof,B12_deficiency_anemia,0.0,0.0,0.0,52
balanced_trees_cbc,anemia_class,hb_only,development_oof,B12_deficiency_no_anemia,0.22580645161290322,0.175,0.19718309859154928,40
balanced_trees_cbc,anemia_class,hb_only,development_oof,B6_deficiency,0.0,0.0,0.0,28
balanced_trees_cbc,anemia_class,hb_only,development_oof,anemia_other,0.1320754716981132,0.23333333333333334,0.1686746987951807,60
balanced_trees_cbc,anemia_class,hb_only,development_oof,copper_deficiency,0.11764705882352941,0.07142857142857142,0.08888888888888889,28
balanced_trees_cbc,anemia_class,hb_only,development_oof,folate_deficiency_anemia,0.0,0.0,0.0,40
balanced_trees_cbc,anemia_class,hb_only,development_oof,folate_deficiency_no_anemia,0.1836734693877551,0.28125,0.2222222222222222,32
balanced_trees_cbc,anemia_class,hb_only,development_oof,inflammation_anemia,0.1111111111111111,0.038461538461538464,0.05714285714285714,52
balanced_trees_cbc,anemia_class,hb_only,development_oof,iron_deficiency_anemia,0.20212765957446807,0.20652173913043478,0.20430107526881722,92
balanced_trees_cbc,anemia_class,hb_only,development_oof,latent_deficiency,0.21052631578947367,0.11764705882352941,0.1509433962264151,68
balanced_trees_cbc,anemia_class,hb_only,development_oof,mixed_deficiency,0.215,0.4673913043478261,0.2945205479452055,92
balanced_trees_cbc,anemia_class,hb_only,development_oof,no_anemia_no_deficiency,0.46956521739130436,0.6136363636363636,0.5320197044334976,88
balanced_trees_cbc,anemia_class,no_iron,development_oof,B12_deficiency_anemia,0.4925373134328358,0.6346153846153846,0.5546218487394958,52
balanced_trees_cbc,anemia_class,no_iron,development_oof,B12_deficiency_no_anemia,0.4,0.4,0.4,40
balanced_trees_cbc,anemia_class,no_iron,development_oof,B6_deficiency,0.4166666666666667,0.17857142857142858,0.25,28
balanced_trees_cbc,anemia_class,no_iron,development_oof,anemia_other,0.4444444444444444,0.5333333333333333,0.48484848484848486,60
balanced_trees_cbc,anemia_class,no_iron,development_oof,copper_deficiency,0.25,0.03571428571428571,0.0625,28
balanced_trees_cbc,anemia_class,no_iron,development_oof,folate_deficiency_anemia,0.45,0.45,0.45,40
balanced_trees_cbc,anemia_class,no_iron,development_oof,folate_deficiency_no_anemia,0.25,0.21875,0.23333333333333334,32
balanced_trees_cbc,anemia_class,no_iron,development_oof,inflammation_anemia,0.5161290322580645,0.6153846153846154,0.5614035087719298,52
balanced_trees_cbc,anemia_class,no_iron,development_oof,iron_deficiency_anemia,0.6190476190476191,0.5652173913043478,0.5909090909090909,92
balanced_trees_cbc,anemia_class,no_iron,development_oof,latent_deficiency,0.6615384615384615,0.6323529411764706,0.6466165413533834,68
balanced_trees_cbc,anemia_class,no_iron,development_oof,mixed_deficiency,0.5730337078651685,0.5543478260869565,0.56353591160221,92
balanced_trees_cbc,anemia_class,no_iron,development_oof,no_anemia_no_deficiency,0.6880733944954128,0.8522727272727273,0.7614213197969543,88
balanced_trees_cbc,anemia_class,no_B12,development_oof,B12_deficiency_anemia,0.4925373134328358,0.6346153846153846,0.5546218487394958,52
balanced_trees_cbc,anemia_class,no_B12,development_oof,B12_deficiency_no_anemia,0.4,0.4,0.4,40
balanced_trees_cbc,anemia_class,no_B12,development_oof,B6_deficiency,0.4166666666666667,0.17857142857142858,0.25,28
balanced_trees_cbc,anemia_class,no_B12,development_oof,anemia_other,0.4444444444444444,0.5333333333333333,0.48484848484848486,60
balanced_trees_cbc,anemia_class,no_B12,development_oof,copper_deficiency,0.25,0.03571428571428571,0.0625,28
balanced_trees_cbc,anemia_class,no_B12,development_oof,folate_deficiency_anemia,0.45,0.45,0.45,40
balanced_trees_cbc,anemia_class,no_B12,development_oof,folate_deficiency_no_anemia,0.25,0.21875,0.23333333333333334,32
balanced_trees_cbc,anemia_class,no_B12,development_oof,inflammation_anemia,0.5161290322580645,0.6153846153846154,0.5614035087719298,52
balanced_trees_cbc,anemia_class,no_B12,development_oof,iron_deficiency_anemia,0.6190476190476191,0.5652173913043478,0.5909090909090909,92
balanced_trees_cbc,anemia_class,no_B12,development_oof,latent_deficiency,0.6615384615384615,0.6323529411764706,0.6466165413533834,68
balanced_trees_cbc,anemia_class,no_B12,development_oof,mixed_deficiency,0.5730337078651685,0.5543478260869565,0.56353591160221,92
balanced_trees_cbc,anemia_class,no_B12,development_oof,no_anemia_no_deficiency,0.6880733944954128,0.8522727272727273,0.7614213197969543,88
balanced_trees_cbc,anemia_class,no_folate,development_oof,B12_deficiency_anemia,0.4925373134328358,0.6346153846153846,0.5546218487394958,52
balanced_trees_cbc,anemia_class,no_folate,development_oof,B12_deficiency_no_anemia,0.4,0.4,0.4,40
balanced_trees_cbc,anemia_class,no_folate,development_oof,B6_deficiency,0.4166666666666667,0.17857142857142858,0.25,28
balanced_trees_cbc,anemia_class,no_folate,development_oof,anemia_other,0.4444444444444444,0.5333333333333333,0.48484848484848486,60
balanced_trees_cbc,anemia_class,no_folate,development_oof,copper_deficiency,0.25,0.03571428571428571,0.0625,28
balanced_trees_cbc,anemia_class,no_folate,development_oof,folate_deficiency_anemia,0.45,0.45,0.45,40
balanced_trees_cbc,anemia_class,no_folate,development_oof,folate_deficiency_no_anemia,0.25,0.21875,0.23333333333333334,32
balanced_trees_cbc,anemia_class,no_folate,development_oof,inflammation_anemia,0.5161290322580645,0.6153846153846154,0.5614035087719298,52
balanced_trees_cbc,anemia_class,no_folate,development_oof,iron_deficiency_anemia,0.6190476190476191,0.5652173913043478,0.5909090909090909,92
balanced_trees_cbc,anemia_class,no_folate,development_oof,latent_deficiency,0.6615384615384615,0.6323529411764706,0.6466165413533834,68
balanced_trees_cbc,anemia_class,no_folate,development_oof,mixed_deficiency,0.5730337078651685,0.5543478260869565,0.56353591160221,92
balanced_trees_cbc,anemia_class,no_folate,development_oof,no_anemia_no_deficiency,0.6880733944954128,0.8522727272727273,0.7614213197969543,88
balanced_trees_cbc,anemia_class,no_B6,development_oof,B12_deficiency_anemia,0.4925373134328358,0.6346153846153846,0.5546218487394958,52
balanced_trees_cbc,anemia_class,no_B6,development_oof,B12_deficiency_no_anemia,0.4,0.4,0.4,40
balanced_trees_cbc,anemia_class,no_B6,development_oof,B6_deficiency,0.4166666666666667,0.17857142857142858,0.25,28
balanced_trees_cbc,anemia_class,no_B6,development_oof,anemia_other,0.4444444444444444,0.5333333333333333,0.48484848484848486,60
balanced_trees_cbc,anemia_class,no_B6,development_oof,copper_deficiency,0.25,0.03571428571428571,0.0625,28
balanced_trees_cbc,anemia_class,no_B6,development_oof,folate_deficiency_anemia,0.45,0.45,0.45,40
balanced_trees_cbc,anemia_class,no_B6,development_oof,folate_deficiency_no_anemia,0.25,0.21875,0.23333333333333334,32
balanced_trees_cbc,anemia_class,no_B6,development_oof,inflammation_anemia,0.5161290322580645,0.6153846153846154,0.5614035087719298,52
balanced_trees_cbc,anemia_class,no_B6,development_oof,iron_deficiency_anemia,0.6190476190476191,0.5652173913043478,0.5909090909090909,92
balanced_trees_cbc,anemia_class,no_B6,development_oof,latent_deficiency,0.6615384615384615,0.6323529411764706,0.6466165413533834,68
balanced_trees_cbc,anemia_class,no_B6,development_oof,mixed_deficiency,0.5730337078651685,0.5543478260869565,0.56353591160221,92
balanced_trees_cbc,anemia_class,no_B6,development_oof,no_anemia_no_deficiency,0.6880733944954128,0.8522727272727273,0.7614213197969543,88
balanced_trees_cbc,anemia_class,no_copper,development_oof,B12_deficiency_anemia,0.4925373134328358,0.6346153846153846,0.5546218487394958,52
balanced_trees_cbc,anemia_class,no_copper,development_oof,B12_deficiency_no_anemia,0.4,0.4,0.4,40
balanced_trees_cbc,anemia_class,no_copper,development_oof,B6_deficiency,0.4166666666666667,0.17857142857142858,0.25,28
balanced_trees_cbc,anemia_class,no_copper,development_oof,anemia_other,0.4444444444444444,0.5333333333333333,0.48484848484848486,60
balanced_trees_cbc,anemia_class,no_copper,development_oof,copper_deficiency,0.25,0.03571428571428571,0.0625,28
balanced_trees_cbc,anemia_class,no_copper,development_oof,folate_deficiency_anemia,0.45,0.45,0.45,40
balanced_trees_cbc,anemia_class,no_copper,development_oof,folate_deficiency_no_anemia,0.25,0.21875,0.23333333333333334,32
balanced_trees_cbc,anemia_class,no_copper,development_oof,inflammation_anemia,0.5161290322580645,0.6153846153846154,0.5614035087719298,52
balanced_trees_cbc,anemia_class,no_copper,development_oof,iron_deficiency_anemia,0.6190476190476191,0.5652173913043478,0.5909090909090909,92
balanced_trees_cbc,anemia_class,no_copper,development_oof,latent_deficiency,0.6615384615384615,0.6323529411764706,0.6466165413533834,68
balanced_trees_cbc,anemia_class,no_copper,development_oof,mixed_deficiency,0.5730337078651685,0.5543478260869565,0.56353591160221,92
balanced_trees_cbc,anemia_class,no_copper,development_oof,no_anemia_no_deficiency,0.6880733944954128,0.8522727272727273,0.7614213197969543,88
balanced_trees_cbc,anemia_class,no_hemoglobin,development_oof,B12_deficiency_anemia,0.4246575342465753,0.5961538461538461,0.496,52
balanced_trees_cbc,anemia_class,no_hemoglobin,development_oof,B12_deficiency_no_anemia,0.3684210526315789,0.175,0.23728813559322035,40
balanced_trees_cbc,anemia_class,no_hemoglobin,development_oof,B6_deficiency,0.5,0.10714285714285714,0.17647058823529413,28
balanced_trees_cbc,anemia_class,no_hemoglobin,development_oof,anemia_other,0.47297297297297297,0.5833333333333334,0.5223880597014925,60
balanced_trees_cbc,anemia_class,no_hemoglobin,development_oof,copper_deficiency,0.5,0.10714285714285714,0.17647058823529413,28
balanced_trees_cbc,anemia_class,no_hemoglobin,development_oof,folate_deficiency_anemia,0.3617021276595745,0.425,0.39080459770114945,40
balanced_trees_cbc,anemia_class,no_hemoglobin,development_oof,folate_deficiency_no_anemia,0.3157894736842105,0.1875,0.23529411764705882,32
balanced_trees_cbc,anemia_class,no_hemoglobin,development_oof,inflammation_anemia,0.559322033898305,0.6346153846153846,0.5945945945945946,52
balanced_trees_cbc,anemia_class,no_hemoglobin,development_oof,iron_deficiency_anemia,0.6333333333333333,0.6195652173913043,0.6263736263736264,92
balanced_trees_cbc,anemia_class,no_hemoglobin,development_oof,latent_deficiency,0.6329113924050633,0.7352941176470589,0.6802721088435374,68
balanced_trees_cbc,anemia_class,no_hemoglobin,development_oof,mixed_deficiency,0.5632183908045977,0.532608695652174,0.547486033519553,92
balanced_trees_cbc,anemia_class,no_hemoglobin,development_oof,no_anemia_no_deficiency,0.6017699115044248,0.7727272727272727,0.6766169154228856,88
balanced_trees_cbc,anemia_class,no_demographics,development_oof,B12_deficiency_anemia,0.43478260869565216,0.5769230769230769,0.49586776859504134,52
balanced_trees_cbc,anemia_class,no_demographics,development_oof,B12_deficiency_no_anemia,0.5666666666666667,0.425,0.4857142857142857,40
balanced_trees_cbc,anemia_class,no_demographics,development_oof,B6_deficiency,0.46153846153846156,0.21428571428571427,0.2926829268292683,28
balanced_trees_cbc,anemia_class,no_demographics,development_oof,anemia_other,0.4358974358974359,0.5666666666666667,0.4927536231884058,60
balanced_trees_cbc,anemia_class,no_demographics,development_oof,copper_deficiency,0.5,0.07142857142857142,0.125,28
balanced_trees_cbc,anemia_class,no_demographics,development_oof,folate_deficiency_anemia,0.3269230769230769,0.425,0.3695652173913043,40
balanced_trees_cbc,anemia_class,no_demographics,development_oof,folate_deficiency_no_anemia,0.38095238095238093,0.25,0.3018867924528302,32
balanced_trees_cbc,anemia_class,no_demographics,development_oof,inflammation_anemia,0.5230769230769231,0.6538461538461539,0.5811965811965812,52
balanced_trees_cbc,anemia_class,no_demographics,development_oof,iron_deficiency_anemia,0.6,0.6521739130434783,0.625,92
balanced_trees_cbc,anemia_class,no_demographics,development_oof,latent_deficiency,0.676923076923077,0.6470588235294118,0.6616541353383458,68
balanced_trees_cbc,anemia_class,no_demographics,development_oof,mixed_deficiency,0.6486486486486487,0.5217391304347826,0.5783132530120482,92
balanced_trees_cbc,anemia_class,no_demographics,development_oof,no_anemia_no_deficiency,0.6831683168316832,0.7840909090909091,0.7301587301587301,88
balanced_trees_cbc,iron_deficiency,available,development_oof,0,0.8698481561822126,0.9134396355353075,0.8911111111111111,439
balanced_trees_cbc,iron_deficiency,available,development_oof,1,0.8199052132701422,0.7424892703862661,0.7792792792792793,233
balanced_trees_cbc,iron_deficiency,drop30,development_oof,0,0.8362068965517241,0.8838268792710706,0.8593576965669989,439
balanced_trees_cbc,iron_deficiency,drop30,development_oof,1,0.7548076923076923,0.6738197424892703,0.7120181405895691,233
balanced_trees_cbc,iron_deficiency,drop60,development_oof,0,0.7739307535641547,0.8656036446469249,0.8172043010752689,439
balanced_trees_cbc,iron_deficiency,drop60,development_oof,1,0.6740331491712708,0.5236051502145923,0.5893719806763285,233
balanced_trees_cbc,iron_deficiency,cbc_only,development_oof,0,0.8698481561822126,0.9134396355353075,0.8911111111111111,439
balanced_trees_cbc,iron_deficiency,cbc_only,development_oof,1,0.8199052132701422,0.7424892703862661,0.7792792792792793,233
balanced_trees_cbc,iron_deficiency,hb_only,development_oof,0,0.6551724137931034,0.9954441913439636,0.7902350813743219,439
balanced_trees_cbc,iron_deficiency,hb_only,development_oof,1,0.6,0.012875536480686695,0.025210084033613446,233
balanced_trees_cbc,iron_deficiency,no_iron,development_oof,0,0.8698481561822126,0.9134396355353075,0.8911111111111111,439
balanced_trees_cbc,iron_deficiency,no_iron,development_oof,1,0.8199052132701422,0.7424892703862661,0.7792792792792793,233
balanced_trees_cbc,iron_deficiency,no_B12,development_oof,0,0.8698481561822126,0.9134396355353075,0.8911111111111111,439
balanced_trees_cbc,iron_deficiency,no_B12,development_oof,1,0.8199052132701422,0.7424892703862661,0.7792792792792793,233
balanced_trees_cbc,iron_deficiency,no_folate,development_oof,0,0.8698481561822126,0.9134396355353075,0.8911111111111111,439
balanced_trees_cbc,iron_deficiency,no_folate,development_oof,1,0.8199052132701422,0.7424892703862661,0.7792792792792793,233
balanced_trees_cbc,iron_deficiency,no_B6,development_oof,0,0.8698481561822126,0.9134396355353075,0.8911111111111111,439
balanced_trees_cbc,iron_deficiency,no_B6,development_oof,1,0.8199052132701422,0.7424892703862661,0.7792792792792793,233
balanced_trees_cbc,iron_deficiency,no_copper,development_oof,0,0.8698481561822126,0.9134396355353075,0.8911111111111111,439
balanced_trees_cbc,iron_deficiency,no_copper,development_oof,1,0.8199052132701422,0.7424892703862661,0.7792792792792793,233
balanced_trees_cbc,iron_deficiency,no_hemoglobin,development_oof,0,0.8635394456289979,0.9225512528473804,0.8920704845814978,439
balanced_trees_cbc,iron_deficiency,no_hemoglobin,development_oof,1,0.8325123152709359,0.7253218884120172,0.7752293577981652,233
balanced_trees_cbc,iron_deficiency,no_demographics,development_oof,0,0.8655097613882863,0.908883826879271,0.8866666666666667,439
balanced_trees_cbc,iron_deficiency,no_demographics,development_oof,1,0.8104265402843602,0.7339055793991416,0.7702702702702703,233
balanced_trees_cbc,B12_deficiency,available,development_oof,0,0.8475499092558983,0.9032882011605415,0.8745318352059925,517
balanced_trees_cbc,B12_deficiency,available,development_oof,1,0.5867768595041323,0.45806451612903226,0.5144927536231884,155
balanced_trees_cbc,B12_deficiency,drop30,development_oof,0,0.8351063829787234,0.9110251450676983,0.8714153561517114,517
balanced_trees_cbc,B12_deficiency,drop30,development_oof,1,0.5740740740740741,0.4,0.4714828897338403,155
balanced_trees_cbc,B12_deficiency,drop60,development_oof,0,0.815068493150685,0.9206963249516441,0.8646684831970936,517
balanced_trees_cbc,B12_deficiency,drop60,development_oof,1,0.5340909090909091,0.3032258064516129,0.3868312757201646,155
balanced_trees_cbc,B12_deficiency,cbc_only,development_oof,0,0.8475499092558983,0.9032882011605415,0.8745318352059925,517
balanced_trees_cbc,B12_deficiency,cbc_only,development_oof,1,0.5867768595041323,0.45806451612903226,0.5144927536231884,155
balanced_trees_cbc,B12_deficiency,hb_only,development_oof,0,0.7716535433070866,0.9477756286266924,0.8506944444444444,517
balanced_trees_cbc,B12_deficiency,hb_only,development_oof,1,0.2702702702702703,0.06451612903225806,0.10416666666666667,155
balanced_trees_cbc,B12_deficiency,no_iron,development_oof,0,0.8475499092558983,0.9032882011605415,0.8745318352059925,517
balanced_trees_cbc,B12_deficiency,no_iron,development_oof,1,0.5867768595041323,0.45806451612903226,0.5144927536231884,155
balanced_trees_cbc,B12_deficiency,no_B12,development_oof,0,0.8475499092558983,0.9032882011605415,0.8745318352059925,517
balanced_trees_cbc,B12_deficiency,no_B12,development_oof,1,0.5867768595041323,0.45806451612903226,0.5144927536231884,155
balanced_trees_cbc,B12_deficiency,no_folate,development_oof,0,0.8475499092558983,0.9032882011605415,0.8745318352059925,517
balanced_trees_cbc,B12_deficiency,no_folate,development_oof,1,0.5867768595041323,0.45806451612903226,0.5144927536231884,155
balanced_trees_cbc,B12_deficiency,no_B6,development_oof,0,0.8475499092558983,0.9032882011605415,0.8745318352059925,517
balanced_trees_cbc,B12_deficiency,no_B6,development_oof,1,0.5867768595041323,0.45806451612903226,0.5144927536231884,155
balanced_trees_cbc,B12_deficiency,no_copper,development_oof,0,0.8475499092558983,0.9032882011605415,0.8745318352059925,517
balanced_trees_cbc,B12_deficiency,no_copper,development_oof,1,0.5867768595041323,0.45806451612903226,0.5144927536231884,155
balanced_trees_cbc,B12_deficiency,no_hemoglobin,development_oof,0,0.8524590163934426,0.9052224371373307,0.8780487804878049,517
balanced_trees_cbc,B12_deficiency,no_hemoglobin,development_oof,1,0.6016260162601627,0.4774193548387097,0.5323741007194245,155
balanced_trees_cbc,B12_deficiency,no_demographics,development_oof,0,0.8537477148080439,0.9032882011605415,0.8778195488721805,517
balanced_trees_cbc,B12_deficiency,no_demographics,development_oof,1,0.6,0.4838709677419355,0.5357142857142857,155
balanced_trees_cbc,folate_deficiency,available,development_oof,0,0.8496732026143791,0.9420289855072463,0.8934707903780069,552
balanced_trees_cbc,folate_deficiency,available,development_oof,1,0.4666666666666667,0.23333333333333334,0.3111111111111111,120
balanced_trees_cbc,folate_deficiency,drop30,development_oof,0,0.8392857142857143,0.9365942028985508,0.8852739726027398,552
balanced_trees_cbc,folate_deficiency,drop30,development_oof,1,0.375,0.175,0.23863636363636365,120
balanced_trees_cbc,folate_deficiency,drop60,development_oof,0,0.8520325203252033,0.9492753623188406,0.8980291345329906,552
balanced_trees_cbc,folate_deficiency,drop60,development_oof,1,0.5087719298245614,0.24166666666666667,0.327683615819209,120
balanced_trees_cbc,folate_deficiency,cbc_only,development_oof,0,0.8496732026143791,0.9420289855072463,0.8934707903780069,552
balanced_trees_cbc,folate_deficiency,cbc_only,development_oof,1,0.4666666666666667,0.23333333333333334,0.3111111111111111,120
balanced_trees_cbc,folate_deficiency,hb_only,development_oof,0,0.8214285714285714,1.0,0.9019607843137255,552
balanced_trees_cbc,folate_deficiency,hb_only,development_oof,1,0.0,0.0,0.0,120
balanced_trees_cbc,folate_deficiency,no_iron,development_oof,0,0.8496732026143791,0.9420289855072463,0.8934707903780069,552
balanced_trees_cbc,folate_deficiency,no_iron,development_oof,1,0.4666666666666667,0.23333333333333334,0.3111111111111111,120
balanced_trees_cbc,folate_deficiency,no_B12,development_oof,0,0.8496732026143791,0.9420289855072463,0.8934707903780069,552
balanced_trees_cbc,folate_deficiency,no_B12,development_oof,1,0.4666666666666667,0.23333333333333334,0.3111111111111111,120
balanced_trees_cbc,folate_deficiency,no_folate,development_oof,0,0.8496732026143791,0.9420289855072463,0.8934707903780069,552
balanced_trees_cbc,folate_deficiency,no_folate,development_oof,1,0.4666666666666667,0.23333333333333334,0.3111111111111111,120
balanced_trees_cbc,folate_deficiency,no_B6,development_oof,0,0.8496732026143791,0.9420289855072463,0.8934707903780069,552
balanced_trees_cbc,folate_deficiency,no_B6,development_oof,1,0.4666666666666667,0.23333333333333334,0.3111111111111111,120
balanced_trees_cbc,folate_deficiency,no_copper,development_oof,0,0.8496732026143791,0.9420289855072463,0.8934707903780069,552
balanced_trees_cbc,folate_deficiency,no_copper,development_oof,1,0.4666666666666667,0.23333333333333334,0.3111111111111111,120
balanced_trees_cbc,folate_deficiency,no_hemoglobin,development_oof,0,0.8497576736672051,0.9528985507246377,0.8983774551665243,552
balanced_trees_cbc,folate_deficiency,no_hemoglobin,development_oof,1,0.5094339622641509,0.225,0.31213872832369943,120
balanced_trees_cbc,folate_deficiency,no_demographics,development_oof,0,0.8466557911908646,0.9402173913043478,0.8909871244635194,552
balanced_trees_cbc,folate_deficiency,no_demographics,development_oof,1,0.4406779661016949,0.21666666666666667,0.2905027932960894,120
balanced_trees_cbc,B6_deficiency,available,development_oof,0,0.963963963963964,0.9968944099378882,0.9801526717557252,644
balanced_trees_cbc,B6_deficiency,available,development_oof,1,0.6666666666666666,0.14285714285714285,0.23529411764705882,28
balanced_trees_cbc,B6_deficiency,drop30,development_oof,0,0.9596412556053812,0.9968944099378882,0.9779131759329779,644
balanced_trees_cbc,B6_deficiency,drop30,development_oof,1,0.3333333333333333,0.03571428571428571,0.06451612903225806,28
balanced_trees_cbc,B6_deficiency,drop60,development_oof,0,0.9597014925373134,0.9984472049689441,0.9786910197869102,644
balanced_trees_cbc,B6_deficiency,drop60,development_oof,1,0.5,0.03571428571428571,0.06666666666666667,28
balanced_trees_cbc,B6_deficiency,cbc_only,development_oof,0,0.963963963963964,0.9968944099378882,0.9801526717557252,644
balanced_trees_cbc,B6_deficiency,cbc_only,development_oof,1,0.6666666666666666,0.14285714285714285,0.23529411764705882,28
balanced_trees_cbc,B6_deficiency,hb_only,development_oof,0,0.9582089552238806,0.9968944099378882,0.9771689497716894,644
balanced_trees_cbc,B6_deficiency,hb_only,development_oof,1,0.0,0.0,0.0,28
balanced_trees_cbc,B6_deficiency,no_iron,development_oof,0,0.963963963963964,0.9968944099378882,0.9801526717557252,644
balanced_trees_cbc,B6_deficiency,no_iron,development_oof,1,0.6666666666666666,0.14285714285714285,0.23529411764705882,28
balanced_trees_cbc,B6_deficiency,no_B12,development_oof,0,0.963963963963964,0.9968944099378882,0.9801526717557252,644
balanced_trees_cbc,B6_deficiency,no_B12,development_oof,1,0.6666666666666666,0.14285714285714285,0.23529411764705882,28
balanced_trees_cbc,B6_deficiency,no_folate,development_oof,0,0.963963963963964,0.9968944099378882,0.9801526717557252,644
balanced_trees_cbc,B6_deficiency,no_folate,development_oof,1,0.6666666666666666,0.14285714285714285,0.23529411764705882,28
balanced_trees_cbc,B6_deficiency,no_B6,development_oof,0,0.963963963963964,0.9968944099378882,0.9801526717557252,644
balanced_trees_cbc,B6_deficiency,no_B6,development_oof,1,0.6666666666666666,0.14285714285714285,0.23529411764705882,28
balanced_trees_cbc,B6_deficiency,no_copper,development_oof,0,0.963963963963964,0.9968944099378882,0.9801526717557252,644
balanced_trees_cbc,B6_deficiency,no_copper,development_oof,1,0.6666666666666666,0.14285714285714285,0.23529411764705882,28
balanced_trees_cbc,B6_deficiency,no_hemoglobin,development_oof,0,0.9640179910044977,0.9984472049689441,0.9809305873379099,644
balanced_trees_cbc,B6_deficiency,no_hemoglobin,development_oof,1,0.8,0.14285714285714285,0.24242424242424243,28
balanced_trees_cbc,B6_deficiency,no_demographics,development_oof,0,0.963963963963964,0.9968944099378882,0.9801526717557252,644
balanced_trees_cbc,B6_deficiency,no_demographics,development_oof,1,0.6666666666666666,0.14285714285714285,0.23529411764705882,28
balanced_trees_cbc,copper_deficiency,available,development_oof,0,0.9597615499254843,1.0,0.979467680608365,644
balanced_trees_cbc,copper_deficiency,available,development_oof,1,1.0,0.03571428571428571,0.06896551724137931,28
balanced_trees_cbc,copper_deficiency,drop30,development_oof,0,0.9582089552238806,0.9968944099378882,0.9771689497716894,644
balanced_trees_cbc,copper_deficiency,drop30,development_oof,1,0.0,0.0,0.0,28
balanced_trees_cbc,copper_deficiency,drop60,development_oof,0,0.9582712369597616,0.9984472049689441,0.9779467680608365,644
balanced_trees_cbc,copper_deficiency,drop60,development_oof,1,0.0,0.0,0.0,28
balanced_trees_cbc,copper_deficiency,cbc_only,development_oof,0,0.9597615499254843,1.0,0.979467680608365,644
balanced_trees_cbc,copper_deficiency,cbc_only,development_oof,1,1.0,0.03571428571428571,0.06896551724137931,28
balanced_trees_cbc,copper_deficiency,hb_only,development_oof,0,0.9583333333333334,1.0,0.9787234042553191,644
balanced_trees_cbc,copper_deficiency,hb_only,development_oof,1,0.0,0.0,0.0,28
balanced_trees_cbc,copper_deficiency,no_iron,development_oof,0,0.9597615499254843,1.0,0.979467680608365,644
balanced_trees_cbc,copper_deficiency,no_iron,development_oof,1,1.0,0.03571428571428571,0.06896551724137931,28
balanced_trees_cbc,copper_deficiency,no_B12,development_oof,0,0.9597615499254843,1.0,0.979467680608365,644
balanced_trees_cbc,copper_deficiency,no_B12,development_oof,1,1.0,0.03571428571428571,0.06896551724137931,28
balanced_trees_cbc,copper_deficiency,no_folate,development_oof,0,0.9597615499254843,1.0,0.979467680608365,644
balanced_trees_cbc,copper_deficiency,no_folate,development_oof,1,1.0,0.03571428571428571,0.06896551724137931,28
balanced_trees_cbc,copper_deficiency,no_B6,development_oof,0,0.9597615499254843,1.0,0.979467680608365,644
balanced_trees_cbc,copper_deficiency,no_B6,development_oof,1,1.0,0.03571428571428571,0.06896551724137931,28
balanced_trees_cbc,copper_deficiency,no_copper,development_oof,0,0.9597615499254843,1.0,0.979467680608365,644
balanced_trees_cbc,copper_deficiency,no_copper,development_oof,1,1.0,0.03571428571428571,0.06896551724137931,28
balanced_trees_cbc,copper_deficiency,no_hemoglobin,development_oof,0,0.9597014925373134,0.9984472049689441,0.9786910197869102,644
balanced_trees_cbc,copper_deficiency,no_hemoglobin,development_oof,1,0.5,0.03571428571428571,0.06666666666666667,28
balanced_trees_cbc,copper_deficiency,no_demographics,development_oof,0,0.9597615499254843,1.0,0.979467680608365,644
balanced_trees_cbc,copper_deficiency,no_demographics,development_oof,1,1.0,0.03571428571428571,0.06896551724137931,28
balanced_trees_cbc,inflammation_anemia,available,development_oof,0,0.9545454545454546,0.9822580645161291,0.9682034976152624,620
balanced_trees_cbc,inflammation_anemia,available,development_oof,1,0.6764705882352942,0.4423076923076923,0.5348837209302325,52
balanced_trees_cbc,inflammation_anemia,drop30,development_oof,0,0.9517133956386293,0.9854838709677419,0.9683042789223455,620
balanced_trees_cbc,inflammation_anemia,drop30,development_oof,1,0.7,0.40384615384615385,0.5121951219512195,52
balanced_trees_cbc,inflammation_anemia,drop60,development_oof,0,0.9332321699544764,0.9919354838709677,0.9616888193901486,620
balanced_trees_cbc,inflammation_anemia,drop60,development_oof,1,0.6153846153846154,0.15384615384615385,0.24615384615384617,52
balanced_trees_cbc,inflammation_anemia,cbc_only,development_oof,0,0.9545454545454546,0.9822580645161291,0.9682034976152624,620
balanced_trees_cbc,inflammation_anemia,cbc_only,development_oof,1,0.6764705882352942,0.4423076923076923,0.5348837209302325,52
balanced_trees_cbc,inflammation_anemia,hb_only,development_oof,0,0.9226190476190477,1.0,0.9597523219814241,620
balanced_trees_cbc,inflammation_anemia,hb_only,development_oof,1,0.0,0.0,0.0,52
balanced_trees_cbc,inflammation_anemia,no_iron,development_oof,0,0.9545454545454546,0.9822580645161291,0.9682034976152624,620
balanced_trees_cbc,inflammation_anemia,no_iron,development_oof,1,0.6764705882352942,0.4423076923076923,0.5348837209302325,52
balanced_trees_cbc,inflammation_anemia,no_B12,development_oof,0,0.9545454545454546,0.9822580645161291,0.9682034976152624,620
balanced_trees_cbc,inflammation_anemia,no_B12,development_oof,1,0.6764705882352942,0.4423076923076923,0.5348837209302325,52
balanced_trees_cbc,inflammation_anemia,no_folate,development_oof,0,0.9545454545454546,0.9822580645161291,0.9682034976152624,620
balanced_trees_cbc,inflammation_anemia,no_folate,development_oof,1,0.6764705882352942,0.4423076923076923,0.5348837209302325,52
balanced_trees_cbc,inflammation_anemia,no_B6,development_oof,0,0.9545454545454546,0.9822580645161291,0.9682034976152624,620
balanced_trees_cbc,inflammation_anemia,no_B6,development_oof,1,0.6764705882352942,0.4423076923076923,0.5348837209302325,52
balanced_trees_cbc,inflammation_anemia,no_copper,development_oof,0,0.9545454545454546,0.9822580645161291,0.9682034976152624,620
balanced_trees_cbc,inflammation_anemia,no_copper,development_oof,1,0.6764705882352942,0.4423076923076923,0.5348837209302325,52
balanced_trees_cbc,inflammation_anemia,no_hemoglobin,development_oof,0,0.953416149068323,0.9903225806451613,0.9715189873417721,620
balanced_trees_cbc,inflammation_anemia,no_hemoglobin,development_oof,1,0.7857142857142857,0.4230769230769231,0.55,52
balanced_trees_cbc,inflammation_anemia,no_demographics,development_oof,0,0.9561128526645768,0.9838709677419355,0.9697933227344993,620
balanced_trees_cbc,inflammation_anemia,no_demographics,development_oof,1,0.7058823529411765,0.46153846153846156,0.5581395348837209,52
logistic_hb,anemia_class,available,development_oof,B12_deficiency_anemia,0.78,0.75,0.7647058823529411,52
logistic_hb,anemia_class,available,development_oof,B12_deficiency_no_anemia,0.9473684210526315,0.9,0.9230769230769231,40
logistic_hb,anemia_class,available,development_oof,B6_deficiency,0.875,0.75,0.8076923076923077,28
logistic_hb,anemia_class,available,development_oof,anemia_other,0.7878787878787878,0.8666666666666667,0.8253968253968254,60
logistic_hb,anemia_class,available,development_oof,copper_deficiency,0.96,0.8571428571428571,0.9056603773584906,28
logistic_hb,anemia_class,available,development_oof,folate_deficiency_anemia,0.8,0.8,0.8,40
logistic_hb,anemia_class,available,development_oof,folate_deficiency_no_anemia,0.7096774193548387,0.6875,0.6984126984126984,32
logistic_hb,anemia_class,available,development_oof,inflammation_anemia,1.0,0.9423076923076923,0.9702970297029703,52
logistic_hb,anemia_class,available,development_oof,iron_deficiency_anemia,0.8137254901960784,0.9021739130434783,0.8556701030927835,92
logistic_hb,anemia_class,available,development_oof,latent_deficiency,0.9545454545454546,0.9264705882352942,0.9402985074626866,68
logistic_hb,anemia_class,available,development_oof,mixed_deficiency,0.7906976744186046,0.7391304347826086,0.7640449438202247,92
logistic_hb,anemia_class,available,development_oof,no_anemia_no_deficiency,0.8421052631578947,0.9090909090909091,0.8743169398907104,88
logistic_hb,anemia_class,drop30,development_oof,B12_deficiency_anemia,0.7555555555555555,0.6538461538461539,0.7010309278350515,52
logistic_hb,anemia_class,drop30,development_oof,B12_deficiency_no_anemia,0.85,0.85,0.85,40
logistic_hb,anemia_class,drop30,development_oof,B6_deficiency,0.6086956521739131,0.5,0.5490196078431373,28
logistic_hb,anemia_class,drop30,development_oof,anemia_other,0.5217391304347826,0.8,0.631578947368421,60
logistic_hb,anemia_class,drop30,development_oof,copper_deficiency,0.8571428571428571,0.6428571428571429,0.7346938775510204,28
logistic_hb,anemia_class,drop30,development_oof,folate_deficiency_anemia,0.6086956521739131,0.35,0.4444444444444444,40
logistic_hb,anemia_class,drop30,development_oof,folate_deficiency_no_anemia,0.4883720930232558,0.65625,0.56,32
logistic_hb,anemia_class,drop30,development_oof,inflammation_anemia,0.8913043478260869,0.7884615384615384,0.8367346938775511,52
logistic_hb,anemia_class,drop30,development_oof,iron_deficiency_anemia,0.6166666666666667,0.8043478260869565,0.6981132075471698,92
logistic_hb,anemia_class,drop30,development_oof,latent_deficiency,0.96,0.7058823529411765,0.8135593220338984,68
logistic_hb,anemia_class,drop30,development_oof,mixed_deficiency,0.676056338028169,0.5217391304347826,0.588957055214724,92
logistic_hb,anemia_class,drop30,development_oof,no_anemia_no_deficiency,0.7040816326530612,0.7840909090909091,0.7419354838709677,88
logistic_hb,anemia_class,drop60,development_oof,B12_deficiency_anemia,0.6923076923076923,0.5192307692307693,0.5934065934065934,52
logistic_hb,anemia_class,drop60,development_oof,B12_deficiency_no_anemia,0.5428571428571428,0.475,0.5066666666666667,40
logistic_hb,anemia_class,drop60,development_oof,B6_deficiency,0.5714285714285714,0.2857142857142857,0.38095238095238093,28
logistic_hb,anemia_class,drop60,development_oof,anemia_other,0.2923076923076923,0.6333333333333333,0.4,60
logistic_hb,anemia_class,drop60,development_oof,copper_deficiency,0.7692307692307693,0.35714285714285715,0.4878048780487805,28
logistic_hb,anemia_class,drop60,development_oof,folate_deficiency_anemia,0.6666666666666666,0.05,0.09302325581395349,40
logistic_hb,anemia_class,drop60,development_oof,folate_deficiency_no_anemia,0.16666666666666666,0.53125,0.2537313432835821,32
logistic_hb,anemia_class,drop60,development_oof,inflammation_anemia,0.8108108108108109,0.5769230769230769,0.6741573033707865,52
logistic_hb,anemia_class,drop60,development_oof,iron_deficiency_anemia,0.44274809160305345,0.6304347826086957,0.5201793721973094,92
logistic_hb,anemia_class,drop60,development_oof,latent_deficiency,0.775,0.45588235294117646,0.5740740740740741,68
logistic_hb,anemia_class,drop60,development_oof,mixed_deficiency,0.7647058823529411,0.14130434782608695,0.23853211009174313,92
logistic_hb,anemia_class,drop60,development_oof,no_anemia_no_deficiency,0.44144144144144143,0.5568181818181818,0.49246231155778897,88
logistic_hb,anemia_class,cbc_only,development_oof,B12_deficiency_anemia,0.4594594594594595,0.6538461538461539,0.5396825396825397,52
logistic_hb,anemia_class,cbc_only,development_oof,B12_deficiency_no_anemia,0.3333333333333333,0.025,0.046511627906976744,40
logistic_hb,anemia_class,cbc_only,development_oof,B6_deficiency,0.0,0.0,0.0,28
logistic_hb,anemia_class,cbc_only,development_oof,anemia_other,0.29577464788732394,0.7,0.4158415841584158,60
logistic_hb,anemia_class,cbc_only,development_oof,copper_deficiency,0.0,0.0,0.0,28
logistic_hb,anemia_class,cbc_only,development_oof,folate_deficiency_anemia,0.0,0.0,0.0,40
logistic_hb,anemia_class,cbc_only,development_oof,folate_deficiency_no_anemia,0.2857142857142857,0.3125,0.29850746268656714,32
logistic_hb,anemia_class,cbc_only,development_oof,inflammation_anemia,0.0,0.0,0.0,52
logistic_hb,anemia_class,cbc_only,development_oof,iron_deficiency_anemia,0.37,0.8043478260869565,0.5068493150684932,92
logistic_hb,anemia_class,cbc_only,development_oof,latent_deficiency,0.68,0.25,0.3655913978494624,68
logistic_hb,anemia_class,cbc_only,development_oof,mixed_deficiency,0.0,0.0,0.0,92
logistic_hb,anemia_class,cbc_only,development_oof,no_anemia_no_deficiency,0.4521276595744681,0.9659090909090909,0.6159420289855072,88
logistic_hb,anemia_class,hb_only,development_oof,B12_deficiency_anemia,0.0,0.0,0.0,52
logistic_hb,anemia_class,hb_only,development_oof,B12_deficiency_no_anemia,0.0,0.0,0.0,40
logistic_hb,anemia_class,hb_only,development_oof,B6_deficiency,0.0,0.0,0.0,28
logistic_hb,anemia_class,hb_only,development_oof,anemia_other,0.14285714285714285,0.8,0.24242424242424243,60
logistic_hb,anemia_class,hb_only,development_oof,copper_deficiency,0.0,0.0,0.0,28
logistic_hb,anemia_class,hb_only,development_oof,folate_deficiency_anemia,0.0,0.0,0.0,40
logistic_hb,anemia_class,hb_only,development_oof,folate_deficiency_no_anemia,0.15454545454545454,0.53125,0.23943661971830985,32
logistic_hb,anemia_class,hb_only,development_oof,inflammation_anemia,0.0,0.0,0.0,52
logistic_hb,anemia_class,hb_only,development_oof,iron_deficiency_anemia,0.21176470588235294,0.1956521739130435,0.2033898305084746,92
logistic_hb,anemia_class,hb_only,development_oof,latent_deficiency,0.0,0.0,0.0,68
logistic_hb,anemia_class,hb_only,development_oof,mixed_deficiency,0.0,0.0,0.0,92
logistic_hb,anemia_class,hb_only,development_oof,no_anemia_no_deficiency,0.3971631205673759,0.6363636363636364,0.4890829694323144,88
logistic_hb,anemia_class,no_iron,development_oof,B12_deficiency_anemia,0.6727272727272727,0.7115384615384616,0.6915887850467289,52
logistic_hb,anemia_class,no_iron,development_oof,B12_deficiency_no_anemia,0.9743589743589743,0.95,0.9620253164556962,40
logistic_hb,anemia_class,no_iron,development_oof,B6_deficiency,0.5476190476190477,0.8214285714285714,0.6571428571428571,28
logistic_hb,anemia_class,no_iron,development_oof,anemia_other,0.5662650602409639,0.7833333333333333,0.6573426573426573,60
logistic_hb,anemia_class,no_iron,development_oof,copper_deficiency,0.7878787878787878,0.9285714285714286,0.8524590163934426,28
logistic_hb,anemia_class,no_iron,development_oof,folate_deficiency_anemia,0.7777777777777778,0.7,0.7368421052631579,40
logistic_hb,anemia_class,no_iron,development_oof,folate_deficiency_no_anemia,0.7586206896551724,0.6875,0.7213114754098361,32
logistic_hb,anemia_class,no_iron,development_oof,inflammation_anemia,0.9705882352941176,0.6346153846153846,0.7674418604651163,52
logistic_hb,anemia_class,no_iron,development_oof,iron_deficiency_anemia,0.7021276595744681,0.717391304347826,0.7096774193548387,92
logistic_hb,anemia_class,no_iron,development_oof,latent_deficiency,1.0,0.07352941176470588,0.136986301369863,68
logistic_hb,anemia_class,no_iron,development_oof,mixed_deficiency,0.75,0.5543478260869565,0.6375,92
logistic_hb,anemia_class,no_iron,development_oof,no_anemia_no_deficiency,0.551948051948052,0.9659090909090909,0.7024793388429752,88
logistic_hb,anemia_class,no_B12,development_oof,B12_deficiency_anemia,0.7166666666666667,0.8269230769230769,0.7678571428571429,52
logistic_hb,anemia_class,no_B12,development_oof,B12_deficiency_no_anemia,1.0,0.075,0.13953488372093023,40
logistic_hb,anemia_class,no_B12,development_oof,B6_deficiency,0.9047619047619048,0.6785714285714286,0.7755102040816326,28
logistic_hb,anemia_class,no_B12,development_oof,anemia_other,0.7323943661971831,0.8666666666666667,0.7938931297709924,60
logistic_hb,anemia_class,no_B12,development_oof,copper_deficiency,0.8888888888888888,0.8571428571428571,0.8727272727272727,28
logistic_hb,anemia_class,no_B12,development_oof,folate_deficiency_anemia,0.6829268292682927,0.7,0.691358024691358,40
logistic_hb,anemia_class,no_B12,development_oof,folate_deficiency_no_anemia,0.5227272727272727,0.71875,0.6052631578947368,32
logistic_hb,anemia_class,no_B12,development_oof,inflammation_anemia,1.0,0.9230769230769231,0.96,52
logistic_hb,anemia_class,no_B12,development_oof,iron_deficiency_anemia,0.7321428571428571,0.8913043478260869,0.803921568627451,92
logistic_hb,anemia_class,no_B12,development_oof,latent_deficiency,0.9545454545454546,0.9264705882352942,0.9402985074626866,68
logistic_hb,anemia_class,no_B12,development_oof,mixed_deficiency,0.819672131147541,0.5434782608695652,0.6535947712418301,92
logistic_hb,anemia_class,no_B12,development_oof,no_anemia_no_deficiency,0.6779661016949152,0.9090909090909091,0.7766990291262136,88
logistic_hb,anemia_class,no_folate,development_oof,B12_deficiency_anemia,0.6301369863013698,0.8846153846153846,0.736,52
logistic_hb,anemia_class,no_folate,development_oof,B12_deficiency_no_anemia,0.9142857142857143,0.8,0.8533333333333334,40
logistic_hb,anemia_class,no_folate,development_oof,B6_deficiency,0.7777777777777778,0.75,0.7636363636363637,28
logistic_hb,anemia_class,no_folate,development_oof,anemia_other,0.6973684210526315,0.8833333333333333,0.7794117647058824,60
logistic_hb,anemia_class,no_folate,development_oof,copper_deficiency,0.9259259259259259,0.8928571428571429,0.9090909090909091,28
logistic_hb,anemia_class,no_folate,development_oof,folate_deficiency_anemia,0.8888888888888888,0.4,0.5517241379310345,40
logistic_hb,anemia_class,no_folate,development_oof,folate_deficiency_no_anemia,0.6,0.1875,0.2857142857142857,32
logistic_hb,anemia_class,no_folate,development_oof,inflammation_anemia,1.0,0.9423076923076923,0.9702970297029703,52
logistic_hb,anemia_class,no_folate,development_oof,iron_deficiency_anemia,0.7241379310344828,0.9130434782608695,0.8076923076923077,92
logistic_hb,anemia_class,no_folate,development_oof,latent_deficiency,0.9538461538461539,0.9117647058823529,0.9323308270676691,68
logistic_hb,anemia_class,no_folate,development_oof,mixed_deficiency,0.8392857142857143,0.5108695652173914,0.6351351351351351,92
logistic_hb,anemia_class,no_folate,development_oof,no_anemia_no_deficiency,0.6916666666666667,0.9431818181818182,0.7980769230769231,88
logistic_hb,anemia_class,no_B6,development_oof,B12_deficiency_anemia,0.7647058823529411,0.75,0.7572815533980582,52
logistic_hb,anemia_class,no_B6,development_oof,B12_deficiency_no_anemia,0.9473684210526315,0.9,0.9230769230769231,40
logistic_hb,anemia_class,no_B6,development_oof,B6_deficiency,0.5,0.07142857142857142,0.125,28
logistic_hb,anemia_class,no_B6,development_oof,anemia_other,0.7464788732394366,0.8833333333333333,0.8091603053435115,60
logistic_hb,anemia_class,no_B6,development_oof,copper_deficiency,0.96,0.8571428571428571,0.9056603773584906,28
logistic_hb,anemia_class,no_B6,development_oof,folate_deficiency_anemia,0.813953488372093,0.875,0.8433734939759037,40
logistic_hb,anemia_class,no_B6,development_oof,folate_deficiency_no_anemia,0.7096774193548387,0.6875,0.6984126984126984,32
logistic_hb,anemia_class,no_B6,development_oof,inflammation_anemia,0.9423076923076923,0.9423076923076923,0.9423076923076923,52
logistic_hb,anemia_class,no_B6,development_oof,iron_deficiency_anemia,0.803921568627451,0.8913043478260869,0.845360824742268,92
logistic_hb,anemia_class,no_B6,development_oof,latent_deficiency,0.9545454545454546,0.9264705882352942,0.9402985074626866,68
logistic_hb,anemia_class,no_B6,development_oof,mixed_deficiency,0.788235294117647,0.7282608695652174,0.7570621468926554,92
logistic_hb,anemia_class,no_B6,development_oof,no_anemia_no_deficiency,0.7788461538461539,0.9204545454545454,0.84375,88
logistic_hb,anemia_class,no_copper,development_oof,B12_deficiency_anemia,0.851063829787234,0.7692307692307693,0.8080808080808081,52
logistic_hb,anemia_class,no_copper,development_oof,B12_deficiency_no_anemia,0.8780487804878049,0.9,0.8888888888888888,40
logistic_hb,anemia_class,no_copper,development_oof,B6_deficiency,0.88,0.7857142857142857,0.8301886792452831,28
logistic_hb,anemia_class,no_copper,development_oof,anemia_other,0.7297297297297297,0.9,0.8059701492537313,60
logistic_hb,anemia_class,no_copper,development_oof,copper_deficiency,0.0,0.0,0.0,28
logistic_hb,anemia_class,no_copper,development_oof,folate_deficiency_anemia,0.75,0.825,0.7857142857142857,40
logistic_hb,anemia_class,no_copper,development_oof,folate_deficiency_no_anemia,0.6571428571428571,0.71875,0.6865671641791045,32
logistic_hb,anemia_class,no_copper,development_oof,inflammation_anemia,1.0,0.9807692307692307,0.9902912621359223,52
logistic_hb,anemia_class,no_copper,development_oof,iron_deficiency_anemia,0.83,0.9021739130434783,0.8645833333333334,92
logistic_hb,anemia_class,no_copper,development_oof,latent_deficiency,0.9552238805970149,0.9411764705882353,0.9481481481481482,68
logistic_hb,anemia_class,no_copper,development_oof,mixed_deficiency,0.8021978021978022,0.7934782608695652,0.7978142076502732,92
logistic_hb,anemia_class,no_copper,development_oof,no_anemia_no_deficiency,0.8144329896907216,0.8977272727272727,0.8540540540540541,88
logistic_hb,anemia_class,no_hemoglobin,development_oof,B12_deficiency_anemia,0.7647058823529411,0.75,0.7572815533980582,52
logistic_hb,anemia_class,no_hemoglobin,development_oof,B12_deficiency_no_anemia,0.9,0.9,0.9,40
logistic_hb,anemia_class,no_hemoglobin,development_oof,B6_deficiency,0.75,0.75,0.75,28
logistic_hb,anemia_class,no_hemoglobin,development_oof,anemia_other,0.7391304347826086,0.85,0.7906976744186046,60
logistic_hb,anemia_class,no_hemoglobin,development_oof,copper_deficiency,0.9285714285714286,0.9285714285714286,0.9285714285714286,28
logistic_hb,anemia_class,no_hemoglobin,development_oof,folate_deficiency_anemia,0.6444444444444445,0.725,0.6823529411764706,40
logistic_hb,anemia_class,no_hemoglobin,development_oof,folate_deficiency_no_anemia,0.4444444444444444,0.5,0.47058823529411764,32
logistic_hb,anemia_class,no_hemoglobin,development_oof,inflammation_anemia,0.9795918367346939,0.9230769230769231,0.9504950495049505,52
logistic_hb,anemia_class,no_hemoglobin,development_oof,iron_deficiency_anemia,0.7641509433962265,0.8804347826086957,0.8181818181818182,92
logistic_hb,anemia_class,no_hemoglobin,development_oof,latent_deficiency,0.9333333333333333,0.8235294117647058,0.875,68
logistic_hb,anemia_class,no_hemoglobin,development_oof,mixed_deficiency,0.8023255813953488,0.75,0.7752808988764045,92
logistic_hb,anemia_class,no_hemoglobin,development_oof,no_anemia_no_deficiency,0.8648648648648649,0.7272727272727273,0.7901234567901234,88
logistic_hb,anemia_class,no_demographics,development_oof,B12_deficiency_anemia,0.78,0.75,0.7647058823529411,52
logistic_hb,anemia_class,no_demographics,development_oof,B12_deficiency_no_anemia,1.0,0.875,0.9333333333333333,40
logistic_hb,anemia_class,no_demographics,development_oof,B6_deficiency,0.875,0.75,0.8076923076923077,28
logistic_hb,anemia_class,no_demographics,development_oof,anemia_other,0.8253968253968254,0.8666666666666667,0.8455284552845529,60
logistic_hb,anemia_class,no_demographics,development_oof,copper_deficiency,0.8928571428571429,0.8928571428571429,0.8928571428571429,28
logistic_hb,anemia_class,no_demographics,development_oof,folate_deficiency_anemia,0.6666666666666666,0.7,0.6829268292682927,40
logistic_hb,anemia_class,no_demographics,development_oof,folate_deficiency_no_anemia,0.5294117647058824,0.5625,0.5454545454545454,32
logistic_hb,anemia_class,no_demographics,development_oof,inflammation_anemia,1.0,0.9423076923076923,0.9702970297029703,52
logistic_hb,anemia_class,no_demographics,development_oof,iron_deficiency_anemia,0.8137254901960784,0.9021739130434783,0.8556701030927835,92
logistic_hb,anemia_class,no_demographics,development_oof,latent_deficiency,0.8939393939393939,0.8676470588235294,0.8805970149253731,68
logistic_hb,anemia_class,no_demographics,development_oof,mixed_deficiency,0.8313253012048193,0.75,0.7885714285714286,92
logistic_hb,anemia_class,no_demographics,development_oof,no_anemia_no_deficiency,0.8333333333333334,0.9090909090909091,0.8695652173913043,88
logistic_values_hb,anemia_class,available,development_oof,B12_deficiency_anemia,0.7692307692307693,0.7692307692307693,0.7692307692307693,52
logistic_values_hb,anemia_class,available,development_oof,B12_deficiency_no_anemia,0.926829268292683,0.95,0.9382716049382716,40
logistic_values_hb,anemia_class,available,development_oof,B6_deficiency,0.84,0.75,0.7924528301886793,28
logistic_values_hb,anemia_class,available,development_oof,anemia_other,0.84375,0.9,0.8709677419354839,60
logistic_values_hb,anemia_class,available,development_oof,copper_deficiency,0.9629629629629629,0.9285714285714286,0.9454545454545454,28
logistic_values_hb,anemia_class,available,development_oof,folate_deficiency_anemia,0.825,0.825,0.825,40
logistic_values_hb,anemia_class,available,development_oof,folate_deficiency_no_anemia,0.8461538461538461,0.6875,0.7586206896551724,32
logistic_values_hb,anemia_class,available,development_oof,inflammation_anemia,0.9811320754716981,1.0,0.9904761904761905,52
logistic_values_hb,anemia_class,available,development_oof,iron_deficiency_anemia,0.826530612244898,0.8804347826086957,0.8526315789473684,92
logistic_values_hb,anemia_class,available,development_oof,latent_deficiency,0.9538461538461539,0.9117647058823529,0.9323308270676691,68
logistic_values_hb,anemia_class,available,development_oof,mixed_deficiency,0.8,0.7391304347826086,0.768361581920904,92
logistic_values_hb,anemia_class,available,development_oof,no_anemia_no_deficiency,0.8854166666666666,0.9659090909090909,0.9239130434782609,88
logistic_values_hb,anemia_class,drop30,development_oof,B12_deficiency_anemia,0.6944444444444444,0.4807692307692308,0.5681818181818182,52
logistic_values_hb,anemia_class,drop30,development_oof,B12_deficiency_no_anemia,0.8571428571428571,0.75,0.8,40
logistic_values_hb,anemia_class,drop30,development_oof,B6_deficiency,0.8421052631578947,0.5714285714285714,0.6808510638297872,28
logistic_values_hb,anemia_class,drop30,development_oof,anemia_other,0.6144578313253012,0.85,0.7132867132867133,60
logistic_values_hb,anemia_class,drop30,development_oof,copper_deficiency,0.88,0.7857142857142857,0.8301886792452831,28
logistic_values_hb,anemia_class,drop30,development_oof,folate_deficiency_anemia,0.6388888888888888,0.575,0.6052631578947368,40
logistic_values_hb,anemia_class,drop30,development_oof,folate_deficiency_no_anemia,0.5833333333333334,0.4375,0.5,32
logistic_values_hb,anemia_class,drop30,development_oof,inflammation_anemia,0.9772727272727273,0.8269230769230769,0.8958333333333334,52
logistic_values_hb,anemia_class,drop30,development_oof,iron_deficiency_anemia,0.6880733944954128,0.8152173913043478,0.746268656716418,92
logistic_values_hb,anemia_class,drop30,development_oof,latent_deficiency,0.9,0.7941176470588235,0.84375,68
logistic_values_hb,anemia_class,drop30,development_oof,mixed_deficiency,0.5803571428571429,0.7065217391304348,0.6372549019607843,92
logistic_values_hb,anemia_class,drop30,development_oof,no_anemia_no_deficiency,0.7865168539325843,0.7954545454545454,0.7909604519774012,88
logistic_values_hb,anemia_class,drop60,development_oof,B12_deficiency_anemia,0.6363636363636364,0.2692307692307692,0.3783783783783784,52
logistic_values_hb,anemia_class,drop60,development_oof,B12_deficiency_no_anemia,0.631578947368421,0.6,0.6153846153846154,40
logistic_values_hb,anemia_class,drop60,development_oof,B6_deficiency,0.47619047619047616,0.35714285714285715,0.40816326530612246,28
logistic_values_hb,anemia_class,drop60,development_oof,anemia_other,0.37209302325581395,0.8,0.5079365079365079,60
logistic_values_hb,anemia_class,drop60,development_oof,copper_deficiency,0.8666666666666667,0.4642857142857143,0.6046511627906976,28
logistic_values_hb,anemia_class,drop60,development_oof,folate_deficiency_anemia,0.6153846153846154,0.4,0.48484848484848486,40
logistic_values_hb,anemia_class,drop60,development_oof,folate_deficiency_no_anemia,0.3548387096774194,0.34375,0.3492063492063492,32
logistic_values_hb,anemia_class,drop60,development_oof,inflammation_anemia,0.96875,0.5961538461538461,0.7380952380952381,52
logistic_values_hb,anemia_class,drop60,development_oof,iron_deficiency_anemia,0.4928571428571429,0.75,0.5948275862068966,92
logistic_values_hb,anemia_class,drop60,development_oof,latent_deficiency,0.8461538461538461,0.4852941176470588,0.616822429906542,68
logistic_values_hb,anemia_class,drop60,development_oof,mixed_deficiency,0.4634146341463415,0.6195652173913043,0.5302325581395348,92
logistic_values_hb,anemia_class,drop60,development_oof,no_anemia_no_deficiency,0.625,0.3977272727272727,0.4861111111111111,88
logistic_values_hb,anemia_class,cbc_only,development_oof,B12_deficiency_anemia,0.5,0.21153846153846154,0.2972972972972973,52
logistic_values_hb,anemia_class,cbc_only,development_oof,B12_deficiency_no_anemia,0.4,0.15,0.21818181818181817,40
logistic_values_hb,anemia_class,cbc_only,development_oof,B6_deficiency,0.0,0.0,0.0,28
logistic_values_hb,anemia_class,cbc_only,development_oof,anemia_other,0.45,0.6,0.5142857142857142,60
logistic_values_hb,anemia_class,cbc_only,development_oof,copper_deficiency,0.0,0.0,0.0,28
logistic_values_hb,anemia_class,cbc_only,development_oof,folate_deficiency_anemia,0.3389830508474576,0.5,0.40404040404040403,40
logistic_values_hb,anemia_class,cbc_only,development_oof,folate_deficiency_no_anemia,0.20833333333333334,0.15625,0.17857142857142858,32
logistic_values_hb,anemia_class,cbc_only,development_oof,inflammation_anemia,0.0,0.0,0.0,52
logistic_values_hb,anemia_class,cbc_only,development_oof,iron_deficiency_anemia,0.41040462427745666,0.7717391304347826,0.5358490566037736,92
logistic_values_hb,anemia_class,cbc_only,development_oof,latent_deficiency,0.7058823529411765,0.5294117647058824,0.6050420168067226,68
logistic_values_hb,anemia_class,cbc_only,development_oof,mixed_deficiency,0.5116279069767442,0.4782608695652174,0.4943820224719101,92
logistic_values_hb,anemia_class,cbc_only,development_oof,no_anemia_no_deficiency,0.5345911949685535,0.9659090909090909,0.6882591093117408,88
logistic_values_hb,anemia_class,hb_only,development_oof,B12_deficiency_anemia,0.0,0.0,0.0,52
logistic_values_hb,anemia_class,hb_only,development_oof,B12_deficiency_no_anemia,0.15492957746478872,0.275,0.1981981981981982,40
logistic_values_hb,anemia_class,hb_only,development_oof,B6_deficiency,0.0,0.0,0.0,28
logistic_values_hb,anemia_class,hb_only,development_oof,anemia_other,0.1694915254237288,0.3333333333333333,0.2247191011235955,60
logistic_values_hb,anemia_class,hb_only,development_oof,copper_deficiency,0.0,0.0,0.0,28
logistic_values_hb,anemia_class,hb_only,development_oof,folate_deficiency_anemia,0.0,0.0,0.0,40
logistic_values_hb,anemia_class,hb_only,development_oof,folate_deficiency_no_anemia,0.21052631578947367,0.5,0.2962962962962963,32
logistic_values_hb,anemia_class,hb_only,development_oof,inflammation_anemia,0.0,0.0,0.0,52
logistic_values_hb,anemia_class,hb_only,development_oof,iron_deficiency_anemia,0.2366412213740458,0.6739130434782609,0.3502824858757062,92
logistic_values_hb,anemia_class,hb_only,development_oof,latent_deficiency,0.0,0.0,0.0,68
logistic_values_hb,anemia_class,hb_only,development_oof,mixed_deficiency,0.21951219512195122,0.09782608695652174,0.13533834586466165,92
logistic_values_hb,anemia_class,hb_only,development_oof,no_anemia_no_deficiency,0.5339805825242718,0.625,0.5759162303664922,88
logistic_values_hb,anemia_class,no_iron,development_oof,B12_deficiency_anemia,0.5833333333333334,0.6730769230769231,0.625,52
logistic_values_hb,anemia_class,no_iron,development_oof,B12_deficiency_no_anemia,0.8837209302325582,0.95,0.9156626506024096,40
logistic_values_hb,anemia_class,no_iron,development_oof,B6_deficiency,0.6666666666666666,0.7857142857142857,0.7213114754098361,28
logistic_values_hb,anemia_class,no_iron,development_oof,anemia_other,0.703125,0.75,0.7258064516129032,60
logistic_values_hb,anemia_class,no_iron,development_oof,copper_deficiency,0.9285714285714286,0.9285714285714286,0.9285714285714286,28
logistic_values_hb,anemia_class,no_iron,development_oof,folate_deficiency_anemia,0.7297297297297297,0.675,0.7012987012987013,40
logistic_values_hb,anemia_class,no_iron,development_oof,folate_deficiency_no_anemia,0.8695652173913043,0.625,0.7272727272727273,32
logistic_values_hb,anemia_class,no_iron,development_oof,inflammation_anemia,1.0,0.75,0.8571428571428571,52
logistic_values_hb,anemia_class,no_iron,development_oof,iron_deficiency_anemia,0.7171717171717171,0.7717391304347826,0.743455497382199,92
logistic_values_hb,anemia_class,no_iron,development_oof,latent_deficiency,0.7777777777777778,0.4117647058823529,0.5384615384615384,68
logistic_values_hb,anemia_class,no_iron,development_oof,mixed_deficiency,0.6363636363636364,0.6086956521739131,0.6222222222222222,92
logistic_values_hb,anemia_class,no_iron,development_oof,no_anemia_no_deficiency,0.6721311475409836,0.9318181818181818,0.780952380952381,88
logistic_values_hb,anemia_class,no_B12,development_oof,B12_deficiency_anemia,0.7959183673469388,0.75,0.7722772277227723,52
logistic_values_hb,anemia_class,no_B12,development_oof,B12_deficiency_no_anemia,0.875,0.175,0.2916666666666667,40
logistic_values_hb,anemia_class,no_B12,development_oof,B6_deficiency,0.875,0.75,0.8076923076923077,28
logistic_values_hb,anemia_class,no_B12,development_oof,anemia_other,0.8153846153846154,0.8833333333333333,0.848,60
logistic_values_hb,anemia_class,no_B12,development_oof,copper_deficiency,0.9629629629629629,0.9285714285714286,0.9454545454545454,28
logistic_values_hb,anemia_class,no_B12,development_oof,folate_deficiency_anemia,0.7209302325581395,0.775,0.7469879518072289,40
logistic_values_hb,anemia_class,no_B12,development_oof,folate_deficiency_no_anemia,0.59375,0.59375,0.59375,32
logistic_values_hb,anemia_class,no_B12,development_oof,inflammation_anemia,0.9622641509433962,0.9807692307692307,0.9714285714285714,52
logistic_values_hb,anemia_class,no_B12,development_oof,iron_deficiency_anemia,0.7547169811320755,0.8695652173913043,0.8080808080808081,92
logistic_values_hb,anemia_class,no_B12,development_oof,latent_deficiency,0.9117647058823529,0.9117647058823529,0.9117647058823529,68
logistic_values_hb,anemia_class,no_B12,development_oof,mixed_deficiency,0.7532467532467533,0.6304347826086957,0.6863905325443787,92
logistic_values_hb,anemia_class,no_B12,development_oof,no_anemia_no_deficiency,0.7083333333333334,0.9659090909090909,0.8173076923076923,88
logistic_values_hb,anemia_class,no_folate,development_oof,B12_deficiency_anemia,0.6779661016949152,0.7692307692307693,0.7207207207207207,52
logistic_values_hb,anemia_class,no_folate,development_oof,B12_deficiency_no_anemia,0.8918918918918919,0.825,0.8571428571428571,40
logistic_values_hb,anemia_class,no_folate,development_oof,B6_deficiency,0.9130434782608695,0.75,0.8235294117647058,28
logistic_values_hb,anemia_class,no_folate,development_oof,anemia_other,0.828125,0.8833333333333333,0.8548387096774194,60
logistic_values_hb,anemia_class,no_folate,development_oof,copper_deficiency,0.896551724137931,0.9285714285714286,0.9122807017543859,28
logistic_values_hb,anemia_class,no_folate,development_oof,folate_deficiency_anemia,0.8285714285714286,0.725,0.7733333333333333,40
logistic_values_hb,anemia_class,no_folate,development_oof,folate_deficiency_no_anemia,0.6666666666666666,0.1875,0.2926829268292683,32
logistic_values_hb,anemia_class,no_folate,development_oof,inflammation_anemia,0.9811320754716981,1.0,0.9904761904761905,52
logistic_values_hb,anemia_class,no_folate,development_oof,iron_deficiency_anemia,0.7572815533980582,0.8478260869565217,0.8,92
logistic_values_hb,anemia_class,no_folate,development_oof,latent_deficiency,0.9402985074626866,0.9264705882352942,0.9333333333333333,68
logistic_values_hb,anemia_class,no_folate,development_oof,mixed_deficiency,0.7272727272727273,0.6086956521739131,0.6627218934911243,92
logistic_values_hb,anemia_class,no_folate,development_oof,no_anemia_no_deficiency,0.7413793103448276,0.9772727272727273,0.8431372549019608,88
logistic_values_hb,anemia_class,no_B6,development_oof,B12_deficiency_anemia,0.7735849056603774,0.7884615384615384,0.780952380952381,52
logistic_values_hb,anemia_class,no_B6,development_oof,B12_deficiency_no_anemia,0.926829268292683,0.95,0.9382716049382716,40
logistic_values_hb,anemia_class,no_B6,development_oof,B6_deficiency,0.75,0.21428571428571427,0.3333333333333333,28
logistic_values_hb,anemia_class,no_B6,development_oof,anemia_other,0.782608695652174,0.9,0.8372093023255814,60
logistic_values_hb,anemia_class,no_B6,development_oof,copper_deficiency,0.9629629629629629,0.9285714285714286,0.9454545454545454,28
logistic_values_hb,anemia_class,no_B6,development_oof,folate_deficiency_anemia,0.8292682926829268,0.85,0.8395061728395061,40
logistic_values_hb,anemia_class,no_B6,development_oof,folate_deficiency_no_anemia,0.8148148148148148,0.6875,0.7457627118644068,32
logistic_values_hb,anemia_class,no_B6,development_oof,inflammation_anemia,0.9811320754716981,1.0,0.9904761904761905,52
logistic_values_hb,anemia_class,no_B6,development_oof,iron_deficiency_anemia,0.8181818181818182,0.8804347826086957,0.8481675392670157,92
logistic_values_hb,anemia_class,no_B6,development_oof,latent_deficiency,0.9545454545454546,0.9264705882352942,0.9402985074626866,68
logistic_values_hb,anemia_class,no_B6,development_oof,mixed_deficiency,0.8095238095238095,0.7391304347826086,0.7727272727272727,92
logistic_values_hb,anemia_class,no_B6,development_oof,no_anemia_no_deficiency,0.8173076923076923,0.9659090909090909,0.8854166666666666,88
logistic_values_hb,anemia_class,no_copper,development_oof,B12_deficiency_anemia,0.78,0.75,0.7647058823529411,52
logistic_values_hb,anemia_class,no_copper,development_oof,B12_deficiency_no_anemia,0.8837209302325582,0.95,0.9156626506024096,40
logistic_values_hb,anemia_class,no_copper,development_oof,B6_deficiency,0.8214285714285714,0.8214285714285714,0.8214285714285714,28
logistic_values_hb,anemia_class,no_copper,development_oof,anemia_other,0.7714285714285715,0.9,0.8307692307692308,60
logistic_values_hb,anemia_class,no_copper,development_oof,copper_deficiency,1.0,0.03571428571428571,0.06896551724137931,28
logistic_values_hb,anemia_class,no_copper,development_oof,folate_deficiency_anemia,0.7555555555555555,0.85,0.8,40
logistic_values_hb,anemia_class,no_copper,development_oof,folate_deficiency_no_anemia,0.8148148148148148,0.6875,0.7457627118644068,32
logistic_values_hb,anemia_class,no_copper,development_oof,inflammation_anemia,0.9807692307692307,0.9807692307692307,0.9807692307692307,52
logistic_values_hb,anemia_class,no_copper,development_oof,iron_deficiency_anemia,0.8181818181818182,0.8804347826086957,0.8481675392670157,92
logistic_values_hb,anemia_class,no_copper,development_oof,latent_deficiency,0.9545454545454546,0.9264705882352942,0.9402985074626866,68
logistic_values_hb,anemia_class,no_copper,development_oof,mixed_deficiency,0.7777777777777778,0.7608695652173914,0.7692307692307693,92
logistic_values_hb,anemia_class,no_copper,development_oof,no_anemia_no_deficiency,0.8514851485148515,0.9772727272727273,0.91005291005291,88
logistic_values_hb,anemia_class,no_hemoglobin,development_oof,B12_deficiency_anemia,0.7321428571428571,0.7884615384615384,0.7592592592592593,52
logistic_values_hb,anemia_class,no_hemoglobin,development_oof,B12_deficiency_no_anemia,0.8780487804878049,0.9,0.8888888888888888,40
logistic_values_hb,anemia_class,no_hemoglobin,development_oof,B6_deficiency,0.7857142857142857,0.7857142857142857,0.7857142857142857,28
logistic_values_hb,anemia_class,no_hemoglobin,development_oof,anemia_other,0.7846153846153846,0.85,0.816,60
logistic_values_hb,anemia_class,no_hemoglobin,development_oof,copper_deficiency,0.9629629629629629,0.9285714285714286,0.9454545454545454,28
logistic_values_hb,anemia_class,no_hemoglobin,development_oof,folate_deficiency_anemia,0.717391304347826,0.825,0.7674418604651163,40
logistic_values_hb,anemia_class,no_hemoglobin,development_oof,folate_deficiency_no_anemia,0.6785714285714286,0.59375,0.6333333333333333,32
logistic_values_hb,anemia_class,no_hemoglobin,development_oof,inflammation_anemia,0.9629629629629629,1.0,0.9811320754716981,52
logistic_values_hb,anemia_class,no_hemoglobin,development_oof,iron_deficiency_anemia,0.7920792079207921,0.8695652173913043,0.8290155440414507,92
logistic_values_hb,anemia_class,no_hemoglobin,development_oof,latent_deficiency,0.9166666666666666,0.8088235294117647,0.859375,68
logistic_values_hb,anemia_class,no_hemoglobin,development_oof,mixed_deficiency,0.7857142857142857,0.717391304347826,0.75,92
logistic_values_hb,anemia_class,no_hemoglobin,development_oof,no_anemia_no_deficiency,0.8780487804878049,0.8181818181818182,0.8470588235294118,88
logistic_values_hb,anemia_class,no_demographics,development_oof,B12_deficiency_anemia,0.75,0.75,0.75,52
logistic_values_hb,anemia_class,no_demographics,development_oof,B12_deficiency_no_anemia,0.8809523809523809,0.925,0.9024390243902439,40
logistic_values_hb,anemia_class,no_demographics,development_oof,B6_deficiency,0.9166666666666666,0.7857142857142857,0.8461538461538461,28
logistic_values_hb,anemia_class,no_demographics,development_oof,anemia_other,0.8225806451612904,0.85,0.8360655737704918,60
logistic_values_hb,anemia_class,no_demographics,development_oof,copper_deficiency,0.9310344827586207,0.9642857142857143,0.9473684210526315,28
logistic_values_hb,anemia_class,no_demographics,development_oof,folate_deficiency_anemia,0.8,0.8,0.8,40
logistic_values_hb,anemia_class,no_demographics,development_oof,folate_deficiency_no_anemia,0.75,0.65625,0.7,32
logistic_values_hb,anemia_class,no_demographics,development_oof,inflammation_anemia,0.9803921568627451,0.9615384615384616,0.970873786407767,52
logistic_values_hb,anemia_class,no_demographics,development_oof,iron_deficiency_anemia,0.8367346938775511,0.8913043478260869,0.8631578947368421,92
logistic_values_hb,anemia_class,no_demographics,development_oof,latent_deficiency,0.9117647058823529,0.9117647058823529,0.9117647058823529,68
logistic_values_hb,anemia_class,no_demographics,development_oof,mixed_deficiency,0.8125,0.7065217391304348,0.7558139534883721,92
logistic_values_hb,anemia_class,no_demographics,development_oof,no_anemia_no_deficiency,0.8469387755102041,0.9431818181818182,0.8924731182795699,88
extra_trees_hb,anemia_class,available,development_oof,B12_deficiency_anemia,0.8867924528301887,0.9038461538461539,0.8952380952380953,52
extra_trees_hb,anemia_class,available,development_oof,B12_deficiency_no_anemia,0.972972972972973,0.9,0.935064935064935,40
extra_trees_hb,anemia_class,available,development_oof,B6_deficiency,1.0,0.7857142857142857,0.88,28
extra_trees_hb,anemia_class,available,development_oof,anemia_other,0.8405797101449275,0.9666666666666667,0.8992248062015504,60
extra_trees_hb,anemia_class,available,development_oof,copper_deficiency,0.9130434782608695,0.75,0.8235294117647058,28
extra_trees_hb,anemia_class,available,development_oof,folate_deficiency_anemia,0.8461538461538461,0.825,0.8354430379746836,40
extra_trees_hb,anemia_class,available,development_oof,folate_deficiency_no_anemia,0.9545454545454546,0.65625,0.7777777777777778,32
extra_trees_hb,anemia_class,available,development_oof,inflammation_anemia,0.9811320754716981,1.0,0.9904761904761905,52
extra_trees_hb,anemia_class,available,development_oof,iron_deficiency_anemia,0.8556701030927835,0.9021739130434783,0.8783068783068783,92
extra_trees_hb,anemia_class,available,development_oof,latent_deficiency,0.9846153846153847,0.9411764705882353,0.9624060150375939,68
extra_trees_hb,anemia_class,available,development_oof,mixed_deficiency,0.8902439024390244,0.7934782608695652,0.8390804597701149,92
extra_trees_hb,anemia_class,available,development_oof,no_anemia_no_deficiency,0.7909090909090909,0.9886363636363636,0.8787878787878788,88
extra_trees_hb,anemia_class,drop30,development_oof,B12_deficiency_anemia,0.7857142857142857,0.6346153846153846,0.7021276595744681,52
extra_trees_hb,anemia_class,drop30,development_oof,B12_deficiency_no_anemia,0.8666666666666667,0.65,0.7428571428571429,40
extra_trees_hb,anemia_class,drop30,development_oof,B6_deficiency,0.9375,0.5357142857142857,0.6818181818181818,28
extra_trees_hb,anemia_class,drop30,development_oof,anemia_other,0.4793388429752066,0.9666666666666667,0.6408839779005525,60
extra_trees_hb,anemia_class,drop30,development_oof,copper_deficiency,0.8571428571428571,0.6428571428571429,0.7346938775510204,28
extra_trees_hb,anemia_class,drop30,development_oof,folate_deficiency_anemia,0.627906976744186,0.675,0.6506024096385542,40
extra_trees_hb,anemia_class,drop30,development_oof,folate_deficiency_no_anemia,0.9166666666666666,0.34375,0.5,32
extra_trees_hb,anemia_class,drop30,development_oof,inflammation_anemia,1.0,0.8653846153846154,0.9278350515463918,52
extra_trees_hb,anemia_class,drop30,development_oof,iron_deficiency_anemia,0.6747967479674797,0.9021739130434783,0.772093023255814,92
extra_trees_hb,anemia_class,drop30,development_oof,latent_deficiency,0.9791666666666666,0.6911764705882353,0.8103448275862069,68
extra_trees_hb,anemia_class,drop30,development_oof,mixed_deficiency,0.8169014084507042,0.6304347826086957,0.7116564417177914,92
extra_trees_hb,anemia_class,drop30,development_oof,no_anemia_no_deficiency,0.72,0.8181818181818182,0.7659574468085106,88
extra_trees_hb,anemia_class,drop60,development_oof,B12_deficiency_anemia,0.75,0.34615384615384615,0.47368421052631576,52
extra_trees_hb,anemia_class,drop60,development_oof,B12_deficiency_no_anemia,1.0,0.325,0.49056603773584906,40
extra_trees_hb,anemia_class,drop60,development_oof,B6_deficiency,0.8181818181818182,0.32142857142857145,0.46153846153846156,28
extra_trees_hb,anemia_class,drop60,development_oof,anemia_other,0.24675324675324675,0.95,0.3917525773195876,60
extra_trees_hb,anemia_class,drop60,development_oof,copper_deficiency,0.9166666666666666,0.39285714285714285,0.55,28
extra_trees_hb,anemia_class,drop60,development_oof,folate_deficiency_anemia,0.46153846153846156,0.3,0.36363636363636365,40
extra_trees_hb,anemia_class,drop60,development_oof,folate_deficiency_no_anemia,0.45454545454545453,0.15625,0.23255813953488372,32
extra_trees_hb,anemia_class,drop60,development_oof,inflammation_anemia,0.9473684210526315,0.6923076923076923,0.8,52
extra_trees_hb,anemia_class,drop60,development_oof,iron_deficiency_anemia,0.4161849710982659,0.782608695652174,0.5433962264150943,92
extra_trees_hb,anemia_class,drop60,development_oof,latent_deficiency,1.0,0.3235294117647059,0.4888888888888889,68
extra_trees_hb,anemia_class,drop60,development_oof,mixed_deficiency,0.6829268292682927,0.30434782608695654,0.42105263157894735,92
extra_trees_hb,anemia_class,drop60,development_oof,no_anemia_no_deficiency,0.6,0.4772727272727273,0.5316455696202531,88
extra_trees_hb,anemia_class,cbc_only,development_oof,B12_deficiency_anemia,0.5,0.15384615384615385,0.23529411764705882,52
extra_trees_hb,anemia_class,cbc_only,development_oof,B12_deficiency_no_anemia,0.0,0.0,0.0,40
extra_trees_hb,anemia_class,cbc_only,development_oof,B6_deficiency,1.0,0.03571428571428571,0.06896551724137931,28
extra_trees_hb,anemia_class,cbc_only,development_oof,anemia_other,0.4117647058823529,0.8166666666666667,0.547486033519553,60
extra_trees_hb,anemia_class,cbc_only,development_oof,copper_deficiency,0.0,0.0,0.0,28
extra_trees_hb,anemia_class,cbc_only,development_oof,folate_deficiency_anemia,0.3176470588235294,0.675,0.432,40
extra_trees_hb,anemia_class,cbc_only,development_oof,folate_deficiency_no_anemia,0.25,0.125,0.16666666666666666,32
extra_trees_hb,anemia_class,cbc_only,development_oof,inflammation_anemia,0.0,0.0,0.0,52
extra_trees_hb,anemia_class,cbc_only,development_oof,iron_deficiency_anemia,0.4090909090909091,0.8804347826086957,0.5586206896551724,92
extra_trees_hb,anemia_class,cbc_only,development_oof,latent_deficiency,0.8333333333333334,0.14705882352941177,0.25,68
extra_trees_hb,anemia_class,cbc_only,development_oof,mixed_deficiency,1.0,0.03260869565217391,0.06315789473684211,92
extra_trees_hb,anemia_class,cbc_only,development_oof,no_anemia_no_deficiency,0.3963963963963964,1.0,0.567741935483871,88
extra_trees_hb,anemia_class,hb_only,development_oof,B12_deficiency_anemia,0.0,0.0,0.0,52
extra_trees_hb,anemia_class,hb_only,development_oof,B12_deficiency_no_anemia,0.0,0.0,0.0,40
extra_trees_hb,anemia_class,hb_only,development_oof,B6_deficiency,0.0,0.0,0.0,28
extra_trees_hb,anemia_class,hb_only,development_oof,anemia_other,0.15034965034965034,0.7166666666666667,0.24855491329479767,60
extra_trees_hb,anemia_class,hb_only,development_oof,copper_deficiency,0.0,0.0,0.0,28
extra_trees_hb,anemia_class,hb_only,development_oof,folate_deficiency_anemia,0.0,0.0,0.0,40
extra_trees_hb,anemia_class,hb_only,development_oof,folate_deficiency_no_anemia,0.0,0.0,0.0,32
extra_trees_hb,anemia_class,hb_only,development_oof,inflammation_anemia,0.0,0.0,0.0,52
extra_trees_hb,anemia_class,hb_only,development_oof,iron_deficiency_anemia,0.22962962962962963,0.33695652173913043,0.27312775330396477,92
extra_trees_hb,anemia_class,hb_only,development_oof,latent_deficiency,0.0,0.0,0.0,68
extra_trees_hb,anemia_class,hb_only,development_oof,mixed_deficiency,0.0,0.0,0.0,92
extra_trees_hb,anemia_class,hb_only,development_oof,no_anemia_no_deficiency,0.350597609561753,1.0,0.5191740412979351,88
extra_trees_hb,anemia_class,no_iron,development_oof,B12_deficiency_anemia,0.7758620689655172,0.8653846153846154,0.8181818181818182,52
extra_trees_hb,anemia_class,no_iron,development_oof,B12_deficiency_no_anemia,0.972972972972973,0.9,0.935064935064935,40
extra_trees_hb,anemia_class,no_iron,development_oof,B6_deficiency,0.7857142857142857,0.7857142857142857,0.7857142857142857,28
extra_trees_hb,anemia_class,no_iron,development_oof,anemia_other,0.6835443037974683,0.9,0.7769784172661871,60
extra_trees_hb,anemia_class,no_iron,development_oof,copper_deficiency,0.88,0.7857142857142857,0.8301886792452831,28
extra_trees_hb,anemia_class,no_iron,development_oof,folate_deficiency_anemia,0.7560975609756098,0.775,0.7654320987654321,40
extra_trees_hb,anemia_class,no_iron,development_oof,folate_deficiency_no_anemia,0.9545454545454546,0.65625,0.7777777777777778,32
extra_trees_hb,anemia_class,no_iron,development_oof,inflammation_anemia,1.0,0.8461538461538461,0.9166666666666666,52
extra_trees_hb,anemia_class,no_iron,development_oof,iron_deficiency_anemia,0.7755102040816326,0.8260869565217391,0.8,92
extra_trees_hb,anemia_class,no_iron,development_oof,latent_deficiency,1.0,0.11764705882352941,0.21052631578947367,68
extra_trees_hb,anemia_class,no_iron,development_oof,mixed_deficiency,0.8676470588235294,0.6413043478260869,0.7375,92
extra_trees_hb,anemia_class,no_iron,development_oof,no_anemia_no_deficiency,0.5304878048780488,0.9886363636363636,0.6904761904761905,88
extra_trees_hb,anemia_class,no_B12,development_oof,B12_deficiency_anemia,0.9333333333333333,0.8076923076923077,0.865979381443299,52
extra_trees_hb,anemia_class,no_B12,development_oof,B12_deficiency_no_anemia,1.0,0.025,0.04878048780487805,40
extra_trees_hb,anemia_class,no_B12,development_oof,B6_deficiency,0.9545454545454546,0.75,0.84,28
extra_trees_hb,anemia_class,no_B12,development_oof,anemia_other,0.7837837837837838,0.9666666666666667,0.8656716417910447,60
extra_trees_hb,anemia_class,no_B12,development_oof,copper_deficiency,0.9166666666666666,0.7857142857142857,0.8461538461538461,28
extra_trees_hb,anemia_class,no_B12,development_oof,folate_deficiency_anemia,0.6274509803921569,0.8,0.7032967032967034,40
extra_trees_hb,anemia_class,no_B12,development_oof,folate_deficiency_no_anemia,0.6551724137931034,0.59375,0.6229508196721312,32
extra_trees_hb,anemia_class,no_B12,development_oof,inflammation_anemia,0.9811320754716981,1.0,0.9904761904761905,52
extra_trees_hb,anemia_class,no_B12,development_oof,iron_deficiency_anemia,0.7033898305084746,0.9021739130434783,0.7904761904761904,92
extra_trees_hb,anemia_class,no_B12,development_oof,latent_deficiency,0.9846153846153847,0.9411764705882353,0.9624060150375939,68
extra_trees_hb,anemia_class,no_B12,development_oof,mixed_deficiency,0.8461538461538461,0.4782608695652174,0.6111111111111112,92
extra_trees_hb,anemia_class,no_B12,development_oof,no_anemia_no_deficiency,0.6304347826086957,0.9886363636363636,0.7699115044247787,88
extra_trees_hb,anemia_class,no_folate,development_oof,B12_deficiency_anemia,0.625,0.9615384615384616,0.7575757575757576,52
extra_trees_hb,anemia_class,no_folate,development_oof,B12_deficiency_no_anemia,1.0,0.8,0.8888888888888888,40
extra_trees_hb,anemia_class,no_folate,development_oof,B6_deficiency,1.0,0.75,0.8571428571428571,28
extra_trees_hb,anemia_class,no_folate,development_oof,anemia_other,0.7837837837837838,0.9666666666666667,0.8656716417910447,60
extra_trees_hb,anemia_class,no_folate,development_oof,copper_deficiency,0.9130434782608695,0.75,0.8235294117647058,28
extra_trees_hb,anemia_class,no_folate,development_oof,folate_deficiency_anemia,0.875,0.525,0.65625,40
extra_trees_hb,anemia_class,no_folate,development_oof,folate_deficiency_no_anemia,1.0,0.09375,0.17142857142857143,32
extra_trees_hb,anemia_class,no_folate,development_oof,inflammation_anemia,0.9629629629629629,1.0,0.9811320754716981,52
extra_trees_hb,anemia_class,no_folate,development_oof,iron_deficiency_anemia,0.7636363636363637,0.9130434782608695,0.8316831683168316,92
extra_trees_hb,anemia_class,no_folate,development_oof,latent_deficiency,0.9846153846153847,0.9411764705882353,0.9624060150375939,68
extra_trees_hb,anemia_class,no_folate,development_oof,mixed_deficiency,0.8846153846153846,0.5,0.6388888888888888,92
extra_trees_hb,anemia_class,no_folate,development_oof,no_anemia_no_deficiency,0.6567164179104478,1.0,0.7927927927927928,88
extra_trees_hb,anemia_class,no_B6,development_oof,B12_deficiency_anemia,0.8703703703703703,0.9038461538461539,0.8867924528301887,52
extra_trees_hb,anemia_class,no_B6,development_oof,B12_deficiency_no_anemia,0.972972972972973,0.9,0.935064935064935,40
extra_trees_hb,anemia_class,no_B6,development_oof,B6_deficiency,1.0,0.03571428571428571,0.06896551724137931,28
extra_trees_hb,anemia_class,no_B6,development_oof,anemia_other,0.7341772151898734,0.9666666666666667,0.8345323741007195,60
extra_trees_hb,anemia_class,no_B6,development_oof,copper_deficiency,0.9130434782608695,0.75,0.8235294117647058,28
extra_trees_hb,anemia_class,no_B6,development_oof,folate_deficiency_anemia,0.8461538461538461,0.825,0.8354430379746836,40
extra_trees_hb,anemia_class,no_B6,development_oof,folate_deficiency_no_anemia,0.9545454545454546,0.65625,0.7777777777777778,32
extra_trees_hb,anemia_class,no_B6,development_oof,inflammation_anemia,0.9811320754716981,1.0,0.9904761904761905,52
extra_trees_hb,anemia_class,no_B6,development_oof,iron_deficiency_anemia,0.8383838383838383,0.9021739130434783,0.8691099476439791,92
extra_trees_hb,anemia_class,no_B6,development_oof,latent_deficiency,0.9552238805970149,0.9411764705882353,0.9481481481481482,68
extra_trees_hb,anemia_class,no_B6,development_oof,mixed_deficiency,0.8888888888888888,0.782608695652174,0.8323699421965318,92
extra_trees_hb,anemia_class,no_B6,development_oof,no_anemia_no_deficiency,0.7435897435897436,0.9886363636363636,0.848780487804878,88
extra_trees_hb,anemia_class,no_copper,development_oof,B12_deficiency_anemia,0.8867924528301887,0.9038461538461539,0.8952380952380953,52
extra_trees_hb,anemia_class,no_copper,development_oof,B12_deficiency_no_anemia,0.9473684210526315,0.9,0.9230769230769231,40
extra_trees_hb,anemia_class,no_copper,development_oof,B6_deficiency,1.0,0.7857142857142857,0.88,28
extra_trees_hb,anemia_class,no_copper,development_oof,anemia_other,0.7435897435897436,0.9666666666666667,0.8405797101449275,60
extra_trees_hb,anemia_class,no_copper,development_oof,copper_deficiency,0.0,0.0,0.0,28
extra_trees_hb,anemia_class,no_copper,development_oof,folate_deficiency_anemia,0.75,0.825,0.7857142857142857,40
extra_trees_hb,anemia_class,no_copper,development_oof,folate_deficiency_no_anemia,0.875,0.65625,0.75,32
extra_trees_hb,anemia_class,no_copper,development_oof,inflammation_anemia,0.9811320754716981,1.0,0.9904761904761905,52
extra_trees_hb,anemia_class,no_copper,development_oof,iron_deficiency_anemia,0.8383838383838383,0.9021739130434783,0.8691099476439791,92
extra_trees_hb,anemia_class,no_copper,development_oof,latent_deficiency,0.9846153846153847,0.9411764705882353,0.9624060150375939,68
extra_trees_hb,anemia_class,no_copper,development_oof,mixed_deficiency,0.8902439024390244,0.7934782608695652,0.8390804597701149,92
extra_trees_hb,anemia_class,no_copper,development_oof,no_anemia_no_deficiency,0.7631578947368421,0.9886363636363636,0.8613861386138614,88
extra_trees_hb,anemia_class,no_hemoglobin,development_oof,B12_deficiency_anemia,0.8135593220338984,0.9230769230769231,0.8648648648648649,52
extra_trees_hb,anemia_class,no_hemoglobin,development_oof,B12_deficiency_no_anemia,1.0,0.725,0.8405797101449275,40
extra_trees_hb,anemia_class,no_hemoglobin,development_oof,B6_deficiency,0.8846153846153846,0.8214285714285714,0.8518518518518519,28
extra_trees_hb,anemia_class,no_hemoglobin,development_oof,anemia_other,0.5576923076923077,0.9666666666666667,0.7073170731707317,60
extra_trees_hb,anemia_class,no_hemoglobin,development_oof,copper_deficiency,0.8888888888888888,0.8571428571428571,0.8727272727272727,28
extra_trees_hb,anemia_class,no_hemoglobin,development_oof,folate_deficiency_anemia,0.673469387755102,0.825,0.7415730337078652,40
extra_trees_hb,anemia_class,no_hemoglobin,development_oof,folate_deficiency_no_anemia,0.9090909090909091,0.3125,0.46511627906976744,32
extra_trees_hb,anemia_class,no_hemoglobin,development_oof,inflammation_anemia,0.9629629629629629,1.0,0.9811320754716981,52
extra_trees_hb,anemia_class,no_hemoglobin,development_oof,iron_deficiency_anemia,0.664,0.9021739130434783,0.7649769585253456,92
extra_trees_hb,anemia_class,no_hemoglobin,development_oof,latent_deficiency,0.975,0.5735294117647058,0.7222222222222222,68
extra_trees_hb,anemia_class,no_hemoglobin,development_oof,mixed_deficiency,0.9012345679012346,0.7934782608695652,0.8439306358381503,92
extra_trees_hb,anemia_class,no_hemoglobin,development_oof,no_anemia_no_deficiency,0.9104477611940298,0.6931818181818182,0.7870967741935484,88
extra_trees_hb,anemia_class,no_demographics,development_oof,B12_deficiency_anemia,0.8653846153846154,0.8653846153846154,0.8653846153846154,52
extra_trees_hb,anemia_class,no_demographics,development_oof,B12_deficiency_no_anemia,0.9459459459459459,0.875,0.9090909090909091,40
extra_trees_hb,anemia_class,no_demographics,development_oof,B6_deficiency,1.0,0.7857142857142857,0.88,28
extra_trees_hb,anemia_class,no_demographics,development_oof,anemia_other,0.8285714285714286,0.9666666666666667,0.8923076923076924,60
extra_trees_hb,anemia_class,no_demographics,development_oof,copper_deficiency,0.9545454545454546,0.75,0.84,28
extra_trees_hb,anemia_class,no_demographics,development_oof,folate_deficiency_anemia,0.8285714285714286,0.725,0.7733333333333333,40
extra_trees_hb,anemia_class,no_demographics,development_oof,folate_deficiency_no_anemia,0.84,0.65625,0.7368421052631579,32
extra_trees_hb,anemia_class,no_demographics,development_oof,inflammation_anemia,0.9811320754716981,1.0,0.9904761904761905,52
extra_trees_hb,anemia_class,no_demographics,development_oof,iron_deficiency_anemia,0.8494623655913979,0.8586956521739131,0.8540540540540541,92
extra_trees_hb,anemia_class,no_demographics,development_oof,latent_deficiency,0.9264705882352942,0.9264705882352942,0.9264705882352942,68
extra_trees_hb,anemia_class,no_demographics,development_oof,mixed_deficiency,0.8690476190476191,0.7934782608695652,0.8295454545454546,92
extra_trees_hb,anemia_class,no_demographics,development_oof,no_anemia_no_deficiency,0.7837837837837838,0.9886363636363636,0.8743718592964824,88
catboost_hb,anemia_class,available,development_oof,B12_deficiency_anemia,0.7636363636363637,0.8076923076923077,0.7850467289719626,52
catboost_hb,anemia_class,available,development_oof,B12_deficiency_no_anemia,0.868421052631579,0.825,0.8461538461538461,40
catboost_hb,anemia_class,available,development_oof,B6_deficiency,0.8333333333333334,0.5357142857142857,0.6521739130434783,28
catboost_hb,anemia_class,available,development_oof,anemia_other,0.8115942028985508,0.9333333333333333,0.8682170542635659,60
catboost_hb,anemia_class,available,development_oof,copper_deficiency,0.8260869565217391,0.6785714285714286,0.7450980392156863,28
catboost_hb,anemia_class,available,development_oof,folate_deficiency_anemia,0.6595744680851063,0.775,0.7126436781609196,40
catboost_hb,anemia_class,available,development_oof,folate_deficiency_no_anemia,0.782608695652174,0.5625,0.6545454545454545,32
catboost_hb,anemia_class,available,development_oof,inflammation_anemia,0.9423076923076923,0.9423076923076923,0.9423076923076923,52
catboost_hb,anemia_class,available,development_oof,iron_deficiency_anemia,0.8383838383838383,0.9021739130434783,0.8691099476439791,92
catboost_hb,anemia_class,available,development_oof,latent_deficiency,0.9384615384615385,0.8970588235294118,0.9172932330827067,68
catboost_hb,anemia_class,available,development_oof,mixed_deficiency,0.8552631578947368,0.7065217391304348,0.7738095238095238,92
catboost_hb,anemia_class,available,development_oof,no_anemia_no_deficiency,0.7850467289719626,0.9545454545454546,0.8615384615384616,88
catboost_hb,anemia_class,drop30,development_oof,B12_deficiency_anemia,0.7105263157894737,0.5192307692307693,0.6,52
catboost_hb,anemia_class,drop30,development_oof,B12_deficiency_no_anemia,0.8260869565217391,0.475,0.6031746031746031,40
catboost_hb,anemia_class,drop30,development_oof,B6_deficiency,0.8,0.42857142857142855,0.5581395348837209,28
catboost_hb,anemia_class,drop30,development_oof,anemia_other,0.40336134453781514,0.8,0.5363128491620112,60
catboost_hb,anemia_class,drop30,development_oof,copper_deficiency,0.6,0.5357142857142857,0.5660377358490566,28
catboost_hb,anemia_class,drop30,development_oof,folate_deficiency_anemia,0.5161290322580645,0.4,0.4507042253521127,40
catboost_hb,anemia_class,drop30,development_oof,folate_deficiency_no_anemia,0.6666666666666666,0.1875,0.2926829268292683,32
catboost_hb,anemia_class,drop30,development_oof,inflammation_anemia,0.8222222222222222,0.7115384615384616,0.7628865979381443,52
catboost_hb,anemia_class,drop30,development_oof,iron_deficiency_anemia,0.49101796407185627,0.8913043478260869,0.6332046332046332,92
catboost_hb,anemia_class,drop30,development_oof,latent_deficiency,0.8809523809523809,0.5441176470588235,0.6727272727272727,68
catboost_hb,anemia_class,drop30,development_oof,mixed_deficiency,0.6153846153846154,0.43478260869565216,0.5095541401273885,92
catboost_hb,anemia_class,drop30,development_oof,no_anemia_no_deficiency,0.6129032258064516,0.6477272727272727,0.6298342541436464,88
catboost_hb,anemia_class,drop60,development_oof,B12_deficiency_anemia,0.5,0.15384615384615385,0.23529411764705882,52
catboost_hb,anemia_class,drop60,development_oof,B12_deficiency_no_anemia,0.8571428571428571,0.15,0.2553191489361702,40
catboost_hb,anemia_class,drop60,development_oof,B6_deficiency,0.20689655172413793,0.21428571428571427,0.21052631578947367,28
catboost_hb,anemia_class,drop60,development_oof,anemia_other,0.24719101123595505,0.7333333333333333,0.3697478991596639,60
catboost_hb,anemia_class,drop60,development_oof,copper_deficiency,0.5,0.32142857142857145,0.391304347826087,28
catboost_hb,anemia_class,drop60,development_oof,folate_deficiency_anemia,0.375,0.075,0.125,40
catboost_hb,anemia_class,drop60,development_oof,folate_deficiency_no_anemia,0.4,0.0625,0.10810810810810811,32
catboost_hb,anemia_class,drop60,development_oof,inflammation_anemia,0.8787878787878788,0.5576923076923077,0.6823529411764706,52
catboost_hb,anemia_class,drop60,development_oof,iron_deficiency_anemia,0.31386861313868614,0.9347826086956522,0.46994535519125685,92
catboost_hb,anemia_class,drop60,development_oof,latent_deficiency,0.9,0.2647058823529412,0.4090909090909091,68
catboost_hb,anemia_class,drop60,development_oof,mixed_deficiency,0.42857142857142855,0.16304347826086957,0.23622047244094488,92
catboost_hb,anemia_class,drop60,development_oof,no_anemia_no_deficiency,0.6530612244897959,0.36363636363636365,0.46715328467153283,88
catboost_hb,anemia_class,cbc_only,development_oof,B12_deficiency_anemia,0.39622641509433965,0.40384615384615385,0.4,52
catboost_hb,anemia_class,cbc_only,development_oof,B12_deficiency_no_anemia,0.2727272727272727,0.075,0.11764705882352941,40
catboost_hb,anemia_class,cbc_only,development_oof,B6_deficiency,0.375,0.10714285714285714,0.16666666666666666,28
catboost_hb,anemia_class,cbc_only,development_oof,anemia_other,0.44329896907216493,0.7166666666666667,0.5477707006369427,60
catboost_hb,anemia_class,cbc_only,development_oof,copper_deficiency,0.0,0.0,0.0,28
catboost_hb,anemia_class,cbc_only,development_oof,folate_deficiency_anemia,0.3541666666666667,0.425,0.38636363636363635,40
catboost_hb,anemia_class,cbc_only,development_oof,folate_deficiency_no_anemia,0.22727272727272727,0.15625,0.18518518518518517,32
catboost_hb,anemia_class,cbc_only,development_oof,inflammation_anemia,0.0,0.0,0.0,52
catboost_hb,anemia_class,cbc_only,development_oof,iron_deficiency_anemia,0.43478260869565216,0.8695652173913043,0.5797101449275363,92
catboost_hb,anemia_class,cbc_only,development_oof,latent_deficiency,0.7555555555555555,0.5,0.6017699115044248,68
catboost_hb,anemia_class,cbc_only,development_oof,mixed_deficiency,0.5862068965517241,0.18478260869565216,0.2809917355371901,92
catboost_hb,anemia_class,cbc_only,development_oof,no_anemia_no_deficiency,0.5058139534883721,0.9886363636363636,0.6692307692307692,88
catboost_hb,anemia_class,hb_only,development_oof,B12_deficiency_anemia,0.0,0.0,0.0,52
catboost_hb,anemia_class,hb_only,development_oof,B12_deficiency_no_anemia,0.0,0.0,0.0,40
catboost_hb,anemia_class,hb_only,development_oof,B6_deficiency,0.0594059405940594,0.21428571428571427,0.09302325581395349,28
catboost_hb,anemia_class,hb_only,development_oof,anemia_other,0.2727272727272727,0.05,0.08450704225352113,60
catboost_hb,anemia_class,hb_only,development_oof,copper_deficiency,0.0,0.0,0.0,28
catboost_hb,anemia_class,hb_only,development_oof,folate_deficiency_anemia,0.0,0.0,0.0,40
catboost_hb,anemia_class,hb_only,development_oof,folate_deficiency_no_anemia,0.0,0.0,0.0,32
catboost_hb,anemia_class,hb_only,development_oof,inflammation_anemia,0.0,0.0,0.0,52
catboost_hb,anemia_class,hb_only,development_oof,iron_deficiency_anemia,0.225,0.9782608695652174,0.36585365853658536,92
catboost_hb,anemia_class,hb_only,development_oof,latent_deficiency,0.0,0.0,0.0,68
catboost_hb,anemia_class,hb_only,development_oof,mixed_deficiency,0.0,0.0,0.0,92
catboost_hb,anemia_class,hb_only,development_oof,no_anemia_no_deficiency,0.4928571428571429,0.7840909090909091,0.6052631578947368,88
catboost_hb,anemia_class,no_iron,development_oof,B12_deficiency_anemia,0.7592592592592593,0.7884615384615384,0.7735849056603774,52
catboost_hb,anemia_class,no_iron,development_oof,B12_deficiency_no_anemia,0.8095238095238095,0.85,0.8292682926829268,40
catboost_hb,anemia_class,no_iron,development_oof,B6_deficiency,0.6086956521739131,0.5,0.5490196078431373,28
catboost_hb,anemia_class,no_iron,development_oof,anemia_other,0.8064516129032258,0.8333333333333334,0.819672131147541,60
catboost_hb,anemia_class,no_iron,development_oof,copper_deficiency,0.75,0.6428571428571429,0.6923076923076923,28
catboost_hb,anemia_class,no_iron,development_oof,folate_deficiency_anemia,0.675,0.675,0.675,40
catboost_hb,anemia_class,no_iron,development_oof,folate_deficiency_no_anemia,0.8333333333333334,0.46875,0.6,32
catboost_hb,anemia_class,no_iron,development_oof,inflammation_anemia,0.8823529411764706,0.8653846153846154,0.8737864077669902,52
catboost_hb,anemia_class,no_iron,development_oof,iron_deficiency_anemia,0.7129629629629629,0.8369565217391305,0.77,92
catboost_hb,anemia_class,no_iron,development_oof,latent_deficiency,0.9375,0.4411764705882353,0.6,68
catboost_hb,anemia_class,no_iron,development_oof,mixed_deficiency,0.8,0.6956521739130435,0.7441860465116279,92
catboost_hb,anemia_class,no_iron,development_oof,no_anemia_no_deficiency,0.6231884057971014,0.9772727272727273,0.7610619469026548,88
catboost_hb,anemia_class,no_B12,development_oof,B12_deficiency_anemia,0.75,0.75,0.75,52
catboost_hb,anemia_class,no_B12,development_oof,B12_deficiency_no_anemia,0.75,0.075,0.13636363636363635,40
catboost_hb,anemia_class,no_B12,development_oof,B6_deficiency,0.9333333333333333,0.5,0.6511627906976745,28
catboost_hb,anemia_class,no_B12,development_oof,anemia_other,0.7567567567567568,0.9333333333333333,0.835820895522388,60
catboost_hb,anemia_class,no_B12,development_oof,copper_deficiency,0.8076923076923077,0.75,0.7777777777777778,28
catboost_hb,anemia_class,no_B12,development_oof,folate_deficiency_anemia,0.6086956521739131,0.7,0.6511627906976745,40
catboost_hb,anemia_class,no_B12,development_oof,folate_deficiency_no_anemia,0.5172413793103449,0.46875,0.4918032786885246,32
catboost_hb,anemia_class,no_B12,development_oof,inflammation_anemia,0.9411764705882353,0.9230769230769231,0.9320388349514563,52
catboost_hb,anemia_class,no_B12,development_oof,iron_deficiency_anemia,0.7280701754385965,0.9021739130434783,0.8058252427184466,92
catboost_hb,anemia_class,no_B12,development_oof,latent_deficiency,0.9242424242424242,0.8970588235294118,0.9104477611940298,68
catboost_hb,anemia_class,no_B12,development_oof,mixed_deficiency,0.8032786885245902,0.532608695652174,0.6405228758169934,92
catboost_hb,anemia_class,no_B12,development_oof,no_anemia_no_deficiency,0.6268656716417911,0.9545454545454546,0.7567567567567568,88
catboost_hb,anemia_class,no_folate,development_oof,B12_deficiency_anemia,0.6376811594202898,0.8461538461538461,0.7272727272727273,52
catboost_hb,anemia_class,no_folate,development_oof,B12_deficiency_no_anemia,0.8387096774193549,0.65,0.7323943661971831,40
catboost_hb,anemia_class,no_folate,development_oof,B6_deficiency,0.8235294117647058,0.5,0.6222222222222222,28
catboost_hb,anemia_class,no_folate,development_oof,anemia_other,0.7671232876712328,0.9333333333333333,0.8421052631578947,60
catboost_hb,anemia_class,no_folate,development_oof,copper_deficiency,0.8260869565217391,0.6785714285714286,0.7450980392156863,28
catboost_hb,anemia_class,no_folate,development_oof,folate_deficiency_anemia,0.7142857142857143,0.625,0.6666666666666666,40
catboost_hb,anemia_class,no_folate,development_oof,folate_deficiency_no_anemia,0.4444444444444444,0.125,0.1951219512195122,32
catboost_hb,anemia_class,no_folate,development_oof,inflammation_anemia,0.9423076923076923,0.9423076923076923,0.9423076923076923,52
catboost_hb,anemia_class,no_folate,development_oof,iron_deficiency_anemia,0.7345132743362832,0.9021739130434783,0.8097560975609757,92
catboost_hb,anemia_class,no_folate,development_oof,latent_deficiency,0.953125,0.8970588235294118,0.9242424242424242,68
catboost_hb,anemia_class,no_folate,development_oof,mixed_deficiency,0.8245614035087719,0.5108695652173914,0.6308724832214765,92
catboost_hb,anemia_class,no_folate,development_oof,no_anemia_no_deficiency,0.6589147286821705,0.9659090909090909,0.783410138248848,88
catboost_hb,anemia_class,no_B6,development_oof,B12_deficiency_anemia,0.7636363636363637,0.8076923076923077,0.7850467289719626,52
catboost_hb,anemia_class,no_B6,development_oof,B12_deficiency_no_anemia,0.868421052631579,0.825,0.8461538461538461,40
catboost_hb,anemia_class,no_B6,development_oof,B6_deficiency,0.5,0.10714285714285714,0.17647058823529413,28
catboost_hb,anemia_class,no_B6,development_oof,anemia_other,0.7671232876712328,0.9333333333333333,0.8421052631578947,60
catboost_hb,anemia_class,no_B6,development_oof,copper_deficiency,0.8260869565217391,0.6785714285714286,0.7450980392156863,28
catboost_hb,anemia_class,no_B6,development_oof,folate_deficiency_anemia,0.6595744680851063,0.775,0.7126436781609196,40
catboost_hb,anemia_class,no_B6,development_oof,folate_deficiency_no_anemia,0.782608695652174,0.5625,0.6545454545454545,32
catboost_hb,anemia_class,no_B6,development_oof,inflammation_anemia,0.9245283018867925,0.9423076923076923,0.9333333333333333,52
catboost_hb,anemia_class,no_B6,development_oof,iron_deficiency_anemia,0.8383838383838383,0.9021739130434783,0.8691099476439791,92
catboost_hb,anemia_class,no_B6,development_oof,latent_deficiency,0.8840579710144928,0.8970588235294118,0.8905109489051095,68
catboost_hb,anemia_class,no_B6,development_oof,mixed_deficiency,0.8571428571428571,0.717391304347826,0.7810650887573964,92
catboost_hb,anemia_class,no_B6,development_oof,no_anemia_no_deficiency,0.7706422018348624,0.9545454545454546,0.8527918781725888,88
catboost_hb,anemia_class,no_copper,development_oof,B12_deficiency_anemia,0.7636363636363637,0.8076923076923077,0.7850467289719626,52
catboost_hb,anemia_class,no_copper,development_oof,B12_deficiency_no_anemia,0.825,0.825,0.825,40
catboost_hb,anemia_class,no_copper,development_oof,B6_deficiency,0.8888888888888888,0.5714285714285714,0.6956521739130435,28
catboost_hb,anemia_class,no_copper,development_oof,anemia_other,0.7702702702702703,0.95,0.8507462686567164,60
catboost_hb,anemia_class,no_copper,development_oof,copper_deficiency,0.4,0.07142857142857142,0.12121212121212122,28
catboost_hb,anemia_class,no_copper,development_oof,folate_deficiency_anemia,0.6153846153846154,0.8,0.6956521739130435,40
catboost_hb,anemia_class,no_copper,development_oof,folate_deficiency_no_anemia,0.6923076923076923,0.5625,0.6206896551724138,32
catboost_hb,anemia_class,no_copper,development_oof,inflammation_anemia,0.9607843137254902,0.9423076923076923,0.9514563106796117,52
catboost_hb,anemia_class,no_copper,development_oof,iron_deficiency_anemia,0.8137254901960784,0.9021739130434783,0.8556701030927835,92
catboost_hb,anemia_class,no_copper,development_oof,latent_deficiency,0.9393939393939394,0.9117647058823529,0.9253731343283582,68
catboost_hb,anemia_class,no_copper,development_oof,mixed_deficiency,0.8533333333333334,0.6956521739130435,0.7664670658682635,92
catboost_hb,anemia_class,no_copper,development_oof,no_anemia_no_deficiency,0.7777777777777778,0.9545454545454546,0.8571428571428571,88
catboost_hb,anemia_class,no_hemoglobin,development_oof,B12_deficiency_anemia,0.6774193548387096,0.8076923076923077,0.7368421052631579,52
catboost_hb,anemia_class,no_hemoglobin,development_oof,B12_deficiency_no_anemia,0.85,0.425,0.5666666666666667,40
catboost_hb,anemia_class,no_hemoglobin,development_oof,B6_deficiency,0.6153846153846154,0.5714285714285714,0.5925925925925926,28
catboost_hb,anemia_class,no_hemoglobin,development_oof,anemia_other,0.38620689655172413,0.9333333333333333,0.5463414634146342,60
catboost_hb,anemia_class,no_hemoglobin,development_oof,copper_deficiency,0.84,0.75,0.7924528301886793,28
catboost_hb,anemia_class,no_hemoglobin,development_oof,folate_deficiency_anemia,0.43243243243243246,0.8,0.5614035087719298,40
catboost_hb,anemia_class,no_hemoglobin,development_oof,folate_deficiency_no_anemia,0.5,0.03125,0.058823529411764705,32
catboost_hb,anemia_class,no_hemoglobin,development_oof,inflammation_anemia,0.875,0.9423076923076923,0.9074074074074074,52
catboost_hb,anemia_class,no_hemoglobin,development_oof,iron_deficiency_anemia,0.509090909090909,0.9130434782608695,0.6536964980544747,92
catboost_hb,anemia_class,no_hemoglobin,development_oof,latent_deficiency,1.0,0.029411764705882353,0.05714285714285714,68
catboost_hb,anemia_class,no_hemoglobin,development_oof,mixed_deficiency,0.8552631578947368,0.7065217391304348,0.7738095238095238,92
catboost_hb,anemia_class,no_hemoglobin,development_oof,no_anemia_no_deficiency,0.8421052631578947,0.18181818181818182,0.29906542056074764,88
catboost_hb,anemia_class,no_demographics,development_oof,B12_deficiency_anemia,0.7592592592592593,0.7884615384615384,0.7735849056603774,52
catboost_hb,anemia_class,no_demographics,development_oof,B12_deficiency_no_anemia,0.8717948717948718,0.85,0.8607594936708861,40
catboost_hb,anemia_class,no_demographics,development_oof,B6_deficiency,0.8823529411764706,0.5357142857142857,0.6666666666666666,28
catboost_hb,anemia_class,no_demographics,development_oof,anemia_other,0.8088235294117647,0.9166666666666666,0.859375,60
catboost_hb,anemia_class,no_demographics,development_oof,copper_deficiency,0.9473684210526315,0.6428571428571429,0.7659574468085106,28
catboost_hb,anemia_class,no_demographics,development_oof,folate_deficiency_anemia,0.62,0.775,0.6888888888888889,40
catboost_hb,anemia_class,no_demographics,development_oof,folate_deficiency_no_anemia,0.7619047619047619,0.5,0.6037735849056604,32
catboost_hb,anemia_class,no_demographics,development_oof,inflammation_anemia,0.9423076923076923,0.9423076923076923,0.9423076923076923,52
catboost_hb,anemia_class,no_demographics,development_oof,iron_deficiency_anemia,0.8367346938775511,0.8913043478260869,0.8631578947368421,92
catboost_hb,anemia_class,no_demographics,development_oof,latent_deficiency,0.9104477611940298,0.8970588235294118,0.9037037037037037,68
catboost_hb,anemia_class,no_demographics,development_oof,mixed_deficiency,0.8552631578947368,0.7065217391304348,0.7738095238095238,92
catboost_hb,anemia_class,no_demographics,development_oof,no_anemia_no_deficiency,0.7657657657657657,0.9659090909090909,0.8542713567839196,88
catboost_dropout_hb,anemia_class,available,development_oof,B12_deficiency_anemia,0.6779661016949152,0.7692307692307693,0.7207207207207207,52
catboost_dropout_hb,anemia_class,available,development_oof,B12_deficiency_no_anemia,0.7857142857142857,0.825,0.8048780487804879,40
catboost_dropout_hb,anemia_class,available,development_oof,B6_deficiency,0.8666666666666667,0.4642857142857143,0.6046511627906976,28
catboost_dropout_hb,anemia_class,available,development_oof,anemia_other,0.7971014492753623,0.9166666666666666,0.8527131782945736,60
catboost_dropout_hb,anemia_class,available,development_oof,copper_deficiency,0.8260869565217391,0.6785714285714286,0.7450980392156863,28
catboost_dropout_hb,anemia_class,available,development_oof,folate_deficiency_anemia,0.7073170731707317,0.725,0.7160493827160493,40
catboost_dropout_hb,anemia_class,available,development_oof,folate_deficiency_no_anemia,0.7894736842105263,0.46875,0.5882352941176471,32
catboost_dropout_hb,anemia_class,available,development_oof,inflammation_anemia,0.9259259259259259,0.9615384615384616,0.9433962264150944,52
catboost_dropout_hb,anemia_class,available,development_oof,iron_deficiency_anemia,0.8387096774193549,0.8478260869565217,0.8432432432432433,92
catboost_dropout_hb,anemia_class,available,development_oof,latent_deficiency,0.875,0.9264705882352942,0.9,68
catboost_dropout_hb,anemia_class,available,development_oof,mixed_deficiency,0.7380952380952381,0.6739130434782609,0.7045454545454546,92
catboost_dropout_hb,anemia_class,available,development_oof,no_anemia_no_deficiency,0.801980198019802,0.9204545454545454,0.8571428571428571,88
catboost_dropout_hb,anemia_class,drop30,development_oof,B12_deficiency_anemia,0.6470588235294118,0.6346153846153846,0.6407766990291263,52
catboost_dropout_hb,anemia_class,drop30,development_oof,B12_deficiency_no_anemia,0.7586206896551724,0.55,0.6376811594202898,40
catboost_dropout_hb,anemia_class,drop30,development_oof,B6_deficiency,0.7142857142857143,0.35714285714285715,0.47619047619047616,28
catboost_dropout_hb,anemia_class,drop30,development_oof,anemia_other,0.550561797752809,0.8166666666666667,0.6577181208053692,60
catboost_dropout_hb,anemia_class,drop30,development_oof,copper_deficiency,0.8823529411764706,0.5357142857142857,0.6666666666666666,28
catboost_dropout_hb,anemia_class,drop30,development_oof,folate_deficiency_anemia,0.5,0.425,0.4594594594594595,40
catboost_dropout_hb,anemia_class,drop30,development_oof,folate_deficiency_no_anemia,0.6923076923076923,0.28125,0.4,32
catboost_dropout_hb,anemia_class,drop30,development_oof,inflammation_anemia,0.7704918032786885,0.9038461538461539,0.831858407079646,52
catboost_dropout_hb,anemia_class,drop30,development_oof,iron_deficiency_anemia,0.6886792452830188,0.7934782608695652,0.7373737373737373,92
catboost_dropout_hb,anemia_class,drop30,development_oof,latent_deficiency,0.8448275862068966,0.7205882352941176,0.7777777777777778,68
catboost_dropout_hb,anemia_class,drop30,development_oof,mixed_deficiency,0.6333333333333333,0.6195652173913043,0.6263736263736264,92
catboost_dropout_hb,anemia_class,drop30,development_oof,no_anemia_no_deficiency,0.6818181818181818,0.8522727272727273,0.7575757575757576,88
catboost_dropout_hb,anemia_class,drop60,development_oof,B12_deficiency_anemia,0.5806451612903226,0.34615384615384615,0.43373493975903615,52
catboost_dropout_hb,anemia_class,drop60,development_oof,B12_deficiency_no_anemia,0.75,0.3,0.42857142857142855,40
catboost_dropout_hb,anemia_class,drop60,development_oof,B6_deficiency,0.625,0.17857142857142858,0.2777777777777778,28
catboost_dropout_hb,anemia_class,drop60,development_oof,anemia_other,0.3515625,0.75,0.4787234042553192,60
catboost_dropout_hb,anemia_class,drop60,development_oof,copper_deficiency,0.6363636363636364,0.25,0.358974358974359,28
catboost_dropout_hb,anemia_class,drop60,development_oof,folate_deficiency_anemia,0.5555555555555556,0.375,0.44776119402985076,40
catboost_dropout_hb,anemia_class,drop60,development_oof,folate_deficiency_no_anemia,0.6666666666666666,0.1875,0.2926829268292683,32
catboost_dropout_hb,anemia_class,drop60,development_oof,inflammation_anemia,0.76,0.7307692307692307,0.7450980392156863,52
catboost_dropout_hb,anemia_class,drop60,development_oof,iron_deficiency_anemia,0.44242424242424244,0.7934782608695652,0.5680933852140078,92
catboost_dropout_hb,anemia_class,drop60,development_oof,latent_deficiency,0.7555555555555555,0.5,0.6017699115044248,68
catboost_dropout_hb,anemia_class,drop60,development_oof,mixed_deficiency,0.527027027027027,0.42391304347826086,0.46987951807228917,92
catboost_dropout_hb,anemia_class,drop60,development_oof,no_anemia_no_deficiency,0.5740740740740741,0.7045454545454546,0.6326530612244898,88
catboost_dropout_hb,anemia_class,cbc_only,development_oof,B12_deficiency_anemia,0.5370370370370371,0.5576923076923077,0.5471698113207547,52
catboost_dropout_hb,anemia_class,cbc_only,development_oof,B12_deficiency_no_anemia,0.4230769230769231,0.275,0.3333333333333333,40
catboost_dropout_hb,anemia_class,cbc_only,development_oof,B6_deficiency,0.375,0.10714285714285714,0.16666666666666666,28
catboost_dropout_hb,anemia_class,cbc_only,development_oof,anemia_other,0.5176470588235295,0.7333333333333333,0.6068965517241379,60
catboost_dropout_hb,anemia_class,cbc_only,development_oof,copper_deficiency,0.25,0.03571428571428571,0.0625,28
catboost_dropout_hb,anemia_class,cbc_only,development_oof,folate_deficiency_anemia,0.4222222222222222,0.475,0.4470588235294118,40
catboost_dropout_hb,anemia_class,cbc_only,development_oof,folate_deficiency_no_anemia,0.32,0.25,0.2807017543859649,32
catboost_dropout_hb,anemia_class,cbc_only,development_oof,inflammation_anemia,0.6086956521739131,0.5384615384615384,0.5714285714285714,52
catboost_dropout_hb,anemia_class,cbc_only,development_oof,iron_deficiency_anemia,0.5701754385964912,0.7065217391304348,0.6310679611650486,92
catboost_dropout_hb,anemia_class,cbc_only,development_oof,latent_deficiency,0.6216216216216216,0.6764705882352942,0.647887323943662,68
catboost_dropout_hb,anemia_class,cbc_only,development_oof,mixed_deficiency,0.6029411764705882,0.44565217391304346,0.5125,92
catboost_dropout_hb,anemia_class,cbc_only,development_oof,no_anemia_no_deficiency,0.6341463414634146,0.8863636363636364,0.7393364928909952,88
catboost_dropout_hb,anemia_class,hb_only,development_oof,B12_deficiency_anemia,0.0,0.0,0.0,52
catboost_dropout_hb,anemia_class,hb_only,development_oof,B12_deficiency_no_anemia,0.0,0.0,0.0,40
catboost_dropout_hb,anemia_class,hb_only,development_oof,B6_deficiency,0.0,0.0,0.0,28
catboost_dropout_hb,anemia_class,hb_only,development_oof,anemia_other,0.2631578947368421,0.08333333333333333,0.12658227848101267,60
catboost_dropout_hb,anemia_class,hb_only,development_oof,copper_deficiency,0.0,0.0,0.0,28
catboost_dropout_hb,anemia_class,hb_only,development_oof,folate_deficiency_anemia,0.0,0.0,0.0,40
catboost_dropout_hb,anemia_class,hb_only,development_oof,folate_deficiency_no_anemia,0.0,0.0,0.0,32
catboost_dropout_hb,anemia_class,hb_only,development_oof,inflammation_anemia,0.0,0.0,0.0,52
catboost_dropout_hb,anemia_class,hb_only,development_oof,iron_deficiency_anemia,0.22969187675070027,0.8913043478260869,0.36525612472160357,92
catboost_dropout_hb,anemia_class,hb_only,development_oof,latent_deficiency,0.25925925925925924,0.3088235294117647,0.28187919463087246,68
catboost_dropout_hb,anemia_class,hb_only,development_oof,mixed_deficiency,0.14705882352941177,0.05434782608695652,0.07936507936507936,92
catboost_dropout_hb,anemia_class,hb_only,development_oof,no_anemia_no_deficiency,0.38323353293413176,0.7272727272727273,0.5019607843137255,88
catboost_dropout_hb,anemia_class,no_iron,development_oof,B12_deficiency_anemia,0.6666666666666666,0.7692307692307693,0.7142857142857143,52
catboost_dropout_hb,anemia_class,no_iron,development_oof,B12_deficiency_no_anemia,0.7391304347826086,0.85,0.7906976744186046,40
catboost_dropout_hb,anemia_class,no_iron,development_oof,B6_deficiency,0.6666666666666666,0.42857142857142855,0.5217391304347826,28
catboost_dropout_hb,anemia_class,no_iron,development_oof,anemia_other,0.78125,0.8333333333333334,0.8064516129032258,60
catboost_dropout_hb,anemia_class,no_iron,development_oof,copper_deficiency,0.8181818181818182,0.6428571428571429,0.72,28
catboost_dropout_hb,anemia_class,no_iron,development_oof,folate_deficiency_anemia,0.7368421052631579,0.7,0.717948717948718,40
catboost_dropout_hb,anemia_class,no_iron,development_oof,folate_deficiency_no_anemia,0.7647058823529411,0.40625,0.5306122448979592,32
catboost_dropout_hb,anemia_class,no_iron,development_oof,inflammation_anemia,0.8727272727272727,0.9230769230769231,0.897196261682243,52
catboost_dropout_hb,anemia_class,no_iron,development_oof,iron_deficiency_anemia,0.7578947368421053,0.782608695652174,0.7700534759358288,92
catboost_dropout_hb,anemia_class,no_iron,development_oof,latent_deficiency,0.7592592592592593,0.6029411764705882,0.6721311475409836,68
catboost_dropout_hb,anemia_class,no_iron,development_oof,mixed_deficiency,0.7093023255813954,0.6630434782608695,0.6853932584269663,92
catboost_dropout_hb,anemia_class,no_iron,development_oof,no_anemia_no_deficiency,0.6752136752136753,0.8977272727272727,0.7707317073170732,88
catboost_dropout_hb,anemia_class,no_B12,development_oof,B12_deficiency_anemia,0.6785714285714286,0.7307692307692307,0.7037037037037037,52
catboost_dropout_hb,anemia_class,no_B12,development_oof,B12_deficiency_no_anemia,0.5833333333333334,0.175,0.2692307692307692,40
catboost_dropout_hb,anemia_class,no_B12,development_oof,B6_deficiency,0.8571428571428571,0.42857142857142855,0.5714285714285714,28
catboost_dropout_hb,anemia_class,no_B12,development_oof,anemia_other,0.7605633802816901,0.9,0.8244274809160306,60
catboost_dropout_hb,anemia_class,no_B12,development_oof,copper_deficiency,0.8260869565217391,0.6785714285714286,0.7450980392156863,28
catboost_dropout_hb,anemia_class,no_B12,development_oof,folate_deficiency_anemia,0.6585365853658537,0.675,0.6666666666666666,40
catboost_dropout_hb,anemia_class,no_B12,development_oof,folate_deficiency_no_anemia,0.4838709677419355,0.46875,0.47619047619047616,32
catboost_dropout_hb,anemia_class,no_B12,development_oof,inflammation_anemia,0.8928571428571429,0.9615384615384616,0.9259259259259259,52
catboost_dropout_hb,anemia_class,no_B12,development_oof,iron_deficiency_anemia,0.7428571428571429,0.8478260869565217,0.7918781725888325,92
catboost_dropout_hb,anemia_class,no_B12,development_oof,latent_deficiency,0.8421052631578947,0.9411764705882353,0.8888888888888888,68
catboost_dropout_hb,anemia_class,no_B12,development_oof,mixed_deficiency,0.6944444444444444,0.5434782608695652,0.6097560975609756,92
catboost_dropout_hb,anemia_class,no_B12,development_oof,no_anemia_no_deficiency,0.6956521739130435,0.9090909090909091,0.7881773399014779,88
catboost_dropout_hb,anemia_class,no_folate,development_oof,B12_deficiency_anemia,0.6290322580645161,0.75,0.6842105263157895,52
catboost_dropout_hb,anemia_class,no_folate,development_oof,B12_deficiency_no_anemia,0.7714285714285715,0.675,0.72,40
catboost_dropout_hb,anemia_class,no_folate,development_oof,B6_deficiency,0.8666666666666667,0.4642857142857143,0.6046511627906976,28
catboost_dropout_hb,anemia_class,no_folate,development_oof,anemia_other,0.7638888888888888,0.9166666666666666,0.8333333333333334,60
catboost_dropout_hb,anemia_class,no_folate,development_oof,copper_deficiency,0.7916666666666666,0.6785714285714286,0.7307692307692307,28
catboost_dropout_hb,anemia_class,no_folate,development_oof,folate_deficiency_anemia,0.7222222222222222,0.65,0.6842105263157895,40
catboost_dropout_hb,anemia_class,no_folate,development_oof,folate_deficiency_no_anemia,0.5833333333333334,0.21875,0.3181818181818182,32
catboost_dropout_hb,anemia_class,no_folate,development_oof,inflammation_anemia,0.9090909090909091,0.9615384615384616,0.9345794392523364,52
catboost_dropout_hb,anemia_class,no_folate,development_oof,iron_deficiency_anemia,0.7959183673469388,0.8478260869565217,0.8210526315789474,92
catboost_dropout_hb,anemia_class,no_folate,development_oof,latent_deficiency,0.875,0.9264705882352942,0.9,68
catboost_dropout_hb,anemia_class,no_folate,development_oof,mixed_deficiency,0.7272727272727273,0.6086956521739131,0.6627218934911243,92
catboost_dropout_hb,anemia_class,no_folate,development_oof,no_anemia_no_deficiency,0.7105263157894737,0.9204545454545454,0.801980198019802,88
catboost_dropout_hb,anemia_class,no_B6,development_oof,B12_deficiency_anemia,0.6774193548387096,0.8076923076923077,0.7368421052631579,52
catboost_dropout_hb,anemia_class,no_B6,development_oof,B12_deficiency_no_anemia,0.7674418604651163,0.825,0.7951807228915663,40
catboost_dropout_hb,anemia_class,no_B6,development_oof,B6_deficiency,0.6,0.10714285714285714,0.18181818181818182,28
catboost_dropout_hb,anemia_class,no_B6,development_oof,anemia_other,0.7746478873239436,0.9166666666666666,0.8396946564885496,60
catboost_dropout_hb,anemia_class,no_B6,development_oof,copper_deficiency,0.8636363636363636,0.6785714285714286,0.76,28
catboost_dropout_hb,anemia_class,no_B6,development_oof,folate_deficiency_anemia,0.75,0.75,0.75,40
catboost_dropout_hb,anemia_class,no_B6,development_oof,folate_deficiency_no_anemia,0.7894736842105263,0.46875,0.5882352941176471,32
catboost_dropout_hb,anemia_class,no_B6,development_oof,inflammation_anemia,0.9090909090909091,0.9615384615384616,0.9345794392523364,52
catboost_dropout_hb,anemia_class,no_B6,development_oof,iron_deficiency_anemia,0.8297872340425532,0.8478260869565217,0.8387096774193549,92
catboost_dropout_hb,anemia_class,no_B6,development_oof,latent_deficiency,0.8076923076923077,0.9264705882352942,0.863013698630137,68
catboost_dropout_hb,anemia_class,no_B6,development_oof,mixed_deficiency,0.7560975609756098,0.6739130434782609,0.7126436781609196,92
catboost_dropout_hb,anemia_class,no_B6,development_oof,no_anemia_no_deficiency,0.801980198019802,0.9204545454545454,0.8571428571428571,88
catboost_dropout_hb,anemia_class,no_copper,development_oof,B12_deficiency_anemia,0.6724137931034483,0.75,0.7090909090909091,52
catboost_dropout_hb,anemia_class,no_copper,development_oof,B12_deficiency_no_anemia,0.7674418604651163,0.825,0.7951807228915663,40
catboost_dropout_hb,anemia_class,no_copper,development_oof,B6_deficiency,0.8666666666666667,0.4642857142857143,0.6046511627906976,28
catboost_dropout_hb,anemia_class,no_copper,development_oof,anemia_other,0.7142857142857143,0.9166666666666666,0.8029197080291971,60
catboost_dropout_hb,anemia_class,no_copper,development_oof,copper_deficiency,0.25,0.03571428571428571,0.0625,28
catboost_dropout_hb,anemia_class,no_copper,development_oof,folate_deficiency_anemia,0.6590909090909091,0.725,0.6904761904761905,40
catboost_dropout_hb,anemia_class,no_copper,development_oof,folate_deficiency_no_anemia,0.6956521739130435,0.5,0.5818181818181818,32
catboost_dropout_hb,anemia_class,no_copper,development_oof,inflammation_anemia,0.9259259259259259,0.9615384615384616,0.9433962264150944,52
catboost_dropout_hb,anemia_class,no_copper,development_oof,iron_deficiency_anemia,0.8404255319148937,0.8586956521739131,0.8494623655913979,92
catboost_dropout_hb,anemia_class,no_copper,development_oof,latent_deficiency,0.875,0.9264705882352942,0.9,68
catboost_dropout_hb,anemia_class,no_copper,development_oof,mixed_deficiency,0.7325581395348837,0.6847826086956522,0.7078651685393258,92
catboost_dropout_hb,anemia_class,no_copper,development_oof,no_anemia_no_deficiency,0.7941176470588235,0.9204545454545454,0.8526315789473684,88
catboost_dropout_hb,anemia_class,no_hemoglobin,development_oof,B12_deficiency_anemia,0.6190476190476191,0.75,0.6782608695652174,52
catboost_dropout_hb,anemia_class,no_hemoglobin,development_oof,B12_deficiency_no_anemia,0.8666666666666667,0.65,0.7428571428571429,40
catboost_dropout_hb,anemia_class,no_hemoglobin,development_oof,B6_deficiency,0.8095238095238095,0.6071428571428571,0.6938775510204082,28
catboost_dropout_hb,anemia_class,no_hemoglobin,development_oof,anemia_other,0.7297297297297297,0.9,0.8059701492537313,60
catboost_dropout_hb,anemia_class,no_hemoglobin,development_oof,copper_deficiency,1.0,0.6785714285714286,0.8085106382978723,28
catboost_dropout_hb,anemia_class,no_hemoglobin,development_oof,folate_deficiency_anemia,0.5740740740740741,0.775,0.6595744680851063,40
catboost_dropout_hb,anemia_class,no_hemoglobin,development_oof,folate_deficiency_no_anemia,0.7857142857142857,0.34375,0.4782608695652174,32
catboost_dropout_hb,anemia_class,no_hemoglobin,development_oof,inflammation_anemia,0.8620689655172413,0.9615384615384616,0.9090909090909091,52
catboost_dropout_hb,anemia_class,no_hemoglobin,development_oof,iron_deficiency_anemia,0.8297872340425532,0.8478260869565217,0.8387096774193549,92
catboost_dropout_hb,anemia_class,no_hemoglobin,development_oof,latent_deficiency,0.8636363636363636,0.8382352941176471,0.8507462686567164,68
catboost_dropout_hb,anemia_class,no_hemoglobin,development_oof,mixed_deficiency,0.7529411764705882,0.6956521739130435,0.7231638418079096,92
catboost_dropout_hb,anemia_class,no_hemoglobin,development_oof,no_anemia_no_deficiency,0.8085106382978723,0.8636363636363636,0.8351648351648352,88
catboost_dropout_hb,anemia_class,no_demographics,development_oof,B12_deficiency_anemia,0.6666666666666666,0.7307692307692307,0.6972477064220184,52
catboost_dropout_hb,anemia_class,no_demographics,development_oof,B12_deficiency_no_anemia,0.8333333333333334,0.75,0.7894736842105263,40
catboost_dropout_hb,anemia_class,no_demographics,development_oof,B6_deficiency,0.9230769230769231,0.42857142857142855,0.5853658536585366,28
catboost_dropout_hb,anemia_class,no_demographics,development_oof,anemia_other,0.7761194029850746,0.8666666666666667,0.8188976377952756,60
catboost_dropout_hb,anemia_class,no_demographics,development_oof,copper_deficiency,0.95,0.6785714285714286,0.7916666666666666,28
catboost_dropout_hb,anemia_class,no_demographics,development_oof,folate_deficiency_anemia,0.6222222222222222,0.7,0.6588235294117647,40
catboost_dropout_hb,anemia_class,no_demographics,development_oof,folate_deficiency_no_anemia,0.6666666666666666,0.375,0.48,32
catboost_dropout_hb,anemia_class,no_demographics,development_oof,inflammation_anemia,0.8571428571428571,0.9230769230769231,0.8888888888888888,52
catboost_dropout_hb,anemia_class,no_demographics,development_oof,iron_deficiency_anemia,0.8539325842696629,0.8260869565217391,0.8397790055248618,92
catboost_dropout_hb,anemia_class,no_demographics,development_oof,latent_deficiency,0.8026315789473685,0.8970588235294118,0.8472222222222222,68
catboost_dropout_hb,anemia_class,no_demographics,development_oof,mixed_deficiency,0.7411764705882353,0.6847826086956522,0.711864406779661,92
catboost_dropout_hb,anemia_class,no_demographics,development_oof,no_anemia_no_deficiency,0.7454545454545455,0.9318181818181818,0.8282828282828283,88
logistic_cbc_hb,anemia_class,available,development_oof,B12_deficiency_anemia,0.45454545454545453,0.4807692307692308,0.4672897196261682,52
logistic_cbc_hb,anemia_class,available,development_oof,B12_deficiency_no_anemia,0.38636363636363635,0.425,0.40476190476190477,40
logistic_cbc_hb,anemia_class,available,development_oof,B6_deficiency,0.25,0.14285714285714285,0.18181818181818182,28
logistic_cbc_hb,anemia_class,available,development_oof,anemia_other,0.5081967213114754,0.5166666666666667,0.512396694214876,60
logistic_cbc_hb,anemia_class,available,development_oof,copper_deficiency,0.3333333333333333,0.25,0.2857142857142857,28
logistic_cbc_hb,anemia_class,available,development_oof,folate_deficiency_anemia,0.39473684210526316,0.375,0.38461538461538464,40
logistic_cbc_hb,anemia_class,available,development_oof,folate_deficiency_no_anemia,0.2777777777777778,0.15625,0.2,32
logistic_cbc_hb,anemia_class,available,development_oof,inflammation_anemia,0.5964912280701754,0.6538461538461539,0.6238532110091743,52
logistic_cbc_hb,anemia_class,available,development_oof,iron_deficiency_anemia,0.5425531914893617,0.5543478260869565,0.5483870967741935,92
logistic_cbc_hb,anemia_class,available,development_oof,latent_deficiency,0.6142857142857143,0.6323529411764706,0.6231884057971014,68
logistic_cbc_hb,anemia_class,available,development_oof,mixed_deficiency,0.5393258426966292,0.5217391304347826,0.5303867403314917,92
logistic_cbc_hb,anemia_class,available,development_oof,no_anemia_no_deficiency,0.6697247706422018,0.8295454545454546,0.7411167512690355,88
logistic_cbc_hb,anemia_class,drop30,development_oof,B12_deficiency_anemia,0.46153846153846156,0.23076923076923078,0.3076923076923077,52
logistic_cbc_hb,anemia_class,drop30,development_oof,B12_deficiency_no_anemia,0.45,0.225,0.3,40
logistic_cbc_hb,anemia_class,drop30,development_oof,B6_deficiency,0.2,0.21428571428571427,0.20689655172413793,28
logistic_cbc_hb,anemia_class,drop30,development_oof,anemia_other,0.28695652173913044,0.55,0.37714285714285717,60
logistic_cbc_hb,anemia_class,drop30,development_oof,copper_deficiency,0.28,0.25,0.2641509433962264,28
logistic_cbc_hb,anemia_class,drop30,development_oof,folate_deficiency_anemia,0.18181818181818182,0.1,0.12903225806451613,40
logistic_cbc_hb,anemia_class,drop30,development_oof,folate_deficiency_no_anemia,0.23809523809523808,0.3125,0.2702702702702703,32
logistic_cbc_hb,anemia_class,drop30,development_oof,inflammation_anemia,0.46551724137931033,0.5192307692307693,0.4909090909090909,52
logistic_cbc_hb,anemia_class,drop30,development_oof,iron_deficiency_anemia,0.5223880597014925,0.3804347826086957,0.44025157232704404,92
logistic_cbc_hb,anemia_class,drop30,development_oof,latent_deficiency,0.5211267605633803,0.5441176470588235,0.5323741007194245,68
logistic_cbc_hb,anemia_class,drop30,development_oof,mixed_deficiency,0.33858267716535434,0.4673913043478261,0.3926940639269406,92
logistic_cbc_hb,anemia_class,drop30,development_oof,no_anemia_no_deficiency,0.6376811594202898,0.5,0.5605095541401274,88
logistic_cbc_hb,anemia_class,drop60,development_oof,B12_deficiency_anemia,0.5714285714285714,0.07692307692307693,0.13559322033898305,52
logistic_cbc_hb,anemia_class,drop60,development_oof,B12_deficiency_no_anemia,0.2222222222222222,0.05,0.08163265306122448,40
logistic_cbc_hb,anemia_class,drop60,development_oof,B6_deficiency,0.06382978723404255,0.10714285714285714,0.08,28
logistic_cbc_hb,anemia_class,drop60,development_oof,anemia_other,0.2,0.5833333333333334,0.2978723404255319,60
logistic_cbc_hb,anemia_class,drop60,development_oof,copper_deficiency,0.1111111111111111,0.03571428571428571,0.05405405405405406,28
logistic_cbc_hb,anemia_class,drop60,development_oof,folate_deficiency_anemia,0.5,0.05,0.09090909090909091,40
logistic_cbc_hb,anemia_class,drop60,development_oof,folate_deficiency_no_anemia,0.18055555555555555,0.40625,0.25,32
logistic_cbc_hb,anemia_class,drop60,development_oof,inflammation_anemia,0.27586206896551724,0.3076923076923077,0.2909090909090909,52
logistic_cbc_hb,anemia_class,drop60,development_oof,iron_deficiency_anemia,0.4098360655737705,0.2717391304347826,0.32679738562091504,92
logistic_cbc_hb,anemia_class,drop60,development_oof,latent_deficiency,0.4246575342465753,0.45588235294117646,0.4397163120567376,68
logistic_cbc_hb,anemia_class,drop60,development_oof,mixed_deficiency,0.3230769230769231,0.45652173913043476,0.3783783783783784,92
logistic_cbc_hb,anemia_class,drop60,development_oof,no_anemia_no_deficiency,0.6296296296296297,0.19318181818181818,0.2956521739130435,88
logistic_cbc_hb,anemia_class,cbc_only,development_oof,B12_deficiency_anemia,0.45454545454545453,0.4807692307692308,0.4672897196261682,52
logistic_cbc_hb,anemia_class,cbc_only,development_oof,B12_deficiency_no_anemia,0.38636363636363635,0.425,0.40476190476190477,40
logistic_cbc_hb,anemia_class,cbc_only,development_oof,B6_deficiency,0.25,0.14285714285714285,0.18181818181818182,28
logistic_cbc_hb,anemia_class,cbc_only,development_oof,anemia_other,0.5081967213114754,0.5166666666666667,0.512396694214876,60
logistic_cbc_hb,anemia_class,cbc_only,development_oof,copper_deficiency,0.3333333333333333,0.25,0.2857142857142857,28
logistic_cbc_hb,anemia_class,cbc_only,development_oof,folate_deficiency_anemia,0.39473684210526316,0.375,0.38461538461538464,40
logistic_cbc_hb,anemia_class,cbc_only,development_oof,folate_deficiency_no_anemia,0.2777777777777778,0.15625,0.2,32
logistic_cbc_hb,anemia_class,cbc_only,development_oof,inflammation_anemia,0.5964912280701754,0.6538461538461539,0.6238532110091743,52
logistic_cbc_hb,anemia_class,cbc_only,development_oof,iron_deficiency_anemia,0.5425531914893617,0.5543478260869565,0.5483870967741935,92
logistic_cbc_hb,anemia_class,cbc_only,development_oof,latent_deficiency,0.6142857142857143,0.6323529411764706,0.6231884057971014,68
logistic_cbc_hb,anemia_class,cbc_only,development_oof,mixed_deficiency,0.5393258426966292,0.5217391304347826,0.5303867403314917,92
logistic_cbc_hb,anemia_class,cbc_only,development_oof,no_anemia_no_deficiency,0.6697247706422018,0.8295454545454546,0.7411167512690355,88
logistic_cbc_hb,anemia_class,hb_only,development_oof,B12_deficiency_anemia,0.0,0.0,0.0,52
logistic_cbc_hb,anemia_class,hb_only,development_oof,B12_deficiency_no_anemia,0.0,0.0,0.0,40
logistic_cbc_hb,anemia_class,hb_only,development_oof,B6_deficiency,0.0,0.0,0.0,28
logistic_cbc_hb,anemia_class,hb_only,development_oof,anemia_other,0.16363636363636364,0.45,0.24,60
logistic_cbc_hb,anemia_class,hb_only,development_oof,copper_deficiency,0.0,0.0,0.0,28
logistic_cbc_hb,anemia_class,hb_only,development_oof,folate_deficiency_anemia,0.0,0.0,0.0,40
logistic_cbc_hb,anemia_class,hb_only,development_oof,folate_deficiency_no_anemia,0.14166666666666666,0.53125,0.2236842105263158,32
logistic_cbc_hb,anemia_class,hb_only,development_oof,inflammation_anemia,0.13636363636363635,0.057692307692307696,0.08108108108108109,52
logistic_cbc_hb,anemia_class,hb_only,development_oof,iron_deficiency_anemia,0.2909090909090909,0.17391304347826086,0.21768707482993196,92
logistic_cbc_hb,anemia_class,hb_only,development_oof,latent_deficiency,0.30434782608695654,0.5147058823529411,0.3825136612021858,68
logistic_cbc_hb,anemia_class,hb_only,development_oof,mixed_deficiency,0.25,0.4782608695652174,0.3283582089552239,92
logistic_cbc_hb,anemia_class,hb_only,development_oof,no_anemia_no_deficiency,0.7692307692307693,0.11363636363636363,0.19801980198019803,88
logistic_cbc_hb,anemia_class,no_iron,development_oof,B12_deficiency_anemia,0.45454545454545453,0.4807692307692308,0.4672897196261682,52
logistic_cbc_hb,anemia_class,no_iron,development_oof,B12_deficiency_no_anemia,0.38636363636363635,0.425,0.40476190476190477,40
logistic_cbc_hb,anemia_class,no_iron,development_oof,B6_deficiency,0.25,0.14285714285714285,0.18181818181818182,28
logistic_cbc_hb,anemia_class,no_iron,development_oof,anemia_other,0.5081967213114754,0.5166666666666667,0.512396694214876,60
logistic_cbc_hb,anemia_class,no_iron,development_oof,copper_deficiency,0.3333333333333333,0.25,0.2857142857142857,28
logistic_cbc_hb,anemia_class,no_iron,development_oof,folate_deficiency_anemia,0.39473684210526316,0.375,0.38461538461538464,40
logistic_cbc_hb,anemia_class,no_iron,development_oof,folate_deficiency_no_anemia,0.2777777777777778,0.15625,0.2,32
logistic_cbc_hb,anemia_class,no_iron,development_oof,inflammation_anemia,0.5964912280701754,0.6538461538461539,0.6238532110091743,52
logistic_cbc_hb,anemia_class,no_iron,development_oof,iron_deficiency_anemia,0.5425531914893617,0.5543478260869565,0.5483870967741935,92
logistic_cbc_hb,anemia_class,no_iron,development_oof,latent_deficiency,0.6142857142857143,0.6323529411764706,0.6231884057971014,68
logistic_cbc_hb,anemia_class,no_iron,development_oof,mixed_deficiency,0.5393258426966292,0.5217391304347826,0.5303867403314917,92
logistic_cbc_hb,anemia_class,no_iron,development_oof,no_anemia_no_deficiency,0.6697247706422018,0.8295454545454546,0.7411167512690355,88
logistic_cbc_hb,anemia_class,no_B12,development_oof,B12_deficiency_anemia,0.45454545454545453,0.4807692307692308,0.4672897196261682,52
logistic_cbc_hb,anemia_class,no_B12,development_oof,B12_deficiency_no_anemia,0.38636363636363635,0.425,0.40476190476190477,40
logistic_cbc_hb,anemia_class,no_B12,development_oof,B6_deficiency,0.25,0.14285714285714285,0.18181818181818182,28
logistic_cbc_hb,anemia_class,no_B12,development_oof,anemia_other,0.5081967213114754,0.5166666666666667,0.512396694214876,60
logistic_cbc_hb,anemia_class,no_B12,development_oof,copper_deficiency,0.3333333333333333,0.25,0.2857142857142857,28
logistic_cbc_hb,anemia_class,no_B12,development_oof,folate_deficiency_anemia,0.39473684210526316,0.375,0.38461538461538464,40
logistic_cbc_hb,anemia_class,no_B12,development_oof,folate_deficiency_no_anemia,0.2777777777777778,0.15625,0.2,32
logistic_cbc_hb,anemia_class,no_B12,development_oof,inflammation_anemia,0.5964912280701754,0.6538461538461539,0.6238532110091743,52
logistic_cbc_hb,anemia_class,no_B12,development_oof,iron_deficiency_anemia,0.5425531914893617,0.5543478260869565,0.5483870967741935,92
logistic_cbc_hb,anemia_class,no_B12,development_oof,latent_deficiency,0.6142857142857143,0.6323529411764706,0.6231884057971014,68
logistic_cbc_hb,anemia_class,no_B12,development_oof,mixed_deficiency,0.5393258426966292,0.5217391304347826,0.5303867403314917,92
logistic_cbc_hb,anemia_class,no_B12,development_oof,no_anemia_no_deficiency,0.6697247706422018,0.8295454545454546,0.7411167512690355,88
logistic_cbc_hb,anemia_class,no_folate,development_oof,B12_deficiency_anemia,0.45454545454545453,0.4807692307692308,0.4672897196261682,52
logistic_cbc_hb,anemia_class,no_folate,development_oof,B12_deficiency_no_anemia,0.38636363636363635,0.425,0.40476190476190477,40
logistic_cbc_hb,anemia_class,no_folate,development_oof,B6_deficiency,0.25,0.14285714285714285,0.18181818181818182,28
logistic_cbc_hb,anemia_class,no_folate,development_oof,anemia_other,0.5081967213114754,0.5166666666666667,0.512396694214876,60
logistic_cbc_hb,anemia_class,no_folate,development_oof,copper_deficiency,0.3333333333333333,0.25,0.2857142857142857,28
logistic_cbc_hb,anemia_class,no_folate,development_oof,folate_deficiency_anemia,0.39473684210526316,0.375,0.38461538461538464,40
logistic_cbc_hb,anemia_class,no_folate,development_oof,folate_deficiency_no_anemia,0.2777777777777778,0.15625,0.2,32
logistic_cbc_hb,anemia_class,no_folate,development_oof,inflammation_anemia,0.5964912280701754,0.6538461538461539,0.6238532110091743,52
logistic_cbc_hb,anemia_class,no_folate,development_oof,iron_deficiency_anemia,0.5425531914893617,0.5543478260869565,0.5483870967741935,92
logistic_cbc_hb,anemia_class,no_folate,development_oof,latent_deficiency,0.6142857142857143,0.6323529411764706,0.6231884057971014,68
logistic_cbc_hb,anemia_class,no_folate,development_oof,mixed_deficiency,0.5393258426966292,0.5217391304347826,0.5303867403314917,92
logistic_cbc_hb,anemia_class,no_folate,development_oof,no_anemia_no_deficiency,0.6697247706422018,0.8295454545454546,0.7411167512690355,88
logistic_cbc_hb,anemia_class,no_B6,development_oof,B12_deficiency_anemia,0.45454545454545453,0.4807692307692308,0.4672897196261682,52
logistic_cbc_hb,anemia_class,no_B6,development_oof,B12_deficiency_no_anemia,0.38636363636363635,0.425,0.40476190476190477,40
logistic_cbc_hb,anemia_class,no_B6,development_oof,B6_deficiency,0.25,0.14285714285714285,0.18181818181818182,28
logistic_cbc_hb,anemia_class,no_B6,development_oof,anemia_other,0.5081967213114754,0.5166666666666667,0.512396694214876,60
logistic_cbc_hb,anemia_class,no_B6,development_oof,copper_deficiency,0.3333333333333333,0.25,0.2857142857142857,28
logistic_cbc_hb,anemia_class,no_B6,development_oof,folate_deficiency_anemia,0.39473684210526316,0.375,0.38461538461538464,40
logistic_cbc_hb,anemia_class,no_B6,development_oof,folate_deficiency_no_anemia,0.2777777777777778,0.15625,0.2,32
logistic_cbc_hb,anemia_class,no_B6,development_oof,inflammation_anemia,0.5964912280701754,0.6538461538461539,0.6238532110091743,52
logistic_cbc_hb,anemia_class,no_B6,development_oof,iron_deficiency_anemia,0.5425531914893617,0.5543478260869565,0.5483870967741935,92
logistic_cbc_hb,anemia_class,no_B6,development_oof,latent_deficiency,0.6142857142857143,0.6323529411764706,0.6231884057971014,68
logistic_cbc_hb,anemia_class,no_B6,development_oof,mixed_deficiency,0.5393258426966292,0.5217391304347826,0.5303867403314917,92
logistic_cbc_hb,anemia_class,no_B6,development_oof,no_anemia_no_deficiency,0.6697247706422018,0.8295454545454546,0.7411167512690355,88
logistic_cbc_hb,anemia_class,no_copper,development_oof,B12_deficiency_anemia,0.45454545454545453,0.4807692307692308,0.4672897196261682,52
logistic_cbc_hb,anemia_class,no_copper,development_oof,B12_deficiency_no_anemia,0.38636363636363635,0.425,0.40476190476190477,40
logistic_cbc_hb,anemia_class,no_copper,development_oof,B6_deficiency,0.25,0.14285714285714285,0.18181818181818182,28
logistic_cbc_hb,anemia_class,no_copper,development_oof,anemia_other,0.5081967213114754,0.5166666666666667,0.512396694214876,60
logistic_cbc_hb,anemia_class,no_copper,development_oof,copper_deficiency,0.3333333333333333,0.25,0.2857142857142857,28
logistic_cbc_hb,anemia_class,no_copper,development_oof,folate_deficiency_anemia,0.39473684210526316,0.375,0.38461538461538464,40
logistic_cbc_hb,anemia_class,no_copper,development_oof,folate_deficiency_no_anemia,0.2777777777777778,0.15625,0.2,32
logistic_cbc_hb,anemia_class,no_copper,development_oof,inflammation_anemia,0.5964912280701754,0.6538461538461539,0.6238532110091743,52
logistic_cbc_hb,anemia_class,no_copper,development_oof,iron_deficiency_anemia,0.5425531914893617,0.5543478260869565,0.5483870967741935,92
logistic_cbc_hb,anemia_class,no_copper,development_oof,latent_deficiency,0.6142857142857143,0.6323529411764706,0.6231884057971014,68
logistic_cbc_hb,anemia_class,no_copper,development_oof,mixed_deficiency,0.5393258426966292,0.5217391304347826,0.5303867403314917,92
logistic_cbc_hb,anemia_class,no_copper,development_oof,no_anemia_no_deficiency,0.6697247706422018,0.8295454545454546,0.7411167512690355,88
logistic_cbc_hb,anemia_class,no_hemoglobin,development_oof,B12_deficiency_anemia,0.4262295081967213,0.5,0.46017699115044247,52
logistic_cbc_hb,anemia_class,no_hemoglobin,development_oof,B12_deficiency_no_anemia,0.3333333333333333,0.25,0.2857142857142857,40
logistic_cbc_hb,anemia_class,no_hemoglobin,development_oof,B6_deficiency,0.26666666666666666,0.42857142857142855,0.3287671232876712,28
logistic_cbc_hb,anemia_class,no_hemoglobin,development_oof,anemia_other,0.4594594594594595,0.5666666666666667,0.5074626865671642,60
logistic_cbc_hb,anemia_class,no_hemoglobin,development_oof,copper_deficiency,0.24242424242424243,0.2857142857142857,0.26229508196721313,28
logistic_cbc_hb,anemia_class,no_hemoglobin,development_oof,folate_deficiency_anemia,0.3617021276595745,0.425,0.39080459770114945,40
logistic_cbc_hb,anemia_class,no_hemoglobin,development_oof,folate_deficiency_no_anemia,0.25925925925925924,0.21875,0.23728813559322035,32
logistic_cbc_hb,anemia_class,no_hemoglobin,development_oof,inflammation_anemia,0.4861111111111111,0.6730769230769231,0.5645161290322581,52
logistic_cbc_hb,anemia_class,no_hemoglobin,development_oof,iron_deficiency_anemia,0.5204081632653061,0.5543478260869565,0.5368421052631579,92
logistic_cbc_hb,anemia_class,no_hemoglobin,development_oof,latent_deficiency,0.7272727272727273,0.35294117647058826,0.4752475247524752,68
logistic_cbc_hb,anemia_class,no_hemoglobin,development_oof,mixed_deficiency,0.524390243902439,0.4673913043478261,0.4942528735632184,92
logistic_cbc_hb,anemia_class,no_hemoglobin,development_oof,no_anemia_no_deficiency,0.8,0.6363636363636364,0.7088607594936709,88
logistic_cbc_hb,anemia_class,no_demographics,development_oof,B12_deficiency_anemia,0.46551724137931033,0.5192307692307693,0.4909090909090909,52
logistic_cbc_hb,anemia_class,no_demographics,development_oof,B12_deficiency_no_anemia,0.3404255319148936,0.4,0.367816091954023,40
logistic_cbc_hb,anemia_class,no_demographics,development_oof,B6_deficiency,0.2727272727272727,0.10714285714285714,0.15384615384615385,28
logistic_cbc_hb,anemia_class,no_demographics,development_oof,anemia_other,0.5576923076923077,0.48333333333333334,0.5178571428571429,60
logistic_cbc_hb,anemia_class,no_demographics,development_oof,copper_deficiency,0.25,0.21428571428571427,0.23076923076923078,28
logistic_cbc_hb,anemia_class,no_demographics,development_oof,folate_deficiency_anemia,0.5,0.35,0.4117647058823529,40
logistic_cbc_hb,anemia_class,no_demographics,development_oof,folate_deficiency_no_anemia,0.21428571428571427,0.09375,0.13043478260869565,32
logistic_cbc_hb,anemia_class,no_demographics,development_oof,inflammation_anemia,0.6363636363636364,0.6730769230769231,0.6542056074766355,52
logistic_cbc_hb,anemia_class,no_demographics,development_oof,iron_deficiency_anemia,0.48214285714285715,0.5869565217391305,0.5294117647058824,92
logistic_cbc_hb,anemia_class,no_demographics,development_oof,latent_deficiency,0.5844155844155844,0.6617647058823529,0.6206896551724138,68
logistic_cbc_hb,anemia_class,no_demographics,development_oof,mixed_deficiency,0.6153846153846154,0.5217391304347826,0.5647058823529412,92
logistic_cbc_hb,anemia_class,no_demographics,development_oof,no_anemia_no_deficiency,0.6379310344827587,0.8409090909090909,0.7254901960784313,88
extra_trees_cbc_hb,anemia_class,available,development_oof,B12_deficiency_anemia,0.49230769230769234,0.6153846153846154,0.5470085470085471,52
extra_trees_cbc_hb,anemia_class,available,development_oof,B12_deficiency_no_anemia,0.46808510638297873,0.55,0.5057471264367817,40
extra_trees_cbc_hb,anemia_class,available,development_oof,B6_deficiency,0.4444444444444444,0.14285714285714285,0.21621621621621623,28
extra_trees_cbc_hb,anemia_class,available,development_oof,anemia_other,0.475,0.6333333333333333,0.5428571428571428,60
extra_trees_cbc_hb,anemia_class,available,development_oof,copper_deficiency,1.0,0.03571428571428571,0.06896551724137931,28
extra_trees_cbc_hb,anemia_class,available,development_oof,folate_deficiency_anemia,0.4857142857142857,0.425,0.4533333333333333,40
extra_trees_cbc_hb,anemia_class,available,development_oof,folate_deficiency_no_anemia,0.21428571428571427,0.09375,0.13043478260869565,32
extra_trees_cbc_hb,anemia_class,available,development_oof,inflammation_anemia,0.5283018867924528,0.5384615384615384,0.5333333333333333,52
extra_trees_cbc_hb,anemia_class,available,development_oof,iron_deficiency_anemia,0.6,0.5869565217391305,0.5934065934065934,92
extra_trees_cbc_hb,anemia_class,available,development_oof,latent_deficiency,0.6857142857142857,0.7058823529411765,0.6956521739130435,68
extra_trees_cbc_hb,anemia_class,available,development_oof,mixed_deficiency,0.5684210526315789,0.5869565217391305,0.5775401069518716,92
extra_trees_cbc_hb,anemia_class,available,development_oof,no_anemia_no_deficiency,0.6814159292035398,0.875,0.7661691542288557,88
extra_trees_cbc_hb,anemia_class,drop30,development_oof,B12_deficiency_anemia,0.4666666666666667,0.2692307692307692,0.34146341463414637,52
extra_trees_cbc_hb,anemia_class,drop30,development_oof,B12_deficiency_no_anemia,0.3953488372093023,0.425,0.40963855421686746,40
extra_trees_cbc_hb,anemia_class,drop30,development_oof,B6_deficiency,0.3333333333333333,0.03571428571428571,0.06451612903225806,28
extra_trees_cbc_hb,anemia_class,drop30,development_oof,anemia_other,0.23809523809523808,0.75,0.3614457831325301,60
extra_trees_cbc_hb,anemia_class,drop30,development_oof,copper_deficiency,0.3333333333333333,0.07142857142857142,0.11764705882352941,28
extra_trees_cbc_hb,anemia_class,drop30,development_oof,folate_deficiency_anemia,0.48,0.3,0.36923076923076925,40
extra_trees_cbc_hb,anemia_class,drop30,development_oof,folate_deficiency_no_anemia,0.21428571428571427,0.09375,0.13043478260869565,32
extra_trees_cbc_hb,anemia_class,drop30,development_oof,inflammation_anemia,0.36363636363636365,0.46153846153846156,0.4067796610169492,52
extra_trees_cbc_hb,anemia_class,drop30,development_oof,iron_deficiency_anemia,0.5882352941176471,0.43478260869565216,0.5,92
extra_trees_cbc_hb,anemia_class,drop30,development_oof,latent_deficiency,0.5573770491803278,0.5,0.5271317829457365,68
extra_trees_cbc_hb,anemia_class,drop30,development_oof,mixed_deficiency,0.4175824175824176,0.41304347826086957,0.41530054644808745,92
extra_trees_cbc_hb,anemia_class,drop30,development_oof,no_anemia_no_deficiency,0.631578947368421,0.5454545454545454,0.5853658536585366,88
extra_trees_cbc_hb,anemia_class,drop60,development_oof,B12_deficiency_anemia,0.625,0.09615384615384616,0.16666666666666666,52
extra_trees_cbc_hb,anemia_class,drop60,development_oof,B12_deficiency_no_anemia,0.375,0.225,0.28125,40
extra_trees_cbc_hb,anemia_class,drop60,development_oof,B6_deficiency,0.0,0.0,0.0,28
extra_trees_cbc_hb,anemia_class,drop60,development_oof,anemia_other,0.1444141689373297,0.8833333333333333,0.24824355971896955,60
extra_trees_cbc_hb,anemia_class,drop60,development_oof,copper_deficiency,1.0,0.03571428571428571,0.06896551724137931,28
extra_trees_cbc_hb,anemia_class,drop60,development_oof,folate_deficiency_anemia,0.4375,0.175,0.25,40
extra_trees_cbc_hb,anemia_class,drop60,development_oof,folate_deficiency_no_anemia,0.2857142857142857,0.0625,0.10256410256410256,32
extra_trees_cbc_hb,anemia_class,drop60,development_oof,inflammation_anemia,0.2641509433962264,0.2692307692307692,0.26666666666666666,52
extra_trees_cbc_hb,anemia_class,drop60,development_oof,iron_deficiency_anemia,0.42105263157894735,0.2608695652173913,0.3221476510067114,92
extra_trees_cbc_hb,anemia_class,drop60,development_oof,latent_deficiency,0.5454545454545454,0.35294117647058826,0.42857142857142855,68
extra_trees_cbc_hb,anemia_class,drop60,development_oof,mixed_deficiency,0.3793103448275862,0.2391304347826087,0.29333333333333333,92
extra_trees_cbc_hb,anemia_class,drop60,development_oof,no_anemia_no_deficiency,0.4864864864864865,0.20454545454545456,0.288,88
extra_trees_cbc_hb,anemia_class,cbc_only,development_oof,B12_deficiency_anemia,0.49230769230769234,0.6153846153846154,0.5470085470085471,52
extra_trees_cbc_hb,anemia_class,cbc_only,development_oof,B12_deficiency_no_anemia,0.46808510638297873,0.55,0.5057471264367817,40
extra_trees_cbc_hb,anemia_class,cbc_only,development_oof,B6_deficiency,0.4444444444444444,0.14285714285714285,0.21621621621621623,28
extra_trees_cbc_hb,anemia_class,cbc_only,development_oof,anemia_other,0.475,0.6333333333333333,0.5428571428571428,60
extra_trees_cbc_hb,anemia_class,cbc_only,development_oof,copper_deficiency,1.0,0.03571428571428571,0.06896551724137931,28
extra_trees_cbc_hb,anemia_class,cbc_only,development_oof,folate_deficiency_anemia,0.4857142857142857,0.425,0.4533333333333333,40
extra_trees_cbc_hb,anemia_class,cbc_only,development_oof,folate_deficiency_no_anemia,0.21428571428571427,0.09375,0.13043478260869565,32
extra_trees_cbc_hb,anemia_class,cbc_only,development_oof,inflammation_anemia,0.5283018867924528,0.5384615384615384,0.5333333333333333,52
extra_trees_cbc_hb,anemia_class,cbc_only,development_oof,iron_deficiency_anemia,0.6,0.5869565217391305,0.5934065934065934,92
extra_trees_cbc_hb,anemia_class,cbc_only,development_oof,latent_deficiency,0.6857142857142857,0.7058823529411765,0.6956521739130435,68
extra_trees_cbc_hb,anemia_class,cbc_only,development_oof,mixed_deficiency,0.5684210526315789,0.5869565217391305,0.5775401069518716,92
extra_trees_cbc_hb,anemia_class,cbc_only,development_oof,no_anemia_no_deficiency,0.6814159292035398,0.875,0.7661691542288557,88
extra_trees_cbc_hb,anemia_class,hb_only,development_oof,B12_deficiency_anemia,0.0,0.0,0.0,52
extra_trees_cbc_hb,anemia_class,hb_only,development_oof,B12_deficiency_no_anemia,0.1509433962264151,0.4,0.2191780821917808,40
extra_trees_cbc_hb,anemia_class,hb_only,development_oof,B6_deficiency,0.0,0.0,0.0,28
extra_trees_cbc_hb,anemia_class,hb_only,development_oof,anemia_other,0.14285714285714285,1.0,0.25,60
extra_trees_cbc_hb,anemia_class,hb_only,development_oof,copper_deficiency,0.0,0.0,0.0,28
extra_trees_cbc_hb,anemia_class,hb_only,development_oof,folate_deficiency_anemia,0.0,0.0,0.0,40
extra_trees_cbc_hb,anemia_class,hb_only,development_oof,folate_deficiency_no_anemia,0.13333333333333333,0.0625,0.0851063829787234,32
extra_trees_cbc_hb,anemia_class,hb_only,development_oof,inflammation_anemia,0.0,0.0,0.0,52
extra_trees_cbc_hb,anemia_class,hb_only,development_oof,iron_deficiency_anemia,0.0,0.0,0.0,92
extra_trees_cbc_hb,anemia_class,hb_only,development_oof,latent_deficiency,0.16129032258064516,0.07352941176470588,0.10101010101010101,68
extra_trees_cbc_hb,anemia_class,hb_only,development_oof,mixed_deficiency,0.0,0.0,0.0,92
extra_trees_cbc_hb,anemia_class,hb_only,development_oof,no_anemia_no_deficiency,0.37373737373737376,0.42045454545454547,0.39572192513368987,88
extra_trees_cbc_hb,anemia_class,no_iron,development_oof,B12_deficiency_anemia,0.49230769230769234,0.6153846153846154,0.5470085470085471,52
extra_trees_cbc_hb,anemia_class,no_iron,development_oof,B12_deficiency_no_anemia,0.46808510638297873,0.55,0.5057471264367817,40
extra_trees_cbc_hb,anemia_class,no_iron,development_oof,B6_deficiency,0.4444444444444444,0.14285714285714285,0.21621621621621623,28
extra_trees_cbc_hb,anemia_class,no_iron,development_oof,anemia_other,0.475,0.6333333333333333,0.5428571428571428,60
extra_trees_cbc_hb,anemia_class,no_iron,development_oof,copper_deficiency,1.0,0.03571428571428571,0.06896551724137931,28
extra_trees_cbc_hb,anemia_class,no_iron,development_oof,folate_deficiency_anemia,0.4857142857142857,0.425,0.4533333333333333,40
extra_trees_cbc_hb,anemia_class,no_iron,development_oof,folate_deficiency_no_anemia,0.21428571428571427,0.09375,0.13043478260869565,32
extra_trees_cbc_hb,anemia_class,no_iron,development_oof,inflammation_anemia,0.5283018867924528,0.5384615384615384,0.5333333333333333,52
extra_trees_cbc_hb,anemia_class,no_iron,development_oof,iron_deficiency_anemia,0.6,0.5869565217391305,0.5934065934065934,92
extra_trees_cbc_hb,anemia_class,no_iron,development_oof,latent_deficiency,0.6857142857142857,0.7058823529411765,0.6956521739130435,68
extra_trees_cbc_hb,anemia_class,no_iron,development_oof,mixed_deficiency,0.5684210526315789,0.5869565217391305,0.5775401069518716,92
extra_trees_cbc_hb,anemia_class,no_iron,development_oof,no_anemia_no_deficiency,0.6814159292035398,0.875,0.7661691542288557,88
extra_trees_cbc_hb,anemia_class,no_B12,development_oof,B12_deficiency_anemia,0.49230769230769234,0.6153846153846154,0.5470085470085471,52
extra_trees_cbc_hb,anemia_class,no_B12,development_oof,B12_deficiency_no_anemia,0.46808510638297873,0.55,0.5057471264367817,40
extra_trees_cbc_hb,anemia_class,no_B12,development_oof,B6_deficiency,0.4444444444444444,0.14285714285714285,0.21621621621621623,28
extra_trees_cbc_hb,anemia_class,no_B12,development_oof,anemia_other,0.475,0.6333333333333333,0.5428571428571428,60
extra_trees_cbc_hb,anemia_class,no_B12,development_oof,copper_deficiency,1.0,0.03571428571428571,0.06896551724137931,28
extra_trees_cbc_hb,anemia_class,no_B12,development_oof,folate_deficiency_anemia,0.4857142857142857,0.425,0.4533333333333333,40
extra_trees_cbc_hb,anemia_class,no_B12,development_oof,folate_deficiency_no_anemia,0.21428571428571427,0.09375,0.13043478260869565,32
extra_trees_cbc_hb,anemia_class,no_B12,development_oof,inflammation_anemia,0.5283018867924528,0.5384615384615384,0.5333333333333333,52
extra_trees_cbc_hb,anemia_class,no_B12,development_oof,iron_deficiency_anemia,0.6,0.5869565217391305,0.5934065934065934,92
extra_trees_cbc_hb,anemia_class,no_B12,development_oof,latent_deficiency,0.6857142857142857,0.7058823529411765,0.6956521739130435,68
extra_trees_cbc_hb,anemia_class,no_B12,development_oof,mixed_deficiency,0.5684210526315789,0.5869565217391305,0.5775401069518716,92
extra_trees_cbc_hb,anemia_class,no_B12,development_oof,no_anemia_no_deficiency,0.6814159292035398,0.875,0.7661691542288557,88
extra_trees_cbc_hb,anemia_class,no_folate,development_oof,B12_deficiency_anemia,0.49230769230769234,0.6153846153846154,0.5470085470085471,52
extra_trees_cbc_hb,anemia_class,no_folate,development_oof,B12_deficiency_no_anemia,0.46808510638297873,0.55,0.5057471264367817,40
extra_trees_cbc_hb,anemia_class,no_folate,development_oof,B6_deficiency,0.4444444444444444,0.14285714285714285,0.21621621621621623,28
extra_trees_cbc_hb,anemia_class,no_folate,development_oof,anemia_other,0.475,0.6333333333333333,0.5428571428571428,60
extra_trees_cbc_hb,anemia_class,no_folate,development_oof,copper_deficiency,1.0,0.03571428571428571,0.06896551724137931,28
extra_trees_cbc_hb,anemia_class,no_folate,development_oof,folate_deficiency_anemia,0.4857142857142857,0.425,0.4533333333333333,40
extra_trees_cbc_hb,anemia_class,no_folate,development_oof,folate_deficiency_no_anemia,0.21428571428571427,0.09375,0.13043478260869565,32
extra_trees_cbc_hb,anemia_class,no_folate,development_oof,inflammation_anemia,0.5283018867924528,0.5384615384615384,0.5333333333333333,52
extra_trees_cbc_hb,anemia_class,no_folate,development_oof,iron_deficiency_anemia,0.6,0.5869565217391305,0.5934065934065934,92
extra_trees_cbc_hb,anemia_class,no_folate,development_oof,latent_deficiency,0.6857142857142857,0.7058823529411765,0.6956521739130435,68
extra_trees_cbc_hb,anemia_class,no_folate,development_oof,mixed_deficiency,0.5684210526315789,0.5869565217391305,0.5775401069518716,92
extra_trees_cbc_hb,anemia_class,no_folate,development_oof,no_anemia_no_deficiency,0.6814159292035398,0.875,0.7661691542288557,88
extra_trees_cbc_hb,anemia_class,no_B6,development_oof,B12_deficiency_anemia,0.49230769230769234,0.6153846153846154,0.5470085470085471,52
extra_trees_cbc_hb,anemia_class,no_B6,development_oof,B12_deficiency_no_anemia,0.46808510638297873,0.55,0.5057471264367817,40
extra_trees_cbc_hb,anemia_class,no_B6,development_oof,B6_deficiency,0.4444444444444444,0.14285714285714285,0.21621621621621623,28
extra_trees_cbc_hb,anemia_class,no_B6,development_oof,anemia_other,0.475,0.6333333333333333,0.5428571428571428,60
extra_trees_cbc_hb,anemia_class,no_B6,development_oof,copper_deficiency,1.0,0.03571428571428571,0.06896551724137931,28
extra_trees_cbc_hb,anemia_class,no_B6,development_oof,folate_deficiency_anemia,0.4857142857142857,0.425,0.4533333333333333,40
extra_trees_cbc_hb,anemia_class,no_B6,development_oof,folate_deficiency_no_anemia,0.21428571428571427,0.09375,0.13043478260869565,32
extra_trees_cbc_hb,anemia_class,no_B6,development_oof,inflammation_anemia,0.5283018867924528,0.5384615384615384,0.5333333333333333,52
extra_trees_cbc_hb,anemia_class,no_B6,development_oof,iron_deficiency_anemia,0.6,0.5869565217391305,0.5934065934065934,92
extra_trees_cbc_hb,anemia_class,no_B6,development_oof,latent_deficiency,0.6857142857142857,0.7058823529411765,0.6956521739130435,68
extra_trees_cbc_hb,anemia_class,no_B6,development_oof,mixed_deficiency,0.5684210526315789,0.5869565217391305,0.5775401069518716,92
extra_trees_cbc_hb,anemia_class,no_B6,development_oof,no_anemia_no_deficiency,0.6814159292035398,0.875,0.7661691542288557,88
extra_trees_cbc_hb,anemia_class,no_copper,development_oof,B12_deficiency_anemia,0.49230769230769234,0.6153846153846154,0.5470085470085471,52
extra_trees_cbc_hb,anemia_class,no_copper,development_oof,B12_deficiency_no_anemia,0.46808510638297873,0.55,0.5057471264367817,40
extra_trees_cbc_hb,anemia_class,no_copper,development_oof,B6_deficiency,0.4444444444444444,0.14285714285714285,0.21621621621621623,28
extra_trees_cbc_hb,anemia_class,no_copper,development_oof,anemia_other,0.475,0.6333333333333333,0.5428571428571428,60
extra_trees_cbc_hb,anemia_class,no_copper,development_oof,copper_deficiency,1.0,0.03571428571428571,0.06896551724137931,28
extra_trees_cbc_hb,anemia_class,no_copper,development_oof,folate_deficiency_anemia,0.4857142857142857,0.425,0.4533333333333333,40
extra_trees_cbc_hb,anemia_class,no_copper,development_oof,folate_deficiency_no_anemia,0.21428571428571427,0.09375,0.13043478260869565,32
extra_trees_cbc_hb,anemia_class,no_copper,development_oof,inflammation_anemia,0.5283018867924528,0.5384615384615384,0.5333333333333333,52
extra_trees_cbc_hb,anemia_class,no_copper,development_oof,iron_deficiency_anemia,0.6,0.5869565217391305,0.5934065934065934,92
extra_trees_cbc_hb,anemia_class,no_copper,development_oof,latent_deficiency,0.6857142857142857,0.7058823529411765,0.6956521739130435,68
extra_trees_cbc_hb,anemia_class,no_copper,development_oof,mixed_deficiency,0.5684210526315789,0.5869565217391305,0.5775401069518716,92
extra_trees_cbc_hb,anemia_class,no_copper,development_oof,no_anemia_no_deficiency,0.6814159292035398,0.875,0.7661691542288557,88
extra_trees_cbc_hb,anemia_class,no_hemoglobin,development_oof,B12_deficiency_anemia,0.41025641025641024,0.6153846153846154,0.49230769230769234,52
extra_trees_cbc_hb,anemia_class,no_hemoglobin,development_oof,B12_deficiency_no_anemia,0.5416666666666666,0.325,0.40625,40
extra_trees_cbc_hb,anemia_class,no_hemoglobin,development_oof,B6_deficiency,0.0,0.0,0.0,28
extra_trees_cbc_hb,anemia_class,no_hemoglobin,development_oof,anemia_other,0.3115942028985507,0.7166666666666667,0.43434343434343436,60
extra_trees_cbc_hb,anemia_class,no_hemoglobin,development_oof,copper_deficiency,0.6666666666666666,0.07142857142857142,0.12903225806451613,28
extra_trees_cbc_hb,anemia_class,no_hemoglobin,development_oof,folate_deficiency_anemia,0.41025641025641024,0.4,0.4050632911392405,40
extra_trees_cbc_hb,anemia_class,no_hemoglobin,development_oof,folate_deficiency_no_anemia,0.375,0.09375,0.15,32
extra_trees_cbc_hb,anemia_class,no_hemoglobin,development_oof,inflammation_anemia,0.46875,0.5769230769230769,0.5172413793103449,52
extra_trees_cbc_hb,anemia_class,no_hemoglobin,development_oof,iron_deficiency_anemia,0.5533980582524272,0.6195652173913043,0.5846153846153846,92
extra_trees_cbc_hb,anemia_class,no_hemoglobin,development_oof,latent_deficiency,0.7068965517241379,0.6029411764705882,0.6507936507936508,68
extra_trees_cbc_hb,anemia_class,no_hemoglobin,development_oof,mixed_deficiency,0.5444444444444444,0.532608695652174,0.5384615384615384,92
extra_trees_cbc_hb,anemia_class,no_hemoglobin,development_oof,no_anemia_no_deficiency,0.7580645161290323,0.5340909090909091,0.6266666666666667,88
extra_trees_cbc_hb,anemia_class,no_demographics,development_oof,B12_deficiency_anemia,0.5245901639344263,0.6153846153846154,0.5663716814159292,52
extra_trees_cbc_hb,anemia_class,no_demographics,development_oof,B12_deficiency_no_anemia,0.4489795918367347,0.55,0.4943820224719101,40
extra_trees_cbc_hb,anemia_class,no_demographics,development_oof,B6_deficiency,0.8,0.14285714285714285,0.24242424242424243,28
extra_trees_cbc_hb,anemia_class,no_demographics,development_oof,anemia_other,0.5135135135135135,0.6333333333333333,0.5671641791044776,60
extra_trees_cbc_hb,anemia_class,no_demographics,development_oof,copper_deficiency,0.3333333333333333,0.03571428571428571,0.06451612903225806,28
extra_trees_cbc_hb,anemia_class,no_demographics,development_oof,folate_deficiency_anemia,0.4722222222222222,0.425,0.4473684210526316,40
extra_trees_cbc_hb,anemia_class,no_demographics,development_oof,folate_deficiency_no_anemia,0.21428571428571427,0.09375,0.13043478260869565,32
extra_trees_cbc_hb,anemia_class,no_demographics,development_oof,inflammation_anemia,0.5357142857142857,0.5769230769230769,0.5555555555555556,52
extra_trees_cbc_hb,anemia_class,no_demographics,development_oof,iron_deficiency_anemia,0.5851063829787234,0.5978260869565217,0.5913978494623656,92
extra_trees_cbc_hb,anemia_class,no_demographics,development_oof,latent_deficiency,0.6666666666666666,0.6764705882352942,0.6715328467153284,68
extra_trees_cbc_hb,anemia_class,no_demographics,development_oof,mixed_deficiency,0.5955056179775281,0.5760869565217391,0.585635359116022,92
extra_trees_cbc_hb,anemia_class,no_demographics,development_oof,no_anemia_no_deficiency,0.6475409836065574,0.8977272727272727,0.7523809523809524,88
catboost_cbc_hb,anemia_class,available,development_oof,B12_deficiency_anemia,0.5087719298245614,0.5576923076923077,0.5321100917431193,52
catboost_cbc_hb,anemia_class,available,development_oof,B12_deficiency_no_anemia,0.4,0.4,0.4,40
catboost_cbc_hb,anemia_class,available,development_oof,B6_deficiency,0.5,0.14285714285714285,0.2222222222222222,28
catboost_cbc_hb,anemia_class,available,development_oof,anemia_other,0.5064935064935064,0.65,0.5693430656934306,60
catboost_cbc_hb,anemia_class,available,development_oof,copper_deficiency,0.3333333333333333,0.10714285714285714,0.16216216216216217,28
catboost_cbc_hb,anemia_class,available,development_oof,folate_deficiency_anemia,0.425,0.425,0.425,40
catboost_cbc_hb,anemia_class,available,development_oof,folate_deficiency_no_anemia,0.3333333333333333,0.1875,0.24,32
catboost_cbc_hb,anemia_class,available,development_oof,inflammation_anemia,0.5660377358490566,0.5769230769230769,0.5714285714285714,52
catboost_cbc_hb,anemia_class,available,development_oof,iron_deficiency_anemia,0.6039603960396039,0.6630434782608695,0.6321243523316062,92
catboost_cbc_hb,anemia_class,available,development_oof,latent_deficiency,0.625,0.7352941176470589,0.6756756756756757,68
catboost_cbc_hb,anemia_class,available,development_oof,mixed_deficiency,0.6296296296296297,0.5543478260869565,0.5895953757225434,92
catboost_cbc_hb,anemia_class,available,development_oof,no_anemia_no_deficiency,0.6851851851851852,0.8409090909090909,0.7551020408163265,88
catboost_cbc_hb,anemia_class,drop30,development_oof,B12_deficiency_anemia,0.35714285714285715,0.19230769230769232,0.25,52
catboost_cbc_hb,anemia_class,drop30,development_oof,B12_deficiency_no_anemia,0.42105263157894735,0.2,0.2711864406779661,40
catboost_cbc_hb,anemia_class,drop30,development_oof,B6_deficiency,0.16216216216216217,0.21428571428571427,0.18461538461538463,28
catboost_cbc_hb,anemia_class,drop30,development_oof,anemia_other,0.21678321678321677,0.5166666666666667,0.3054187192118227,60
catboost_cbc_hb,anemia_class,drop30,development_oof,copper_deficiency,0.08823529411764706,0.21428571428571427,0.125,28
catboost_cbc_hb,anemia_class,drop30,development_oof,folate_deficiency_anemia,0.5384615384615384,0.175,0.2641509433962264,40
catboost_cbc_hb,anemia_class,drop30,development_oof,folate_deficiency_no_anemia,0.4444444444444444,0.125,0.1951219512195122,32
catboost_cbc_hb,anemia_class,drop30,development_oof,inflammation_anemia,0.46511627906976744,0.38461538461538464,0.42105263157894735,52
catboost_cbc_hb,anemia_class,drop30,development_oof,iron_deficiency_anemia,0.39568345323741005,0.5978260869565217,0.47619047619047616,92
catboost_cbc_hb,anemia_class,drop30,development_oof,latent_deficiency,0.4782608695652174,0.3235294117647059,0.38596491228070173,68
catboost_cbc_hb,anemia_class,drop30,development_oof,mixed_deficiency,0.43283582089552236,0.31521739130434784,0.36477987421383645,92
catboost_cbc_hb,anemia_class,drop30,development_oof,no_anemia_no_deficiency,0.5833333333333334,0.3977272727272727,0.47297297297297297,88
catboost_cbc_hb,anemia_class,drop60,development_oof,B12_deficiency_anemia,0.7142857142857143,0.09615384615384616,0.1694915254237288,52
catboost_cbc_hb,anemia_class,drop60,development_oof,B12_deficiency_no_anemia,1.0,0.075,0.13953488372093023,40
catboost_cbc_hb,anemia_class,drop60,development_oof,B6_deficiency,0.05555555555555555,0.07142857142857142,0.0625,28
catboost_cbc_hb,anemia_class,drop60,development_oof,anemia_other,0.14,0.4666666666666667,0.2153846153846154,60
catboost_cbc_hb,anemia_class,drop60,development_oof,copper_deficiency,0.0873015873015873,0.39285714285714285,0.14285714285714285,28
catboost_cbc_hb,anemia_class,drop60,development_oof,folate_deficiency_anemia,0.0,0.0,0.0,40
catboost_cbc_hb,anemia_class,drop60,development_oof,folate_deficiency_no_anemia,0.0,0.0,0.0,32
catboost_cbc_hb,anemia_class,drop60,development_oof,inflammation_anemia,0.19047619047619047,0.07692307692307693,0.1095890410958904,52
catboost_cbc_hb,anemia_class,drop60,development_oof,iron_deficiency_anemia,0.24774774774774774,0.5978260869565217,0.3503184713375796,92
catboost_cbc_hb,anemia_class,drop60,development_oof,latent_deficiency,0.8,0.11764705882352941,0.20512820512820512,68
catboost_cbc_hb,anemia_class,drop60,development_oof,mixed_deficiency,0.32142857142857145,0.09782608695652174,0.15,92
catboost_cbc_hb,anemia_class,drop60,development_oof,no_anemia_no_deficiency,0.6875,0.125,0.21153846153846154,88
catboost_cbc_hb,anemia_class,cbc_only,development_oof,B12_deficiency_anemia,0.5087719298245614,0.5576923076923077,0.5321100917431193,52
catboost_cbc_hb,anemia_class,cbc_only,development_oof,B12_deficiency_no_anemia,0.4,0.4,0.4,40
catboost_cbc_hb,anemia_class,cbc_only,development_oof,B6_deficiency,0.5,0.14285714285714285,0.2222222222222222,28
catboost_cbc_hb,anemia_class,cbc_only,development_oof,anemia_other,0.5064935064935064,0.65,0.5693430656934306,60
catboost_cbc_hb,anemia_class,cbc_only,development_oof,copper_deficiency,0.3333333333333333,0.10714285714285714,0.16216216216216217,28
catboost_cbc_hb,anemia_class,cbc_only,development_oof,folate_deficiency_anemia,0.425,0.425,0.425,40
catboost_cbc_hb,anemia_class,cbc_only,development_oof,folate_deficiency_no_anemia,0.3333333333333333,0.1875,0.24,32
catboost_cbc_hb,anemia_class,cbc_only,development_oof,inflammation_anemia,0.5660377358490566,0.5769230769230769,0.5714285714285714,52
catboost_cbc_hb,anemia_class,cbc_only,development_oof,iron_deficiency_anemia,0.6039603960396039,0.6630434782608695,0.6321243523316062,92
catboost_cbc_hb,anemia_class,cbc_only,development_oof,latent_deficiency,0.625,0.7352941176470589,0.6756756756756757,68
catboost_cbc_hb,anemia_class,cbc_only,development_oof,mixed_deficiency,0.6296296296296297,0.5543478260869565,0.5895953757225434,92
catboost_cbc_hb,anemia_class,cbc_only,development_oof,no_anemia_no_deficiency,0.6851851851851852,0.8409090909090909,0.7551020408163265,88
catboost_cbc_hb,anemia_class,hb_only,development_oof,B12_deficiency_anemia,0.0,0.0,0.0,52
catboost_cbc_hb,anemia_class,hb_only,development_oof,B12_deficiency_no_anemia,0.0,0.0,0.0,40
catboost_cbc_hb,anemia_class,hb_only,development_oof,B6_deficiency,0.0,0.0,0.0,28
catboost_cbc_hb,anemia_class,hb_only,development_oof,anemia_other,0.11538461538461539,0.15,0.13043478260869565,60
catboost_cbc_hb,anemia_class,hb_only,development_oof,copper_deficiency,0.03717472118959108,0.35714285714285715,0.06734006734006734,28
catboost_cbc_hb,anemia_class,hb_only,development_oof,folate_deficiency_anemia,0.0,0.0,0.0,40
catboost_cbc_hb,anemia_class,hb_only,development_oof,folate_deficiency_no_anemia,0.0,0.0,0.0,32
catboost_cbc_hb,anemia_class,hb_only,development_oof,inflammation_anemia,0.0,0.0,0.0,52
catboost_cbc_hb,anemia_class,hb_only,development_oof,iron_deficiency_anemia,0.2226027397260274,0.7065217391304348,0.3385416666666667,92
catboost_cbc_hb,anemia_class,hb_only,development_oof,latent_deficiency,0.0,0.0,0.0,68
catboost_cbc_hb,anemia_class,hb_only,development_oof,mixed_deficiency,0.0,0.0,0.0,92
catboost_cbc_hb,anemia_class,hb_only,development_oof,no_anemia_no_deficiency,0.0,0.0,0.0,88
catboost_cbc_hb,anemia_class,no_iron,development_oof,B12_deficiency_anemia,0.5087719298245614,0.5576923076923077,0.5321100917431193,52
catboost_cbc_hb,anemia_class,no_iron,development_oof,B12_deficiency_no_anemia,0.4,0.4,0.4,40
catboost_cbc_hb,anemia_class,no_iron,development_oof,B6_deficiency,0.5,0.14285714285714285,0.2222222222222222,28
catboost_cbc_hb,anemia_class,no_iron,development_oof,anemia_other,0.5064935064935064,0.65,0.5693430656934306,60
catboost_cbc_hb,anemia_class,no_iron,development_oof,copper_deficiency,0.3333333333333333,0.10714285714285714,0.16216216216216217,28
catboost_cbc_hb,anemia_class,no_iron,development_oof,folate_deficiency_anemia,0.425,0.425,0.425,40
catboost_cbc_hb,anemia_class,no_iron,development_oof,folate_deficiency_no_anemia,0.3333333333333333,0.1875,0.24,32
catboost_cbc_hb,anemia_class,no_iron,development_oof,inflammation_anemia,0.5660377358490566,0.5769230769230769,0.5714285714285714,52
catboost_cbc_hb,anemia_class,no_iron,development_oof,iron_deficiency_anemia,0.6039603960396039,0.6630434782608695,0.6321243523316062,92
catboost_cbc_hb,anemia_class,no_iron,development_oof,latent_deficiency,0.625,0.7352941176470589,0.6756756756756757,68
catboost_cbc_hb,anemia_class,no_iron,development_oof,mixed_deficiency,0.6296296296296297,0.5543478260869565,0.5895953757225434,92
catboost_cbc_hb,anemia_class,no_iron,development_oof,no_anemia_no_deficiency,0.6851851851851852,0.8409090909090909,0.7551020408163265,88
catboost_cbc_hb,anemia_class,no_B12,development_oof,B12_deficiency_anemia,0.5087719298245614,0.5576923076923077,0.5321100917431193,52
catboost_cbc_hb,anemia_class,no_B12,development_oof,B12_deficiency_no_anemia,0.4,0.4,0.4,40
catboost_cbc_hb,anemia_class,no_B12,development_oof,B6_deficiency,0.5,0.14285714285714285,0.2222222222222222,28
catboost_cbc_hb,anemia_class,no_B12,development_oof,anemia_other,0.5064935064935064,0.65,0.5693430656934306,60
catboost_cbc_hb,anemia_class,no_B12,development_oof,copper_deficiency,0.3333333333333333,0.10714285714285714,0.16216216216216217,28
catboost_cbc_hb,anemia_class,no_B12,development_oof,folate_deficiency_anemia,0.425,0.425,0.425,40
catboost_cbc_hb,anemia_class,no_B12,development_oof,folate_deficiency_no_anemia,0.3333333333333333,0.1875,0.24,32
catboost_cbc_hb,anemia_class,no_B12,development_oof,inflammation_anemia,0.5660377358490566,0.5769230769230769,0.5714285714285714,52
catboost_cbc_hb,anemia_class,no_B12,development_oof,iron_deficiency_anemia,0.6039603960396039,0.6630434782608695,0.6321243523316062,92
catboost_cbc_hb,anemia_class,no_B12,development_oof,latent_deficiency,0.625,0.7352941176470589,0.6756756756756757,68
catboost_cbc_hb,anemia_class,no_B12,development_oof,mixed_deficiency,0.6296296296296297,0.5543478260869565,0.5895953757225434,92
catboost_cbc_hb,anemia_class,no_B12,development_oof,no_anemia_no_deficiency,0.6851851851851852,0.8409090909090909,0.7551020408163265,88
catboost_cbc_hb,anemia_class,no_folate,development_oof,B12_deficiency_anemia,0.5087719298245614,0.5576923076923077,0.5321100917431193,52
catboost_cbc_hb,anemia_class,no_folate,development_oof,B12_deficiency_no_anemia,0.4,0.4,0.4,40
catboost_cbc_hb,anemia_class,no_folate,development_oof,B6_deficiency,0.5,0.14285714285714285,0.2222222222222222,28
catboost_cbc_hb,anemia_class,no_folate,development_oof,anemia_other,0.5064935064935064,0.65,0.5693430656934306,60
catboost_cbc_hb,anemia_class,no_folate,development_oof,copper_deficiency,0.3333333333333333,0.10714285714285714,0.16216216216216217,28
catboost_cbc_hb,anemia_class,no_folate,development_oof,folate_deficiency_anemia,0.425,0.425,0.425,40
catboost_cbc_hb,anemia_class,no_folate,development_oof,folate_deficiency_no_anemia,0.3333333333333333,0.1875,0.24,32
catboost_cbc_hb,anemia_class,no_folate,development_oof,inflammation_anemia,0.5660377358490566,0.5769230769230769,0.5714285714285714,52
catboost_cbc_hb,anemia_class,no_folate,development_oof,iron_deficiency_anemia,0.6039603960396039,0.6630434782608695,0.6321243523316062,92
catboost_cbc_hb,anemia_class,no_folate,development_oof,latent_deficiency,0.625,0.7352941176470589,0.6756756756756757,68
catboost_cbc_hb,anemia_class,no_folate,development_oof,mixed_deficiency,0.6296296296296297,0.5543478260869565,0.5895953757225434,92
catboost_cbc_hb,anemia_class,no_folate,development_oof,no_anemia_no_deficiency,0.6851851851851852,0.8409090909090909,0.7551020408163265,88
catboost_cbc_hb,anemia_class,no_B6,development_oof,B12_deficiency_anemia,0.5087719298245614,0.5576923076923077,0.5321100917431193,52
catboost_cbc_hb,anemia_class,no_B6,development_oof,B12_deficiency_no_anemia,0.4,0.4,0.4,40
catboost_cbc_hb,anemia_class,no_B6,development_oof,B6_deficiency,0.5,0.14285714285714285,0.2222222222222222,28
catboost_cbc_hb,anemia_class,no_B6,development_oof,anemia_other,0.5064935064935064,0.65,0.5693430656934306,60
catboost_cbc_hb,anemia_class,no_B6,development_oof,copper_deficiency,0.3333333333333333,0.10714285714285714,0.16216216216216217,28
catboost_cbc_hb,anemia_class,no_B6,development_oof,folate_deficiency_anemia,0.425,0.425,0.425,40
catboost_cbc_hb,anemia_class,no_B6,development_oof,folate_deficiency_no_anemia,0.3333333333333333,0.1875,0.24,32
catboost_cbc_hb,anemia_class,no_B6,development_oof,inflammation_anemia,0.5660377358490566,0.5769230769230769,0.5714285714285714,52
catboost_cbc_hb,anemia_class,no_B6,development_oof,iron_deficiency_anemia,0.6039603960396039,0.6630434782608695,0.6321243523316062,92
catboost_cbc_hb,anemia_class,no_B6,development_oof,latent_deficiency,0.625,0.7352941176470589,0.6756756756756757,68
catboost_cbc_hb,anemia_class,no_B6,development_oof,mixed_deficiency,0.6296296296296297,0.5543478260869565,0.5895953757225434,92
catboost_cbc_hb,anemia_class,no_B6,development_oof,no_anemia_no_deficiency,0.6851851851851852,0.8409090909090909,0.7551020408163265,88
catboost_cbc_hb,anemia_class,no_copper,development_oof,B12_deficiency_anemia,0.5087719298245614,0.5576923076923077,0.5321100917431193,52
catboost_cbc_hb,anemia_class,no_copper,development_oof,B12_deficiency_no_anemia,0.4,0.4,0.4,40
catboost_cbc_hb,anemia_class,no_copper,development_oof,B6_deficiency,0.5,0.14285714285714285,0.2222222222222222,28
catboost_cbc_hb,anemia_class,no_copper,development_oof,anemia_other,0.5064935064935064,0.65,0.5693430656934306,60
catboost_cbc_hb,anemia_class,no_copper,development_oof,copper_deficiency,0.3333333333333333,0.10714285714285714,0.16216216216216217,28
catboost_cbc_hb,anemia_class,no_copper,development_oof,folate_deficiency_anemia,0.425,0.425,0.425,40
catboost_cbc_hb,anemia_class,no_copper,development_oof,folate_deficiency_no_anemia,0.3333333333333333,0.1875,0.24,32
catboost_cbc_hb,anemia_class,no_copper,development_oof,inflammation_anemia,0.5660377358490566,0.5769230769230769,0.5714285714285714,52
catboost_cbc_hb,anemia_class,no_copper,development_oof,iron_deficiency_anemia,0.6039603960396039,0.6630434782608695,0.6321243523316062,92
catboost_cbc_hb,anemia_class,no_copper,development_oof,latent_deficiency,0.625,0.7352941176470589,0.6756756756756757,68
catboost_cbc_hb,anemia_class,no_copper,development_oof,mixed_deficiency,0.6296296296296297,0.5543478260869565,0.5895953757225434,92
catboost_cbc_hb,anemia_class,no_copper,development_oof,no_anemia_no_deficiency,0.6851851851851852,0.8409090909090909,0.7551020408163265,88
catboost_cbc_hb,anemia_class,no_hemoglobin,development_oof,B12_deficiency_anemia,0.45454545454545453,0.5769230769230769,0.5084745762711864,52
catboost_cbc_hb,anemia_class,no_hemoglobin,development_oof,B12_deficiency_no_anemia,0.5,0.025,0.047619047619047616,40
catboost_cbc_hb,anemia_class,no_hemoglobin,development_oof,B6_deficiency,0.09375,0.10714285714285714,0.1,28
catboost_cbc_hb,anemia_class,no_hemoglobin,development_oof,anemia_other,0.24539877300613497,0.6666666666666666,0.35874439461883406,60
catboost_cbc_hb,anemia_class,no_hemoglobin,development_oof,copper_deficiency,0.23809523809523808,0.17857142857142858,0.20408163265306123,28
catboost_cbc_hb,anemia_class,no_hemoglobin,development_oof,folate_deficiency_anemia,0.3617021276595745,0.425,0.39080459770114945,40
catboost_cbc_hb,anemia_class,no_hemoglobin,development_oof,folate_deficiency_no_anemia,0.3,0.09375,0.14285714285714285,32
catboost_cbc_hb,anemia_class,no_hemoglobin,development_oof,inflammation_anemia,0.4264705882352941,0.5576923076923077,0.48333333333333334,52
catboost_cbc_hb,anemia_class,no_hemoglobin,development_oof,iron_deficiency_anemia,0.488,0.6630434782608695,0.5622119815668203,92
catboost_cbc_hb,anemia_class,no_hemoglobin,development_oof,latent_deficiency,0.5,0.029411764705882353,0.05555555555555555,68
catboost_cbc_hb,anemia_class,no_hemoglobin,development_oof,mixed_deficiency,0.5463917525773195,0.5760869565217391,0.5608465608465608,92
catboost_cbc_hb,anemia_class,no_hemoglobin,development_oof,no_anemia_no_deficiency,0.8648648648648649,0.36363636363636365,0.512,88
catboost_cbc_hb,anemia_class,no_demographics,development_oof,B12_deficiency_anemia,0.47368421052631576,0.5192307692307693,0.4954128440366973,52
catboost_cbc_hb,anemia_class,no_demographics,development_oof,B12_deficiency_no_anemia,0.4,0.3,0.34285714285714286,40
catboost_cbc_hb,anemia_class,no_demographics,development_oof,B6_deficiency,0.3333333333333333,0.03571428571428571,0.06451612903225806,28
catboost_cbc_hb,anemia_class,no_demographics,development_oof,anemia_other,0.5230769230769231,0.5666666666666667,0.544,60
catboost_cbc_hb,anemia_class,no_demographics,development_oof,copper_deficiency,0.4,0.14285714285714285,0.21052631578947367,28
catboost_cbc_hb,anemia_class,no_demographics,development_oof,folate_deficiency_anemia,0.41025641025641024,0.4,0.4050632911392405,40
catboost_cbc_hb,anemia_class,no_demographics,development_oof,folate_deficiency_no_anemia,0.3125,0.15625,0.20833333333333334,32
catboost_cbc_hb,anemia_class,no_demographics,development_oof,inflammation_anemia,0.5272727272727272,0.5576923076923077,0.5420560747663551,52
catboost_cbc_hb,anemia_class,no_demographics,development_oof,iron_deficiency_anemia,0.5666666666666667,0.7391304347826086,0.6415094339622641,92
catboost_cbc_hb,anemia_class,no_demographics,development_oof,latent_deficiency,0.620253164556962,0.7205882352941176,0.6666666666666666,68
catboost_cbc_hb,anemia_class,no_demographics,development_oof,mixed_deficiency,0.6081081081081081,0.4891304347826087,0.5421686746987951,92
catboost_cbc_hb,anemia_class,no_demographics,development_oof,no_anemia_no_deficiency,0.6290322580645161,0.8863636363636364,0.7358490566037735,88
augmented_catboost_hb,anemia_class,available,development_oof,B12_deficiency_anemia,0.7166666666666667,0.8269230769230769,0.7678571428571429,52
augmented_catboost_hb,anemia_class,available,development_oof,B12_deficiency_no_anemia,0.8095238095238095,0.85,0.8292682926829268,40
augmented_catboost_hb,anemia_class,available,development_oof,B6_deficiency,0.8235294117647058,0.5,0.6222222222222222,28
augmented_catboost_hb,anemia_class,available,development_oof,anemia_other,0.8115942028985508,0.9333333333333333,0.8682170542635659,60
augmented_catboost_hb,anemia_class,available,development_oof,copper_deficiency,0.8947368421052632,0.6071428571428571,0.723404255319149,28
augmented_catboost_hb,anemia_class,available,development_oof,folate_deficiency_anemia,0.7380952380952381,0.775,0.7560975609756098,40
augmented_catboost_hb,anemia_class,available,development_oof,folate_deficiency_no_anemia,0.8636363636363636,0.59375,0.7037037037037037,32
augmented_catboost_hb,anemia_class,available,development_oof,inflammation_anemia,0.9107142857142857,0.9807692307692307,0.9444444444444444,52
augmented_catboost_hb,anemia_class,available,development_oof,iron_deficiency_anemia,0.8526315789473684,0.8804347826086957,0.8663101604278075,92
augmented_catboost_hb,anemia_class,available,development_oof,latent_deficiency,0.9117647058823529,0.9117647058823529,0.9117647058823529,68
augmented_catboost_hb,anemia_class,available,development_oof,mixed_deficiency,0.7804878048780488,0.6956521739130435,0.735632183908046,92
augmented_catboost_hb,anemia_class,available,development_oof,no_anemia_no_deficiency,0.83,0.9431818181818182,0.8829787234042553,88
augmented_catboost_hb,anemia_class,drop30,development_oof,B12_deficiency_anemia,0.6739130434782609,0.5961538461538461,0.6326530612244898,52
augmented_catboost_hb,anemia_class,drop30,development_oof,B12_deficiency_no_anemia,0.7931034482758621,0.575,0.6666666666666666,40
augmented_catboost_hb,anemia_class,drop30,development_oof,B6_deficiency,0.875,0.5,0.6363636363636364,28
augmented_catboost_hb,anemia_class,drop30,development_oof,anemia_other,0.6049382716049383,0.8166666666666667,0.6950354609929078,60
augmented_catboost_hb,anemia_class,drop30,development_oof,copper_deficiency,0.85,0.6071428571428571,0.7083333333333334,28
augmented_catboost_hb,anemia_class,drop30,development_oof,folate_deficiency_anemia,0.5555555555555556,0.5,0.5263157894736842,40
augmented_catboost_hb,anemia_class,drop30,development_oof,folate_deficiency_no_anemia,0.5833333333333334,0.21875,0.3181818181818182,32
augmented_catboost_hb,anemia_class,drop30,development_oof,inflammation_anemia,0.7419354838709677,0.8846153846153846,0.8070175438596491,52
augmented_catboost_hb,anemia_class,drop30,development_oof,iron_deficiency_anemia,0.7129629629629629,0.8369565217391305,0.77,92
augmented_catboost_hb,anemia_class,drop30,development_oof,latent_deficiency,0.8596491228070176,0.7205882352941176,0.784,68
augmented_catboost_hb,anemia_class,drop30,development_oof,mixed_deficiency,0.648936170212766,0.6630434782608695,0.6559139784946236,92
augmented_catboost_hb,anemia_class,drop30,development_oof,no_anemia_no_deficiency,0.6756756756756757,0.8522727272727273,0.7537688442211056,88
augmented_catboost_hb,anemia_class,drop60,development_oof,B12_deficiency_anemia,0.6296296296296297,0.3269230769230769,0.43037974683544306,52
augmented_catboost_hb,anemia_class,drop60,development_oof,B12_deficiency_no_anemia,0.6842105263157895,0.325,0.4406779661016949,40
augmented_catboost_hb,anemia_class,drop60,development_oof,B6_deficiency,0.8,0.2857142857142857,0.42105263157894735,28
augmented_catboost_hb,anemia_class,drop60,development_oof,anemia_other,0.34234234234234234,0.6333333333333333,0.4444444444444444,60
augmented_catboost_hb,anemia_class,drop60,development_oof,copper_deficiency,0.7,0.25,0.3684210526315789,28
augmented_catboost_hb,anemia_class,drop60,development_oof,folate_deficiency_anemia,0.4838709677419355,0.375,0.4225352112676056,40
augmented_catboost_hb,anemia_class,drop60,development_oof,folate_deficiency_no_anemia,0.5,0.15625,0.23809523809523808,32
augmented_catboost_hb,anemia_class,drop60,development_oof,inflammation_anemia,0.7142857142857143,0.6730769230769231,0.693069306930693,52
augmented_catboost_hb,anemia_class,drop60,development_oof,iron_deficiency_anemia,0.4484848484848485,0.8043478260869565,0.5758754863813229,92
augmented_catboost_hb,anemia_class,drop60,development_oof,latent_deficiency,0.813953488372093,0.5147058823529411,0.6306306306306306,68
augmented_catboost_hb,anemia_class,drop60,development_oof,mixed_deficiency,0.47191011235955055,0.45652173913043476,0.46408839779005523,92
augmented_catboost_hb,anemia_class,drop60,development_oof,no_anemia_no_deficiency,0.5555555555555556,0.6818181818181818,0.6122448979591837,88
augmented_catboost_hb,anemia_class,cbc_only,development_oof,B12_deficiency_anemia,0.4909090909090909,0.5192307692307693,0.5046728971962616,52
augmented_catboost_hb,anemia_class,cbc_only,development_oof,B12_deficiency_no_anemia,0.41025641025641024,0.4,0.4050632911392405,40
augmented_catboost_hb,anemia_class,cbc_only,development_oof,B6_deficiency,0.4,0.07142857142857142,0.12121212121212122,28
augmented_catboost_hb,anemia_class,cbc_only,development_oof,anemia_other,0.5,0.7,0.5833333333333334,60
augmented_catboost_hb,anemia_class,cbc_only,development_oof,copper_deficiency,0.0,0.0,0.0,28
augmented_catboost_hb,anemia_class,cbc_only,development_oof,folate_deficiency_anemia,0.425531914893617,0.5,0.45977011494252873,40
augmented_catboost_hb,anemia_class,cbc_only,development_oof,folate_deficiency_no_anemia,0.2222222222222222,0.125,0.16,32
augmented_catboost_hb,anemia_class,cbc_only,development_oof,inflammation_anemia,0.6086956521739131,0.5384615384615384,0.5714285714285714,52
augmented_catboost_hb,anemia_class,cbc_only,development_oof,iron_deficiency_anemia,0.5726495726495726,0.7282608695652174,0.6411483253588517,92
augmented_catboost_hb,anemia_class,cbc_only,development_oof,latent_deficiency,0.6153846153846154,0.7058823529411765,0.6575342465753424,68
augmented_catboost_hb,anemia_class,cbc_only,development_oof,mixed_deficiency,0.6176470588235294,0.45652173913043476,0.525,92
augmented_catboost_hb,anemia_class,cbc_only,development_oof,no_anemia_no_deficiency,0.6695652173913044,0.875,0.7586206896551724,88
augmented_catboost_hb,anemia_class,hb_only,development_oof,B12_deficiency_anemia,0.0,0.0,0.0,52
augmented_catboost_hb,anemia_class,hb_only,development_oof,B12_deficiency_no_anemia,0.0,0.0,0.0,40
augmented_catboost_hb,anemia_class,hb_only,development_oof,B6_deficiency,0.0,0.0,0.0,28
augmented_catboost_hb,anemia_class,hb_only,development_oof,anemia_other,0.2,0.1,0.13333333333333333,60
augmented_catboost_hb,anemia_class,hb_only,development_oof,copper_deficiency,0.0,0.0,0.0,28
augmented_catboost_hb,anemia_class,hb_only,development_oof,folate_deficiency_anemia,0.0,0.0,0.0,40
augmented_catboost_hb,anemia_class,hb_only,development_oof,folate_deficiency_no_anemia,0.0,0.0,0.0,32
augmented_catboost_hb,anemia_class,hb_only,development_oof,inflammation_anemia,0.0,0.0,0.0,52
augmented_catboost_hb,anemia_class,hb_only,development_oof,iron_deficiency_anemia,0.23013698630136986,0.9130434782608695,0.3676148796498906,92
augmented_catboost_hb,anemia_class,hb_only,development_oof,latent_deficiency,0.05555555555555555,0.014705882352941176,0.023255813953488372,68
augmented_catboost_hb,anemia_class,hb_only,development_oof,mixed_deficiency,0.15,0.03260869565217391,0.05357142857142857,92
augmented_catboost_hb,anemia_class,hb_only,development_oof,no_anemia_no_deficiency,0.35964912280701755,0.9318181818181818,0.5189873417721519,88
augmented_catboost_hb,anemia_class,no_iron,development_oof,B12_deficiency_anemia,0.7142857142857143,0.7692307692307693,0.7407407407407407,52
augmented_catboost_hb,anemia_class,no_iron,development_oof,B12_deficiency_no_anemia,0.7291666666666666,0.875,0.7954545454545454,40
augmented_catboost_hb,anemia_class,no_iron,development_oof,B6_deficiency,0.6956521739130435,0.5714285714285714,0.6274509803921569,28
augmented_catboost_hb,anemia_class,no_iron,development_oof,anemia_other,0.7903225806451613,0.8166666666666667,0.8032786885245902,60
augmented_catboost_hb,anemia_class,no_iron,development_oof,copper_deficiency,0.9545454545454546,0.75,0.84,28
augmented_catboost_hb,anemia_class,no_iron,development_oof,folate_deficiency_anemia,0.7777777777777778,0.7,0.7368421052631579,40
augmented_catboost_hb,anemia_class,no_iron,development_oof,folate_deficiency_no_anemia,0.8333333333333334,0.46875,0.6,32
augmented_catboost_hb,anemia_class,no_iron,development_oof,inflammation_anemia,0.8135593220338984,0.9230769230769231,0.8648648648648649,52
augmented_catboost_hb,anemia_class,no_iron,development_oof,iron_deficiency_anemia,0.7802197802197802,0.7717391304347826,0.7759562841530054,92
augmented_catboost_hb,anemia_class,no_iron,development_oof,latent_deficiency,0.8148148148148148,0.6470588235294118,0.7213114754098361,68
augmented_catboost_hb,anemia_class,no_iron,development_oof,mixed_deficiency,0.6956521739130435,0.6956521739130435,0.6956521739130435,92
augmented_catboost_hb,anemia_class,no_iron,development_oof,no_anemia_no_deficiency,0.7207207207207207,0.9090909090909091,0.8040201005025126,88
augmented_catboost_hb,anemia_class,no_B12,development_oof,B12_deficiency_anemia,0.6842105263157895,0.75,0.7155963302752294,52
augmented_catboost_hb,anemia_class,no_B12,development_oof,B12_deficiency_no_anemia,0.5882352941176471,0.25,0.3508771929824561,40
augmented_catboost_hb,anemia_class,no_B12,development_oof,B6_deficiency,0.9333333333333333,0.5,0.6511627906976745,28
augmented_catboost_hb,anemia_class,no_B12,development_oof,anemia_other,0.7638888888888888,0.9166666666666666,0.8333333333333334,60
augmented_catboost_hb,anemia_class,no_B12,development_oof,copper_deficiency,0.8947368421052632,0.6071428571428571,0.723404255319149,28
augmented_catboost_hb,anemia_class,no_B12,development_oof,folate_deficiency_anemia,0.7,0.7,0.7,40
augmented_catboost_hb,anemia_class,no_B12,development_oof,folate_deficiency_no_anemia,0.5,0.5625,0.5294117647058824,32
augmented_catboost_hb,anemia_class,no_B12,development_oof,inflammation_anemia,0.9107142857142857,0.9807692307692307,0.9444444444444444,52
augmented_catboost_hb,anemia_class,no_B12,development_oof,iron_deficiency_anemia,0.7547169811320755,0.8695652173913043,0.8080808080808081,92
augmented_catboost_hb,anemia_class,no_B12,development_oof,latent_deficiency,0.8611111111111112,0.9117647058823529,0.8857142857142857,68
augmented_catboost_hb,anemia_class,no_B12,development_oof,mixed_deficiency,0.7222222222222222,0.5652173913043478,0.6341463414634146,92
augmented_catboost_hb,anemia_class,no_B12,development_oof,no_anemia_no_deficiency,0.7363636363636363,0.9204545454545454,0.8181818181818182,88
augmented_catboost_hb,anemia_class,no_folate,development_oof,B12_deficiency_anemia,0.6060606060606061,0.7692307692307693,0.6779661016949152,52
augmented_catboost_hb,anemia_class,no_folate,development_oof,B12_deficiency_no_anemia,0.7142857142857143,0.75,0.7317073170731707,40
augmented_catboost_hb,anemia_class,no_folate,development_oof,B6_deficiency,0.875,0.5,0.6363636363636364,28
augmented_catboost_hb,anemia_class,no_folate,development_oof,anemia_other,0.7777777777777778,0.9333333333333333,0.8484848484848485,60
augmented_catboost_hb,anemia_class,no_folate,development_oof,copper_deficiency,0.8947368421052632,0.6071428571428571,0.723404255319149,28
augmented_catboost_hb,anemia_class,no_folate,development_oof,folate_deficiency_anemia,0.7878787878787878,0.65,0.7123287671232876,40
augmented_catboost_hb,anemia_class,no_folate,development_oof,folate_deficiency_no_anemia,0.6666666666666666,0.25,0.36363636363636365,32
augmented_catboost_hb,anemia_class,no_folate,development_oof,inflammation_anemia,0.8947368421052632,0.9807692307692307,0.9357798165137615,52
augmented_catboost_hb,anemia_class,no_folate,development_oof,iron_deficiency_anemia,0.7714285714285715,0.8804347826086957,0.8223350253807107,92
augmented_catboost_hb,anemia_class,no_folate,development_oof,latent_deficiency,0.8985507246376812,0.9117647058823529,0.9051094890510949,68
augmented_catboost_hb,anemia_class,no_folate,development_oof,mixed_deficiency,0.7361111111111112,0.5760869565217391,0.6463414634146342,92
augmented_catboost_hb,anemia_class,no_folate,development_oof,no_anemia_no_deficiency,0.7614678899082569,0.9431818181818182,0.8426395939086294,88
augmented_catboost_hb,anemia_class,no_B6,development_oof,B12_deficiency_anemia,0.6984126984126984,0.8461538461538461,0.7652173913043478,52
augmented_catboost_hb,anemia_class,no_B6,development_oof,B12_deficiency_no_anemia,0.8095238095238095,0.85,0.8292682926829268,40
augmented_catboost_hb,anemia_class,no_B6,development_oof,B6_deficiency,0.5,0.10714285714285714,0.17647058823529413,28
augmented_catboost_hb,anemia_class,no_B6,development_oof,anemia_other,0.8115942028985508,0.9333333333333333,0.8682170542635659,60
augmented_catboost_hb,anemia_class,no_B6,development_oof,copper_deficiency,0.8947368421052632,0.6071428571428571,0.723404255319149,28
augmented_catboost_hb,anemia_class,no_B6,development_oof,folate_deficiency_anemia,0.7560975609756098,0.775,0.7654320987654321,40
augmented_catboost_hb,anemia_class,no_B6,development_oof,folate_deficiency_no_anemia,0.8636363636363636,0.59375,0.7037037037037037,32
augmented_catboost_hb,anemia_class,no_B6,development_oof,inflammation_anemia,0.8947368421052632,0.9807692307692307,0.9357798165137615,52
augmented_catboost_hb,anemia_class,no_B6,development_oof,iron_deficiency_anemia,0.8350515463917526,0.8804347826086957,0.8571428571428571,92
augmented_catboost_hb,anemia_class,no_B6,development_oof,latent_deficiency,0.8378378378378378,0.9117647058823529,0.8732394366197183,68
augmented_catboost_hb,anemia_class,no_B6,development_oof,mixed_deficiency,0.8,0.6956521739130435,0.7441860465116279,92
augmented_catboost_hb,anemia_class,no_B6,development_oof,no_anemia_no_deficiency,0.8137254901960784,0.9431818181818182,0.8736842105263158,88
augmented_catboost_hb,anemia_class,no_copper,development_oof,B12_deficiency_anemia,0.7166666666666667,0.8269230769230769,0.7678571428571429,52
augmented_catboost_hb,anemia_class,no_copper,development_oof,B12_deficiency_no_anemia,0.7391304347826086,0.85,0.7906976744186046,40
augmented_catboost_hb,anemia_class,no_copper,development_oof,B6_deficiency,0.8125,0.4642857142857143,0.5909090909090909,28
augmented_catboost_hb,anemia_class,no_copper,development_oof,anemia_other,0.7272727272727273,0.9333333333333333,0.8175182481751825,60
augmented_catboost_hb,anemia_class,no_copper,development_oof,copper_deficiency,0.0,0.0,0.0,28
augmented_catboost_hb,anemia_class,no_copper,development_oof,folate_deficiency_anemia,0.6956521739130435,0.8,0.7441860465116279,40
augmented_catboost_hb,anemia_class,no_copper,development_oof,folate_deficiency_no_anemia,0.7307692307692307,0.59375,0.6551724137931034,32
augmented_catboost_hb,anemia_class,no_copper,development_oof,inflammation_anemia,0.9107142857142857,0.9807692307692307,0.9444444444444444,52
augmented_catboost_hb,anemia_class,no_copper,development_oof,iron_deficiency_anemia,0.8526315789473684,0.8804347826086957,0.8663101604278075,92
augmented_catboost_hb,anemia_class,no_copper,development_oof,latent_deficiency,0.9117647058823529,0.9117647058823529,0.9117647058823529,68
augmented_catboost_hb,anemia_class,no_copper,development_oof,mixed_deficiency,0.7804878048780488,0.6956521739130435,0.735632183908046,92
augmented_catboost_hb,anemia_class,no_copper,development_oof,no_anemia_no_deficiency,0.81,0.9204545454545454,0.8617021276595744,88
augmented_catboost_hb,anemia_class,no_hemoglobin,development_oof,B12_deficiency_anemia,0.6461538461538462,0.8076923076923077,0.717948717948718,52
augmented_catboost_hb,anemia_class,no_hemoglobin,development_oof,B12_deficiency_no_anemia,0.9583333333333334,0.575,0.71875,40
augmented_catboost_hb,anemia_class,no_hemoglobin,development_oof,B6_deficiency,0.85,0.6071428571428571,0.7083333333333334,28
augmented_catboost_hb,anemia_class,no_hemoglobin,development_oof,anemia_other,0.8088235294117647,0.9166666666666666,0.859375,60
augmented_catboost_hb,anemia_class,no_hemoglobin,development_oof,copper_deficiency,0.95,0.6785714285714286,0.7916666666666666,28
augmented_catboost_hb,anemia_class,no_hemoglobin,development_oof,folate_deficiency_anemia,0.5636363636363636,0.775,0.6526315789473685,40
augmented_catboost_hb,anemia_class,no_hemoglobin,development_oof,folate_deficiency_no_anemia,0.8461538461538461,0.34375,0.4888888888888889,32
augmented_catboost_hb,anemia_class,no_hemoglobin,development_oof,inflammation_anemia,0.9433962264150944,0.9615384615384616,0.9523809523809523,52
augmented_catboost_hb,anemia_class,no_hemoglobin,development_oof,iron_deficiency_anemia,0.7830188679245284,0.9021739130434783,0.8383838383838383,92
augmented_catboost_hb,anemia_class,no_hemoglobin,development_oof,latent_deficiency,0.9137931034482759,0.7794117647058824,0.8412698412698413,68
augmented_catboost_hb,anemia_class,no_hemoglobin,development_oof,mixed_deficiency,0.7529411764705882,0.6956521739130435,0.7231638418079096,92
augmented_catboost_hb,anemia_class,no_hemoglobin,development_oof,no_anemia_no_deficiency,0.780952380952381,0.9318181818181818,0.8497409326424871,88
augmented_catboost_hb,anemia_class,no_demographics,development_oof,B12_deficiency_anemia,0.6451612903225806,0.7692307692307693,0.7017543859649122,52
augmented_catboost_hb,anemia_class,no_demographics,development_oof,B12_deficiency_no_anemia,0.9629629629629629,0.65,0.7761194029850746,40
augmented_catboost_hb,anemia_class,no_demographics,development_oof,B6_deficiency,0.8333333333333334,0.5357142857142857,0.6521739130434783,28
augmented_catboost_hb,anemia_class,no_demographics,development_oof,anemia_other,0.7567567567567568,0.9333333333333333,0.835820895522388,60
augmented_catboost_hb,anemia_class,no_demographics,development_oof,copper_deficiency,0.8181818181818182,0.6428571428571429,0.72,28
augmented_catboost_hb,anemia_class,no_demographics,development_oof,folate_deficiency_anemia,0.625,0.75,0.6818181818181818,40
augmented_catboost_hb,anemia_class,no_demographics,development_oof,folate_deficiency_no_anemia,0.7777777777777778,0.4375,0.56,32
augmented_catboost_hb,anemia_class,no_demographics,development_oof,inflammation_anemia,0.9074074074074074,0.9423076923076923,0.9245283018867925,52
augmented_catboost_hb,anemia_class,no_demographics,development_oof,iron_deficiency_anemia,0.8282828282828283,0.8913043478260869,0.8586387434554974,92
augmented_catboost_hb,anemia_class,no_demographics,development_oof,latent_deficiency,0.8923076923076924,0.8529411764705882,0.8721804511278195,68
augmented_catboost_hb,anemia_class,no_demographics,development_oof,mixed_deficiency,0.7411764705882353,0.6847826086956522,0.711864406779661,92
augmented_catboost_hb,anemia_class,no_demographics,development_oof,no_anemia_no_deficiency,0.79,0.8977272727272727,0.8404255319148937,88
balanced_catboost_hb,anemia_class,available,development_oof,B12_deficiency_anemia,0.7096774193548387,0.8461538461538461,0.7719298245614035,52
balanced_catboost_hb,anemia_class,available,development_oof,B12_deficiency_no_anemia,0.825,0.825,0.825,40
balanced_catboost_hb,anemia_class,available,development_oof,B6_deficiency,0.8181818181818182,0.6428571428571429,0.72,28
balanced_catboost_hb,anemia_class,available,development_oof,anemia_other,0.9137931034482759,0.8833333333333333,0.8983050847457628,60
balanced_catboost_hb,anemia_class,available,development_oof,copper_deficiency,0.8518518518518519,0.8214285714285714,0.8363636363636363,28
balanced_catboost_hb,anemia_class,available,development_oof,folate_deficiency_anemia,0.75,0.825,0.7857142857142857,40
balanced_catboost_hb,anemia_class,available,development_oof,folate_deficiency_no_anemia,0.7777777777777778,0.65625,0.711864406779661,32
balanced_catboost_hb,anemia_class,available,development_oof,inflammation_anemia,0.8793103448275862,0.9807692307692307,0.9272727272727272,52
balanced_catboost_hb,anemia_class,available,development_oof,iron_deficiency_anemia,0.8617021276595744,0.8804347826086957,0.8709677419354839,92
balanced_catboost_hb,anemia_class,available,development_oof,latent_deficiency,0.9104477611940298,0.8970588235294118,0.9037037037037037,68
balanced_catboost_hb,anemia_class,available,development_oof,mixed_deficiency,0.8076923076923077,0.6847826086956522,0.7411764705882353,92
balanced_catboost_hb,anemia_class,available,development_oof,no_anemia_no_deficiency,0.8526315789473684,0.9204545454545454,0.8852459016393442,88
balanced_catboost_hb,anemia_class,drop30,development_oof,B12_deficiency_anemia,0.6923076923076923,0.6923076923076923,0.6923076923076923,52
balanced_catboost_hb,anemia_class,drop30,development_oof,B12_deficiency_no_anemia,0.8148148148148148,0.55,0.6567164179104478,40
balanced_catboost_hb,anemia_class,drop30,development_oof,B6_deficiency,0.8823529411764706,0.5357142857142857,0.6666666666666666,28
balanced_catboost_hb,anemia_class,drop30,development_oof,anemia_other,0.6049382716049383,0.8166666666666667,0.6950354609929078,60
balanced_catboost_hb,anemia_class,drop30,development_oof,copper_deficiency,0.7037037037037037,0.6785714285714286,0.6909090909090909,28
balanced_catboost_hb,anemia_class,drop30,development_oof,folate_deficiency_anemia,0.5681818181818182,0.625,0.5952380952380952,40
balanced_catboost_hb,anemia_class,drop30,development_oof,folate_deficiency_no_anemia,0.6190476190476191,0.40625,0.49056603773584906,32
balanced_catboost_hb,anemia_class,drop30,development_oof,inflammation_anemia,0.7419354838709677,0.8846153846153846,0.8070175438596491,52
balanced_catboost_hb,anemia_class,drop30,development_oof,iron_deficiency_anemia,0.7142857142857143,0.8152173913043478,0.7614213197969543,92
balanced_catboost_hb,anemia_class,drop30,development_oof,latent_deficiency,0.8909090909090909,0.7205882352941176,0.7967479674796748,68
balanced_catboost_hb,anemia_class,drop30,development_oof,mixed_deficiency,0.7125,0.6195652173913043,0.6627906976744186,92
balanced_catboost_hb,anemia_class,drop30,development_oof,no_anemia_no_deficiency,0.693069306930693,0.7954545454545454,0.7407407407407407,88
balanced_catboost_hb,anemia_class,drop60,development_oof,B12_deficiency_anemia,0.6363636363636364,0.40384615384615385,0.49411764705882355,52
balanced_catboost_hb,anemia_class,drop60,development_oof,B12_deficiency_no_anemia,0.5909090909090909,0.325,0.41935483870967744,40
balanced_catboost_hb,anemia_class,drop60,development_oof,B6_deficiency,0.5294117647058824,0.32142857142857145,0.4,28
balanced_catboost_hb,anemia_class,drop60,development_oof,anemia_other,0.34710743801652894,0.7,0.46408839779005523,60
balanced_catboost_hb,anemia_class,drop60,development_oof,copper_deficiency,0.43478260869565216,0.35714285714285715,0.39215686274509803,28
balanced_catboost_hb,anemia_class,drop60,development_oof,folate_deficiency_anemia,0.47619047619047616,0.5,0.4878048780487805,40
balanced_catboost_hb,anemia_class,drop60,development_oof,folate_deficiency_no_anemia,0.47058823529411764,0.25,0.32653061224489793,32
balanced_catboost_hb,anemia_class,drop60,development_oof,inflammation_anemia,0.6379310344827587,0.7115384615384616,0.6727272727272727,52
balanced_catboost_hb,anemia_class,drop60,development_oof,iron_deficiency_anemia,0.49640287769784175,0.75,0.5974025974025974,92
balanced_catboost_hb,anemia_class,drop60,development_oof,latent_deficiency,0.8,0.5294117647058824,0.6371681415929203,68
balanced_catboost_hb,anemia_class,drop60,development_oof,mixed_deficiency,0.6129032258064516,0.41304347826086957,0.4935064935064935,92
balanced_catboost_hb,anemia_class,drop60,development_oof,no_anemia_no_deficiency,0.6021505376344086,0.6363636363636364,0.6187845303867403,88
balanced_catboost_hb,anemia_class,cbc_only,development_oof,B12_deficiency_anemia,0.5370370370370371,0.5576923076923077,0.5471698113207547,52
balanced_catboost_hb,anemia_class,cbc_only,development_oof,B12_deficiency_no_anemia,0.4166666666666667,0.375,0.39473684210526316,40
balanced_catboost_hb,anemia_class,cbc_only,development_oof,B6_deficiency,0.2857142857142857,0.07142857142857142,0.11428571428571428,28
balanced_catboost_hb,anemia_class,cbc_only,development_oof,anemia_other,0.5061728395061729,0.6833333333333333,0.5815602836879432,60
balanced_catboost_hb,anemia_class,cbc_only,development_oof,copper_deficiency,0.8,0.14285714285714285,0.24242424242424243,28
balanced_catboost_hb,anemia_class,cbc_only,development_oof,folate_deficiency_anemia,0.4074074074074074,0.55,0.46808510638297873,40
balanced_catboost_hb,anemia_class,cbc_only,development_oof,folate_deficiency_no_anemia,0.25,0.21875,0.23333333333333334,32
balanced_catboost_hb,anemia_class,cbc_only,development_oof,inflammation_anemia,0.5555555555555556,0.5769230769230769,0.5660377358490566,52
balanced_catboost_hb,anemia_class,cbc_only,development_oof,iron_deficiency_anemia,0.6055045871559633,0.717391304347826,0.6567164179104478,92
balanced_catboost_hb,anemia_class,cbc_only,development_oof,latent_deficiency,0.6125,0.7205882352941176,0.6621621621621622,68
balanced_catboost_hb,anemia_class,cbc_only,development_oof,mixed_deficiency,0.7166666666666667,0.4673913043478261,0.5657894736842105,92
balanced_catboost_hb,anemia_class,cbc_only,development_oof,no_anemia_no_deficiency,0.7019230769230769,0.8295454545454546,0.7604166666666666,88
balanced_catboost_hb,anemia_class,hb_only,development_oof,B12_deficiency_anemia,0.0,0.0,0.0,52
balanced_catboost_hb,anemia_class,hb_only,development_oof,B12_deficiency_no_anemia,0.3333333333333333,0.075,0.12244897959183673,40
balanced_catboost_hb,anemia_class,hb_only,development_oof,B6_deficiency,0.0,0.0,0.0,28
balanced_catboost_hb,anemia_class,hb_only,development_oof,anemia_other,0.15053763440860216,0.23333333333333334,0.1830065359477124,60
balanced_catboost_hb,anemia_class,hb_only,development_oof,copper_deficiency,0.09375,0.10714285714285714,0.1,28
balanced_catboost_hb,anemia_class,hb_only,development_oof,folate_deficiency_anemia,0.0,0.0,0.0,40
balanced_catboost_hb,anemia_class,hb_only,development_oof,folate_deficiency_no_anemia,0.1,0.03125,0.047619047619047616,32
balanced_catboost_hb,anemia_class,hb_only,development_oof,inflammation_anemia,0.0,0.0,0.0,52
balanced_catboost_hb,anemia_class,hb_only,development_oof,iron_deficiency_anemia,0.23426573426573427,0.7282608695652174,0.3544973544973545,92
balanced_catboost_hb,anemia_class,hb_only,development_oof,latent_deficiency,0.16666666666666666,0.029411764705882353,0.05,68
balanced_catboost_hb,anemia_class,hb_only,development_oof,mixed_deficiency,0.2,0.043478260869565216,0.07142857142857142,92
balanced_catboost_hb,anemia_class,hb_only,development_oof,no_anemia_no_deficiency,0.4,0.9318181818181818,0.5597269624573379,88
balanced_catboost_hb,anemia_class,no_iron,development_oof,B12_deficiency_anemia,0.703125,0.8653846153846154,0.7758620689655172,52
balanced_catboost_hb,anemia_class,no_iron,development_oof,B12_deficiency_no_anemia,0.7333333333333333,0.825,0.7764705882352941,40
balanced_catboost_hb,anemia_class,no_iron,development_oof,B6_deficiency,0.5666666666666667,0.6071428571428571,0.5862068965517241,28
balanced_catboost_hb,anemia_class,no_iron,development_oof,anemia_other,0.819672131147541,0.8333333333333334,0.8264462809917356,60
balanced_catboost_hb,anemia_class,no_iron,development_oof,copper_deficiency,0.8461538461538461,0.7857142857142857,0.8148148148148148,28
balanced_catboost_hb,anemia_class,no_iron,development_oof,folate_deficiency_anemia,0.7560975609756098,0.775,0.7654320987654321,40
balanced_catboost_hb,anemia_class,no_iron,development_oof,folate_deficiency_no_anemia,0.782608695652174,0.5625,0.6545454545454545,32
balanced_catboost_hb,anemia_class,no_iron,development_oof,inflammation_anemia,0.7868852459016393,0.9230769230769231,0.8495575221238938,52
balanced_catboost_hb,anemia_class,no_iron,development_oof,iron_deficiency_anemia,0.788235294117647,0.7282608695652174,0.7570621468926554,92
balanced_catboost_hb,anemia_class,no_iron,development_oof,latent_deficiency,0.78,0.5735294117647058,0.6610169491525424,68
balanced_catboost_hb,anemia_class,no_iron,development_oof,mixed_deficiency,0.7721518987341772,0.6630434782608695,0.7134502923976608,92
balanced_catboost_hb,anemia_class,no_iron,development_oof,no_anemia_no_deficiency,0.7289719626168224,0.8863636363636364,0.8,88
balanced_catboost_hb,anemia_class,no_B12,development_oof,B12_deficiency_anemia,0.6721311475409836,0.7884615384615384,0.7256637168141593,52
balanced_catboost_hb,anemia_class,no_B12,development_oof,B12_deficiency_no_anemia,0.6153846153846154,0.2,0.3018867924528302,40
balanced_catboost_hb,anemia_class,no_B12,development_oof,B6_deficiency,0.85,0.6071428571428571,0.7083333333333334,28
balanced_catboost_hb,anemia_class,no_B12,development_oof,anemia_other,0.8548387096774194,0.8833333333333333,0.8688524590163934,60
balanced_catboost_hb,anemia_class,no_B12,development_oof,copper_deficiency,0.7931034482758621,0.8214285714285714,0.8070175438596491,28
balanced_catboost_hb,anemia_class,no_B12,development_oof,folate_deficiency_anemia,0.7142857142857143,0.75,0.7317073170731707,40
balanced_catboost_hb,anemia_class,no_B12,development_oof,folate_deficiency_no_anemia,0.5,0.65625,0.5675675675675675,32
balanced_catboost_hb,anemia_class,no_B12,development_oof,inflammation_anemia,0.8793103448275862,0.9807692307692307,0.9272727272727272,52
balanced_catboost_hb,anemia_class,no_B12,development_oof,iron_deficiency_anemia,0.7619047619047619,0.8695652173913043,0.8121827411167513,92
balanced_catboost_hb,anemia_class,no_B12,development_oof,latent_deficiency,0.8857142857142857,0.9117647058823529,0.8985507246376812,68
balanced_catboost_hb,anemia_class,no_B12,development_oof,mixed_deficiency,0.7727272727272727,0.5543478260869565,0.6455696202531646,92
balanced_catboost_hb,anemia_class,no_B12,development_oof,no_anemia_no_deficiency,0.7692307692307693,0.9090909090909091,0.8333333333333334,88
balanced_catboost_hb,anemia_class,no_folate,development_oof,B12_deficiency_anemia,0.6142857142857143,0.8269230769230769,0.7049180327868853,52
balanced_catboost_hb,anemia_class,no_folate,development_oof,B12_deficiency_no_anemia,0.7692307692307693,0.75,0.759493670886076,40
balanced_catboost_hb,anemia_class,no_folate,development_oof,B6_deficiency,0.8181818181818182,0.6428571428571429,0.72,28
balanced_catboost_hb,anemia_class,no_folate,development_oof,anemia_other,0.84375,0.9,0.8709677419354839,60
balanced_catboost_hb,anemia_class,no_folate,development_oof,copper_deficiency,0.8518518518518519,0.8214285714285714,0.8363636363636363,28
balanced_catboost_hb,anemia_class,no_folate,development_oof,folate_deficiency_anemia,0.7878787878787878,0.65,0.7123287671232876,40
balanced_catboost_hb,anemia_class,no_folate,development_oof,folate_deficiency_no_anemia,0.5555555555555556,0.3125,0.4,32
balanced_catboost_hb,anemia_class,no_folate,development_oof,inflammation_anemia,0.8947368421052632,0.9807692307692307,0.9357798165137615,52
balanced_catboost_hb,anemia_class,no_folate,development_oof,iron_deficiency_anemia,0.7864077669902912,0.8804347826086957,0.8307692307692308,92
balanced_catboost_hb,anemia_class,no_folate,development_oof,latent_deficiency,0.8970588235294118,0.8970588235294118,0.8970588235294118,68
balanced_catboost_hb,anemia_class,no_folate,development_oof,mixed_deficiency,0.7910447761194029,0.5760869565217391,0.6666666666666666,92
balanced_catboost_hb,anemia_class,no_folate,development_oof,no_anemia_no_deficiency,0.7788461538461539,0.9204545454545454,0.84375,88
balanced_catboost_hb,anemia_class,no_B6,development_oof,B12_deficiency_anemia,0.6984126984126984,0.8461538461538461,0.7652173913043478,52
balanced_catboost_hb,anemia_class,no_B6,development_oof,B12_deficiency_no_anemia,0.825,0.825,0.825,40
balanced_catboost_hb,anemia_class,no_B6,development_oof,B6_deficiency,0.6363636363636364,0.25,0.358974358974359,28
balanced_catboost_hb,anemia_class,no_B6,development_oof,anemia_other,0.8548387096774194,0.8833333333333333,0.8688524590163934,60
balanced_catboost_hb,anemia_class,no_B6,development_oof,copper_deficiency,0.8518518518518519,0.8214285714285714,0.8363636363636363,28
balanced_catboost_hb,anemia_class,no_B6,development_oof,folate_deficiency_anemia,0.7674418604651163,0.825,0.7951807228915663,40
balanced_catboost_hb,anemia_class,no_B6,development_oof,folate_deficiency_no_anemia,0.7777777777777778,0.65625,0.711864406779661,32
balanced_catboost_hb,anemia_class,no_B6,development_oof,inflammation_anemia,0.85,0.9807692307692307,0.9107142857142857,52
balanced_catboost_hb,anemia_class,no_B6,development_oof,iron_deficiency_anemia,0.8617021276595744,0.8804347826086957,0.8709677419354839,92
balanced_catboost_hb,anemia_class,no_B6,development_oof,latent_deficiency,0.8714285714285714,0.8970588235294118,0.8840579710144928,68
balanced_catboost_hb,anemia_class,no_B6,development_oof,mixed_deficiency,0.8076923076923077,0.6847826086956522,0.7411764705882353,92
balanced_catboost_hb,anemia_class,no_B6,development_oof,no_anemia_no_deficiency,0.8350515463917526,0.9204545454545454,0.8756756756756757,88
balanced_catboost_hb,anemia_class,no_copper,development_oof,B12_deficiency_anemia,0.7,0.8076923076923077,0.75,52
balanced_catboost_hb,anemia_class,no_copper,development_oof,B12_deficiency_no_anemia,0.7674418604651163,0.825,0.7951807228915663,40
balanced_catboost_hb,anemia_class,no_copper,development_oof,B6_deficiency,0.75,0.6428571428571429,0.6923076923076923,28
balanced_catboost_hb,anemia_class,no_copper,development_oof,anemia_other,0.803030303030303,0.8833333333333333,0.8412698412698413,60
balanced_catboost_hb,anemia_class,no_copper,development_oof,copper_deficiency,0.75,0.10714285714285714,0.1875,28
balanced_catboost_hb,anemia_class,no_copper,development_oof,folate_deficiency_anemia,0.6666666666666666,0.85,0.7472527472527473,40
balanced_catboost_hb,anemia_class,no_copper,development_oof,folate_deficiency_no_anemia,0.7,0.65625,0.6774193548387096,32
balanced_catboost_hb,anemia_class,no_copper,development_oof,inflammation_anemia,0.8793103448275862,0.9807692307692307,0.9272727272727272,52
balanced_catboost_hb,anemia_class,no_copper,development_oof,iron_deficiency_anemia,0.8617021276595744,0.8804347826086957,0.8709677419354839,92
balanced_catboost_hb,anemia_class,no_copper,development_oof,latent_deficiency,0.9104477611940298,0.8970588235294118,0.9037037037037037,68
balanced_catboost_hb,anemia_class,no_copper,development_oof,mixed_deficiency,0.7901234567901234,0.6956521739130435,0.7398843930635838,92
balanced_catboost_hb,anemia_class,no_copper,development_oof,no_anemia_no_deficiency,0.851063829787234,0.9090909090909091,0.8791208791208791,88
balanced_catboost_hb,anemia_class,no_hemoglobin,development_oof,B12_deficiency_anemia,0.671875,0.8269230769230769,0.7413793103448276,52
balanced_catboost_hb,anemia_class,no_hemoglobin,development_oof,B12_deficiency_no_anemia,1.0,0.625,0.7692307692307693,40
balanced_catboost_hb,anemia_class,no_hemoglobin,development_oof,B6_deficiency,0.6896551724137931,0.7142857142857143,0.7017543859649122,28
balanced_catboost_hb,anemia_class,no_hemoglobin,development_oof,anemia_other,0.8813559322033898,0.8666666666666667,0.8739495798319328,60
balanced_catboost_hb,anemia_class,no_hemoglobin,development_oof,copper_deficiency,0.8571428571428571,0.8571428571428571,0.8571428571428571,28
balanced_catboost_hb,anemia_class,no_hemoglobin,development_oof,folate_deficiency_anemia,0.5614035087719298,0.8,0.6597938144329897,40
balanced_catboost_hb,anemia_class,no_hemoglobin,development_oof,folate_deficiency_no_anemia,0.7391304347826086,0.53125,0.6181818181818182,32
balanced_catboost_hb,anemia_class,no_hemoglobin,development_oof,inflammation_anemia,0.8771929824561403,0.9615384615384616,0.9174311926605505,52
balanced_catboost_hb,anemia_class,no_hemoglobin,development_oof,iron_deficiency_anemia,0.8282828282828283,0.8913043478260869,0.8586387434554974,92
balanced_catboost_hb,anemia_class,no_hemoglobin,development_oof,latent_deficiency,0.9032258064516129,0.8235294117647058,0.8615384615384616,68
balanced_catboost_hb,anemia_class,no_hemoglobin,development_oof,mixed_deficiency,0.7738095238095238,0.7065217391304348,0.7386363636363636,92
balanced_catboost_hb,anemia_class,no_hemoglobin,development_oof,no_anemia_no_deficiency,0.8352941176470589,0.8068181818181818,0.8208092485549133,88
balanced_catboost_hb,anemia_class,no_demographics,development_oof,B12_deficiency_anemia,0.6615384615384615,0.8269230769230769,0.7350427350427351,52
balanced_catboost_hb,anemia_class,no_demographics,development_oof,B12_deficiency_no_anemia,0.96,0.6,0.7384615384615385,40
balanced_catboost_hb,anemia_class,no_demographics,development_oof,B6_deficiency,0.8571428571428571,0.6428571428571429,0.7346938775510204,28
balanced_catboost_hb,anemia_class,no_demographics,development_oof,anemia_other,0.803030303030303,0.8833333333333333,0.8412698412698413,60
balanced_catboost_hb,anemia_class,no_demographics,development_oof,copper_deficiency,0.7931034482758621,0.8214285714285714,0.8070175438596491,28
balanced_catboost_hb,anemia_class,no_demographics,development_oof,folate_deficiency_anemia,0.5961538461538461,0.775,0.6739130434782609,40
balanced_catboost_hb,anemia_class,no_demographics,development_oof,folate_deficiency_no_anemia,0.7619047619047619,0.5,0.6037735849056604,32
balanced_catboost_hb,anemia_class,no_demographics,development_oof,inflammation_anemia,0.8771929824561403,0.9615384615384616,0.9174311926605505,52
balanced_catboost_hb,anemia_class,no_demographics,development_oof,iron_deficiency_anemia,0.8541666666666666,0.8913043478260869,0.8723404255319149,92
balanced_catboost_hb,anemia_class,no_demographics,development_oof,latent_deficiency,0.8676470588235294,0.8676470588235294,0.8676470588235294,68
balanced_catboost_hb,anemia_class,no_demographics,development_oof,mixed_deficiency,0.7901234567901234,0.6956521739130435,0.7398843930635838,92
balanced_catboost_hb,anemia_class,no_demographics,development_oof,no_anemia_no_deficiency,0.8241758241758241,0.8522727272727273,0.8379888268156425,88
augmented_trees_hb,anemia_class,available,development_oof,B12_deficiency_anemia,0.8823529411764706,0.8653846153846154,0.8737864077669902,52
augmented_trees_hb,anemia_class,available,development_oof,B12_deficiency_no_anemia,0.9024390243902439,0.925,0.9135802469135802,40
augmented_trees_hb,anemia_class,available,development_oof,B6_deficiency,0.9565217391304348,0.7857142857142857,0.8627450980392157,28
augmented_trees_hb,anemia_class,available,development_oof,anemia_other,0.8769230769230769,0.95,0.912,60
augmented_trees_hb,anemia_class,available,development_oof,copper_deficiency,0.9047619047619048,0.6785714285714286,0.7755102040816326,28
augmented_trees_hb,anemia_class,available,development_oof,folate_deficiency_anemia,0.7948717948717948,0.775,0.7848101265822784,40
augmented_trees_hb,anemia_class,available,development_oof,folate_deficiency_no_anemia,0.84,0.65625,0.7368421052631579,32
augmented_trees_hb,anemia_class,available,development_oof,inflammation_anemia,0.9454545454545454,1.0,0.9719626168224299,52
augmented_trees_hb,anemia_class,available,development_oof,iron_deficiency_anemia,0.8526315789473684,0.8804347826086957,0.8663101604278075,92
augmented_trees_hb,anemia_class,available,development_oof,latent_deficiency,0.9027777777777778,0.9558823529411765,0.9285714285714286,68
augmented_trees_hb,anemia_class,available,development_oof,mixed_deficiency,0.8461538461538461,0.8369565217391305,0.8415300546448088,92
augmented_trees_hb,anemia_class,available,development_oof,no_anemia_no_deficiency,0.8617021276595744,0.9204545454545454,0.8901098901098901,88
augmented_trees_hb,anemia_class,drop30,development_oof,B12_deficiency_anemia,0.7547169811320755,0.7692307692307693,0.7619047619047619,52
augmented_trees_hb,anemia_class,drop30,development_oof,B12_deficiency_no_anemia,0.8333333333333334,0.625,0.7142857142857143,40
augmented_trees_hb,anemia_class,drop30,development_oof,B6_deficiency,0.9375,0.5357142857142857,0.6818181818181818,28
augmented_trees_hb,anemia_class,drop30,development_oof,anemia_other,0.6867469879518072,0.95,0.7972027972027972,60
augmented_trees_hb,anemia_class,drop30,development_oof,copper_deficiency,0.8947368421052632,0.6071428571428571,0.723404255319149,28
augmented_trees_hb,anemia_class,drop30,development_oof,folate_deficiency_anemia,0.5897435897435898,0.575,0.5822784810126582,40
augmented_trees_hb,anemia_class,drop30,development_oof,folate_deficiency_no_anemia,0.9285714285714286,0.40625,0.5652173913043478,32
augmented_trees_hb,anemia_class,drop30,development_oof,inflammation_anemia,0.9215686274509803,0.9038461538461539,0.912621359223301,52
augmented_trees_hb,anemia_class,drop30,development_oof,iron_deficiency_anemia,0.7378640776699029,0.8260869565217391,0.7794871794871795,92
augmented_trees_hb,anemia_class,drop30,development_oof,latent_deficiency,0.8769230769230769,0.8382352941176471,0.8571428571428571,68
augmented_trees_hb,anemia_class,drop30,development_oof,mixed_deficiency,0.7159090909090909,0.6847826086956522,0.7,92
augmented_trees_hb,anemia_class,drop30,development_oof,no_anemia_no_deficiency,0.7207207207207207,0.9090909090909091,0.8040201005025126,88
augmented_trees_hb,anemia_class,drop60,development_oof,B12_deficiency_anemia,0.6216216216216216,0.4423076923076923,0.5168539325842697,52
augmented_trees_hb,anemia_class,drop60,development_oof,B12_deficiency_no_anemia,0.7777777777777778,0.35,0.4827586206896552,40
augmented_trees_hb,anemia_class,drop60,development_oof,B6_deficiency,0.7272727272727273,0.2857142857142857,0.41025641025641024,28
augmented_trees_hb,anemia_class,drop60,development_oof,anemia_other,0.368,0.7666666666666667,0.4972972972972973,60
augmented_trees_hb,anemia_class,drop60,development_oof,copper_deficiency,0.8888888888888888,0.2857142857142857,0.43243243243243246,28
augmented_trees_hb,anemia_class,drop60,development_oof,folate_deficiency_anemia,0.5161290322580645,0.4,0.4507042253521127,40
augmented_trees_hb,anemia_class,drop60,development_oof,folate_deficiency_no_anemia,0.46153846153846156,0.1875,0.26666666666666666,32
augmented_trees_hb,anemia_class,drop60,development_oof,inflammation_anemia,0.8809523809523809,0.7115384615384616,0.7872340425531915,52
augmented_trees_hb,anemia_class,drop60,development_oof,iron_deficiency_anemia,0.5963302752293578,0.7065217391304348,0.6467661691542289,92
augmented_trees_hb,anemia_class,drop60,development_oof,latent_deficiency,0.8571428571428571,0.6176470588235294,0.717948717948718,68
augmented_trees_hb,anemia_class,drop60,development_oof,mixed_deficiency,0.5609756097560976,0.5,0.5287356321839081,92
augmented_trees_hb,anemia_class,drop60,development_oof,no_anemia_no_deficiency,0.5068493150684932,0.8409090909090909,0.6324786324786325,88
augmented_trees_hb,anemia_class,cbc_only,development_oof,B12_deficiency_anemia,0.47540983606557374,0.5576923076923077,0.5132743362831859,52
augmented_trees_hb,anemia_class,cbc_only,development_oof,B12_deficiency_no_anemia,0.4444444444444444,0.3,0.3582089552238806,40
augmented_trees_hb,anemia_class,cbc_only,development_oof,B6_deficiency,0.625,0.17857142857142858,0.2777777777777778,28
augmented_trees_hb,anemia_class,cbc_only,development_oof,anemia_other,0.44660194174757284,0.7666666666666667,0.5644171779141104,60
augmented_trees_hb,anemia_class,cbc_only,development_oof,copper_deficiency,0.0,0.0,0.0,28
augmented_trees_hb,anemia_class,cbc_only,development_oof,folate_deficiency_anemia,0.40476190476190477,0.425,0.4146341463414634,40
augmented_trees_hb,anemia_class,cbc_only,development_oof,folate_deficiency_no_anemia,0.22727272727272727,0.15625,0.18518518518518517,32
augmented_trees_hb,anemia_class,cbc_only,development_oof,inflammation_anemia,0.56,0.2692307692307692,0.36363636363636365,52
augmented_trees_hb,anemia_class,cbc_only,development_oof,iron_deficiency_anemia,0.5566037735849056,0.6413043478260869,0.5959595959595959,92
augmented_trees_hb,anemia_class,cbc_only,development_oof,latent_deficiency,0.7068965517241379,0.6029411764705882,0.6507936507936508,68
augmented_trees_hb,anemia_class,cbc_only,development_oof,mixed_deficiency,0.5903614457831325,0.532608695652174,0.56,92
augmented_trees_hb,anemia_class,cbc_only,development_oof,no_anemia_no_deficiency,0.5766423357664233,0.8977272727272727,0.7022222222222222,88
augmented_trees_hb,anemia_class,hb_only,development_oof,B12_deficiency_anemia,0.0,0.0,0.0,52
augmented_trees_hb,anemia_class,hb_only,development_oof,B12_deficiency_no_anemia,0.0,0.0,0.0,40
augmented_trees_hb,anemia_class,hb_only,development_oof,B6_deficiency,0.0,0.0,0.0,28
augmented_trees_hb,anemia_class,hb_only,development_oof,anemia_other,0.14251781472684086,1.0,0.2494802494802495,60
augmented_trees_hb,anemia_class,hb_only,development_oof,copper_deficiency,0.0,0.0,0.0,28
augmented_trees_hb,anemia_class,hb_only,development_oof,folate_deficiency_anemia,0.0,0.0,0.0,40
augmented_trees_hb,anemia_class,hb_only,development_oof,folate_deficiency_no_anemia,0.16666666666666666,0.03125,0.05263157894736842,32
augmented_trees_hb,anemia_class,hb_only,development_oof,inflammation_anemia,0.0,0.0,0.0,52
augmented_trees_hb,anemia_class,hb_only,development_oof,iron_deficiency_anemia,0.0,0.0,0.0,92
augmented_trees_hb,anemia_class,hb_only,development_oof,latent_deficiency,0.0,0.0,0.0,68
augmented_trees_hb,anemia_class,hb_only,development_oof,mixed_deficiency,0.0,0.0,0.0,92
augmented_trees_hb,anemia_class,hb_only,development_oof,no_anemia_no_deficiency,0.35918367346938773,1.0,0.5285285285285285,88
augmented_trees_hb,anemia_class,no_iron,development_oof,B12_deficiency_anemia,0.8823529411764706,0.8653846153846154,0.8737864077669902,52
augmented_trees_hb,anemia_class,no_iron,development_oof,B12_deficiency_no_anemia,0.8260869565217391,0.95,0.8837209302325582,40
augmented_trees_hb,anemia_class,no_iron,development_oof,B6_deficiency,0.7241379310344828,0.75,0.7368421052631579,28
augmented_trees_hb,anemia_class,no_iron,development_oof,anemia_other,0.7361111111111112,0.8833333333333333,0.803030303030303,60
augmented_trees_hb,anemia_class,no_iron,development_oof,copper_deficiency,0.9090909090909091,0.7142857142857143,0.8,28
augmented_trees_hb,anemia_class,no_iron,development_oof,folate_deficiency_anemia,0.7692307692307693,0.75,0.759493670886076,40
augmented_trees_hb,anemia_class,no_iron,development_oof,folate_deficiency_no_anemia,0.8181818181818182,0.5625,0.6666666666666666,32
augmented_trees_hb,anemia_class,no_iron,development_oof,inflammation_anemia,0.8888888888888888,0.9230769230769231,0.9056603773584906,52
augmented_trees_hb,anemia_class,no_iron,development_oof,iron_deficiency_anemia,0.8048780487804879,0.717391304347826,0.7586206896551724,92
augmented_trees_hb,anemia_class,no_iron,development_oof,latent_deficiency,0.8809523809523809,0.5441176470588235,0.6727272727272727,68
augmented_trees_hb,anemia_class,no_iron,development_oof,mixed_deficiency,0.7894736842105263,0.8152173913043478,0.8021390374331551,92
augmented_trees_hb,anemia_class,no_iron,development_oof,no_anemia_no_deficiency,0.6949152542372882,0.9318181818181818,0.7961165048543689,88
augmented_trees_hb,anemia_class,no_B12,development_oof,B12_deficiency_anemia,0.8627450980392157,0.8461538461538461,0.8543689320388349,52
augmented_trees_hb,anemia_class,no_B12,development_oof,B12_deficiency_no_anemia,0.6666666666666666,0.15,0.24489795918367346,40
augmented_trees_hb,anemia_class,no_B12,development_oof,B6_deficiency,0.9565217391304348,0.7857142857142857,0.8627450980392157,28
augmented_trees_hb,anemia_class,no_B12,development_oof,anemia_other,0.8636363636363636,0.95,0.9047619047619048,60
augmented_trees_hb,anemia_class,no_B12,development_oof,copper_deficiency,0.9047619047619048,0.6785714285714286,0.7755102040816326,28
augmented_trees_hb,anemia_class,no_B12,development_oof,folate_deficiency_anemia,0.6595744680851063,0.775,0.7126436781609196,40
augmented_trees_hb,anemia_class,no_B12,development_oof,folate_deficiency_no_anemia,0.5135135135135135,0.59375,0.5507246376811594,32
augmented_trees_hb,anemia_class,no_B12,development_oof,inflammation_anemia,0.9454545454545454,1.0,0.9719626168224299,52
augmented_trees_hb,anemia_class,no_B12,development_oof,iron_deficiency_anemia,0.79,0.8586956521739131,0.8229166666666666,92
augmented_trees_hb,anemia_class,no_B12,development_oof,latent_deficiency,0.8783783783783784,0.9558823529411765,0.9154929577464789,68
augmented_trees_hb,anemia_class,no_B12,development_oof,mixed_deficiency,0.7922077922077922,0.6630434782608695,0.7218934911242604,92
augmented_trees_hb,anemia_class,no_B12,development_oof,no_anemia_no_deficiency,0.7142857142857143,0.9090909090909091,0.8,88
augmented_trees_hb,anemia_class,no_folate,development_oof,B12_deficiency_anemia,0.5875,0.9038461538461539,0.7121212121212122,52
augmented_trees_hb,anemia_class,no_folate,development_oof,B12_deficiency_no_anemia,0.7346938775510204,0.9,0.8089887640449438,40
augmented_trees_hb,anemia_class,no_folate,development_oof,B6_deficiency,0.9565217391304348,0.7857142857142857,0.8627450980392157,28
augmented_trees_hb,anemia_class,no_folate,development_oof,anemia_other,0.8260869565217391,0.95,0.8837209302325582,60
augmented_trees_hb,anemia_class,no_folate,development_oof,copper_deficiency,0.9047619047619048,0.6785714285714286,0.7755102040816326,28
augmented_trees_hb,anemia_class,no_folate,development_oof,folate_deficiency_anemia,0.8260869565217391,0.475,0.6031746031746031,40
augmented_trees_hb,anemia_class,no_folate,development_oof,folate_deficiency_no_anemia,0.5714285714285714,0.125,0.20512820512820512,32
augmented_trees_hb,anemia_class,no_folate,development_oof,inflammation_anemia,0.9444444444444444,0.9807692307692307,0.9622641509433962,52
augmented_trees_hb,anemia_class,no_folate,development_oof,iron_deficiency_anemia,0.7692307692307693,0.8695652173913043,0.8163265306122449,92
augmented_trees_hb,anemia_class,no_folate,development_oof,latent_deficiency,0.9027777777777778,0.9558823529411765,0.9285714285714286,68
augmented_trees_hb,anemia_class,no_folate,development_oof,mixed_deficiency,0.7878787878787878,0.5652173913043478,0.6582278481012658,92
augmented_trees_hb,anemia_class,no_folate,development_oof,no_anemia_no_deficiency,0.7884615384615384,0.9318181818181818,0.8541666666666666,88
augmented_trees_hb,anemia_class,no_B6,development_oof,B12_deficiency_anemia,0.8823529411764706,0.8653846153846154,0.8737864077669902,52
augmented_trees_hb,anemia_class,no_B6,development_oof,B12_deficiency_no_anemia,0.9024390243902439,0.925,0.9135802469135802,40
augmented_trees_hb,anemia_class,no_B6,development_oof,B6_deficiency,0.8333333333333334,0.17857142857142858,0.29411764705882354,28
augmented_trees_hb,anemia_class,no_B6,development_oof,anemia_other,0.7808219178082192,0.95,0.8571428571428571,60
augmented_trees_hb,anemia_class,no_B6,development_oof,copper_deficiency,0.9047619047619048,0.6785714285714286,0.7755102040816326,28
augmented_trees_hb,anemia_class,no_B6,development_oof,folate_deficiency_anemia,0.7948717948717948,0.775,0.7848101265822784,40
augmented_trees_hb,anemia_class,no_B6,development_oof,folate_deficiency_no_anemia,0.84,0.65625,0.7368421052631579,32
augmented_trees_hb,anemia_class,no_B6,development_oof,inflammation_anemia,0.9285714285714286,1.0,0.9629629629629629,52
augmented_trees_hb,anemia_class,no_B6,development_oof,iron_deficiency_anemia,0.8350515463917526,0.8804347826086957,0.8571428571428571,92
augmented_trees_hb,anemia_class,no_B6,development_oof,latent_deficiency,0.8441558441558441,0.9558823529411765,0.896551724137931,68
augmented_trees_hb,anemia_class,no_B6,development_oof,mixed_deficiency,0.8461538461538461,0.8369565217391305,0.8415300546448088,92
augmented_trees_hb,anemia_class,no_B6,development_oof,no_anemia_no_deficiency,0.8526315789473684,0.9204545454545454,0.8852459016393442,88
augmented_trees_hb,anemia_class,no_copper,development_oof,B12_deficiency_anemia,0.8627450980392157,0.8461538461538461,0.8543689320388349,52
augmented_trees_hb,anemia_class,no_copper,development_oof,B12_deficiency_no_anemia,0.8222222222222222,0.925,0.8705882352941177,40
augmented_trees_hb,anemia_class,no_copper,development_oof,B6_deficiency,0.9565217391304348,0.7857142857142857,0.8627450980392157,28
augmented_trees_hb,anemia_class,no_copper,development_oof,anemia_other,0.7808219178082192,0.95,0.8571428571428571,60
augmented_trees_hb,anemia_class,no_copper,development_oof,copper_deficiency,0.0,0.0,0.0,28
augmented_trees_hb,anemia_class,no_copper,development_oof,folate_deficiency_anemia,0.7441860465116279,0.8,0.7710843373493976,40
augmented_trees_hb,anemia_class,no_copper,development_oof,folate_deficiency_no_anemia,0.75,0.65625,0.7,32
augmented_trees_hb,anemia_class,no_copper,development_oof,inflammation_anemia,0.9285714285714286,1.0,0.9629629629629629,52
augmented_trees_hb,anemia_class,no_copper,development_oof,iron_deficiency_anemia,0.8526315789473684,0.8804347826086957,0.8663101604278075,92
augmented_trees_hb,anemia_class,no_copper,development_oof,latent_deficiency,0.8904109589041096,0.9558823529411765,0.9219858156028369,68
augmented_trees_hb,anemia_class,no_copper,development_oof,mixed_deficiency,0.8369565217391305,0.8369565217391305,0.8369565217391305,92
augmented_trees_hb,anemia_class,no_copper,development_oof,no_anemia_no_deficiency,0.8709677419354839,0.9204545454545454,0.8950276243093923,88
augmented_trees_hb,anemia_class,no_hemoglobin,development_oof,B12_deficiency_anemia,0.7419354838709677,0.8846153846153846,0.8070175438596491,52
augmented_trees_hb,anemia_class,no_hemoglobin,development_oof,B12_deficiency_no_anemia,0.9259259259259259,0.625,0.746268656716418,40
augmented_trees_hb,anemia_class,no_hemoglobin,development_oof,B6_deficiency,1.0,0.8214285714285714,0.9019607843137255,28
augmented_trees_hb,anemia_class,no_hemoglobin,development_oof,anemia_other,0.8461538461538461,0.9166666666666666,0.88,60
augmented_trees_hb,anemia_class,no_hemoglobin,development_oof,copper_deficiency,0.9130434782608695,0.75,0.8235294117647058,28
augmented_trees_hb,anemia_class,no_hemoglobin,development_oof,folate_deficiency_anemia,0.6666666666666666,0.7,0.6829268292682927,40
augmented_trees_hb,anemia_class,no_hemoglobin,development_oof,folate_deficiency_no_anemia,1.0,0.40625,0.5777777777777777,32
augmented_trees_hb,anemia_class,no_hemoglobin,development_oof,inflammation_anemia,0.9629629629629629,1.0,0.9811320754716981,52
augmented_trees_hb,anemia_class,no_hemoglobin,development_oof,iron_deficiency_anemia,0.8315789473684211,0.8586956521739131,0.8449197860962567,92
augmented_trees_hb,anemia_class,no_hemoglobin,development_oof,latent_deficiency,0.9242424242424242,0.8970588235294118,0.9104477611940298,68
augmented_trees_hb,anemia_class,no_hemoglobin,development_oof,mixed_deficiency,0.8163265306122449,0.8695652173913043,0.8421052631578947,92
augmented_trees_hb,anemia_class,no_hemoglobin,development_oof,no_anemia_no_deficiency,0.8076923076923077,0.9545454545454546,0.875,88
augmented_trees_hb,anemia_class,no_demographics,development_oof,B12_deficiency_anemia,0.7931034482758621,0.8846153846153846,0.8363636363636363,52
augmented_trees_hb,anemia_class,no_demographics,development_oof,B12_deficiency_no_anemia,0.8648648648648649,0.8,0.8311688311688312,40
augmented_trees_hb,anemia_class,no_demographics,development_oof,B6_deficiency,0.9583333333333334,0.8214285714285714,0.8846153846153846,28
augmented_trees_hb,anemia_class,no_demographics,development_oof,anemia_other,0.8055555555555556,0.9666666666666667,0.8787878787878788,60
augmented_trees_hb,anemia_class,no_demographics,development_oof,copper_deficiency,0.9047619047619048,0.6785714285714286,0.7755102040816326,28
augmented_trees_hb,anemia_class,no_demographics,development_oof,folate_deficiency_anemia,0.6888888888888889,0.775,0.7294117647058823,40
augmented_trees_hb,anemia_class,no_demographics,development_oof,folate_deficiency_no_anemia,0.9230769230769231,0.375,0.5333333333333333,32
augmented_trees_hb,anemia_class,no_demographics,development_oof,inflammation_anemia,0.9629629629629629,1.0,0.9811320754716981,52
augmented_trees_hb,anemia_class,no_demographics,development_oof,iron_deficiency_anemia,0.8229166666666666,0.8586956521739131,0.8404255319148937,92
augmented_trees_hb,anemia_class,no_demographics,development_oof,latent_deficiency,0.8732394366197183,0.9117647058823529,0.8920863309352518,68
augmented_trees_hb,anemia_class,no_demographics,development_oof,mixed_deficiency,0.8666666666666667,0.8478260869565217,0.8571428571428571,92
augmented_trees_hb,anemia_class,no_demographics,development_oof,no_anemia_no_deficiency,0.8571428571428571,0.8863636363636364,0.8715083798882681,88
panel_expert_hb,anemia_class,available,development_oof,B12_deficiency_anemia,0.7166666666666667,0.8269230769230769,0.7678571428571429,52
panel_expert_hb,anemia_class,available,development_oof,B12_deficiency_no_anemia,0.8095238095238095,0.85,0.8292682926829268,40
panel_expert_hb,anemia_class,available,development_oof,B6_deficiency,0.8235294117647058,0.5,0.6222222222222222,28
panel_expert_hb,anemia_class,available,development_oof,anemia_other,0.8115942028985508,0.9333333333333333,0.8682170542635659,60
panel_expert_hb,anemia_class,available,development_oof,copper_deficiency,0.8947368421052632,0.6071428571428571,0.723404255319149,28
panel_expert_hb,anemia_class,available,development_oof,folate_deficiency_anemia,0.7380952380952381,0.775,0.7560975609756098,40
panel_expert_hb,anemia_class,available,development_oof,folate_deficiency_no_anemia,0.8636363636363636,0.59375,0.7037037037037037,32
panel_expert_hb,anemia_class,available,development_oof,inflammation_anemia,0.9107142857142857,0.9807692307692307,0.9444444444444444,52
panel_expert_hb,anemia_class,available,development_oof,iron_deficiency_anemia,0.8526315789473684,0.8804347826086957,0.8663101604278075,92
panel_expert_hb,anemia_class,available,development_oof,latent_deficiency,0.9117647058823529,0.9117647058823529,0.9117647058823529,68
panel_expert_hb,anemia_class,available,development_oof,mixed_deficiency,0.7804878048780488,0.6956521739130435,0.735632183908046,92
panel_expert_hb,anemia_class,available,development_oof,no_anemia_no_deficiency,0.83,0.9431818181818182,0.8829787234042553,88
panel_expert_hb,anemia_class,drop30,development_oof,B12_deficiency_anemia,0.6739130434782609,0.5961538461538461,0.6326530612244898,52
panel_expert_hb,anemia_class,drop30,development_oof,B12_deficiency_no_anemia,0.7931034482758621,0.575,0.6666666666666666,40
panel_expert_hb,anemia_class,drop30,development_oof,B6_deficiency,0.875,0.5,0.6363636363636364,28
panel_expert_hb,anemia_class,drop30,development_oof,anemia_other,0.6049382716049383,0.8166666666666667,0.6950354609929078,60
panel_expert_hb,anemia_class,drop30,development_oof,copper_deficiency,0.85,0.6071428571428571,0.7083333333333334,28
panel_expert_hb,anemia_class,drop30,development_oof,folate_deficiency_anemia,0.5555555555555556,0.5,0.5263157894736842,40
panel_expert_hb,anemia_class,drop30,development_oof,folate_deficiency_no_anemia,0.5833333333333334,0.21875,0.3181818181818182,32
panel_expert_hb,anemia_class,drop30,development_oof,inflammation_anemia,0.7419354838709677,0.8846153846153846,0.8070175438596491,52
panel_expert_hb,anemia_class,drop30,development_oof,iron_deficiency_anemia,0.7129629629629629,0.8369565217391305,0.77,92
panel_expert_hb,anemia_class,drop30,development_oof,latent_deficiency,0.8596491228070176,0.7205882352941176,0.784,68
panel_expert_hb,anemia_class,drop30,development_oof,mixed_deficiency,0.648936170212766,0.6630434782608695,0.6559139784946236,92
panel_expert_hb,anemia_class,drop30,development_oof,no_anemia_no_deficiency,0.6756756756756757,0.8522727272727273,0.7537688442211056,88
panel_expert_hb,anemia_class,drop60,development_oof,B12_deficiency_anemia,0.6296296296296297,0.3269230769230769,0.43037974683544306,52
panel_expert_hb,anemia_class,drop60,development_oof,B12_deficiency_no_anemia,0.6842105263157895,0.325,0.4406779661016949,40
panel_expert_hb,anemia_class,drop60,development_oof,B6_deficiency,0.8,0.2857142857142857,0.42105263157894735,28
panel_expert_hb,anemia_class,drop60,development_oof,anemia_other,0.34234234234234234,0.6333333333333333,0.4444444444444444,60
panel_expert_hb,anemia_class,drop60,development_oof,copper_deficiency,0.7,0.25,0.3684210526315789,28
panel_expert_hb,anemia_class,drop60,development_oof,folate_deficiency_anemia,0.4838709677419355,0.375,0.4225352112676056,40
panel_expert_hb,anemia_class,drop60,development_oof,folate_deficiency_no_anemia,0.5,0.15625,0.23809523809523808,32
panel_expert_hb,anemia_class,drop60,development_oof,inflammation_anemia,0.7142857142857143,0.6730769230769231,0.693069306930693,52
panel_expert_hb,anemia_class,drop60,development_oof,iron_deficiency_anemia,0.4484848484848485,0.8043478260869565,0.5758754863813229,92
panel_expert_hb,anemia_class,drop60,development_oof,latent_deficiency,0.813953488372093,0.5147058823529411,0.6306306306306306,68
panel_expert_hb,anemia_class,drop60,development_oof,mixed_deficiency,0.47191011235955055,0.45652173913043476,0.46408839779005523,92
panel_expert_hb,anemia_class,drop60,development_oof,no_anemia_no_deficiency,0.5555555555555556,0.6818181818181818,0.6122448979591837,88
panel_expert_hb,anemia_class,cbc_only,development_oof,B12_deficiency_anemia,0.4909090909090909,0.5192307692307693,0.5046728971962616,52
panel_expert_hb,anemia_class,cbc_only,development_oof,B12_deficiency_no_anemia,0.41025641025641024,0.4,0.4050632911392405,40
panel_expert_hb,anemia_class,cbc_only,development_oof,B6_deficiency,0.4,0.07142857142857142,0.12121212121212122,28
panel_expert_hb,anemia_class,cbc_only,development_oof,anemia_other,0.5,0.7,0.5833333333333334,60
panel_expert_hb,anemia_class,cbc_only,development_oof,copper_deficiency,0.0,0.0,0.0,28
panel_expert_hb,anemia_class,cbc_only,development_oof,folate_deficiency_anemia,0.425531914893617,0.5,0.45977011494252873,40
panel_expert_hb,anemia_class,cbc_only,development_oof,folate_deficiency_no_anemia,0.2222222222222222,0.125,0.16,32
panel_expert_hb,anemia_class,cbc_only,development_oof,inflammation_anemia,0.6086956521739131,0.5384615384615384,0.5714285714285714,52
panel_expert_hb,anemia_class,cbc_only,development_oof,iron_deficiency_anemia,0.5726495726495726,0.7282608695652174,0.6411483253588517,92
panel_expert_hb,anemia_class,cbc_only,development_oof,latent_deficiency,0.6153846153846154,0.7058823529411765,0.6575342465753424,68
panel_expert_hb,anemia_class,cbc_only,development_oof,mixed_deficiency,0.6176470588235294,0.45652173913043476,0.525,92
panel_expert_hb,anemia_class,cbc_only,development_oof,no_anemia_no_deficiency,0.6695652173913044,0.875,0.7586206896551724,88
panel_expert_hb,anemia_class,hb_only,development_oof,B12_deficiency_anemia,0.0,0.0,0.0,52
panel_expert_hb,anemia_class,hb_only,development_oof,B12_deficiency_no_anemia,0.0,0.0,0.0,40
panel_expert_hb,anemia_class,hb_only,development_oof,B6_deficiency,0.0,0.0,0.0,28
panel_expert_hb,anemia_class,hb_only,development_oof,anemia_other,0.2,0.1,0.13333333333333333,60
panel_expert_hb,anemia_class,hb_only,development_oof,copper_deficiency,0.0,0.0,0.0,28
panel_expert_hb,anemia_class,hb_only,development_oof,folate_deficiency_anemia,0.0,0.0,0.0,40
panel_expert_hb,anemia_class,hb_only,development_oof,folate_deficiency_no_anemia,0.0,0.0,0.0,32
panel_expert_hb,anemia_class,hb_only,development_oof,inflammation_anemia,0.0,0.0,0.0,52
panel_expert_hb,anemia_class,hb_only,development_oof,iron_deficiency_anemia,0.23013698630136986,0.9130434782608695,0.3676148796498906,92
panel_expert_hb,anemia_class,hb_only,development_oof,latent_deficiency,0.05555555555555555,0.014705882352941176,0.023255813953488372,68
panel_expert_hb,anemia_class,hb_only,development_oof,mixed_deficiency,0.15,0.03260869565217391,0.05357142857142857,92
panel_expert_hb,anemia_class,hb_only,development_oof,no_anemia_no_deficiency,0.35964912280701755,0.9318181818181818,0.5189873417721519,88
panel_expert_hb,anemia_class,no_iron,development_oof,B12_deficiency_anemia,0.7142857142857143,0.7692307692307693,0.7407407407407407,52
panel_expert_hb,anemia_class,no_iron,development_oof,B12_deficiency_no_anemia,0.7291666666666666,0.875,0.7954545454545454,40
panel_expert_hb,anemia_class,no_iron,development_oof,B6_deficiency,0.6956521739130435,0.5714285714285714,0.6274509803921569,28
panel_expert_hb,anemia_class,no_iron,development_oof,anemia_other,0.7903225806451613,0.8166666666666667,0.8032786885245902,60
panel_expert_hb,anemia_class,no_iron,development_oof,copper_deficiency,0.9545454545454546,0.75,0.84,28
panel_expert_hb,anemia_class,no_iron,development_oof,folate_deficiency_anemia,0.7777777777777778,0.7,0.7368421052631579,40
panel_expert_hb,anemia_class,no_iron,development_oof,folate_deficiency_no_anemia,0.8333333333333334,0.46875,0.6,32
panel_expert_hb,anemia_class,no_iron,development_oof,inflammation_anemia,0.8135593220338984,0.9230769230769231,0.8648648648648649,52
panel_expert_hb,anemia_class,no_iron,development_oof,iron_deficiency_anemia,0.7802197802197802,0.7717391304347826,0.7759562841530054,92
panel_expert_hb,anemia_class,no_iron,development_oof,latent_deficiency,0.8148148148148148,0.6470588235294118,0.7213114754098361,68
panel_expert_hb,anemia_class,no_iron,development_oof,mixed_deficiency,0.6956521739130435,0.6956521739130435,0.6956521739130435,92
panel_expert_hb,anemia_class,no_iron,development_oof,no_anemia_no_deficiency,0.7207207207207207,0.9090909090909091,0.8040201005025126,88
panel_expert_hb,anemia_class,no_B12,development_oof,B12_deficiency_anemia,0.6842105263157895,0.75,0.7155963302752294,52
panel_expert_hb,anemia_class,no_B12,development_oof,B12_deficiency_no_anemia,0.5882352941176471,0.25,0.3508771929824561,40
panel_expert_hb,anemia_class,no_B12,development_oof,B6_deficiency,0.9333333333333333,0.5,0.6511627906976745,28
panel_expert_hb,anemia_class,no_B12,development_oof,anemia_other,0.7638888888888888,0.9166666666666666,0.8333333333333334,60
panel_expert_hb,anemia_class,no_B12,development_oof,copper_deficiency,0.8947368421052632,0.6071428571428571,0.723404255319149,28
panel_expert_hb,anemia_class,no_B12,development_oof,folate_deficiency_anemia,0.7,0.7,0.7,40
panel_expert_hb,anemia_class,no_B12,development_oof,folate_deficiency_no_anemia,0.5,0.5625,0.5294117647058824,32
panel_expert_hb,anemia_class,no_B12,development_oof,inflammation_anemia,0.9107142857142857,0.9807692307692307,0.9444444444444444,52
panel_expert_hb,anemia_class,no_B12,development_oof,iron_deficiency_anemia,0.7547169811320755,0.8695652173913043,0.8080808080808081,92
panel_expert_hb,anemia_class,no_B12,development_oof,latent_deficiency,0.8611111111111112,0.9117647058823529,0.8857142857142857,68
panel_expert_hb,anemia_class,no_B12,development_oof,mixed_deficiency,0.7222222222222222,0.5652173913043478,0.6341463414634146,92
panel_expert_hb,anemia_class,no_B12,development_oof,no_anemia_no_deficiency,0.7363636363636363,0.9204545454545454,0.8181818181818182,88
panel_expert_hb,anemia_class,no_folate,development_oof,B12_deficiency_anemia,0.6060606060606061,0.7692307692307693,0.6779661016949152,52
panel_expert_hb,anemia_class,no_folate,development_oof,B12_deficiency_no_anemia,0.7142857142857143,0.75,0.7317073170731707,40
panel_expert_hb,anemia_class,no_folate,development_oof,B6_deficiency,0.875,0.5,0.6363636363636364,28
panel_expert_hb,anemia_class,no_folate,development_oof,anemia_other,0.7777777777777778,0.9333333333333333,0.8484848484848485,60
panel_expert_hb,anemia_class,no_folate,development_oof,copper_deficiency,0.8947368421052632,0.6071428571428571,0.723404255319149,28
panel_expert_hb,anemia_class,no_folate,development_oof,folate_deficiency_anemia,0.7878787878787878,0.65,0.7123287671232876,40
panel_expert_hb,anemia_class,no_folate,development_oof,folate_deficiency_no_anemia,0.6666666666666666,0.25,0.36363636363636365,32
panel_expert_hb,anemia_class,no_folate,development_oof,inflammation_anemia,0.8947368421052632,0.9807692307692307,0.9357798165137615,52
panel_expert_hb,anemia_class,no_folate,development_oof,iron_deficiency_anemia,0.7714285714285715,0.8804347826086957,0.8223350253807107,92
panel_expert_hb,anemia_class,no_folate,development_oof,latent_deficiency,0.8985507246376812,0.9117647058823529,0.9051094890510949,68
panel_expert_hb,anemia_class,no_folate,development_oof,mixed_deficiency,0.7361111111111112,0.5760869565217391,0.6463414634146342,92
panel_expert_hb,anemia_class,no_folate,development_oof,no_anemia_no_deficiency,0.7614678899082569,0.9431818181818182,0.8426395939086294,88
panel_expert_hb,anemia_class,no_B6,development_oof,B12_deficiency_anemia,0.6984126984126984,0.8461538461538461,0.7652173913043478,52
panel_expert_hb,anemia_class,no_B6,development_oof,B12_deficiency_no_anemia,0.8095238095238095,0.85,0.8292682926829268,40
panel_expert_hb,anemia_class,no_B6,development_oof,B6_deficiency,0.5,0.10714285714285714,0.17647058823529413,28
panel_expert_hb,anemia_class,no_B6,development_oof,anemia_other,0.8115942028985508,0.9333333333333333,0.8682170542635659,60
panel_expert_hb,anemia_class,no_B6,development_oof,copper_deficiency,0.8947368421052632,0.6071428571428571,0.723404255319149,28
panel_expert_hb,anemia_class,no_B6,development_oof,folate_deficiency_anemia,0.7560975609756098,0.775,0.7654320987654321,40
panel_expert_hb,anemia_class,no_B6,development_oof,folate_deficiency_no_anemia,0.8636363636363636,0.59375,0.7037037037037037,32
panel_expert_hb,anemia_class,no_B6,development_oof,inflammation_anemia,0.8947368421052632,0.9807692307692307,0.9357798165137615,52
panel_expert_hb,anemia_class,no_B6,development_oof,iron_deficiency_anemia,0.8350515463917526,0.8804347826086957,0.8571428571428571,92
panel_expert_hb,anemia_class,no_B6,development_oof,latent_deficiency,0.8378378378378378,0.9117647058823529,0.8732394366197183,68
panel_expert_hb,anemia_class,no_B6,development_oof,mixed_deficiency,0.8,0.6956521739130435,0.7441860465116279,92
panel_expert_hb,anemia_class,no_B6,development_oof,no_anemia_no_deficiency,0.8137254901960784,0.9431818181818182,0.8736842105263158,88
panel_expert_hb,anemia_class,no_copper,development_oof,B12_deficiency_anemia,0.7166666666666667,0.8269230769230769,0.7678571428571429,52
panel_expert_hb,anemia_class,no_copper,development_oof,B12_deficiency_no_anemia,0.7391304347826086,0.85,0.7906976744186046,40
panel_expert_hb,anemia_class,no_copper,development_oof,B6_deficiency,0.8125,0.4642857142857143,0.5909090909090909,28
panel_expert_hb,anemia_class,no_copper,development_oof,anemia_other,0.7272727272727273,0.9333333333333333,0.8175182481751825,60
panel_expert_hb,anemia_class,no_copper,development_oof,copper_deficiency,0.0,0.0,0.0,28
panel_expert_hb,anemia_class,no_copper,development_oof,folate_deficiency_anemia,0.6956521739130435,0.8,0.7441860465116279,40
panel_expert_hb,anemia_class,no_copper,development_oof,folate_deficiency_no_anemia,0.7307692307692307,0.59375,0.6551724137931034,32
panel_expert_hb,anemia_class,no_copper,development_oof,inflammation_anemia,0.9107142857142857,0.9807692307692307,0.9444444444444444,52
panel_expert_hb,anemia_class,no_copper,development_oof,iron_deficiency_anemia,0.8526315789473684,0.8804347826086957,0.8663101604278075,92
panel_expert_hb,anemia_class,no_copper,development_oof,latent_deficiency,0.9117647058823529,0.9117647058823529,0.9117647058823529,68
panel_expert_hb,anemia_class,no_copper,development_oof,mixed_deficiency,0.7804878048780488,0.6956521739130435,0.735632183908046,92
panel_expert_hb,anemia_class,no_copper,development_oof,no_anemia_no_deficiency,0.81,0.9204545454545454,0.8617021276595744,88
panel_expert_hb,anemia_class,no_hemoglobin,development_oof,B12_deficiency_anemia,0.6461538461538462,0.8076923076923077,0.717948717948718,52
panel_expert_hb,anemia_class,no_hemoglobin,development_oof,B12_deficiency_no_anemia,0.9583333333333334,0.575,0.71875,40
panel_expert_hb,anemia_class,no_hemoglobin,development_oof,B6_deficiency,0.85,0.6071428571428571,0.7083333333333334,28
panel_expert_hb,anemia_class,no_hemoglobin,development_oof,anemia_other,0.8088235294117647,0.9166666666666666,0.859375,60
panel_expert_hb,anemia_class,no_hemoglobin,development_oof,copper_deficiency,0.95,0.6785714285714286,0.7916666666666666,28
panel_expert_hb,anemia_class,no_hemoglobin,development_oof,folate_deficiency_anemia,0.5636363636363636,0.775,0.6526315789473685,40
panel_expert_hb,anemia_class,no_hemoglobin,development_oof,folate_deficiency_no_anemia,0.8461538461538461,0.34375,0.4888888888888889,32
panel_expert_hb,anemia_class,no_hemoglobin,development_oof,inflammation_anemia,0.9433962264150944,0.9615384615384616,0.9523809523809523,52
panel_expert_hb,anemia_class,no_hemoglobin,development_oof,iron_deficiency_anemia,0.7830188679245284,0.9021739130434783,0.8383838383838383,92
panel_expert_hb,anemia_class,no_hemoglobin,development_oof,latent_deficiency,0.9137931034482759,0.7794117647058824,0.8412698412698413,68
panel_expert_hb,anemia_class,no_hemoglobin,development_oof,mixed_deficiency,0.7529411764705882,0.6956521739130435,0.7231638418079096,92
panel_expert_hb,anemia_class,no_hemoglobin,development_oof,no_anemia_no_deficiency,0.780952380952381,0.9318181818181818,0.8497409326424871,88
panel_expert_hb,anemia_class,no_demographics,development_oof,B12_deficiency_anemia,0.6451612903225806,0.7692307692307693,0.7017543859649122,52
panel_expert_hb,anemia_class,no_demographics,development_oof,B12_deficiency_no_anemia,0.9629629629629629,0.65,0.7761194029850746,40
panel_expert_hb,anemia_class,no_demographics,development_oof,B6_deficiency,0.8333333333333334,0.5357142857142857,0.6521739130434783,28
panel_expert_hb,anemia_class,no_demographics,development_oof,anemia_other,0.7567567567567568,0.9333333333333333,0.835820895522388,60
panel_expert_hb,anemia_class,no_demographics,development_oof,copper_deficiency,0.8181818181818182,0.6428571428571429,0.72,28
panel_expert_hb,anemia_class,no_demographics,development_oof,folate_deficiency_anemia,0.625,0.75,0.6818181818181818,40
panel_expert_hb,anemia_class,no_demographics,development_oof,folate_deficiency_no_anemia,0.7777777777777778,0.4375,0.56,32
panel_expert_hb,anemia_class,no_demographics,development_oof,inflammation_anemia,0.9074074074074074,0.9423076923076923,0.9245283018867925,52
panel_expert_hb,anemia_class,no_demographics,development_oof,iron_deficiency_anemia,0.8282828282828283,0.8913043478260869,0.8586387434554974,92
panel_expert_hb,anemia_class,no_demographics,development_oof,latent_deficiency,0.8923076923076924,0.8529411764705882,0.8721804511278195,68
panel_expert_hb,anemia_class,no_demographics,development_oof,mixed_deficiency,0.7411764705882353,0.6847826086956522,0.711864406779661,92
panel_expert_hb,anemia_class,no_demographics,development_oof,no_anemia_no_deficiency,0.79,0.8977272727272727,0.8404255319148937,88
balanced_catboost_cbc_hb,anemia_class,available,development_oof,B12_deficiency_anemia,0.4838709677419355,0.5769230769230769,0.5263157894736842,52
balanced_catboost_cbc_hb,anemia_class,available,development_oof,B12_deficiency_no_anemia,0.38095238095238093,0.4,0.3902439024390244,40
balanced_catboost_cbc_hb,anemia_class,available,development_oof,B6_deficiency,0.25,0.14285714285714285,0.18181818181818182,28
balanced_catboost_cbc_hb,anemia_class,available,development_oof,anemia_other,0.5068493150684932,0.6166666666666667,0.556390977443609,60
balanced_catboost_cbc_hb,anemia_class,available,development_oof,copper_deficiency,0.5,0.17857142857142858,0.2631578947368421,28
balanced_catboost_cbc_hb,anemia_class,available,development_oof,folate_deficiency_anemia,0.4318181818181818,0.475,0.4523809523809524,40
balanced_catboost_cbc_hb,anemia_class,available,development_oof,folate_deficiency_no_anemia,0.17391304347826086,0.125,0.14545454545454545,32
balanced_catboost_cbc_hb,anemia_class,available,development_oof,inflammation_anemia,0.5396825396825397,0.6538461538461539,0.591304347826087,52
balanced_catboost_cbc_hb,anemia_class,available,development_oof,iron_deficiency_anemia,0.6588235294117647,0.6086956521739131,0.632768361581921,92
balanced_catboost_cbc_hb,anemia_class,available,development_oof,latent_deficiency,0.5789473684210527,0.6470588235294118,0.6111111111111112,68
balanced_catboost_cbc_hb,anemia_class,available,development_oof,mixed_deficiency,0.6282051282051282,0.532608695652174,0.5764705882352941,92
balanced_catboost_cbc_hb,anemia_class,available,development_oof,no_anemia_no_deficiency,0.7,0.7954545454545454,0.7446808510638298,88
balanced_catboost_cbc_hb,anemia_class,drop30,development_oof,B12_deficiency_anemia,0.48936170212765956,0.4423076923076923,0.46464646464646464,52
balanced_catboost_cbc_hb,anemia_class,drop30,development_oof,B12_deficiency_no_anemia,0.45161290322580644,0.35,0.39436619718309857,40
balanced_catboost_cbc_hb,anemia_class,drop30,development_oof,B6_deficiency,0.2631578947368421,0.17857142857142858,0.2127659574468085,28
balanced_catboost_cbc_hb,anemia_class,drop30,development_oof,anemia_other,0.2828282828282828,0.4666666666666667,0.3522012578616352,60
balanced_catboost_cbc_hb,anemia_class,drop30,development_oof,copper_deficiency,0.3333333333333333,0.2857142857142857,0.3076923076923077,28
balanced_catboost_cbc_hb,anemia_class,drop30,development_oof,folate_deficiency_anemia,0.34146341463414637,0.35,0.345679012345679,40
balanced_catboost_cbc_hb,anemia_class,drop30,development_oof,folate_deficiency_no_anemia,0.3125,0.15625,0.20833333333333334,32
balanced_catboost_cbc_hb,anemia_class,drop30,development_oof,inflammation_anemia,0.39436619718309857,0.5384615384615384,0.45528455284552843,52
balanced_catboost_cbc_hb,anemia_class,drop30,development_oof,iron_deficiency_anemia,0.5903614457831325,0.532608695652174,0.56,92
balanced_catboost_cbc_hb,anemia_class,drop30,development_oof,latent_deficiency,0.5135135135135135,0.5588235294117647,0.5352112676056338,68
balanced_catboost_cbc_hb,anemia_class,drop30,development_oof,mixed_deficiency,0.47297297297297297,0.3804347826086957,0.42168674698795183,92
balanced_catboost_cbc_hb,anemia_class,drop30,development_oof,no_anemia_no_deficiency,0.6451612903225806,0.6818181818181818,0.6629834254143646,88
balanced_catboost_cbc_hb,anemia_class,drop60,development_oof,B12_deficiency_anemia,0.4772727272727273,0.40384615384615385,0.4375,52
balanced_catboost_cbc_hb,anemia_class,drop60,development_oof,B12_deficiency_no_anemia,0.42105263157894735,0.2,0.2711864406779661,40
balanced_catboost_cbc_hb,anemia_class,drop60,development_oof,B6_deficiency,0.0,0.0,0.0,28
balanced_catboost_cbc_hb,anemia_class,drop60,development_oof,anemia_other,0.15517241379310345,0.3,0.20454545454545456,60
balanced_catboost_cbc_hb,anemia_class,drop60,development_oof,copper_deficiency,0.04,0.03571428571428571,0.03773584905660377,28
balanced_catboost_cbc_hb,anemia_class,drop60,development_oof,folate_deficiency_anemia,0.375,0.225,0.28125,40
balanced_catboost_cbc_hb,anemia_class,drop60,development_oof,folate_deficiency_no_anemia,0.38461538461538464,0.15625,0.2222222222222222,32
balanced_catboost_cbc_hb,anemia_class,drop60,development_oof,inflammation_anemia,0.2619047619047619,0.21153846153846154,0.23404255319148937,52
balanced_catboost_cbc_hb,anemia_class,drop60,development_oof,iron_deficiency_anemia,0.3412698412698413,0.4673913043478261,0.3944954128440367,92
balanced_catboost_cbc_hb,anemia_class,drop60,development_oof,latent_deficiency,0.54,0.39705882352941174,0.4576271186440678,68
balanced_catboost_cbc_hb,anemia_class,drop60,development_oof,mixed_deficiency,0.2358490566037736,0.2717391304347826,0.25252525252525254,92
balanced_catboost_cbc_hb,anemia_class,drop60,development_oof,no_anemia_no_deficiency,0.5106382978723404,0.5454545454545454,0.5274725274725275,88
balanced_catboost_cbc_hb,anemia_class,cbc_only,development_oof,B12_deficiency_anemia,0.4838709677419355,0.5769230769230769,0.5263157894736842,52
balanced_catboost_cbc_hb,anemia_class,cbc_only,development_oof,B12_deficiency_no_anemia,0.38095238095238093,0.4,0.3902439024390244,40
balanced_catboost_cbc_hb,anemia_class,cbc_only,development_oof,B6_deficiency,0.25,0.14285714285714285,0.18181818181818182,28
balanced_catboost_cbc_hb,anemia_class,cbc_only,development_oof,anemia_other,0.5068493150684932,0.6166666666666667,0.556390977443609,60
balanced_catboost_cbc_hb,anemia_class,cbc_only,development_oof,copper_deficiency,0.5,0.17857142857142858,0.2631578947368421,28
balanced_catboost_cbc_hb,anemia_class,cbc_only,development_oof,folate_deficiency_anemia,0.4318181818181818,0.475,0.4523809523809524,40
balanced_catboost_cbc_hb,anemia_class,cbc_only,development_oof,folate_deficiency_no_anemia,0.17391304347826086,0.125,0.14545454545454545,32
balanced_catboost_cbc_hb,anemia_class,cbc_only,development_oof,inflammation_anemia,0.5396825396825397,0.6538461538461539,0.591304347826087,52
balanced_catboost_cbc_hb,anemia_class,cbc_only,development_oof,iron_deficiency_anemia,0.6588235294117647,0.6086956521739131,0.632768361581921,92
balanced_catboost_cbc_hb,anemia_class,cbc_only,development_oof,latent_deficiency,0.5789473684210527,0.6470588235294118,0.6111111111111112,68
balanced_catboost_cbc_hb,anemia_class,cbc_only,development_oof,mixed_deficiency,0.6282051282051282,0.532608695652174,0.5764705882352941,92
balanced_catboost_cbc_hb,anemia_class,cbc_only,development_oof,no_anemia_no_deficiency,0.7,0.7954545454545454,0.7446808510638298,88
balanced_catboost_cbc_hb,anemia_class,hb_only,development_oof,B12_deficiency_anemia,0.0,0.0,0.0,52
balanced_catboost_cbc_hb,anemia_class,hb_only,development_oof,B12_deficiency_no_anemia,0.2,0.175,0.18666666666666668,40
balanced_catboost_cbc_hb,anemia_class,hb_only,development_oof,B6_deficiency,0.0,0.0,0.0,28
balanced_catboost_cbc_hb,anemia_class,hb_only,development_oof,anemia_other,0.0,0.0,0.0,60
balanced_catboost_cbc_hb,anemia_class,hb_only,development_oof,copper_deficiency,0.05405405405405406,0.07142857142857142,0.06153846153846154,28
balanced_catboost_cbc_hb,anemia_class,hb_only,development_oof,folate_deficiency_anemia,0.0,0.0,0.0,40
balanced_catboost_cbc_hb,anemia_class,hb_only,development_oof,folate_deficiency_no_anemia,0.09090909090909091,0.03125,0.046511627906976744,32
balanced_catboost_cbc_hb,anemia_class,hb_only,development_oof,inflammation_anemia,0.0,0.0,0.0,52
balanced_catboost_cbc_hb,anemia_class,hb_only,development_oof,iron_deficiency_anemia,0.23809523809523808,0.5434782608695652,0.33112582781456956,92
balanced_catboost_cbc_hb,anemia_class,hb_only,development_oof,latent_deficiency,0.25,0.3088235294117647,0.27631578947368424,68
balanced_catboost_cbc_hb,anemia_class,hb_only,development_oof,mixed_deficiency,0.21052631578947367,0.43478260869565216,0.28368794326241137,92
balanced_catboost_cbc_hb,anemia_class,hb_only,development_oof,no_anemia_no_deficiency,0.49473684210526314,0.5340909090909091,0.5136612021857924,88
balanced_catboost_cbc_hb,anemia_class,no_iron,development_oof,B12_deficiency_anemia,0.4838709677419355,0.5769230769230769,0.5263157894736842,52
balanced_catboost_cbc_hb,anemia_class,no_iron,development_oof,B12_deficiency_no_anemia,0.38095238095238093,0.4,0.3902439024390244,40
balanced_catboost_cbc_hb,anemia_class,no_iron,development_oof,B6_deficiency,0.25,0.14285714285714285,0.18181818181818182,28
balanced_catboost_cbc_hb,anemia_class,no_iron,development_oof,anemia_other,0.5068493150684932,0.6166666666666667,0.556390977443609,60
balanced_catboost_cbc_hb,anemia_class,no_iron,development_oof,copper_deficiency,0.5,0.17857142857142858,0.2631578947368421,28
balanced_catboost_cbc_hb,anemia_class,no_iron,development_oof,folate_deficiency_anemia,0.4318181818181818,0.475,0.4523809523809524,40
balanced_catboost_cbc_hb,anemia_class,no_iron,development_oof,folate_deficiency_no_anemia,0.17391304347826086,0.125,0.14545454545454545,32
balanced_catboost_cbc_hb,anemia_class,no_iron,development_oof,inflammation_anemia,0.5396825396825397,0.6538461538461539,0.591304347826087,52
balanced_catboost_cbc_hb,anemia_class,no_iron,development_oof,iron_deficiency_anemia,0.6588235294117647,0.6086956521739131,0.632768361581921,92
balanced_catboost_cbc_hb,anemia_class,no_iron,development_oof,latent_deficiency,0.5789473684210527,0.6470588235294118,0.6111111111111112,68
balanced_catboost_cbc_hb,anemia_class,no_iron,development_oof,mixed_deficiency,0.6282051282051282,0.532608695652174,0.5764705882352941,92
balanced_catboost_cbc_hb,anemia_class,no_iron,development_oof,no_anemia_no_deficiency,0.7,0.7954545454545454,0.7446808510638298,88
balanced_catboost_cbc_hb,anemia_class,no_B12,development_oof,B12_deficiency_anemia,0.4838709677419355,0.5769230769230769,0.5263157894736842,52
balanced_catboost_cbc_hb,anemia_class,no_B12,development_oof,B12_deficiency_no_anemia,0.38095238095238093,0.4,0.3902439024390244,40
balanced_catboost_cbc_hb,anemia_class,no_B12,development_oof,B6_deficiency,0.25,0.14285714285714285,0.18181818181818182,28
balanced_catboost_cbc_hb,anemia_class,no_B12,development_oof,anemia_other,0.5068493150684932,0.6166666666666667,0.556390977443609,60
balanced_catboost_cbc_hb,anemia_class,no_B12,development_oof,copper_deficiency,0.5,0.17857142857142858,0.2631578947368421,28
balanced_catboost_cbc_hb,anemia_class,no_B12,development_oof,folate_deficiency_anemia,0.4318181818181818,0.475,0.4523809523809524,40
balanced_catboost_cbc_hb,anemia_class,no_B12,development_oof,folate_deficiency_no_anemia,0.17391304347826086,0.125,0.14545454545454545,32
balanced_catboost_cbc_hb,anemia_class,no_B12,development_oof,inflammation_anemia,0.5396825396825397,0.6538461538461539,0.591304347826087,52
balanced_catboost_cbc_hb,anemia_class,no_B12,development_oof,iron_deficiency_anemia,0.6588235294117647,0.6086956521739131,0.632768361581921,92
balanced_catboost_cbc_hb,anemia_class,no_B12,development_oof,latent_deficiency,0.5789473684210527,0.6470588235294118,0.6111111111111112,68
balanced_catboost_cbc_hb,anemia_class,no_B12,development_oof,mixed_deficiency,0.6282051282051282,0.532608695652174,0.5764705882352941,92
balanced_catboost_cbc_hb,anemia_class,no_B12,development_oof,no_anemia_no_deficiency,0.7,0.7954545454545454,0.7446808510638298,88
balanced_catboost_cbc_hb,anemia_class,no_folate,development_oof,B12_deficiency_anemia,0.4838709677419355,0.5769230769230769,0.5263157894736842,52
balanced_catboost_cbc_hb,anemia_class,no_folate,development_oof,B12_deficiency_no_anemia,0.38095238095238093,0.4,0.3902439024390244,40
balanced_catboost_cbc_hb,anemia_class,no_folate,development_oof,B6_deficiency,0.25,0.14285714285714285,0.18181818181818182,28
balanced_catboost_cbc_hb,anemia_class,no_folate,development_oof,anemia_other,0.5068493150684932,0.6166666666666667,0.556390977443609,60
balanced_catboost_cbc_hb,anemia_class,no_folate,development_oof,copper_deficiency,0.5,0.17857142857142858,0.2631578947368421,28
balanced_catboost_cbc_hb,anemia_class,no_folate,development_oof,folate_deficiency_anemia,0.4318181818181818,0.475,0.4523809523809524,40
balanced_catboost_cbc_hb,anemia_class,no_folate,development_oof,folate_deficiency_no_anemia,0.17391304347826086,0.125,0.14545454545454545,32
balanced_catboost_cbc_hb,anemia_class,no_folate,development_oof,inflammation_anemia,0.5396825396825397,0.6538461538461539,0.591304347826087,52
balanced_catboost_cbc_hb,anemia_class,no_folate,development_oof,iron_deficiency_anemia,0.6588235294117647,0.6086956521739131,0.632768361581921,92
balanced_catboost_cbc_hb,anemia_class,no_folate,development_oof,latent_deficiency,0.5789473684210527,0.6470588235294118,0.6111111111111112,68
balanced_catboost_cbc_hb,anemia_class,no_folate,development_oof,mixed_deficiency,0.6282051282051282,0.532608695652174,0.5764705882352941,92
balanced_catboost_cbc_hb,anemia_class,no_folate,development_oof,no_anemia_no_deficiency,0.7,0.7954545454545454,0.7446808510638298,88
balanced_catboost_cbc_hb,anemia_class,no_B6,development_oof,B12_deficiency_anemia,0.4838709677419355,0.5769230769230769,0.5263157894736842,52
balanced_catboost_cbc_hb,anemia_class,no_B6,development_oof,B12_deficiency_no_anemia,0.38095238095238093,0.4,0.3902439024390244,40
balanced_catboost_cbc_hb,anemia_class,no_B6,development_oof,B6_deficiency,0.25,0.14285714285714285,0.18181818181818182,28
balanced_catboost_cbc_hb,anemia_class,no_B6,development_oof,anemia_other,0.5068493150684932,0.6166666666666667,0.556390977443609,60
balanced_catboost_cbc_hb,anemia_class,no_B6,development_oof,copper_deficiency,0.5,0.17857142857142858,0.2631578947368421,28
balanced_catboost_cbc_hb,anemia_class,no_B6,development_oof,folate_deficiency_anemia,0.4318181818181818,0.475,0.4523809523809524,40
balanced_catboost_cbc_hb,anemia_class,no_B6,development_oof,folate_deficiency_no_anemia,0.17391304347826086,0.125,0.14545454545454545,32
balanced_catboost_cbc_hb,anemia_class,no_B6,development_oof,inflammation_anemia,0.5396825396825397,0.6538461538461539,0.591304347826087,52
balanced_catboost_cbc_hb,anemia_class,no_B6,development_oof,iron_deficiency_anemia,0.6588235294117647,0.6086956521739131,0.632768361581921,92
balanced_catboost_cbc_hb,anemia_class,no_B6,development_oof,latent_deficiency,0.5789473684210527,0.6470588235294118,0.6111111111111112,68
balanced_catboost_cbc_hb,anemia_class,no_B6,development_oof,mixed_deficiency,0.6282051282051282,0.532608695652174,0.5764705882352941,92
balanced_catboost_cbc_hb,anemia_class,no_B6,development_oof,no_anemia_no_deficiency,0.7,0.7954545454545454,0.7446808510638298,88
balanced_catboost_cbc_hb,anemia_class,no_copper,development_oof,B12_deficiency_anemia,0.4838709677419355,0.5769230769230769,0.5263157894736842,52
balanced_catboost_cbc_hb,anemia_class,no_copper,development_oof,B12_deficiency_no_anemia,0.38095238095238093,0.4,0.3902439024390244,40
balanced_catboost_cbc_hb,anemia_class,no_copper,development_oof,B6_deficiency,0.25,0.14285714285714285,0.18181818181818182,28
balanced_catboost_cbc_hb,anemia_class,no_copper,development_oof,anemia_other,0.5068493150684932,0.6166666666666667,0.556390977443609,60
balanced_catboost_cbc_hb,anemia_class,no_copper,development_oof,copper_deficiency,0.5,0.17857142857142858,0.2631578947368421,28
balanced_catboost_cbc_hb,anemia_class,no_copper,development_oof,folate_deficiency_anemia,0.4318181818181818,0.475,0.4523809523809524,40
balanced_catboost_cbc_hb,anemia_class,no_copper,development_oof,folate_deficiency_no_anemia,0.17391304347826086,0.125,0.14545454545454545,32
balanced_catboost_cbc_hb,anemia_class,no_copper,development_oof,inflammation_anemia,0.5396825396825397,0.6538461538461539,0.591304347826087,52
balanced_catboost_cbc_hb,anemia_class,no_copper,development_oof,iron_deficiency_anemia,0.6588235294117647,0.6086956521739131,0.632768361581921,92
balanced_catboost_cbc_hb,anemia_class,no_copper,development_oof,latent_deficiency,0.5789473684210527,0.6470588235294118,0.6111111111111112,68
balanced_catboost_cbc_hb,anemia_class,no_copper,development_oof,mixed_deficiency,0.6282051282051282,0.532608695652174,0.5764705882352941,92
balanced_catboost_cbc_hb,anemia_class,no_copper,development_oof,no_anemia_no_deficiency,0.7,0.7954545454545454,0.7446808510638298,88
balanced_catboost_cbc_hb,anemia_class,no_hemoglobin,development_oof,B12_deficiency_anemia,0.4375,0.5384615384615384,0.4827586206896552,52
balanced_catboost_cbc_hb,anemia_class,no_hemoglobin,development_oof,B12_deficiency_no_anemia,0.5333333333333333,0.2,0.2909090909090909,40
balanced_catboost_cbc_hb,anemia_class,no_hemoglobin,development_oof,B6_deficiency,0.15151515151515152,0.17857142857142858,0.16393442622950818,28
balanced_catboost_cbc_hb,anemia_class,no_hemoglobin,development_oof,anemia_other,0.4567901234567901,0.6166666666666667,0.524822695035461,60
balanced_catboost_cbc_hb,anemia_class,no_hemoglobin,development_oof,copper_deficiency,0.5,0.10714285714285714,0.17647058823529413,28
balanced_catboost_cbc_hb,anemia_class,no_hemoglobin,development_oof,folate_deficiency_anemia,0.32653061224489793,0.4,0.3595505617977528,40
balanced_catboost_cbc_hb,anemia_class,no_hemoglobin,development_oof,folate_deficiency_no_anemia,0.32142857142857145,0.28125,0.3,32
balanced_catboost_cbc_hb,anemia_class,no_hemoglobin,development_oof,inflammation_anemia,0.543859649122807,0.5961538461538461,0.5688073394495413,52
balanced_catboost_cbc_hb,anemia_class,no_hemoglobin,development_oof,iron_deficiency_anemia,0.58,0.6304347826086957,0.6041666666666666,92
balanced_catboost_cbc_hb,anemia_class,no_hemoglobin,development_oof,latent_deficiency,0.515625,0.4852941176470588,0.5,68
balanced_catboost_cbc_hb,anemia_class,no_hemoglobin,development_oof,mixed_deficiency,0.5662650602409639,0.5108695652173914,0.5371428571428571,92
balanced_catboost_cbc_hb,anemia_class,no_hemoglobin,development_oof,no_anemia_no_deficiency,0.6847826086956522,0.7159090909090909,0.7,88
balanced_catboost_cbc_hb,anemia_class,no_demographics,development_oof,B12_deficiency_anemia,0.45454545454545453,0.5769230769230769,0.5084745762711864,52
balanced_catboost_cbc_hb,anemia_class,no_demographics,development_oof,B12_deficiency_no_anemia,0.5,0.15,0.23076923076923078,40
balanced_catboost_cbc_hb,anemia_class,no_demographics,development_oof,B6_deficiency,0.2777777777777778,0.17857142857142858,0.21739130434782608,28
balanced_catboost_cbc_hb,anemia_class,no_demographics,development_oof,anemia_other,0.45121951219512196,0.6166666666666667,0.5211267605633803,60
balanced_catboost_cbc_hb,anemia_class,no_demographics,development_oof,copper_deficiency,0.36363636363636365,0.2857142857142857,0.32,28
balanced_catboost_cbc_hb,anemia_class,no_demographics,development_oof,folate_deficiency_anemia,0.38461538461538464,0.375,0.379746835443038,40
balanced_catboost_cbc_hb,anemia_class,no_demographics,development_oof,folate_deficiency_no_anemia,0.36363636363636365,0.25,0.2962962962962963,32
balanced_catboost_cbc_hb,anemia_class,no_demographics,development_oof,inflammation_anemia,0.5689655172413793,0.6346153846153846,0.6,52
balanced_catboost_cbc_hb,anemia_class,no_demographics,development_oof,iron_deficiency_anemia,0.5925925925925926,0.6956521739130435,0.64,92
balanced_catboost_cbc_hb,anemia_class,no_demographics,development_oof,latent_deficiency,0.547945205479452,0.5882352941176471,0.5673758865248227,68
balanced_catboost_cbc_hb,anemia_class,no_demographics,development_oof,mixed_deficiency,0.5945945945945946,0.4782608695652174,0.5301204819277109,92
balanced_catboost_cbc_hb,anemia_class,no_demographics,development_oof,no_anemia_no_deficiency,0.6938775510204082,0.7727272727272727,0.7311827956989247,88
balanced_trees_cbc_hb,anemia_class,available,development_oof,B12_deficiency_anemia,0.4925373134328358,0.6346153846153846,0.5546218487394958,52
balanced_trees_cbc_hb,anemia_class,available,development_oof,B12_deficiency_no_anemia,0.4,0.4,0.4,40
balanced_trees_cbc_hb,anemia_class,available,development_oof,B6_deficiency,0.4166666666666667,0.17857142857142858,0.25,28
balanced_trees_cbc_hb,anemia_class,available,development_oof,anemia_other,0.4444444444444444,0.5333333333333333,0.48484848484848486,60
balanced_trees_cbc_hb,anemia_class,available,development_oof,copper_deficiency,0.25,0.03571428571428571,0.0625,28
balanced_trees_cbc_hb,anemia_class,available,development_oof,folate_deficiency_anemia,0.45,0.45,0.45,40
balanced_trees_cbc_hb,anemia_class,available,development_oof,folate_deficiency_no_anemia,0.25,0.21875,0.23333333333333334,32
balanced_trees_cbc_hb,anemia_class,available,development_oof,inflammation_anemia,0.5161290322580645,0.6153846153846154,0.5614035087719298,52
balanced_trees_cbc_hb,anemia_class,available,development_oof,iron_deficiency_anemia,0.6190476190476191,0.5652173913043478,0.5909090909090909,92
balanced_trees_cbc_hb,anemia_class,available,development_oof,latent_deficiency,0.6615384615384615,0.6323529411764706,0.6466165413533834,68
balanced_trees_cbc_hb,anemia_class,available,development_oof,mixed_deficiency,0.5730337078651685,0.5543478260869565,0.56353591160221,92
balanced_trees_cbc_hb,anemia_class,available,development_oof,no_anemia_no_deficiency,0.6880733944954128,0.8522727272727273,0.7614213197969543,88
balanced_trees_cbc_hb,anemia_class,drop30,development_oof,B12_deficiency_anemia,0.42857142857142855,0.5192307692307693,0.46956521739130436,52
balanced_trees_cbc_hb,anemia_class,drop30,development_oof,B12_deficiency_no_anemia,0.3793103448275862,0.275,0.3188405797101449,40
balanced_trees_cbc_hb,anemia_class,drop30,development_oof,B6_deficiency,0.2222222222222222,0.07142857142857142,0.10810810810810811,28
balanced_trees_cbc_hb,anemia_class,drop30,development_oof,anemia_other,0.375,0.6,0.46153846153846156,60
balanced_trees_cbc_hb,anemia_class,drop30,development_oof,copper_deficiency,0.3333333333333333,0.03571428571428571,0.06451612903225806,28
balanced_trees_cbc_hb,anemia_class,drop30,development_oof,folate_deficiency_anemia,0.38235294117647056,0.325,0.35135135135135137,40
balanced_trees_cbc_hb,anemia_class,drop30,development_oof,folate_deficiency_no_anemia,0.15384615384615385,0.125,0.13793103448275862,32
balanced_trees_cbc_hb,anemia_class,drop30,development_oof,inflammation_anemia,0.42857142857142855,0.5192307692307693,0.46956521739130436,52
balanced_trees_cbc_hb,anemia_class,drop30,development_oof,iron_deficiency_anemia,0.5903614457831325,0.532608695652174,0.56,92
balanced_trees_cbc_hb,anemia_class,drop30,development_oof,latent_deficiency,0.578125,0.5441176470588235,0.5606060606060606,68
balanced_trees_cbc_hb,anemia_class,drop30,development_oof,mixed_deficiency,0.5,0.5,0.5,92
balanced_trees_cbc_hb,anemia_class,drop30,development_oof,no_anemia_no_deficiency,0.6090909090909091,0.7613636363636364,0.6767676767676768,88
balanced_trees_cbc_hb,anemia_class,drop60,development_oof,B12_deficiency_anemia,0.4418604651162791,0.36538461538461536,0.4,52
balanced_trees_cbc_hb,anemia_class,drop60,development_oof,B12_deficiency_no_anemia,0.4444444444444444,0.2,0.27586206896551724,40
balanced_trees_cbc_hb,anemia_class,drop60,development_oof,B6_deficiency,0.16666666666666666,0.03571428571428571,0.058823529411764705,28
balanced_trees_cbc_hb,anemia_class,drop60,development_oof,anemia_other,0.2112676056338028,0.5,0.297029702970297,60
balanced_trees_cbc_hb,anemia_class,drop60,development_oof,copper_deficiency,0.25,0.03571428571428571,0.0625,28
balanced_trees_cbc_hb,anemia_class,drop60,development_oof,folate_deficiency_anemia,0.3103448275862069,0.225,0.2608695652173913,40
balanced_trees_cbc_hb,anemia_class,drop60,development_oof,folate_deficiency_no_anemia,0.2903225806451613,0.28125,0.2857142857142857,32
balanced_trees_cbc_hb,anemia_class,drop60,development_oof,inflammation_anemia,0.3018867924528302,0.3076923076923077,0.3047619047619048,52
balanced_trees_cbc_hb,anemia_class,drop60,development_oof,iron_deficiency_anemia,0.45054945054945056,0.44565217391304346,0.44808743169398907,92
balanced_trees_cbc_hb,anemia_class,drop60,development_oof,latent_deficiency,0.4861111111111111,0.5147058823529411,0.5,68
balanced_trees_cbc_hb,anemia_class,drop60,development_oof,mixed_deficiency,0.3,0.29347826086956524,0.2967032967032967,92
balanced_trees_cbc_hb,anemia_class,drop60,development_oof,no_anemia_no_deficiency,0.5376344086021505,0.5681818181818182,0.5524861878453039,88
balanced_trees_cbc_hb,anemia_class,cbc_only,development_oof,B12_deficiency_anemia,0.4925373134328358,0.6346153846153846,0.5546218487394958,52
balanced_trees_cbc_hb,anemia_class,cbc_only,development_oof,B12_deficiency_no_anemia,0.4,0.4,0.4,40
balanced_trees_cbc_hb,anemia_class,cbc_only,development_oof,B6_deficiency,0.4166666666666667,0.17857142857142858,0.25,28
balanced_trees_cbc_hb,anemia_class,cbc_only,development_oof,anemia_other,0.4444444444444444,0.5333333333333333,0.48484848484848486,60
balanced_trees_cbc_hb,anemia_class,cbc_only,development_oof,copper_deficiency,0.25,0.03571428571428571,0.0625,28
balanced_trees_cbc_hb,anemia_class,cbc_only,development_oof,folate_deficiency_anemia,0.45,0.45,0.45,40
balanced_trees_cbc_hb,anemia_class,cbc_only,development_oof,folate_deficiency_no_anemia,0.25,0.21875,0.23333333333333334,32
balanced_trees_cbc_hb,anemia_class,cbc_only,development_oof,inflammation_anemia,0.5161290322580645,0.6153846153846154,0.5614035087719298,52
balanced_trees_cbc_hb,anemia_class,cbc_only,development_oof,iron_deficiency_anemia,0.6190476190476191,0.5652173913043478,0.5909090909090909,92
balanced_trees_cbc_hb,anemia_class,cbc_only,development_oof,latent_deficiency,0.6615384615384615,0.6323529411764706,0.6466165413533834,68
balanced_trees_cbc_hb,anemia_class,cbc_only,development_oof,mixed_deficiency,0.5730337078651685,0.5543478260869565,0.56353591160221,92
balanced_trees_cbc_hb,anemia_class,cbc_only,development_oof,no_anemia_no_deficiency,0.6880733944954128,0.8522727272727273,0.7614213197969543,88
balanced_trees_cbc_hb,anemia_class,hb_only,development_oof,B12_deficiency_anemia,0.0,0.0,0.0,52
balanced_trees_cbc_hb,anemia_class,hb_only,development_oof,B12_deficiency_no_anemia,0.22580645161290322,0.175,0.19718309859154928,40
balanced_trees_cbc_hb,anemia_class,hb_only,development_oof,B6_deficiency,0.0,0.0,0.0,28
balanced_trees_cbc_hb,anemia_class,hb_only,development_oof,anemia_other,0.1320754716981132,0.23333333333333334,0.1686746987951807,60
balanced_trees_cbc_hb,anemia_class,hb_only,development_oof,copper_deficiency,0.11764705882352941,0.07142857142857142,0.08888888888888889,28
balanced_trees_cbc_hb,anemia_class,hb_only,development_oof,folate_deficiency_anemia,0.0,0.0,0.0,40
balanced_trees_cbc_hb,anemia_class,hb_only,development_oof,folate_deficiency_no_anemia,0.1836734693877551,0.28125,0.2222222222222222,32
balanced_trees_cbc_hb,anemia_class,hb_only,development_oof,inflammation_anemia,0.1111111111111111,0.038461538461538464,0.05714285714285714,52
balanced_trees_cbc_hb,anemia_class,hb_only,development_oof,iron_deficiency_anemia,0.20212765957446807,0.20652173913043478,0.20430107526881722,92
balanced_trees_cbc_hb,anemia_class,hb_only,development_oof,latent_deficiency,0.21052631578947367,0.11764705882352941,0.1509433962264151,68
balanced_trees_cbc_hb,anemia_class,hb_only,development_oof,mixed_deficiency,0.215,0.4673913043478261,0.2945205479452055,92
balanced_trees_cbc_hb,anemia_class,hb_only,development_oof,no_anemia_no_deficiency,0.46956521739130436,0.6136363636363636,0.5320197044334976,88
balanced_trees_cbc_hb,anemia_class,no_iron,development_oof,B12_deficiency_anemia,0.4925373134328358,0.6346153846153846,0.5546218487394958,52
balanced_trees_cbc_hb,anemia_class,no_iron,development_oof,B12_deficiency_no_anemia,0.4,0.4,0.4,40
balanced_trees_cbc_hb,anemia_class,no_iron,development_oof,B6_deficiency,0.4166666666666667,0.17857142857142858,0.25,28
balanced_trees_cbc_hb,anemia_class,no_iron,development_oof,anemia_other,0.4444444444444444,0.5333333333333333,0.48484848484848486,60
balanced_trees_cbc_hb,anemia_class,no_iron,development_oof,copper_deficiency,0.25,0.03571428571428571,0.0625,28
balanced_trees_cbc_hb,anemia_class,no_iron,development_oof,folate_deficiency_anemia,0.45,0.45,0.45,40
balanced_trees_cbc_hb,anemia_class,no_iron,development_oof,folate_deficiency_no_anemia,0.25,0.21875,0.23333333333333334,32
balanced_trees_cbc_hb,anemia_class,no_iron,development_oof,inflammation_anemia,0.5161290322580645,0.6153846153846154,0.5614035087719298,52
balanced_trees_cbc_hb,anemia_class,no_iron,development_oof,iron_deficiency_anemia,0.6190476190476191,0.5652173913043478,0.5909090909090909,92
balanced_trees_cbc_hb,anemia_class,no_iron,development_oof,latent_deficiency,0.6615384615384615,0.6323529411764706,0.6466165413533834,68
balanced_trees_cbc_hb,anemia_class,no_iron,development_oof,mixed_deficiency,0.5730337078651685,0.5543478260869565,0.56353591160221,92
balanced_trees_cbc_hb,anemia_class,no_iron,development_oof,no_anemia_no_deficiency,0.6880733944954128,0.8522727272727273,0.7614213197969543,88
balanced_trees_cbc_hb,anemia_class,no_B12,development_oof,B12_deficiency_anemia,0.4925373134328358,0.6346153846153846,0.5546218487394958,52
balanced_trees_cbc_hb,anemia_class,no_B12,development_oof,B12_deficiency_no_anemia,0.4,0.4,0.4,40
balanced_trees_cbc_hb,anemia_class,no_B12,development_oof,B6_deficiency,0.4166666666666667,0.17857142857142858,0.25,28
balanced_trees_cbc_hb,anemia_class,no_B12,development_oof,anemia_other,0.4444444444444444,0.5333333333333333,0.48484848484848486,60
balanced_trees_cbc_hb,anemia_class,no_B12,development_oof,copper_deficiency,0.25,0.03571428571428571,0.0625,28
balanced_trees_cbc_hb,anemia_class,no_B12,development_oof,folate_deficiency_anemia,0.45,0.45,0.45,40
balanced_trees_cbc_hb,anemia_class,no_B12,development_oof,folate_deficiency_no_anemia,0.25,0.21875,0.23333333333333334,32
balanced_trees_cbc_hb,anemia_class,no_B12,development_oof,inflammation_anemia,0.5161290322580645,0.6153846153846154,0.5614035087719298,52
balanced_trees_cbc_hb,anemia_class,no_B12,development_oof,iron_deficiency_anemia,0.6190476190476191,0.5652173913043478,0.5909090909090909,92
balanced_trees_cbc_hb,anemia_class,no_B12,development_oof,latent_deficiency,0.6615384615384615,0.6323529411764706,0.6466165413533834,68
balanced_trees_cbc_hb,anemia_class,no_B12,development_oof,mixed_deficiency,0.5730337078651685,0.5543478260869565,0.56353591160221,92
balanced_trees_cbc_hb,anemia_class,no_B12,development_oof,no_anemia_no_deficiency,0.6880733944954128,0.8522727272727273,0.7614213197969543,88
balanced_trees_cbc_hb,anemia_class,no_folate,development_oof,B12_deficiency_anemia,0.4925373134328358,0.6346153846153846,0.5546218487394958,52
balanced_trees_cbc_hb,anemia_class,no_folate,development_oof,B12_deficiency_no_anemia,0.4,0.4,0.4,40
balanced_trees_cbc_hb,anemia_class,no_folate,development_oof,B6_deficiency,0.4166666666666667,0.17857142857142858,0.25,28
balanced_trees_cbc_hb,anemia_class,no_folate,development_oof,anemia_other,0.4444444444444444,0.5333333333333333,0.48484848484848486,60
balanced_trees_cbc_hb,anemia_class,no_folate,development_oof,copper_deficiency,0.25,0.03571428571428571,0.0625,28
balanced_trees_cbc_hb,anemia_class,no_folate,development_oof,folate_deficiency_anemia,0.45,0.45,0.45,40
balanced_trees_cbc_hb,anemia_class,no_folate,development_oof,folate_deficiency_no_anemia,0.25,0.21875,0.23333333333333334,32
balanced_trees_cbc_hb,anemia_class,no_folate,development_oof,inflammation_anemia,0.5161290322580645,0.6153846153846154,0.5614035087719298,52
balanced_trees_cbc_hb,anemia_class,no_folate,development_oof,iron_deficiency_anemia,0.6190476190476191,0.5652173913043478,0.5909090909090909,92
balanced_trees_cbc_hb,anemia_class,no_folate,development_oof,latent_deficiency,0.6615384615384615,0.6323529411764706,0.6466165413533834,68
balanced_trees_cbc_hb,anemia_class,no_folate,development_oof,mixed_deficiency,0.5730337078651685,0.5543478260869565,0.56353591160221,92
balanced_trees_cbc_hb,anemia_class,no_folate,development_oof,no_anemia_no_deficiency,0.6880733944954128,0.8522727272727273,0.7614213197969543,88
balanced_trees_cbc_hb,anemia_class,no_B6,development_oof,B12_deficiency_anemia,0.4925373134328358,0.6346153846153846,0.5546218487394958,52
balanced_trees_cbc_hb,anemia_class,no_B6,development_oof,B12_deficiency_no_anemia,0.4,0.4,0.4,40
balanced_trees_cbc_hb,anemia_class,no_B6,development_oof,B6_deficiency,0.4166666666666667,0.17857142857142858,0.25,28
balanced_trees_cbc_hb,anemia_class,no_B6,development_oof,anemia_other,0.4444444444444444,0.5333333333333333,0.48484848484848486,60
balanced_trees_cbc_hb,anemia_class,no_B6,development_oof,copper_deficiency,0.25,0.03571428571428571,0.0625,28
balanced_trees_cbc_hb,anemia_class,no_B6,development_oof,folate_deficiency_anemia,0.45,0.45,0.45,40
balanced_trees_cbc_hb,anemia_class,no_B6,development_oof,folate_deficiency_no_anemia,0.25,0.21875,0.23333333333333334,32
balanced_trees_cbc_hb,anemia_class,no_B6,development_oof,inflammation_anemia,0.5161290322580645,0.6153846153846154,0.5614035087719298,52
balanced_trees_cbc_hb,anemia_class,no_B6,development_oof,iron_deficiency_anemia,0.6190476190476191,0.5652173913043478,0.5909090909090909,92
balanced_trees_cbc_hb,anemia_class,no_B6,development_oof,latent_deficiency,0.6615384615384615,0.6323529411764706,0.6466165413533834,68
balanced_trees_cbc_hb,anemia_class,no_B6,development_oof,mixed_deficiency,0.5730337078651685,0.5543478260869565,0.56353591160221,92
balanced_trees_cbc_hb,anemia_class,no_B6,development_oof,no_anemia_no_deficiency,0.6880733944954128,0.8522727272727273,0.7614213197969543,88
balanced_trees_cbc_hb,anemia_class,no_copper,development_oof,B12_deficiency_anemia,0.4925373134328358,0.6346153846153846,0.5546218487394958,52
balanced_trees_cbc_hb,anemia_class,no_copper,development_oof,B12_deficiency_no_anemia,0.4,0.4,0.4,40
balanced_trees_cbc_hb,anemia_class,no_copper,development_oof,B6_deficiency,0.4166666666666667,0.17857142857142858,0.25,28
balanced_trees_cbc_hb,anemia_class,no_copper,development_oof,anemia_other,0.4444444444444444,0.5333333333333333,0.48484848484848486,60
balanced_trees_cbc_hb,anemia_class,no_copper,development_oof,copper_deficiency,0.25,0.03571428571428571,0.0625,28
balanced_trees_cbc_hb,anemia_class,no_copper,development_oof,folate_deficiency_anemia,0.45,0.45,0.45,40
balanced_trees_cbc_hb,anemia_class,no_copper,development_oof,folate_deficiency_no_anemia,0.25,0.21875,0.23333333333333334,32
balanced_trees_cbc_hb,anemia_class,no_copper,development_oof,inflammation_anemia,0.5161290322580645,0.6153846153846154,0.5614035087719298,52
balanced_trees_cbc_hb,anemia_class,no_copper,development_oof,iron_deficiency_anemia,0.6190476190476191,0.5652173913043478,0.5909090909090909,92
balanced_trees_cbc_hb,anemia_class,no_copper,development_oof,latent_deficiency,0.6615384615384615,0.6323529411764706,0.6466165413533834,68
balanced_trees_cbc_hb,anemia_class,no_copper,development_oof,mixed_deficiency,0.5730337078651685,0.5543478260869565,0.56353591160221,92
balanced_trees_cbc_hb,anemia_class,no_copper,development_oof,no_anemia_no_deficiency,0.6880733944954128,0.8522727272727273,0.7614213197969543,88
balanced_trees_cbc_hb,anemia_class,no_hemoglobin,development_oof,B12_deficiency_anemia,0.4246575342465753,0.5961538461538461,0.496,52
balanced_trees_cbc_hb,anemia_class,no_hemoglobin,development_oof,B12_deficiency_no_anemia,0.3684210526315789,0.175,0.23728813559322035,40
balanced_trees_cbc_hb,anemia_class,no_hemoglobin,development_oof,B6_deficiency,0.5,0.10714285714285714,0.17647058823529413,28
balanced_trees_cbc_hb,anemia_class,no_hemoglobin,development_oof,anemia_other,0.47297297297297297,0.5833333333333334,0.5223880597014925,60
balanced_trees_cbc_hb,anemia_class,no_hemoglobin,development_oof,copper_deficiency,0.5,0.10714285714285714,0.17647058823529413,28
balanced_trees_cbc_hb,anemia_class,no_hemoglobin,development_oof,folate_deficiency_anemia,0.3617021276595745,0.425,0.39080459770114945,40
balanced_trees_cbc_hb,anemia_class,no_hemoglobin,development_oof,folate_deficiency_no_anemia,0.3157894736842105,0.1875,0.23529411764705882,32
balanced_trees_cbc_hb,anemia_class,no_hemoglobin,development_oof,inflammation_anemia,0.559322033898305,0.6346153846153846,0.5945945945945946,52
balanced_trees_cbc_hb,anemia_class,no_hemoglobin,development_oof,iron_deficiency_anemia,0.6333333333333333,0.6195652173913043,0.6263736263736264,92
balanced_trees_cbc_hb,anemia_class,no_hemoglobin,development_oof,latent_deficiency,0.6329113924050633,0.7352941176470589,0.6802721088435374,68
balanced_trees_cbc_hb,anemia_class,no_hemoglobin,development_oof,mixed_deficiency,0.5632183908045977,0.532608695652174,0.547486033519553,92
balanced_trees_cbc_hb,anemia_class,no_hemoglobin,development_oof,no_anemia_no_deficiency,0.6017699115044248,0.7727272727272727,0.6766169154228856,88
balanced_trees_cbc_hb,anemia_class,no_demographics,development_oof,B12_deficiency_anemia,0.43478260869565216,0.5769230769230769,0.49586776859504134,52
balanced_trees_cbc_hb,anemia_class,no_demographics,development_oof,B12_deficiency_no_anemia,0.5666666666666667,0.425,0.4857142857142857,40
balanced_trees_cbc_hb,anemia_class,no_demographics,development_oof,B6_deficiency,0.46153846153846156,0.21428571428571427,0.2926829268292683,28
balanced_trees_cbc_hb,anemia_class,no_demographics,development_oof,anemia_other,0.4358974358974359,0.5666666666666667,0.4927536231884058,60
balanced_trees_cbc_hb,anemia_class,no_demographics,development_oof,copper_deficiency,0.5,0.07142857142857142,0.125,28
balanced_trees_cbc_hb,anemia_class,no_demographics,development_oof,folate_deficiency_anemia,0.3269230769230769,0.425,0.3695652173913043,40
balanced_trees_cbc_hb,anemia_class,no_demographics,development_oof,folate_deficiency_no_anemia,0.38095238095238093,0.25,0.3018867924528302,32
balanced_trees_cbc_hb,anemia_class,no_demographics,development_oof,inflammation_anemia,0.5230769230769231,0.6538461538461539,0.5811965811965812,52
balanced_trees_cbc_hb,anemia_class,no_demographics,development_oof,iron_deficiency_anemia,0.6,0.6521739130434783,0.625,92
balanced_trees_cbc_hb,anemia_class,no_demographics,development_oof,latent_deficiency,0.676923076923077,0.6470588235294118,0.6616541353383458,68
balanced_trees_cbc_hb,anemia_class,no_demographics,development_oof,mixed_deficiency,0.6486486486486487,0.5217391304347826,0.5783132530120482,92
balanced_trees_cbc_hb,anemia_class,no_demographics,development_oof,no_anemia_no_deficiency,0.6831683168316832,0.7840909090909091,0.7301587301587301,88
augmented_trees_hb,anemia_class,available,reused_holdout,B12_deficiency_anemia,0.7333333333333333,0.8461538461538461,0.7857142857142857,13
augmented_trees_hb,anemia_class,available,reused_holdout,B12_deficiency_no_anemia,0.9090909090909091,1.0,0.9523809523809523,10
augmented_trees_hb,anemia_class,available,reused_holdout,B6_deficiency,1.0,0.8571428571428571,0.9230769230769231,7
augmented_trees_hb,anemia_class,available,reused_holdout,anemia_other,0.8333333333333334,1.0,0.9090909090909091,15
augmented_trees_hb,anemia_class,available,reused_holdout,copper_deficiency,1.0,0.5714285714285714,0.7272727272727273,7
augmented_trees_hb,anemia_class,available,reused_holdout,folate_deficiency_anemia,1.0,0.9,0.9473684210526315,10
augmented_trees_hb,anemia_class,available,reused_holdout,folate_deficiency_no_anemia,1.0,0.625,0.7692307692307693,8
augmented_trees_hb,anemia_class,available,reused_holdout,inflammation_anemia,1.0,1.0,1.0,13
augmented_trees_hb,anemia_class,available,reused_holdout,iron_deficiency_anemia,0.8333333333333334,0.8695652173913043,0.851063829787234,23
augmented_trees_hb,anemia_class,available,reused_holdout,latent_deficiency,0.85,1.0,0.918918918918919,17
augmented_trees_hb,anemia_class,available,reused_holdout,mixed_deficiency,0.6818181818181818,0.6521739130434783,0.6666666666666666,23
augmented_trees_hb,anemia_class,available,reused_holdout,no_anemia_no_deficiency,0.9523809523809523,0.9090909090909091,0.9302325581395349,22
augmented_trees_hb,anemia_class,drop30,reused_holdout,B12_deficiency_anemia,0.625,0.7692307692307693,0.6896551724137931,13
augmented_trees_hb,anemia_class,drop30,reused_holdout,B12_deficiency_no_anemia,0.7777777777777778,0.7,0.7368421052631579,10
augmented_trees_hb,anemia_class,drop30,reused_holdout,B6_deficiency,1.0,0.42857142857142855,0.6,7
augmented_trees_hb,anemia_class,drop30,reused_holdout,anemia_other,0.6086956521739131,0.9333333333333333,0.7368421052631579,15
augmented_trees_hb,anemia_class,drop30,reused_holdout,copper_deficiency,1.0,0.2857142857142857,0.4444444444444444,7
augmented_trees_hb,anemia_class,drop30,reused_holdout,folate_deficiency_anemia,0.6666666666666666,0.6,0.631578947368421,10
augmented_trees_hb,anemia_class,drop30,reused_holdout,folate_deficiency_no_anemia,0.5,0.125,0.2,8
augmented_trees_hb,anemia_class,drop30,reused_holdout,inflammation_anemia,1.0,0.9230769230769231,0.96,13
augmented_trees_hb,anemia_class,drop30,reused_holdout,iron_deficiency_anemia,0.7307692307692307,0.8260869565217391,0.7755102040816326,23
augmented_trees_hb,anemia_class,drop30,reused_holdout,latent_deficiency,1.0,0.9411764705882353,0.9696969696969697,17
augmented_trees_hb,anemia_class,drop30,reused_holdout,mixed_deficiency,0.65,0.5652173913043478,0.6046511627906976,23
augmented_trees_hb,anemia_class,drop30,reused_holdout,no_anemia_no_deficiency,0.6666666666666666,0.9090909090909091,0.7692307692307693,22
augmented_trees_hb,anemia_class,drop60,reused_holdout,B12_deficiency_anemia,0.6153846153846154,0.6153846153846154,0.6153846153846154,13
augmented_trees_hb,anemia_class,drop60,reused_holdout,B12_deficiency_no_anemia,0.7272727272727273,0.8,0.7619047619047619,10
augmented_trees_hb,anemia_class,drop60,reused_holdout,B6_deficiency,1.0,0.42857142857142855,0.6,7
augmented_trees_hb,anemia_class,drop60,reused_holdout,anemia_other,0.5217391304347826,0.8,0.631578947368421,15
augmented_trees_hb,anemia_class,drop60,reused_holdout,copper_deficiency,1.0,0.14285714285714285,0.25,7
augmented_trees_hb,anemia_class,drop60,reused_holdout,folate_deficiency_anemia,0.75,0.3,0.42857142857142855,10
augmented_trees_hb,anemia_class,drop60,reused_holdout,folate_deficiency_no_anemia,1.0,0.125,0.2222222222222222,8
augmented_trees_hb,anemia_class,drop60,reused_holdout,inflammation_anemia,0.7692307692307693,0.7692307692307693,0.7692307692307693,13
augmented_trees_hb,anemia_class,drop60,reused_holdout,iron_deficiency_anemia,0.5517241379310345,0.6956521739130435,0.6153846153846154,23
augmented_trees_hb,anemia_class,drop60,reused_holdout,latent_deficiency,1.0,0.5882352941176471,0.7407407407407407,17
augmented_trees_hb,anemia_class,drop60,reused_holdout,mixed_deficiency,0.6111111111111112,0.4782608695652174,0.5365853658536586,23
augmented_trees_hb,anemia_class,drop60,reused_holdout,no_anemia_no_deficiency,0.5,0.9545454545454546,0.65625,22
augmented_trees_hb,anemia_class,cbc_only,reused_holdout,B12_deficiency_anemia,0.4444444444444444,0.6153846153846154,0.5161290322580645,13
augmented_trees_hb,anemia_class,cbc_only,reused_holdout,B12_deficiency_no_anemia,0.42857142857142855,0.3,0.35294117647058826,10
augmented_trees_hb,anemia_class,cbc_only,reused_holdout,B6_deficiency,0.0,0.0,0.0,7
augmented_trees_hb,anemia_class,cbc_only,reused_holdout,anemia_other,0.41935483870967744,0.8666666666666667,0.5652173913043478,15
augmented_trees_hb,anemia_class,cbc_only,reused_holdout,copper_deficiency,0.0,0.0,0.0,7
augmented_trees_hb,anemia_class,cbc_only,reused_holdout,folate_deficiency_anemia,0.375,0.3,0.3333333333333333,10
augmented_trees_hb,anemia_class,cbc_only,reused_holdout,folate_deficiency_no_anemia,0.3333333333333333,0.125,0.18181818181818182,8
augmented_trees_hb,anemia_class,cbc_only,reused_holdout,inflammation_anemia,0.5,0.15384615384615385,0.23529411764705882,13
augmented_trees_hb,anemia_class,cbc_only,reused_holdout,iron_deficiency_anemia,0.6,0.782608695652174,0.6792452830188679,23
augmented_trees_hb,anemia_class,cbc_only,reused_holdout,latent_deficiency,0.6666666666666666,0.7058823529411765,0.6857142857142857,17
augmented_trees_hb,anemia_class,cbc_only,reused_holdout,mixed_deficiency,0.47368421052631576,0.391304347826087,0.42857142857142855,23
augmented_trees_hb,anemia_class,cbc_only,reused_holdout,no_anemia_no_deficiency,0.6666666666666666,0.9090909090909091,0.7692307692307693,22
augmented_trees_hb,anemia_class,hb_only,reused_holdout,B12_deficiency_anemia,0.0,0.0,0.0,13
augmented_trees_hb,anemia_class,hb_only,reused_holdout,B12_deficiency_no_anemia,0.0,0.0,0.0,10
augmented_trees_hb,anemia_class,hb_only,reused_holdout,B6_deficiency,0.0,0.0,0.0,7
augmented_trees_hb,anemia_class,hb_only,reused_holdout,anemia_other,0.13636363636363635,1.0,0.24,15
augmented_trees_hb,anemia_class,hb_only,reused_holdout,copper_deficiency,0.0,0.0,0.0,7
augmented_trees_hb,anemia_class,hb_only,reused_holdout,folate_deficiency_anemia,0.0,0.0,0.0,10
augmented_trees_hb,anemia_class,hb_only,reused_holdout,folate_deficiency_no_anemia,0.0,0.0,0.0,8
augmented_trees_hb,anemia_class,hb_only,reused_holdout,inflammation_anemia,0.0,0.0,0.0,13
augmented_trees_hb,anemia_class,hb_only,reused_holdout,iron_deficiency_anemia,0.0,0.0,0.0,23
augmented_trees_hb,anemia_class,hb_only,reused_holdout,latent_deficiency,0.0,0.0,0.0,17
augmented_trees_hb,anemia_class,hb_only,reused_holdout,mixed_deficiency,0.0,0.0,0.0,23
augmented_trees_hb,anemia_class,hb_only,reused_holdout,no_anemia_no_deficiency,0.3793103448275862,1.0,0.55,22
augmented_trees_hb,anemia_class,no_iron,reused_holdout,B12_deficiency_anemia,0.6875,0.8461538461538461,0.7586206896551724,13
augmented_trees_hb,anemia_class,no_iron,reused_holdout,B12_deficiency_no_anemia,0.9090909090909091,1.0,0.9523809523809523,10
augmented_trees_hb,anemia_class,no_iron,reused_holdout,B6_deficiency,0.8571428571428571,0.8571428571428571,0.8571428571428571,7
augmented_trees_hb,anemia_class,no_iron,reused_holdout,anemia_other,0.7142857142857143,1.0,0.8333333333333334,15
augmented_trees_hb,anemia_class,no_iron,reused_holdout,copper_deficiency,1.0,0.5714285714285714,0.7272727272727273,7
augmented_trees_hb,anemia_class,no_iron,reused_holdout,folate_deficiency_anemia,0.9,0.9,0.9,10
augmented_trees_hb,anemia_class,no_iron,reused_holdout,folate_deficiency_no_anemia,1.0,0.625,0.7692307692307693,8
augmented_trees_hb,anemia_class,no_iron,reused_holdout,inflammation_anemia,1.0,1.0,1.0,13
augmented_trees_hb,anemia_class,no_iron,reused_holdout,iron_deficiency_anemia,0.8181818181818182,0.782608695652174,0.8,23
augmented_trees_hb,anemia_class,no_iron,reused_holdout,latent_deficiency,0.7857142857142857,0.6470588235294118,0.7096774193548387,17
augmented_trees_hb,anemia_class,no_iron,reused_holdout,mixed_deficiency,0.5789473684210527,0.4782608695652174,0.5238095238095238,23
augmented_trees_hb,anemia_class,no_iron,reused_holdout,no_anemia_no_deficiency,0.7692307692307693,0.9090909090909091,0.8333333333333334,22
augmented_trees_hb,anemia_class,no_B12,reused_holdout,B12_deficiency_anemia,0.7333333333333333,0.8461538461538461,0.7857142857142857,13
augmented_trees_hb,anemia_class,no_B12,reused_holdout,B12_deficiency_no_anemia,1.0,0.3,0.46153846153846156,10
augmented_trees_hb,anemia_class,no_B12,reused_holdout,B6_deficiency,1.0,0.8571428571428571,0.9230769230769231,7
augmented_trees_hb,anemia_class,no_B12,reused_holdout,anemia_other,0.8333333333333334,1.0,0.9090909090909091,15
augmented_trees_hb,anemia_class,no_B12,reused_holdout,copper_deficiency,1.0,0.5714285714285714,0.7272727272727273,7
augmented_trees_hb,anemia_class,no_B12,reused_holdout,folate_deficiency_anemia,1.0,0.9,0.9473684210526315,10
augmented_trees_hb,anemia_class,no_B12,reused_holdout,folate_deficiency_no_anemia,0.7142857142857143,0.625,0.6666666666666666,8
augmented_trees_hb,anemia_class,no_B12,reused_holdout,inflammation_anemia,1.0,1.0,1.0,13
augmented_trees_hb,anemia_class,no_B12,reused_holdout,iron_deficiency_anemia,0.7916666666666666,0.8260869565217391,0.8085106382978723,23
augmented_trees_hb,anemia_class,no_B12,reused_holdout,latent_deficiency,0.7727272727272727,1.0,0.8717948717948718,17
augmented_trees_hb,anemia_class,no_B12,reused_holdout,mixed_deficiency,0.6363636363636364,0.6086956521739131,0.6222222222222222,23
augmented_trees_hb,anemia_class,no_B12,reused_holdout,no_anemia_no_deficiency,0.8,0.9090909090909091,0.851063829787234,22
augmented_trees_hb,anemia_class,no_folate,reused_holdout,B12_deficiency_anemia,0.5789473684210527,0.8461538461538461,0.6875,13
augmented_trees_hb,anemia_class,no_folate,reused_holdout,B12_deficiency_no_anemia,0.7692307692307693,1.0,0.8695652173913043,10
augmented_trees_hb,anemia_class,no_folate,reused_holdout,B6_deficiency,1.0,0.8571428571428571,0.9230769230769231,7
augmented_trees_hb,anemia_class,no_folate,reused_holdout,anemia_other,0.75,1.0,0.8571428571428571,15
augmented_trees_hb,anemia_class,no_folate,reused_holdout,copper_deficiency,1.0,0.5714285714285714,0.7272727272727273,7
augmented_trees_hb,anemia_class,no_folate,reused_holdout,folate_deficiency_anemia,1.0,0.6,0.75,10
augmented_trees_hb,anemia_class,no_folate,reused_holdout,folate_deficiency_no_anemia,1.0,0.25,0.4,8
augmented_trees_hb,anemia_class,no_folate,reused_holdout,inflammation_anemia,1.0,1.0,1.0,13
augmented_trees_hb,anemia_class,no_folate,reused_holdout,iron_deficiency_anemia,0.6896551724137931,0.8695652173913043,0.7692307692307693,23
augmented_trees_hb,anemia_class,no_folate,reused_holdout,latent_deficiency,0.85,1.0,0.918918918918919,17
augmented_trees_hb,anemia_class,no_folate,reused_holdout,mixed_deficiency,0.5,0.30434782608695654,0.3783783783783784,23
augmented_trees_hb,anemia_class,no_folate,reused_holdout,no_anemia_no_deficiency,0.9090909090909091,0.9090909090909091,0.9090909090909091,22
augmented_trees_hb,anemia_class,no_B6,reused_holdout,B12_deficiency_anemia,0.7333333333333333,0.8461538461538461,0.7857142857142857,13
augmented_trees_hb,anemia_class,no_B6,reused_holdout,B12_deficiency_no_anemia,0.9090909090909091,1.0,0.9523809523809523,10
augmented_trees_hb,anemia_class,no_B6,reused_holdout,B6_deficiency,0.0,0.0,0.0,7
augmented_trees_hb,anemia_class,no_B6,reused_holdout,anemia_other,0.7894736842105263,1.0,0.8823529411764706,15
augmented_trees_hb,anemia_class,no_B6,reused_holdout,copper_deficiency,1.0,0.5714285714285714,0.7272727272727273,7
augmented_trees_hb,anemia_class,no_B6,reused_holdout,folate_deficiency_anemia,1.0,0.9,0.9473684210526315,10
augmented_trees_hb,anemia_class,no_B6,reused_holdout,folate_deficiency_no_anemia,1.0,0.625,0.7692307692307693,8
augmented_trees_hb,anemia_class,no_B6,reused_holdout,inflammation_anemia,0.9285714285714286,1.0,0.9629629629629629,13
augmented_trees_hb,anemia_class,no_B6,reused_holdout,iron_deficiency_anemia,0.7407407407407407,0.8695652173913043,0.8,23
augmented_trees_hb,anemia_class,no_B6,reused_holdout,latent_deficiency,0.8095238095238095,1.0,0.8947368421052632,17
augmented_trees_hb,anemia_class,no_B6,reused_holdout,mixed_deficiency,0.6818181818181818,0.6521739130434783,0.6666666666666666,23
augmented_trees_hb,anemia_class,no_B6,reused_holdout,no_anemia_no_deficiency,0.9523809523809523,0.9090909090909091,0.9302325581395349,22
augmented_trees_hb,anemia_class,no_copper,reused_holdout,B12_deficiency_anemia,0.7333333333333333,0.8461538461538461,0.7857142857142857,13
augmented_trees_hb,anemia_class,no_copper,reused_holdout,B12_deficiency_no_anemia,0.9090909090909091,1.0,0.9523809523809523,10
augmented_trees_hb,anemia_class,no_copper,reused_holdout,B6_deficiency,1.0,0.8571428571428571,0.9230769230769231,7
augmented_trees_hb,anemia_class,no_copper,reused_holdout,anemia_other,0.75,1.0,0.8571428571428571,15
augmented_trees_hb,anemia_class,no_copper,reused_holdout,copper_deficiency,0.0,0.0,0.0,7
augmented_trees_hb,anemia_class,no_copper,reused_holdout,folate_deficiency_anemia,0.9,0.9,0.9,10
augmented_trees_hb,anemia_class,no_copper,reused_holdout,folate_deficiency_no_anemia,1.0,0.625,0.7692307692307693,8
augmented_trees_hb,anemia_class,no_copper,reused_holdout,inflammation_anemia,1.0,1.0,1.0,13
augmented_trees_hb,anemia_class,no_copper,reused_holdout,iron_deficiency_anemia,0.8333333333333334,0.8695652173913043,0.851063829787234,23
augmented_trees_hb,anemia_class,no_copper,reused_holdout,latent_deficiency,0.85,1.0,0.918918918918919,17
augmented_trees_hb,anemia_class,no_copper,reused_holdout,mixed_deficiency,0.6521739130434783,0.6521739130434783,0.6521739130434783,23
augmented_trees_hb,anemia_class,no_copper,reused_holdout,no_anemia_no_deficiency,0.9523809523809523,0.9090909090909091,0.9302325581395349,22
augmented_trees_hb,anemia_class,no_hemoglobin,reused_holdout,B12_deficiency_anemia,0.6666666666666666,0.9230769230769231,0.7741935483870968,13
augmented_trees_hb,anemia_class,no_hemoglobin,reused_holdout,B12_deficiency_no_anemia,0.875,0.7,0.7777777777777778,10
augmented_trees_hb,anemia_class,no_hemoglobin,reused_holdout,B6_deficiency,1.0,0.8571428571428571,0.9230769230769231,7
augmented_trees_hb,anemia_class,no_hemoglobin,reused_holdout,anemia_other,0.9375,1.0,0.967741935483871,15
augmented_trees_hb,anemia_class,no_hemoglobin,reused_holdout,copper_deficiency,1.0,0.5714285714285714,0.7272727272727273,7
augmented_trees_hb,anemia_class,no_hemoglobin,reused_holdout,folate_deficiency_anemia,0.6923076923076923,0.9,0.782608695652174,10
augmented_trees_hb,anemia_class,no_hemoglobin,reused_holdout,folate_deficiency_no_anemia,0.0,0.0,0.0,8
augmented_trees_hb,anemia_class,no_hemoglobin,reused_holdout,inflammation_anemia,1.0,1.0,1.0,13
augmented_trees_hb,anemia_class,no_hemoglobin,reused_holdout,iron_deficiency_anemia,0.8260869565217391,0.8260869565217391,0.8260869565217391,23
augmented_trees_hb,anemia_class,no_hemoglobin,reused_holdout,latent_deficiency,0.85,1.0,0.918918918918919,17
augmented_trees_hb,anemia_class,no_hemoglobin,reused_holdout,mixed_deficiency,0.6521739130434783,0.6521739130434783,0.6521739130434783,23
augmented_trees_hb,anemia_class,no_hemoglobin,reused_holdout,no_anemia_no_deficiency,0.875,0.9545454545454546,0.9130434782608695,22
augmented_trees_hb,anemia_class,no_demographics,reused_holdout,B12_deficiency_anemia,0.7058823529411765,0.9230769230769231,0.8,13
augmented_trees_hb,anemia_class,no_demographics,reused_holdout,B12_deficiency_no_anemia,0.9,0.9,0.9,10
augmented_trees_hb,anemia_class,no_demographics,reused_holdout,B6_deficiency,1.0,0.8571428571428571,0.9230769230769231,7
augmented_trees_hb,anemia_class,no_demographics,reused_holdout,anemia_other,0.8823529411764706,1.0,0.9375,15
augmented_trees_hb,anemia_class,no_demographics,reused_holdout,copper_deficiency,1.0,0.5714285714285714,0.7272727272727273,7
augmented_trees_hb,anemia_class,no_demographics,reused_holdout,folate_deficiency_anemia,0.75,0.9,0.8181818181818182,10
augmented_trees_hb,anemia_class,no_demographics,reused_holdout,folate_deficiency_no_anemia,1.0,0.25,0.4,8
augmented_trees_hb,anemia_class,no_demographics,reused_holdout,inflammation_anemia,1.0,1.0,1.0,13
augmented_trees_hb,anemia_class,no_demographics,reused_holdout,iron_deficiency_anemia,0.8333333333333334,0.8695652173913043,0.851063829787234,23
augmented_trees_hb,anemia_class,no_demographics,reused_holdout,latent_deficiency,0.8947368421052632,1.0,0.9444444444444444,17
augmented_trees_hb,anemia_class,no_demographics,reused_holdout,mixed_deficiency,0.6818181818181818,0.6521739130434783,0.6666666666666666,23
augmented_trees_hb,anemia_class,no_demographics,reused_holdout,no_anemia_no_deficiency,0.9545454545454546,0.9545454545454546,0.9545454545454546,22
catboost_cbc,anemia_class,available,reused_holdout,B12_deficiency_anemia,0.4117647058823529,0.5384615384615384,0.4666666666666667,13
catboost_cbc,anemia_class,available,reused_holdout,B12_deficiency_no_anemia,0.5454545454545454,0.6,0.5714285714285714,10
catboost_cbc,anemia_class,available,reused_holdout,B6_deficiency,0.0,0.0,0.0,7
catboost_cbc,anemia_class,available,reused_holdout,anemia_other,0.5,0.8666666666666667,0.6341463414634146,15
catboost_cbc,anemia_class,available,reused_holdout,copper_deficiency,0.0,0.0,0.0,7
catboost_cbc,anemia_class,available,reused_holdout,folate_deficiency_anemia,0.4444444444444444,0.4,0.42105263157894735,10
catboost_cbc,anemia_class,available,reused_holdout,folate_deficiency_no_anemia,0.6666666666666666,0.25,0.36363636363636365,8
catboost_cbc,anemia_class,available,reused_holdout,inflammation_anemia,0.7,0.5384615384615384,0.6086956521739131,13
catboost_cbc,anemia_class,available,reused_holdout,iron_deficiency_anemia,0.64,0.6956521739130435,0.6666666666666666,23
catboost_cbc,anemia_class,available,reused_holdout,latent_deficiency,0.5384615384615384,0.8235294117647058,0.6511627906976745,17
catboost_cbc,anemia_class,available,reused_holdout,mixed_deficiency,0.5263157894736842,0.43478260869565216,0.47619047619047616,23
catboost_cbc,anemia_class,available,reused_holdout,no_anemia_no_deficiency,0.7619047619047619,0.7272727272727273,0.7441860465116279,22
catboost_cbc,anemia_class,drop30,reused_holdout,B12_deficiency_anemia,0.4166666666666667,0.38461538461538464,0.4,13
catboost_cbc,anemia_class,drop30,reused_holdout,B12_deficiency_no_anemia,0.8333333333333334,0.5,0.625,10
catboost_cbc,anemia_class,drop30,reused_holdout,B6_deficiency,0.14285714285714285,0.14285714285714285,0.14285714285714285,7
catboost_cbc,anemia_class,drop30,reused_holdout,anemia_other,0.34285714285714286,0.8,0.48,15
catboost_cbc,anemia_class,drop30,reused_holdout,copper_deficiency,0.0,0.0,0.0,7
catboost_cbc,anemia_class,drop30,reused_holdout,folate_deficiency_anemia,0.0,0.0,0.0,10
catboost_cbc,anemia_class,drop30,reused_holdout,folate_deficiency_no_anemia,0.0,0.0,0.0,8
catboost_cbc,anemia_class,drop30,reused_holdout,inflammation_anemia,0.5384615384615384,0.5384615384615384,0.5384615384615384,13
catboost_cbc,anemia_class,drop30,reused_holdout,iron_deficiency_anemia,0.4473684210526316,0.7391304347826086,0.5573770491803278,23
catboost_cbc,anemia_class,drop30,reused_holdout,latent_deficiency,0.6666666666666666,0.35294117647058826,0.46153846153846156,17
catboost_cbc,anemia_class,drop30,reused_holdout,mixed_deficiency,0.4375,0.30434782608695654,0.358974358974359,23
catboost_cbc,anemia_class,drop30,reused_holdout,no_anemia_no_deficiency,0.6428571428571429,0.4090909090909091,0.5,22
catboost_cbc,anemia_class,drop60,reused_holdout,B12_deficiency_anemia,1.0,0.15384615384615385,0.26666666666666666,13
catboost_cbc,anemia_class,drop60,reused_holdout,B12_deficiency_no_anemia,0.0,0.0,0.0,10
catboost_cbc,anemia_class,drop60,reused_holdout,B6_deficiency,0.0,0.0,0.0,7
catboost_cbc,anemia_class,drop60,reused_holdout,anemia_other,0.12195121951219512,0.3333333333333333,0.17857142857142858,15
catboost_cbc,anemia_class,drop60,reused_holdout,copper_deficiency,0.0,0.0,0.0,7
catboost_cbc,anemia_class,drop60,reused_holdout,folate_deficiency_anemia,0.0,0.0,0.0,10
catboost_cbc,anemia_class,drop60,reused_holdout,folate_deficiency_no_anemia,0.0,0.0,0.0,8
catboost_cbc,anemia_class,drop60,reused_holdout,inflammation_anemia,0.16666666666666666,0.07692307692307693,0.10526315789473684,13
catboost_cbc,anemia_class,drop60,reused_holdout,iron_deficiency_anemia,0.21875,0.6086956521739131,0.3218390804597701,23
catboost_cbc,anemia_class,drop60,reused_holdout,latent_deficiency,1.0,0.058823529411764705,0.1111111111111111,17
catboost_cbc,anemia_class,drop60,reused_holdout,mixed_deficiency,0.2,0.043478260869565216,0.07142857142857142,23
catboost_cbc,anemia_class,drop60,reused_holdout,no_anemia_no_deficiency,0.6,0.13636363636363635,0.2222222222222222,22
catboost_cbc,anemia_class,cbc_only,reused_holdout,B12_deficiency_anemia,0.4117647058823529,0.5384615384615384,0.4666666666666667,13
catboost_cbc,anemia_class,cbc_only,reused_holdout,B12_deficiency_no_anemia,0.5454545454545454,0.6,0.5714285714285714,10
catboost_cbc,anemia_class,cbc_only,reused_holdout,B6_deficiency,0.0,0.0,0.0,7
catboost_cbc,anemia_class,cbc_only,reused_holdout,anemia_other,0.5,0.8666666666666667,0.6341463414634146,15
catboost_cbc,anemia_class,cbc_only,reused_holdout,copper_deficiency,0.0,0.0,0.0,7
catboost_cbc,anemia_class,cbc_only,reused_holdout,folate_deficiency_anemia,0.4444444444444444,0.4,0.42105263157894735,10
catboost_cbc,anemia_class,cbc_only,reused_holdout,folate_deficiency_no_anemia,0.6666666666666666,0.25,0.36363636363636365,8
catboost_cbc,anemia_class,cbc_only,reused_holdout,inflammation_anemia,0.7,0.5384615384615384,0.6086956521739131,13
catboost_cbc,anemia_class,cbc_only,reused_holdout,iron_deficiency_anemia,0.64,0.6956521739130435,0.6666666666666666,23
catboost_cbc,anemia_class,cbc_only,reused_holdout,latent_deficiency,0.5384615384615384,0.8235294117647058,0.6511627906976745,17
catboost_cbc,anemia_class,cbc_only,reused_holdout,mixed_deficiency,0.5263157894736842,0.43478260869565216,0.47619047619047616,23
catboost_cbc,anemia_class,cbc_only,reused_holdout,no_anemia_no_deficiency,0.7619047619047619,0.7272727272727273,0.7441860465116279,22
catboost_cbc,anemia_class,hb_only,reused_holdout,B12_deficiency_anemia,0.0,0.0,0.0,13
catboost_cbc,anemia_class,hb_only,reused_holdout,B12_deficiency_no_anemia,0.0,0.0,0.0,10
catboost_cbc,anemia_class,hb_only,reused_holdout,B6_deficiency,0.022727272727272728,0.14285714285714285,0.0392156862745098,7
catboost_cbc,anemia_class,hb_only,reused_holdout,anemia_other,0.125,0.13333333333333333,0.12903225806451613,15
catboost_cbc,anemia_class,hb_only,reused_holdout,copper_deficiency,0.0,0.0,0.0,7
catboost_cbc,anemia_class,hb_only,reused_holdout,folate_deficiency_anemia,0.0,0.0,0.0,10
catboost_cbc,anemia_class,hb_only,reused_holdout,folate_deficiency_no_anemia,0.0,0.0,0.0,8
catboost_cbc,anemia_class,hb_only,reused_holdout,inflammation_anemia,0.0,0.0,0.0,13
catboost_cbc,anemia_class,hb_only,reused_holdout,iron_deficiency_anemia,0.20689655172413793,0.782608695652174,0.32727272727272727,23
catboost_cbc,anemia_class,hb_only,reused_holdout,latent_deficiency,0.0,0.0,0.0,17
catboost_cbc,anemia_class,hb_only,reused_holdout,mixed_deficiency,0.0,0.0,0.0,23
catboost_cbc,anemia_class,hb_only,reused_holdout,no_anemia_no_deficiency,0.0,0.0,0.0,22
catboost_cbc,anemia_class,no_iron,reused_holdout,B12_deficiency_anemia,0.4117647058823529,0.5384615384615384,0.4666666666666667,13
catboost_cbc,anemia_class,no_iron,reused_holdout,B12_deficiency_no_anemia,0.5454545454545454,0.6,0.5714285714285714,10
catboost_cbc,anemia_class,no_iron,reused_holdout,B6_deficiency,0.0,0.0,0.0,7
catboost_cbc,anemia_class,no_iron,reused_holdout,anemia_other,0.5,0.8666666666666667,0.6341463414634146,15
catboost_cbc,anemia_class,no_iron,reused_holdout,copper_deficiency,0.0,0.0,0.0,7
catboost_cbc,anemia_class,no_iron,reused_holdout,folate_deficiency_anemia,0.4444444444444444,0.4,0.42105263157894735,10
catboost_cbc,anemia_class,no_iron,reused_holdout,folate_deficiency_no_anemia,0.6666666666666666,0.25,0.36363636363636365,8
catboost_cbc,anemia_class,no_iron,reused_holdout,inflammation_anemia,0.7,0.5384615384615384,0.6086956521739131,13
catboost_cbc,anemia_class,no_iron,reused_holdout,iron_deficiency_anemia,0.64,0.6956521739130435,0.6666666666666666,23
catboost_cbc,anemia_class,no_iron,reused_holdout,latent_deficiency,0.5384615384615384,0.8235294117647058,0.6511627906976745,17
catboost_cbc,anemia_class,no_iron,reused_holdout,mixed_deficiency,0.5263157894736842,0.43478260869565216,0.47619047619047616,23
catboost_cbc,anemia_class,no_iron,reused_holdout,no_anemia_no_deficiency,0.7619047619047619,0.7272727272727273,0.7441860465116279,22
catboost_cbc,anemia_class,no_B12,reused_holdout,B12_deficiency_anemia,0.4117647058823529,0.5384615384615384,0.4666666666666667,13
catboost_cbc,anemia_class,no_B12,reused_holdout,B12_deficiency_no_anemia,0.5454545454545454,0.6,0.5714285714285714,10
catboost_cbc,anemia_class,no_B12,reused_holdout,B6_deficiency,0.0,0.0,0.0,7
catboost_cbc,anemia_class,no_B12,reused_holdout,anemia_other,0.5,0.8666666666666667,0.6341463414634146,15
catboost_cbc,anemia_class,no_B12,reused_holdout,copper_deficiency,0.0,0.0,0.0,7
catboost_cbc,anemia_class,no_B12,reused_holdout,folate_deficiency_anemia,0.4444444444444444,0.4,0.42105263157894735,10
catboost_cbc,anemia_class,no_B12,reused_holdout,folate_deficiency_no_anemia,0.6666666666666666,0.25,0.36363636363636365,8
catboost_cbc,anemia_class,no_B12,reused_holdout,inflammation_anemia,0.7,0.5384615384615384,0.6086956521739131,13
catboost_cbc,anemia_class,no_B12,reused_holdout,iron_deficiency_anemia,0.64,0.6956521739130435,0.6666666666666666,23
catboost_cbc,anemia_class,no_B12,reused_holdout,latent_deficiency,0.5384615384615384,0.8235294117647058,0.6511627906976745,17
catboost_cbc,anemia_class,no_B12,reused_holdout,mixed_deficiency,0.5263157894736842,0.43478260869565216,0.47619047619047616,23
catboost_cbc,anemia_class,no_B12,reused_holdout,no_anemia_no_deficiency,0.7619047619047619,0.7272727272727273,0.7441860465116279,22
catboost_cbc,anemia_class,no_folate,reused_holdout,B12_deficiency_anemia,0.4117647058823529,0.5384615384615384,0.4666666666666667,13
catboost_cbc,anemia_class,no_folate,reused_holdout,B12_deficiency_no_anemia,0.5454545454545454,0.6,0.5714285714285714,10
catboost_cbc,anemia_class,no_folate,reused_holdout,B6_deficiency,0.0,0.0,0.0,7
catboost_cbc,anemia_class,no_folate,reused_holdout,anemia_other,0.5,0.8666666666666667,0.6341463414634146,15
catboost_cbc,anemia_class,no_folate,reused_holdout,copper_deficiency,0.0,0.0,0.0,7
catboost_cbc,anemia_class,no_folate,reused_holdout,folate_deficiency_anemia,0.4444444444444444,0.4,0.42105263157894735,10
catboost_cbc,anemia_class,no_folate,reused_holdout,folate_deficiency_no_anemia,0.6666666666666666,0.25,0.36363636363636365,8
catboost_cbc,anemia_class,no_folate,reused_holdout,inflammation_anemia,0.7,0.5384615384615384,0.6086956521739131,13
catboost_cbc,anemia_class,no_folate,reused_holdout,iron_deficiency_anemia,0.64,0.6956521739130435,0.6666666666666666,23
catboost_cbc,anemia_class,no_folate,reused_holdout,latent_deficiency,0.5384615384615384,0.8235294117647058,0.6511627906976745,17
catboost_cbc,anemia_class,no_folate,reused_holdout,mixed_deficiency,0.5263157894736842,0.43478260869565216,0.47619047619047616,23
catboost_cbc,anemia_class,no_folate,reused_holdout,no_anemia_no_deficiency,0.7619047619047619,0.7272727272727273,0.7441860465116279,22
catboost_cbc,anemia_class,no_B6,reused_holdout,B12_deficiency_anemia,0.4117647058823529,0.5384615384615384,0.4666666666666667,13
catboost_cbc,anemia_class,no_B6,reused_holdout,B12_deficiency_no_anemia,0.5454545454545454,0.6,0.5714285714285714,10
catboost_cbc,anemia_class,no_B6,reused_holdout,B6_deficiency,0.0,0.0,0.0,7
catboost_cbc,anemia_class,no_B6,reused_holdout,anemia_other,0.5,0.8666666666666667,0.6341463414634146,15
catboost_cbc,anemia_class,no_B6,reused_holdout,copper_deficiency,0.0,0.0,0.0,7
catboost_cbc,anemia_class,no_B6,reused_holdout,folate_deficiency_anemia,0.4444444444444444,0.4,0.42105263157894735,10
catboost_cbc,anemia_class,no_B6,reused_holdout,folate_deficiency_no_anemia,0.6666666666666666,0.25,0.36363636363636365,8
catboost_cbc,anemia_class,no_B6,reused_holdout,inflammation_anemia,0.7,0.5384615384615384,0.6086956521739131,13
catboost_cbc,anemia_class,no_B6,reused_holdout,iron_deficiency_anemia,0.64,0.6956521739130435,0.6666666666666666,23
catboost_cbc,anemia_class,no_B6,reused_holdout,latent_deficiency,0.5384615384615384,0.8235294117647058,0.6511627906976745,17
catboost_cbc,anemia_class,no_B6,reused_holdout,mixed_deficiency,0.5263157894736842,0.43478260869565216,0.47619047619047616,23
catboost_cbc,anemia_class,no_B6,reused_holdout,no_anemia_no_deficiency,0.7619047619047619,0.7272727272727273,0.7441860465116279,22
catboost_cbc,anemia_class,no_copper,reused_holdout,B12_deficiency_anemia,0.4117647058823529,0.5384615384615384,0.4666666666666667,13
catboost_cbc,anemia_class,no_copper,reused_holdout,B12_deficiency_no_anemia,0.5454545454545454,0.6,0.5714285714285714,10
catboost_cbc,anemia_class,no_copper,reused_holdout,B6_deficiency,0.0,0.0,0.0,7
catboost_cbc,anemia_class,no_copper,reused_holdout,anemia_other,0.5,0.8666666666666667,0.6341463414634146,15
catboost_cbc,anemia_class,no_copper,reused_holdout,copper_deficiency,0.0,0.0,0.0,7
catboost_cbc,anemia_class,no_copper,reused_holdout,folate_deficiency_anemia,0.4444444444444444,0.4,0.42105263157894735,10
catboost_cbc,anemia_class,no_copper,reused_holdout,folate_deficiency_no_anemia,0.6666666666666666,0.25,0.36363636363636365,8
catboost_cbc,anemia_class,no_copper,reused_holdout,inflammation_anemia,0.7,0.5384615384615384,0.6086956521739131,13
catboost_cbc,anemia_class,no_copper,reused_holdout,iron_deficiency_anemia,0.64,0.6956521739130435,0.6666666666666666,23
catboost_cbc,anemia_class,no_copper,reused_holdout,latent_deficiency,0.5384615384615384,0.8235294117647058,0.6511627906976745,17
catboost_cbc,anemia_class,no_copper,reused_holdout,mixed_deficiency,0.5263157894736842,0.43478260869565216,0.47619047619047616,23
catboost_cbc,anemia_class,no_copper,reused_holdout,no_anemia_no_deficiency,0.7619047619047619,0.7272727272727273,0.7441860465116279,22
catboost_cbc,anemia_class,no_hemoglobin,reused_holdout,B12_deficiency_anemia,0.36363636363636365,0.6153846153846154,0.45714285714285713,13
catboost_cbc,anemia_class,no_hemoglobin,reused_holdout,B12_deficiency_no_anemia,0.0,0.0,0.0,10
catboost_cbc,anemia_class,no_hemoglobin,reused_holdout,B6_deficiency,0.2,0.14285714285714285,0.16666666666666666,7
catboost_cbc,anemia_class,no_hemoglobin,reused_holdout,anemia_other,0.27450980392156865,0.9333333333333333,0.42424242424242425,15
catboost_cbc,anemia_class,no_hemoglobin,reused_holdout,copper_deficiency,0.0,0.0,0.0,7
catboost_cbc,anemia_class,no_hemoglobin,reused_holdout,folate_deficiency_anemia,0.21428571428571427,0.3,0.25,10
catboost_cbc,anemia_class,no_hemoglobin,reused_holdout,folate_deficiency_no_anemia,1.0,0.125,0.2222222222222222,8
catboost_cbc,anemia_class,no_hemoglobin,reused_holdout,inflammation_anemia,0.3888888888888889,0.5384615384615384,0.45161290322580644,13
catboost_cbc,anemia_class,no_hemoglobin,reused_holdout,iron_deficiency_anemia,0.4857142857142857,0.7391304347826086,0.5862068965517241,23
catboost_cbc,anemia_class,no_hemoglobin,reused_holdout,latent_deficiency,0.0,0.0,0.0,17
catboost_cbc,anemia_class,no_hemoglobin,reused_holdout,mixed_deficiency,0.5263157894736842,0.43478260869565216,0.47619047619047616,23
catboost_cbc,anemia_class,no_hemoglobin,reused_holdout,no_anemia_no_deficiency,0.0,0.0,0.0,22
catboost_cbc,anemia_class,no_demographics,reused_holdout,B12_deficiency_anemia,0.5294117647058824,0.6923076923076923,0.6,13
catboost_cbc,anemia_class,no_demographics,reused_holdout,B12_deficiency_no_anemia,0.5,0.5,0.5,10
catboost_cbc,anemia_class,no_demographics,reused_holdout,B6_deficiency,0.0,0.0,0.0,7
catboost_cbc,anemia_class,no_demographics,reused_holdout,anemia_other,0.5416666666666666,0.8666666666666667,0.6666666666666666,15
catboost_cbc,anemia_class,no_demographics,reused_holdout,copper_deficiency,0.0,0.0,0.0,7
catboost_cbc,anemia_class,no_demographics,reused_holdout,folate_deficiency_anemia,0.5,0.3,0.375,10
catboost_cbc,anemia_class,no_demographics,reused_holdout,folate_deficiency_no_anemia,0.5,0.25,0.3333333333333333,8
catboost_cbc,anemia_class,no_demographics,reused_holdout,inflammation_anemia,0.6666666666666666,0.6153846153846154,0.64,13
catboost_cbc,anemia_class,no_demographics,reused_holdout,iron_deficiency_anemia,0.6428571428571429,0.782608695652174,0.7058823529411765,23
catboost_cbc,anemia_class,no_demographics,reused_holdout,latent_deficiency,0.56,0.8235294117647058,0.6666666666666666,17
catboost_cbc,anemia_class,no_demographics,reused_holdout,mixed_deficiency,0.5263157894736842,0.43478260869565216,0.47619047619047616,23
catboost_cbc,anemia_class,no_demographics,reused_holdout,no_anemia_no_deficiency,0.7391304347826086,0.7727272727272727,0.7555555555555555,22
extra_trees_cbc,iron_deficiency,available,reused_holdout,0,0.8869565217391304,0.918918918918919,0.9026548672566371,111
extra_trees_cbc,iron_deficiency,available,reused_holdout,1,0.8301886792452831,0.7719298245614035,0.8,57
extra_trees_cbc,iron_deficiency,drop30,reused_holdout,0,0.8387096774193549,0.9369369369369369,0.8851063829787233,111
extra_trees_cbc,iron_deficiency,drop30,reused_holdout,1,0.8409090909090909,0.6491228070175439,0.7326732673267327,57
extra_trees_cbc,iron_deficiency,drop60,reused_holdout,0,0.7210884353741497,0.954954954954955,0.8217054263565892,111
extra_trees_cbc,iron_deficiency,drop60,reused_holdout,1,0.7619047619047619,0.2807017543859649,0.41025641025641024,57
extra_trees_cbc,iron_deficiency,cbc_only,reused_holdout,0,0.8869565217391304,0.918918918918919,0.9026548672566371,111
extra_trees_cbc,iron_deficiency,cbc_only,reused_holdout,1,0.8301886792452831,0.7719298245614035,0.8,57
extra_trees_cbc,iron_deficiency,hb_only,reused_holdout,0,0.6607142857142857,1.0,0.7956989247311828,111
extra_trees_cbc,iron_deficiency,hb_only,reused_holdout,1,0.0,0.0,0.0,57
extra_trees_cbc,iron_deficiency,no_iron,reused_holdout,0,0.8869565217391304,0.918918918918919,0.9026548672566371,111
extra_trees_cbc,iron_deficiency,no_iron,reused_holdout,1,0.8301886792452831,0.7719298245614035,0.8,57
extra_trees_cbc,iron_deficiency,no_B12,reused_holdout,0,0.8869565217391304,0.918918918918919,0.9026548672566371,111
extra_trees_cbc,iron_deficiency,no_B12,reused_holdout,1,0.8301886792452831,0.7719298245614035,0.8,57
extra_trees_cbc,iron_deficiency,no_folate,reused_holdout,0,0.8869565217391304,0.918918918918919,0.9026548672566371,111
extra_trees_cbc,iron_deficiency,no_folate,reused_holdout,1,0.8301886792452831,0.7719298245614035,0.8,57
extra_trees_cbc,iron_deficiency,no_B6,reused_holdout,0,0.8869565217391304,0.918918918918919,0.9026548672566371,111
extra_trees_cbc,iron_deficiency,no_B6,reused_holdout,1,0.8301886792452831,0.7719298245614035,0.8,57
extra_trees_cbc,iron_deficiency,no_copper,reused_holdout,0,0.8869565217391304,0.918918918918919,0.9026548672566371,111
extra_trees_cbc,iron_deficiency,no_copper,reused_holdout,1,0.8301886792452831,0.7719298245614035,0.8,57
extra_trees_cbc,iron_deficiency,no_hemoglobin,reused_holdout,0,0.8728813559322034,0.9279279279279279,0.8995633187772926,111
extra_trees_cbc,iron_deficiency,no_hemoglobin,reused_holdout,1,0.84,0.7368421052631579,0.7850467289719626,57
extra_trees_cbc,iron_deficiency,no_demographics,reused_holdout,0,0.8938053097345132,0.9099099099099099,0.9017857142857143,111
extra_trees_cbc,iron_deficiency,no_demographics,reused_holdout,1,0.8181818181818182,0.7894736842105263,0.8035714285714286,57
augmented_trees,iron_deficiency,available,reused_holdout,0,0.9910714285714286,1.0,0.9955156950672646,111
augmented_trees,iron_deficiency,available,reused_holdout,1,1.0,0.9824561403508771,0.9911504424778761,57
augmented_trees,iron_deficiency,drop30,reused_holdout,0,0.9821428571428571,0.990990990990991,0.9865470852017937,111
augmented_trees,iron_deficiency,drop30,reused_holdout,1,0.9821428571428571,0.9649122807017544,0.9734513274336283,57
augmented_trees,iron_deficiency,drop60,reused_holdout,0,0.925,1.0,0.961038961038961,111
augmented_trees,iron_deficiency,drop60,reused_holdout,1,1.0,0.8421052631578947,0.9142857142857143,57
augmented_trees,iron_deficiency,cbc_only,reused_holdout,0,0.859504132231405,0.9369369369369369,0.896551724137931,111
augmented_trees,iron_deficiency,cbc_only,reused_holdout,1,0.851063829787234,0.7017543859649122,0.7692307692307693,57
augmented_trees,iron_deficiency,hb_only,reused_holdout,0,0.6607142857142857,1.0,0.7956989247311828,111
augmented_trees,iron_deficiency,hb_only,reused_holdout,1,0.0,0.0,0.0,57
augmented_trees,iron_deficiency,no_iron,reused_holdout,0,0.8217054263565892,0.954954954954955,0.8833333333333333,111
augmented_trees,iron_deficiency,no_iron,reused_holdout,1,0.8717948717948718,0.5964912280701754,0.7083333333333334,57
augmented_trees,iron_deficiency,no_B12,reused_holdout,0,0.9910714285714286,1.0,0.9955156950672646,111
augmented_trees,iron_deficiency,no_B12,reused_holdout,1,1.0,0.9824561403508771,0.9911504424778761,57
augmented_trees,iron_deficiency,no_folate,reused_holdout,0,0.9910714285714286,1.0,0.9955156950672646,111
augmented_trees,iron_deficiency,no_folate,reused_holdout,1,1.0,0.9824561403508771,0.9911504424778761,57
augmented_trees,iron_deficiency,no_B6,reused_holdout,0,0.9910714285714286,1.0,0.9955156950672646,111
augmented_trees,iron_deficiency,no_B6,reused_holdout,1,1.0,0.9824561403508771,0.9911504424778761,57
augmented_trees,iron_deficiency,no_copper,reused_holdout,0,0.9910714285714286,1.0,0.9955156950672646,111
augmented_trees,iron_deficiency,no_copper,reused_holdout,1,1.0,0.9824561403508771,0.9911504424778761,57
augmented_trees,iron_deficiency,no_hemoglobin,reused_holdout,0,0.9910714285714286,1.0,0.9955156950672646,111
augmented_trees,iron_deficiency,no_hemoglobin,reused_holdout,1,1.0,0.9824561403508771,0.9911504424778761,57
augmented_trees,iron_deficiency,no_demographics,reused_holdout,0,0.9910714285714286,1.0,0.9955156950672646,111
augmented_trees,iron_deficiency,no_demographics,reused_holdout,1,1.0,0.9824561403508771,0.9911504424778761,57
logistic_cbc,B12_deficiency,available,reused_holdout,0,0.8913043478260869,0.924812030075188,0.9077490774907749,133
logistic_cbc,B12_deficiency,available,reused_holdout,1,0.6666666666666666,0.5714285714285714,0.6153846153846154,35
logistic_cbc,B12_deficiency,drop30,reused_holdout,0,0.8561643835616438,0.9398496240601504,0.8960573476702509,133
logistic_cbc,B12_deficiency,drop30,reused_holdout,1,0.6363636363636364,0.4,0.49122807017543857,35
logistic_cbc,B12_deficiency,drop60,reused_holdout,0,0.7901234567901234,0.9624060150375939,0.8677966101694915,133
logistic_cbc,B12_deficiency,drop60,reused_holdout,1,0.16666666666666666,0.02857142857142857,0.04878048780487805,35
logistic_cbc,B12_deficiency,cbc_only,reused_holdout,0,0.8913043478260869,0.924812030075188,0.9077490774907749,133
logistic_cbc,B12_deficiency,cbc_only,reused_holdout,1,0.6666666666666666,0.5714285714285714,0.6153846153846154,35
logistic_cbc,B12_deficiency,hb_only,reused_holdout,0,0.7916666666666666,1.0,0.8837209302325582,133
logistic_cbc,B12_deficiency,hb_only,reused_holdout,1,0.0,0.0,0.0,35
logistic_cbc,B12_deficiency,no_iron,reused_holdout,0,0.8913043478260869,0.924812030075188,0.9077490774907749,133
logistic_cbc,B12_deficiency,no_iron,reused_holdout,1,0.6666666666666666,0.5714285714285714,0.6153846153846154,35
logistic_cbc,B12_deficiency,no_B12,reused_holdout,0,0.8913043478260869,0.924812030075188,0.9077490774907749,133
logistic_cbc,B12_deficiency,no_B12,reused_holdout,1,0.6666666666666666,0.5714285714285714,0.6153846153846154,35
logistic_cbc,B12_deficiency,no_folate,reused_holdout,0,0.8913043478260869,0.924812030075188,0.9077490774907749,133
logistic_cbc,B12_deficiency,no_folate,reused_holdout,1,0.6666666666666666,0.5714285714285714,0.6153846153846154,35
logistic_cbc,B12_deficiency,no_B6,reused_holdout,0,0.8913043478260869,0.924812030075188,0.9077490774907749,133
logistic_cbc,B12_deficiency,no_B6,reused_holdout,1,0.6666666666666666,0.5714285714285714,0.6153846153846154,35
logistic_cbc,B12_deficiency,no_copper,reused_holdout,0,0.8913043478260869,0.924812030075188,0.9077490774907749,133
logistic_cbc,B12_deficiency,no_copper,reused_holdout,1,0.6666666666666666,0.5714285714285714,0.6153846153846154,35
logistic_cbc,B12_deficiency,no_hemoglobin,reused_holdout,0,0.8880597014925373,0.8947368421052632,0.8913857677902621,133
logistic_cbc,B12_deficiency,no_hemoglobin,reused_holdout,1,0.5882352941176471,0.5714285714285714,0.5797101449275363,35
logistic_cbc,B12_deficiency,no_demographics,reused_holdout,0,0.8865248226950354,0.9398496240601504,0.9124087591240876,133
logistic_cbc,B12_deficiency,no_demographics,reused_holdout,1,0.7037037037037037,0.5428571428571428,0.6129032258064516,35
augmented_trees,B12_deficiency,available,reused_holdout,0,1.0,1.0,1.0,133
augmented_trees,B12_deficiency,available,reused_holdout,1,1.0,1.0,1.0,35
augmented_trees,B12_deficiency,drop30,reused_holdout,0,0.9708029197080292,1.0,0.9851851851851852,133
augmented_trees,B12_deficiency,drop30,reused_holdout,1,1.0,0.8857142857142857,0.9393939393939394,35
augmented_trees,B12_deficiency,drop60,reused_holdout,0,0.9492753623188406,0.9849624060150376,0.966789667896679,133
augmented_trees,B12_deficiency,drop60,reused_holdout,1,0.9333333333333333,0.8,0.8615384615384616,35
augmented_trees,B12_deficiency,cbc_only,reused_holdout,0,0.8666666666666667,0.9774436090225563,0.9187279151943463,133
augmented_trees,B12_deficiency,cbc_only,reused_holdout,1,0.8333333333333334,0.42857142857142855,0.5660377358490566,35
augmented_trees,B12_deficiency,hb_only,reused_holdout,0,0.7916666666666666,1.0,0.8837209302325582,133
augmented_trees,B12_deficiency,hb_only,reused_holdout,1,0.0,0.0,0.0,35
augmented_trees,B12_deficiency,no_iron,reused_holdout,0,1.0,1.0,1.0,133
augmented_trees,B12_deficiency,no_iron,reused_holdout,1,1.0,1.0,1.0,35
augmented_trees,B12_deficiency,no_B12,reused_holdout,0,0.8926174496644296,1.0,0.9432624113475178,133
augmented_trees,B12_deficiency,no_B12,reused_holdout,1,1.0,0.5428571428571428,0.7037037037037037,35
augmented_trees,B12_deficiency,no_folate,reused_holdout,0,1.0,1.0,1.0,133
augmented_trees,B12_deficiency,no_folate,reused_holdout,1,1.0,1.0,1.0,35
augmented_trees,B12_deficiency,no_B6,reused_holdout,0,1.0,1.0,1.0,133
augmented_trees,B12_deficiency,no_B6,reused_holdout,1,1.0,1.0,1.0,35
augmented_trees,B12_deficiency,no_copper,reused_holdout,0,1.0,1.0,1.0,133
augmented_trees,B12_deficiency,no_copper,reused_holdout,1,1.0,1.0,1.0,35
augmented_trees,B12_deficiency,no_hemoglobin,reused_holdout,0,1.0,1.0,1.0,133
augmented_trees,B12_deficiency,no_hemoglobin,reused_holdout,1,1.0,1.0,1.0,35
augmented_trees,B12_deficiency,no_demographics,reused_holdout,0,1.0,1.0,1.0,133
augmented_trees,B12_deficiency,no_demographics,reused_holdout,1,1.0,1.0,1.0,35
catboost_dropout,folate_deficiency,available,reused_holdout,0,0.8986486486486487,1.0,0.9466192170818505,133
catboost_dropout,folate_deficiency,available,reused_holdout,1,1.0,0.5714285714285714,0.7272727272727273,35
catboost_dropout,folate_deficiency,drop30,reused_holdout,0,0.869281045751634,1.0,0.9300699300699301,133
catboost_dropout,folate_deficiency,drop30,reused_holdout,1,1.0,0.42857142857142855,0.6,35
catboost_dropout,folate_deficiency,drop60,reused_holdout,0,0.8098159509202454,0.9924812030075187,0.8918918918918919,133
catboost_dropout,folate_deficiency,drop60,reused_holdout,1,0.8,0.11428571428571428,0.2,35
catboost_dropout,folate_deficiency,cbc_only,reused_holdout,0,0.8145695364238411,0.924812030075188,0.8661971830985915,133
catboost_dropout,folate_deficiency,cbc_only,reused_holdout,1,0.4117647058823529,0.2,0.2692307692307692,35
catboost_dropout,folate_deficiency,hb_only,reused_holdout,0,0.7916666666666666,1.0,0.8837209302325582,133
catboost_dropout,folate_deficiency,hb_only,reused_holdout,1,0.0,0.0,0.0,35
catboost_dropout,folate_deficiency,no_iron,reused_holdout,0,0.8986486486486487,1.0,0.9466192170818505,133
catboost_dropout,folate_deficiency,no_iron,reused_holdout,1,1.0,0.5714285714285714,0.7272727272727273,35
catboost_dropout,folate_deficiency,no_B12,reused_holdout,0,0.903448275862069,0.9849624060150376,0.9424460431654677,133
catboost_dropout,folate_deficiency,no_B12,reused_holdout,1,0.9130434782608695,0.6,0.7241379310344828,35
catboost_dropout,folate_deficiency,no_folate,reused_holdout,0,0.7951807228915663,0.9924812030075187,0.882943143812709,133
catboost_dropout,folate_deficiency,no_folate,reused_holdout,1,0.5,0.02857142857142857,0.05405405405405406,35
catboost_dropout,folate_deficiency,no_B6,reused_holdout,0,0.9047619047619048,1.0,0.95,133
catboost_dropout,folate_deficiency,no_B6,reused_holdout,1,1.0,0.6,0.75,35
catboost_dropout,folate_deficiency,no_copper,reused_holdout,0,0.8986486486486487,1.0,0.9466192170818505,133
catboost_dropout,folate_deficiency,no_copper,reused_holdout,1,1.0,0.5714285714285714,0.7272727272727273,35
catboost_dropout,folate_deficiency,no_hemoglobin,reused_holdout,0,0.8986486486486487,1.0,0.9466192170818505,133
catboost_dropout,folate_deficiency,no_hemoglobin,reused_holdout,1,1.0,0.5714285714285714,0.7272727272727273,35
catboost_dropout,folate_deficiency,no_demographics,reused_holdout,0,0.8866666666666667,1.0,0.9399293286219081,133
catboost_dropout,folate_deficiency,no_demographics,reused_holdout,1,1.0,0.5142857142857142,0.6792452830188679,35
catboost_cbc,folate_deficiency,available,reused_holdout,0,0.8089171974522293,0.9548872180451128,0.8758620689655172,133
catboost_cbc,folate_deficiency,available,reused_holdout,1,0.45454545454545453,0.14285714285714285,0.21739130434782608,35
catboost_cbc,folate_deficiency,drop30,reused_holdout,0,0.7914110429447853,0.9699248120300752,0.8716216216216216,133
catboost_cbc,folate_deficiency,drop30,reused_holdout,1,0.2,0.02857142857142857,0.05,35
catboost_cbc,folate_deficiency,drop60,reused_holdout,0,0.7916666666666666,1.0,0.8837209302325582,133
catboost_cbc,folate_deficiency,drop60,reused_holdout,1,0.0,0.0,0.0,35
catboost_cbc,folate_deficiency,cbc_only,reused_holdout,0,0.8089171974522293,0.9548872180451128,0.8758620689655172,133
catboost_cbc,folate_deficiency,cbc_only,reused_holdout,1,0.45454545454545453,0.14285714285714285,0.21739130434782608,35
catboost_cbc,folate_deficiency,hb_only,reused_holdout,0,0.7916666666666666,1.0,0.8837209302325582,133
catboost_cbc,folate_deficiency,hb_only,reused_holdout,1,0.0,0.0,0.0,35
catboost_cbc,folate_deficiency,no_iron,reused_holdout,0,0.8089171974522293,0.9548872180451128,0.8758620689655172,133
catboost_cbc,folate_deficiency,no_iron,reused_holdout,1,0.45454545454545453,0.14285714285714285,0.21739130434782608,35
catboost_cbc,folate_deficiency,no_B12,reused_holdout,0,0.8089171974522293,0.9548872180451128,0.8758620689655172,133
catboost_cbc,folate_deficiency,no_B12,reused_holdout,1,0.45454545454545453,0.14285714285714285,0.21739130434782608,35
catboost_cbc,folate_deficiency,no_folate,reused_holdout,0,0.8089171974522293,0.9548872180451128,0.8758620689655172,133
catboost_cbc,folate_deficiency,no_folate,reused_holdout,1,0.45454545454545453,0.14285714285714285,0.21739130434782608,35
catboost_cbc,folate_deficiency,no_B6,reused_holdout,0,0.8089171974522293,0.9548872180451128,0.8758620689655172,133
catboost_cbc,folate_deficiency,no_B6,reused_holdout,1,0.45454545454545453,0.14285714285714285,0.21739130434782608,35
catboost_cbc,folate_deficiency,no_copper,reused_holdout,0,0.8089171974522293,0.9548872180451128,0.8758620689655172,133
catboost_cbc,folate_deficiency,no_copper,reused_holdout,1,0.45454545454545453,0.14285714285714285,0.21739130434782608,35
catboost_cbc,folate_deficiency,no_hemoglobin,reused_holdout,0,0.80625,0.9699248120300752,0.8805460750853242,133
catboost_cbc,folate_deficiency,no_hemoglobin,reused_holdout,1,0.5,0.11428571428571428,0.18604651162790697,35
catboost_cbc,folate_deficiency,no_demographics,reused_holdout,0,0.8012422360248447,0.9699248120300752,0.8775510204081632,133
catboost_cbc,folate_deficiency,no_demographics,reused_holdout,1,0.42857142857142855,0.08571428571428572,0.14285714285714285,35
catboost,B6_deficiency,available,reused_holdout,0,0.9938271604938271,1.0,0.9969040247678018,161
catboost,B6_deficiency,available,reused_holdout,1,1.0,0.8571428571428571,0.9230769230769231,7
catboost,B6_deficiency,drop30,reused_holdout,0,0.9817073170731707,1.0,0.9907692307692307,161
catboost,B6_deficiency,drop30,reused_holdout,1,1.0,0.5714285714285714,0.7272727272727273,7
catboost,B6_deficiency,drop60,reused_holdout,0,0.9757575757575757,1.0,0.9877300613496932,161
catboost,B6_deficiency,drop60,reused_holdout,1,1.0,0.42857142857142855,0.6,7
catboost,B6_deficiency,cbc_only,reused_holdout,0,0.9583333333333334,1.0,0.9787234042553191,161
catboost,B6_deficiency,cbc_only,reused_holdout,1,0.0,0.0,0.0,7
catboost,B6_deficiency,hb_only,reused_holdout,0,0.9583333333333334,1.0,0.9787234042553191,161
catboost,B6_deficiency,hb_only,reused_holdout,1,0.0,0.0,0.0,7
catboost,B6_deficiency,no_iron,reused_holdout,0,0.9938271604938271,1.0,0.9969040247678018,161
catboost,B6_deficiency,no_iron,reused_holdout,1,1.0,0.8571428571428571,0.9230769230769231,7
catboost,B6_deficiency,no_B12,reused_holdout,0,0.9938271604938271,1.0,0.9969040247678018,161
catboost,B6_deficiency,no_B12,reused_holdout,1,1.0,0.8571428571428571,0.9230769230769231,7
catboost,B6_deficiency,no_folate,reused_holdout,0,0.9938271604938271,1.0,0.9969040247678018,161
catboost,B6_deficiency,no_folate,reused_holdout,1,1.0,0.8571428571428571,0.9230769230769231,7
catboost,B6_deficiency,no_B6,reused_holdout,0,0.9583333333333334,1.0,0.9787234042553191,161
catboost,B6_deficiency,no_B6,reused_holdout,1,0.0,0.0,0.0,7
catboost,B6_deficiency,no_copper,reused_holdout,0,0.9938271604938271,1.0,0.9969040247678018,161
catboost,B6_deficiency,no_copper,reused_holdout,1,1.0,0.8571428571428571,0.9230769230769231,7
catboost,B6_deficiency,no_hemoglobin,reused_holdout,0,0.9938271604938271,1.0,0.9969040247678018,161
catboost,B6_deficiency,no_hemoglobin,reused_holdout,1,1.0,0.8571428571428571,0.9230769230769231,7
catboost,B6_deficiency,no_demographics,reused_holdout,0,0.9938271604938271,1.0,0.9969040247678018,161
catboost,B6_deficiency,no_demographics,reused_holdout,1,1.0,0.8571428571428571,0.9230769230769231,7
balanced_trees_cbc,B6_deficiency,available,reused_holdout,0,0.9583333333333334,1.0,0.9787234042553191,161
balanced_trees_cbc,B6_deficiency,available,reused_holdout,1,0.0,0.0,0.0,7
balanced_trees_cbc,B6_deficiency,drop30,reused_holdout,0,0.9580838323353293,0.9937888198757764,0.975609756097561,161
balanced_trees_cbc,B6_deficiency,drop30,reused_holdout,1,0.0,0.0,0.0,7
balanced_trees_cbc,B6_deficiency,drop60,reused_holdout,0,0.9583333333333334,1.0,0.9787234042553191,161
balanced_trees_cbc,B6_deficiency,drop60,reused_holdout,1,0.0,0.0,0.0,7
balanced_trees_cbc,B6_deficiency,cbc_only,reused_holdout,0,0.9583333333333334,1.0,0.9787234042553191,161
balanced_trees_cbc,B6_deficiency,cbc_only,reused_holdout,1,0.0,0.0,0.0,7
balanced_trees_cbc,B6_deficiency,hb_only,reused_holdout,0,0.9583333333333334,1.0,0.9787234042553191,161
balanced_trees_cbc,B6_deficiency,hb_only,reused_holdout,1,0.0,0.0,0.0,7
balanced_trees_cbc,B6_deficiency,no_iron,reused_holdout,0,0.9583333333333334,1.0,0.9787234042553191,161
balanced_trees_cbc,B6_deficiency,no_iron,reused_holdout,1,0.0,0.0,0.0,7
balanced_trees_cbc,B6_deficiency,no_B12,reused_holdout,0,0.9583333333333334,1.0,0.9787234042553191,161
balanced_trees_cbc,B6_deficiency,no_B12,reused_holdout,1,0.0,0.0,0.0,7
balanced_trees_cbc,B6_deficiency,no_folate,reused_holdout,0,0.9583333333333334,1.0,0.9787234042553191,161
balanced_trees_cbc,B6_deficiency,no_folate,reused_holdout,1,0.0,0.0,0.0,7
balanced_trees_cbc,B6_deficiency,no_B6,reused_holdout,0,0.9583333333333334,1.0,0.9787234042553191,161
balanced_trees_cbc,B6_deficiency,no_B6,reused_holdout,1,0.0,0.0,0.0,7
balanced_trees_cbc,B6_deficiency,no_copper,reused_holdout,0,0.9583333333333334,1.0,0.9787234042553191,161
balanced_trees_cbc,B6_deficiency,no_copper,reused_holdout,1,0.0,0.0,0.0,7
balanced_trees_cbc,B6_deficiency,no_hemoglobin,reused_holdout,0,0.9583333333333334,1.0,0.9787234042553191,161
balanced_trees_cbc,B6_deficiency,no_hemoglobin,reused_holdout,1,0.0,0.0,0.0,7
balanced_trees_cbc,B6_deficiency,no_demographics,reused_holdout,0,0.9583333333333334,1.0,0.9787234042553191,161
balanced_trees_cbc,B6_deficiency,no_demographics,reused_holdout,1,0.0,0.0,0.0,7
augmented_trees,copper_deficiency,available,reused_holdout,0,0.9938271604938271,1.0,0.9969040247678018,161
augmented_trees,copper_deficiency,available,reused_holdout,1,1.0,0.8571428571428571,0.9230769230769231,7
augmented_trees,copper_deficiency,drop30,reused_holdout,0,0.9757575757575757,1.0,0.9877300613496932,161
augmented_trees,copper_deficiency,drop30,reused_holdout,1,1.0,0.42857142857142855,0.6,7
augmented_trees,copper_deficiency,drop60,reused_holdout,0,0.9698795180722891,1.0,0.9847094801223242,161
augmented_trees,copper_deficiency,drop60,reused_holdout,1,1.0,0.2857142857142857,0.4444444444444444,7
augmented_trees,copper_deficiency,cbc_only,reused_holdout,0,0.9583333333333334,1.0,0.9787234042553191,161
augmented_trees,copper_deficiency,cbc_only,reused_holdout,1,0.0,0.0,0.0,7
augmented_trees,copper_deficiency,hb_only,reused_holdout,0,0.9583333333333334,1.0,0.9787234042553191,161
augmented_trees,copper_deficiency,hb_only,reused_holdout,1,0.0,0.0,0.0,7
augmented_trees,copper_deficiency,no_iron,reused_holdout,0,0.9938271604938271,1.0,0.9969040247678018,161
augmented_trees,copper_deficiency,no_iron,reused_holdout,1,1.0,0.8571428571428571,0.9230769230769231,7
augmented_trees,copper_deficiency,no_B12,reused_holdout,0,0.9877300613496932,1.0,0.9938271604938271,161
augmented_trees,copper_deficiency,no_B12,reused_holdout,1,1.0,0.7142857142857143,0.8333333333333334,7
augmented_trees,copper_deficiency,no_folate,reused_holdout,0,0.9877300613496932,1.0,0.9938271604938271,161
augmented_trees,copper_deficiency,no_folate,reused_holdout,1,1.0,0.7142857142857143,0.8333333333333334,7
augmented_trees,copper_deficiency,no_B6,reused_holdout,0,0.9938271604938271,1.0,0.9969040247678018,161
augmented_trees,copper_deficiency,no_B6,reused_holdout,1,1.0,0.8571428571428571,0.9230769230769231,7
augmented_trees,copper_deficiency,no_copper,reused_holdout,0,0.9583333333333334,1.0,0.9787234042553191,161
augmented_trees,copper_deficiency,no_copper,reused_holdout,1,0.0,0.0,0.0,7
augmented_trees,copper_deficiency,no_hemoglobin,reused_holdout,0,0.9938271604938271,1.0,0.9969040247678018,161
augmented_trees,copper_deficiency,no_hemoglobin,reused_holdout,1,1.0,0.8571428571428571,0.9230769230769231,7
augmented_trees,copper_deficiency,no_demographics,reused_holdout,0,0.9938271604938271,1.0,0.9969040247678018,161
augmented_trees,copper_deficiency,no_demographics,reused_holdout,1,1.0,0.8571428571428571,0.9230769230769231,7
catboost_cbc,copper_deficiency,available,reused_holdout,0,0.9583333333333334,1.0,0.9787234042553191,161
catboost_cbc,copper_deficiency,available,reused_holdout,1,0.0,0.0,0.0,7
catboost_cbc,copper_deficiency,drop30,reused_holdout,0,0.9583333333333334,0.8571428571428571,0.9049180327868852,161
catboost_cbc,copper_deficiency,drop30,reused_holdout,1,0.041666666666666664,0.14285714285714285,0.06451612903225806,7
catboost_cbc,copper_deficiency,drop60,reused_holdout,0,0.9421487603305785,0.7080745341614907,0.8085106382978723,161
catboost_cbc,copper_deficiency,drop60,reused_holdout,1,0.0,0.0,0.0,7
catboost_cbc,copper_deficiency,cbc_only,reused_holdout,0,0.9583333333333334,1.0,0.9787234042553191,161
catboost_cbc,copper_deficiency,cbc_only,reused_holdout,1,0.0,0.0,0.0,7
catboost_cbc,copper_deficiency,hb_only,reused_holdout,0,0.9846153846153847,0.39751552795031053,0.5663716814159292,161
catboost_cbc,copper_deficiency,hb_only,reused_holdout,1,0.05825242718446602,0.8571428571428571,0.10909090909090909,7
catboost_cbc,copper_deficiency,no_iron,reused_holdout,0,0.9583333333333334,1.0,0.9787234042553191,161
catboost_cbc,copper_deficiency,no_iron,reused_holdout,1,0.0,0.0,0.0,7
catboost_cbc,copper_deficiency,no_B12,reused_holdout,0,0.9583333333333334,1.0,0.9787234042553191,161
catboost_cbc,copper_deficiency,no_B12,reused_holdout,1,0.0,0.0,0.0,7
catboost_cbc,copper_deficiency,no_folate,reused_holdout,0,0.9583333333333334,1.0,0.9787234042553191,161
catboost_cbc,copper_deficiency,no_folate,reused_holdout,1,0.0,0.0,0.0,7
catboost_cbc,copper_deficiency,no_B6,reused_holdout,0,0.9583333333333334,1.0,0.9787234042553191,161
catboost_cbc,copper_deficiency,no_B6,reused_holdout,1,0.0,0.0,0.0,7
catboost_cbc,copper_deficiency,no_copper,reused_holdout,0,0.9583333333333334,1.0,0.9787234042553191,161
catboost_cbc,copper_deficiency,no_copper,reused_holdout,1,0.0,0.0,0.0,7
catboost_cbc,copper_deficiency,no_hemoglobin,reused_holdout,0,0.9583333333333334,1.0,0.9787234042553191,161
catboost_cbc,copper_deficiency,no_hemoglobin,reused_holdout,1,0.0,0.0,0.0,7
catboost_cbc,copper_deficiency,no_demographics,reused_holdout,0,0.9583333333333334,1.0,0.9787234042553191,161
catboost_cbc,copper_deficiency,no_demographics,reused_holdout,1,0.0,0.0,0.0,7
catboost_dropout,inflammation_anemia,available,reused_holdout,0,1.0,1.0,1.0,155
catboost_dropout,inflammation_anemia,available,reused_holdout,1,1.0,1.0,1.0,13
catboost_dropout,inflammation_anemia,drop30,reused_holdout,0,0.9935897435897436,1.0,0.9967845659163987,155
catboost_dropout,inflammation_anemia,drop30,reused_holdout,1,1.0,0.9230769230769231,0.96,13
catboost_dropout,inflammation_anemia,drop60,reused_holdout,0,0.96875,1.0,0.9841269841269841,155
catboost_dropout,inflammation_anemia,drop60,reused_holdout,1,1.0,0.6153846153846154,0.7619047619047619,13
catboost_dropout,inflammation_anemia,cbc_only,reused_holdout,0,0.9503105590062112,0.9870967741935484,0.9683544303797469,155
catboost_dropout,inflammation_anemia,cbc_only,reused_holdout,1,0.7142857142857143,0.38461538461538464,0.5,13
catboost_dropout,inflammation_anemia,hb_only,reused_holdout,0,0.9226190476190477,1.0,0.9597523219814241,155
catboost_dropout,inflammation_anemia,hb_only,reused_holdout,1,0.0,0.0,0.0,13
catboost_dropout,inflammation_anemia,no_iron,reused_holdout,0,1.0,1.0,1.0,155
catboost_dropout,inflammation_anemia,no_iron,reused_holdout,1,1.0,1.0,1.0,13
catboost_dropout,inflammation_anemia,no_B12,reused_holdout,0,1.0,1.0,1.0,155
catboost_dropout,inflammation_anemia,no_B12,reused_holdout,1,1.0,1.0,1.0,13
catboost_dropout,inflammation_anemia,no_folate,reused_holdout,0,1.0,1.0,1.0,155
catboost_dropout,inflammation_anemia,no_folate,reused_holdout,1,1.0,1.0,1.0,13
catboost_dropout,inflammation_anemia,no_B6,reused_holdout,0,1.0,1.0,1.0,155
catboost_dropout,inflammation_anemia,no_B6,reused_holdout,1,1.0,1.0,1.0,13
catboost_dropout,inflammation_anemia,no_copper,reused_holdout,0,1.0,1.0,1.0,155
catboost_dropout,inflammation_anemia,no_copper,reused_holdout,1,1.0,1.0,1.0,13
catboost_dropout,inflammation_anemia,no_hemoglobin,reused_holdout,0,1.0,1.0,1.0,155
catboost_dropout,inflammation_anemia,no_hemoglobin,reused_holdout,1,1.0,1.0,1.0,13
catboost_dropout,inflammation_anemia,no_demographics,reused_holdout,0,1.0,1.0,1.0,155
catboost_dropout,inflammation_anemia,no_demographics,reused_holdout,1,1.0,1.0,1.0,13
balanced_catboost_cbc,inflammation_anemia,available,reused_holdout,0,0.9617834394904459,0.9741935483870968,0.967948717948718,155
balanced_catboost_cbc,inflammation_anemia,available,reused_holdout,1,0.6363636363636364,0.5384615384615384,0.5833333333333334,13
balanced_catboost_cbc,inflammation_anemia,drop30,reused_holdout,0,0.9430379746835443,0.9612903225806452,0.952076677316294,155
balanced_catboost_cbc,inflammation_anemia,drop30,reused_holdout,1,0.4,0.3076923076923077,0.34782608695652173,13
balanced_catboost_cbc,inflammation_anemia,drop60,reused_holdout,0,0.9375,0.967741935483871,0.9523809523809523,155
balanced_catboost_cbc,inflammation_anemia,drop60,reused_holdout,1,0.375,0.23076923076923078,0.2857142857142857,13
balanced_catboost_cbc,inflammation_anemia,cbc_only,reused_holdout,0,0.9617834394904459,0.9741935483870968,0.967948717948718,155
balanced_catboost_cbc,inflammation_anemia,cbc_only,reused_holdout,1,0.6363636363636364,0.5384615384615384,0.5833333333333334,13
balanced_catboost_cbc,inflammation_anemia,hb_only,reused_holdout,0,0.9272727272727272,0.9870967741935484,0.95625,155
balanced_catboost_cbc,inflammation_anemia,hb_only,reused_holdout,1,0.3333333333333333,0.07692307692307693,0.125,13
balanced_catboost_cbc,inflammation_anemia,no_iron,reused_holdout,0,0.9617834394904459,0.9741935483870968,0.967948717948718,155
balanced_catboost_cbc,inflammation_anemia,no_iron,reused_holdout,1,0.6363636363636364,0.5384615384615384,0.5833333333333334,13
balanced_catboost_cbc,inflammation_anemia,no_B12,reused_holdout,0,0.9617834394904459,0.9741935483870968,0.967948717948718,155
balanced_catboost_cbc,inflammation_anemia,no_B12,reused_holdout,1,0.6363636363636364,0.5384615384615384,0.5833333333333334,13
balanced_catboost_cbc,inflammation_anemia,no_folate,reused_holdout,0,0.9617834394904459,0.9741935483870968,0.967948717948718,155
balanced_catboost_cbc,inflammation_anemia,no_folate,reused_holdout,1,0.6363636363636364,0.5384615384615384,0.5833333333333334,13
balanced_catboost_cbc,inflammation_anemia,no_B6,reused_holdout,0,0.9617834394904459,0.9741935483870968,0.967948717948718,155
balanced_catboost_cbc,inflammation_anemia,no_B6,reused_holdout,1,0.6363636363636364,0.5384615384615384,0.5833333333333334,13
balanced_catboost_cbc,inflammation_anemia,no_copper,reused_holdout,0,0.9617834394904459,0.9741935483870968,0.967948717948718,155
balanced_catboost_cbc,inflammation_anemia,no_copper,reused_holdout,1,0.6363636363636364,0.5384615384615384,0.5833333333333334,13
balanced_catboost_cbc,inflammation_anemia,no_hemoglobin,reused_holdout,0,0.9559748427672956,0.9806451612903225,0.9681528662420382,155
balanced_catboost_cbc,inflammation_anemia,no_hemoglobin,reused_holdout,1,0.6666666666666666,0.46153846153846156,0.5454545454545454,13
balanced_catboost_cbc,inflammation_anemia,no_demographics,reused_holdout,0,0.9503105590062112,0.9870967741935484,0.9683544303797469,155
balanced_catboost_cbc,inflammation_anemia,no_demographics,reused_holdout,1,0.7142857142857143,0.38461538461538464,0.5,13
